{"mean":{"confidence_interval":{"confidence_level":0.95,"lower_bound":554967580.215,"upper_bound":557808000.225},"point_estimate":556449215.0,"standard_error":727496.3555847806},"median":{"confidence_interval":{"confidence_level":0.95,"lower_bound":554062121.0,"upper_bound":558507429.0},"point_estimate":557189133.5,"standard_error":1121248.5926930064},"median_abs_dev":{"confidence_interval":{"confidence_level":0.95,"lower_bound":523824.0684002638,"upper_bound":3913310.769724846},"point_estimate":2030000.3468602896,"standard_error":916680.4347944712},"slope":null,"std_dev":{"confidence_interval":{"confidence_level":0.95,"lower_bound":1271349.3820464057,"upper_bound":2949026.259145605},"point_estimate":2426846.9912107494,"standard_error":412965.8318241378}}