{"mean":{"confidence_interval":{"confidence_level":0.95,"lower_bound":0.009201366177572041,"upper_bound":0.0208947135775319},"point_estimate":0.015100584438079379,"standard_error":0.003007072451886635},"median":{"confidence_interval":{"confidence_level":0.95,"lower_bound":0.009305605957213636,"upper_bound":0.020589875439073646},"point_estimate":0.014655002084317692,"standard_error":0.002926547747325019}}