{"mean":{"confidence_interval":{"confidence_level":0.95,"lower_bound":-0.037041940182155134,"upper_bound":-0.025895324134608783},"point_estimate":-0.03128800336332882,"standard_error":0.0028567686329472775},"median":{"confidence_interval":{"confidence_level":0.95,"lower_bound":-0.03387561539211892,"upper_bound":-0.02312939409631043},"point_estimate":-0.02830576921981809,"standard_error":0.002536920510674845}}