{"mean":{"confidence_interval":{"confidence_level":0.95,"lower_bound":0.023297893351814914,"upper_bound":0.029082739119387482},"point_estimate":0.025756809238278278,"standard_error":0.001521737309508302},"median":{"confidence_interval":{"confidence_level":0.95,"lower_bound":0.0228678757639853,"upper_bound":0.02626621703306742},"point_estimate":0.02442869702938366,"standard_error":0.0008825397195684586}}