{"mean":{"confidence_interval":{"confidence_level":0.95,"lower_bound":489634293.78,"upper_bound":490802190.85375},"point_estimate":490243182.3,"standard_error":300141.9763913482},"median":{"confidence_interval":{"confidence_level":0.95,"lower_bound":489403716.5,"upper_bound":490986072.0},"point_estimate":490326002.5,"standard_error":342777.48572380247},"median_abs_dev":{"confidence_interval":{"confidence_level":0.95,"lower_bound":59859.232637286186,"upper_bound":1709157.1876063943},"point_estimate":778307.5354322791,"standard_error":424170.4738137361},"slope":null,"std_dev":{"confidence_interval":{"confidence_level":0.95,"lower_bound":428291.462518049,"upper_bound":1281521.2973849175},"point_estimate":1000466.3982778287,"standard_error":209923.32220615644}}