{"mean":{"confidence_interval":{"confidence_level":0.95,"lower_bound":0.0010758090114321773,"upper_bound":0.005826800930402953},"point_estimate":0.003588674686493487,"standard_error":0.0012188263702406323},"median":{"confidence_interval":{"confidence_level":0.95,"lower_bound":0.001341184872534873,"upper_bound":0.00740995983842474},"point_estimate":0.004934301079237979,"standard_error":0.0015543856164010107}}