{"mean":{"confidence_interval":{"confidence_level":0.95,"lower_bound":999362405.7025,"upper_bound":1004207273.1825},"point_estimate":1001777664.9,"standard_error":1235340.2254555963},"median":{"confidence_interval":{"confidence_level":0.95,"lower_bound":999711232.5,"upper_bound":1004386288.0},"point_estimate":1001310836.5,"standard_error":1205483.4838737976},"median_abs_dev":{"confidence_interval":{"confidence_level":0.95,"lower_bound":641266.7427152395,"upper_bound":7289060.440993309},"point_estimate":2785748.270443082,"standard_error":1624998.1866653282},"slope":null,"std_dev":{"confidence_interval":{"confidence_level":0.95,"lower_bound":1842787.8645352777,"upper_bound":5562727.594881571},"point_estimate":4121404.5301256073,"standard_error":961354.3015335544}}