{"mean":{"confidence_interval":{"confidence_level":0.95,"lower_bound":429837989.795,"upper_bound":432899097.0},"point_estimate":431188407.05,"standard_error":791462.7877928165},"median":{"confidence_interval":{"confidence_level":0.95,"lower_bound":429492211.0,"upper_bound":432390291.0},"point_estimate":430356989.75,"standard_error":721978.1913490113},"median_abs_dev":{"confidence_interval":{"confidence_level":0.95,"lower_bound":349390.99239706993,"upper_bound":3517453.6115527153},"point_estimate":1465553.0391812325,"standard_error":819557.3433859039},"slope":null,"std_dev":{"confidence_interval":{"confidence_level":0.95,"lower_bound":828263.3133812194,"upper_bound":3674420.8333443087},"point_estimate":2639602.776532489,"standard_error":795066.7055815877}}