{"mean":{"confidence_interval":{"confidence_level":0.95,"lower_bound":1409111044.2,"upper_bound":1423888593.7},"point_estimate":1415329410.2,"standard_error":3876217.197436473},"median":{"confidence_interval":{"confidence_level":0.95,"lower_bound":1406107867.5,"upper_bound":1418517500.0},"point_estimate":1413406775.0,"standard_error":3665131.702363393},"median_abs_dev":{"confidence_interval":{"confidence_level":0.95,"lower_bound":776579.1945129633,"upper_bound":15155501.65053606},"point_estimate":10098568.117314577,"standard_error":3681053.968570844},"slope":null,"std_dev":{"confidence_interval":{"confidence_level":0.95,"lower_bound":4280801.085888857,"upper_bound":19055768.297384527},"point_estimate":12903207.151341645,"standard_error":4716828.890397872}}