{"mean":{"confidence_interval":{"confidence_level":0.95,"lower_bound":285918495.6325,"upper_bound":287196496.6},"point_estimate":286660163.05,"standard_error":336319.2149782794},"median":{"confidence_interval":{"confidence_level":0.95,"lower_bound":286404612.5,"upper_bound":287349494.5},"point_estimate":286924832.5,"standard_error":235198.4765800521},"median_abs_dev":{"confidence_interval":{"confidence_level":0.95,"lower_bound":147129.51488792896,"upper_bound":1153515.0411710143},"point_estimate":599185.7370123267,"standard_error":277624.3295541882},"slope":null,"std_dev":{"confidence_interval":{"confidence_level":0.95,"lower_bound":322077.69476755225,"upper_bound":1642420.3246970072},"point_estimate":1115101.493993221,"standard_error":410490.1505031791}}