{"mean":{"confidence_interval":{"confidence_level":0.95,"lower_bound":-0.021749995958543232,"upper_bound":-0.015937990676977244},"point_estimate":-0.019228312381556978,"standard_error":0.001488340320501865},"median":{"confidence_interval":{"confidence_level":0.95,"lower_bound":-0.02354628056088026,"upper_bound":-0.017442093093563482},"point_estimate":-0.02000068621009976,"standard_error":0.0014087658428168976}}