{"mean":{"confidence_interval":{"confidence_level":0.95,"lower_bound":-0.0340361471403817,"upper_bound":-0.018916004844012266},"point_estimate":-0.02621856159828373,"standard_error":0.0038686246956936483},"median":{"confidence_interval":{"confidence_level":0.95,"lower_bound":-0.03722485618907334,"upper_bound":-0.01790722419290447},"point_estimate":-0.023347510462972565,"standard_error":0.005419456754609407}}