{"mean":{"confidence_interval":{"confidence_level":0.95,"lower_bound":-0.030559744605406388,"upper_bound":-0.021172910623186072},"point_estimate":-0.025928536331565444,"standard_error":0.0023868050941622935},"median":{"confidence_interval":{"confidence_level":0.95,"lower_bound":-0.03019919327320808,"upper_bound":-0.02060609363601784},"point_estimate":-0.027340095614321824,"standard_error":0.002317881377322569}}