{"mean":{"confidence_interval":{"confidence_level":0.95,"lower_bound":-0.027739411971306138,"upper_bound":-0.017008968968972},"point_estimate":-0.022621907173175138,"standard_error":0.0027365937879379543},"median":{"confidence_interval":{"confidence_level":0.95,"lower_bound":-0.029500487802635034,"upper_bound":-0.018459763906867765},"point_estimate":-0.027515382431020807,"standard_error":0.0027187670524737593}}