{"mean":{"confidence_interval":{"confidence_level":0.95,"lower_bound":982345048.4,"upper_bound":988959309.0},"point_estimate":984959586.6,"standard_error":1798039.4381958232},"median":{"confidence_interval":{"confidence_level":0.95,"lower_bound":981943805.0,"upper_bound":985769873.5},"point_estimate":982801807.0,"standard_error":927081.1415794751},"median_abs_dev":{"confidence_interval":{"confidence_level":0.95,"lower_bound":413557.91925787926,"upper_bound":4351565.098044276},"point_estimate":1386031.5656930208,"standard_error":1070521.7390276396},"slope":null,"std_dev":{"confidence_interval":{"confidence_level":0.95,"lower_bound":754661.5388764491,"upper_bound":9021692.381140642},"point_estimate":5998355.913756502,"standard_error":2587349.578630405}}