{"mean":{"confidence_interval":{"confidence_level":0.95,"lower_bound":0.04114638360311281,"upper_bound":0.04713900685192335},"point_estimate":0.04388176313197789,"standard_error":0.0015199790751703258},"median":{"confidence_interval":{"confidence_level":0.95,"lower_bound":0.04094661572312863,"upper_bound":0.04612467531044073},"point_estimate":0.04317464294464557,"standard_error":0.0012663036085628315}}