{"mean":{"confidence_interval":{"confidence_level":0.95,"lower_bound":1301089786.09,"upper_bound":1303746913.2475},"point_estimate":1302412014.2,"standard_error":682685.4101252982},"median":{"confidence_interval":{"confidence_level":0.95,"lower_bound":1300200486.0,"upper_bound":1304291464.5},"point_estimate":1302513047.0,"standard_error":1101489.113194118},"median_abs_dev":{"confidence_interval":{"confidence_level":0.95,"lower_bound":499691.04732871056,"upper_bound":3863922.3994016647},"point_estimate":2997055.090391636,"standard_error":846433.1683809786},"slope":null,"std_dev":{"confidence_interval":{"confidence_level":0.95,"lower_bound":1412371.763323181,"upper_bound":2707954.790888719},"point_estimate":2269904.6596638663,"standard_error":330671.94569996145}}