{"mean":{"confidence_interval":{"confidence_level":0.95,"lower_bound":194871835.46666667,"upper_bound":197567938.3333333},"point_estimate":196219662.53333336,"standard_error":692648.5028265961},"median":{"confidence_interval":{"confidence_level":0.95,"lower_bound":193922851.33333334,"upper_bound":198498357.66666666},"point_estimate":196223299.66666666,"standard_error":1666403.8458845834},"median_abs_dev":{"confidence_interval":{"confidence_level":0.95,"lower_bound":159643.3999657631,"upper_bound":3491289.675617203},"point_estimate":3391822.7846830934,"standard_error":1090868.5800921263},"slope":null,"std_dev":{"confidence_interval":{"confidence_level":0.95,"lower_bound":1649402.1143895409,"upper_bound":2461250.3451514607},"point_estimate":2307255.816173226,"standard_error":216442.9142012066}}