{"mean":{"confidence_interval":{"confidence_level":0.95,"lower_bound":594558333.0,"upper_bound":597909711.8725001},"point_estimate":596270830.0,"standard_error":858058.6250214152},"median":{"confidence_interval":{"confidence_level":0.95,"lower_bound":594013624.0,"upper_bound":598631721.0},"point_estimate":596509595.0,"standard_error":1113442.1314741608},"median_abs_dev":{"confidence_interval":{"confidence_level":0.95,"lower_bound":811016.2854015827,"upper_bound":4924484.72327292},"point_estimate":3423395.245322585,"standard_error":1120595.3582950353},"slope":null,"std_dev":{"confidence_interval":{"confidence_level":0.95,"lower_bound":1600071.6959172972,"upper_bound":3574379.3357692654},"point_estimate":2863555.236251103,"standard_error":502782.8338137738}}