{"mean":{"confidence_interval":{"confidence_level":0.95,"lower_bound":-0.6451206025652532,"upper_bound":-0.5723650745906502},"point_estimate":-0.6109110101163682,"standard_error":0.018653789936664486},"median":{"confidence_interval":{"confidence_level":0.95,"lower_bound":-0.6610592174281049,"upper_bound":-0.5482119488157287},"point_estimate":-0.5946918168316726,"standard_error":0.029710369668990072}}