{"mean":{"confidence_interval":{"confidence_level":0.95,"lower_bound":0.012803931013442982,"upper_bound":0.020293452189291225},"point_estimate":0.01634748458794877,"standard_error":0.0019119743660019767},"median":{"confidence_interval":{"confidence_level":0.95,"lower_bound":0.011495415034587397,"upper_bound":0.019741918384093893},"point_estimate":0.015489521886333346,"standard_error":0.002574945418559618}}