{"mean":{"confidence_interval":{"confidence_level":0.95,"lower_bound":1039955629.51,"upper_bound":1044763388.7375},"point_estimate":1042441155.8,"standard_error":1227188.627129879},"median":{"confidence_interval":{"confidence_level":0.95,"lower_bound":1039883614.0,"upper_bound":1045096408.0},"point_estimate":1042831001.5,"standard_error":1018447.179735369},"median_abs_dev":{"confidence_interval":{"confidence_level":0.95,"lower_bound":234084.0033441782,"upper_bound":7394843.949115276},"point_estimate":2696113.2412344217,"standard_error":1833460.817127228},"slope":null,"std_dev":{"confidence_interval":{"confidence_level":0.95,"lower_bound":1560838.952465785,"upper_bound":5479954.290072376},"point_estimate":4104647.8108089124,"standard_error":960552.9888827419}}