{"mean":{"confidence_interval":{"confidence_level":0.95,"lower_bound":-0.029601287571101247,"upper_bound":-0.014906496636087486},"point_estimate":-0.021748078654126646,"standard_error":0.003775463059073337},"median":{"confidence_interval":{"confidence_level":0.95,"lower_bound":-0.03025238602141478,"upper_bound":-0.01180707603619946},"point_estimate":-0.017920231649674934,"standard_error":0.003909527288811401}}