{"mean":{"confidence_interval":{"confidence_level":0.95,"lower_bound":962204908.3675,"upper_bound":967285172.7},"point_estimate":964922563.7,"standard_error":1300891.260133145},"median":{"confidence_interval":{"confidence_level":0.95,"lower_bound":963244820.0,"upper_bound":966606740.0},"point_estimate":965598310.5,"standard_error":859650.0296957828},"median_abs_dev":{"confidence_interval":{"confidence_level":0.95,"lower_bound":231659.9523872137,"upper_bound":6594150.266030431},"point_estimate":1758790.5575752258,"standard_error":1506528.532569692},"slope":null,"std_dev":{"confidence_interval":{"confidence_level":0.95,"lower_bound":1297588.3666763252,"upper_bound":6251728.680172421},"point_estimate":4331999.503473555,"standard_error":1312896.6801108213}}