{"mean":{"confidence_interval":{"confidence_level":0.95,"lower_bound":315011840.9,"upper_bound":318417928.4875},"point_estimate":316731113.95,"standard_error":873710.6011741161},"median":{"confidence_interval":{"confidence_level":0.95,"lower_bound":314232328.25,"upper_bound":319242034.0},"point_estimate":316492214.5,"standard_error":1024009.2412222835},"median_abs_dev":{"confidence_interval":{"confidence_level":0.95,"lower_bound":185026.6234651208,"upper_bound":5557359.2088371515},"point_estimate":2613773.7158462405,"standard_error":1528591.354498297},"slope":null,"std_dev":{"confidence_interval":{"confidence_level":0.95,"lower_bound":1605251.6682796571,"upper_bound":3665350.980054761},"point_estimate":2905973.710922501,"standard_error":533315.9737521972}}