{"mean":{"confidence_interval":{"confidence_level":0.95,"lower_bound":692208619.0,"upper_bound":700587508.405},"point_estimate":695758005.8,"standard_error":2196740.719317841},"median":{"confidence_interval":{"confidence_level":0.95,"lower_bound":690909514.0,"upper_bound":698010292.0},"point_estimate":693560335.0,"standard_error":2170955.7609642013},"median_abs_dev":{"confidence_interval":{"confidence_level":0.95,"lower_bound":558772.6562798023,"upper_bound":8421785.353383422},"point_estimate":4079767.457869649,"standard_error":2218369.72746231},"slope":null,"std_dev":{"confidence_interval":{"confidence_level":0.95,"lower_bound":2329048.5399122783,"upper_bound":10709980.198443605},"point_estimate":7318422.533869726,"standard_error":2593656.0918043396}}