{"mean":{"confidence_interval":{"confidence_level":0.95,"lower_bound":680207270.4,"upper_bound":683875637.31},"point_estimate":682076447.9,"standard_error":937453.5151861663},"median":{"confidence_interval":{"confidence_level":0.95,"lower_bound":679864757.0,"upper_bound":683574490.5},"point_estimate":682239826.5,"standard_error":728638.9644754843},"median_abs_dev":{"confidence_interval":{"confidence_level":0.95,"lower_bound":128989.16290998459,"upper_bound":5980594.058123231},"point_estimate":1241049.5968669653,"standard_error":1516053.333205158},"slope":null,"std_dev":{"confidence_interval":{"confidence_level":0.95,"lower_bound":1124651.6636402737,"upper_bound":4192003.904031013},"point_estimate":3135355.1723878803,"standard_error":727943.4868936449}}