{"mean":{"confidence_interval":{"confidence_level":0.95,"lower_bound":-0.013347180500934263,"upper_bound":-0.0065415688029467275},"point_estimate":-0.009708605537832593,"standard_error":0.00174365912769967},"median":{"confidence_interval":{"confidence_level":0.95,"lower_bound":-0.013263314308385454,"upper_bound":-0.004767526172897774},"point_estimate":-0.006466673012670121,"standard_error":0.002096519356581917}}