{"mean":{"confidence_interval":{"confidence_level":0.95,"lower_bound":-0.032279716024121226,"upper_bound":-0.02804970595507549},"point_estimate":-0.030274702059263525,"standard_error":0.0010852656527932975},"median":{"confidence_interval":{"confidence_level":0.95,"lower_bound":-0.033090048940223604,"upper_bound":-0.028092675726915983},"point_estimate":-0.03046359558978784,"standard_error":0.001421821408817047}}