{"mean":{"confidence_interval":{"confidence_level":0.95,"lower_bound":577027255.0,"upper_bound":582262551.0675},"point_estimate":579970666.0,"standard_error":1361132.7110291168},"median":{"confidence_interval":{"confidence_level":0.95,"lower_bound":577395861.5,"upper_bound":582793304.0},"point_estimate":581986437.0,"standard_error":1234857.050465917},"median_abs_dev":{"confidence_interval":{"confidence_level":0.95,"lower_bound":185877.26520001888,"upper_bound":5840967.981702089},"point_estimate":1587557.6736152172,"standard_error":1375829.8833578166},"slope":null,"std_dev":{"confidence_interval":{"confidence_level":0.95,"lower_bound":956924.9632827075,"upper_bound":6200877.255785472},"point_estimate":4544303.654483099,"standard_error":1423522.6003685875}}