{"mean":{"confidence_interval":{"confidence_level":0.95,"lower_bound":-0.04546047812871109,"upper_bound":-0.02370357978720445},"point_estimate":-0.03514076060238536,"standard_error":0.00557455465382331},"median":{"confidence_interval":{"confidence_level":0.95,"lower_bound":-0.05088586365257586,"upper_bound":-0.023045336093407087},"point_estimate":-0.044018564516190906,"standard_error":0.0069403700258996275}}