{"mean":{"confidence_interval":{"confidence_level":0.95,"lower_bound":-0.032938902100720896,"upper_bound":-0.018352166848452},"point_estimate":-0.026151535450448016,"standard_error":0.003640359498724752},"median":{"confidence_interval":{"confidence_level":0.95,"lower_bound":-0.03277614420379815,"upper_bound":-0.020869809812335216},"point_estimate":-0.027070666257620668,"standard_error":0.003223036952578876}}