{"mean":{"confidence_interval":{"confidence_level":0.95,"lower_bound":-0.013434957938085978,"upper_bound":-0.009918664489099454},"point_estimate":-0.011632504511008945,"standard_error":0.0009301305825099709},"median":{"confidence_interval":{"confidence_level":0.95,"lower_bound":-0.013301756923009389,"upper_bound":-0.008793880989323655},"point_estimate":-0.01105057544948207,"standard_error":0.0013141601815897762}}