{"mean":{"confidence_interval":{"confidence_level":0.95,"lower_bound":288110930.75,"upper_bound":290570287.2},"point_estimate":289386800.0,"standard_error":631030.5283406917},"median":{"confidence_interval":{"confidence_level":0.95,"lower_bound":287532436.75,"upper_bound":291350858.0},"point_estimate":289670398.0,"standard_error":950862.0291883677},"median_abs_dev":{"confidence_interval":{"confidence_level":0.95,"lower_bound":333045.3276872635,"upper_bound":3806884.1838642955},"point_estimate":2560928.6636844277,"standard_error":885228.6372535075},"slope":null,"std_dev":{"confidence_interval":{"confidence_level":0.95,"lower_bound":1121408.9206162104,"upper_bound":2541286.25542612},"point_estimate":2104184.6461105123,"standard_error":354129.3295592845}}