{"mean":{"confidence_interval":{"confidence_level":0.95,"lower_bound":882025852.8,"upper_bound":968456280.9},"point_estimate":923809381.4,"standard_error":22208451.105685882},"median":{"confidence_interval":{"confidence_level":0.95,"lower_bound":862657110.5,"upper_bound":990694751.0},"point_estimate":908058777.0,"standard_error":37495091.27788703},"median_abs_dev":{"confidence_interval":{"confidence_level":0.95,"lower_bound":3545319.819357991,"upper_bound":121402453.4743756},"point_estimate":72313609.85867679,"standard_error":33798936.98458507},"slope":null,"std_dev":{"confidence_interval":{"confidence_level":0.95,"lower_bound":42830505.801359914,"upper_bound":88836589.31093448},"point_estimate":74162252.85579778,"standard_error":11677585.093827939}}