{"mean":{"confidence_interval":{"confidence_level":0.95,"lower_bound":0.04323502772496928,"upper_bound":0.054230020952549966},"point_estimate":0.04931809049992353,"standard_error":0.0028404317417407513},"median":{"confidence_interval":{"confidence_level":0.95,"lower_bound":0.047947819494864374,"upper_bound":0.0552379158774694},"point_estimate":0.053570117961966535,"standard_error":0.0017069796895834402}}