{"mean":{"confidence_interval":{"confidence_level":0.95,"lower_bound":-0.02672555637637468,"upper_bound":-0.016565939656067927},"point_estimate":-0.021514346834564102,"standard_error":0.0025918896737888108},"median":{"confidence_interval":{"confidence_level":0.95,"lower_bound":-0.025735638114105175,"upper_bound":-0.01706064052037959},"point_estimate":-0.020958893668447942,"standard_error":0.0024080866788086437}}