{"mean":{"confidence_interval":{"confidence_level":0.95,"lower_bound":0.00027830931647167625,"upper_bound":0.005005313417439965},"point_estimate":0.002686400387083898,"standard_error":0.0012077702106243534},"median":{"confidence_interval":{"confidence_level":0.95,"lower_bound":-0.0006400382298020757,"upper_bound":0.00633150113168357},"point_estimate":0.001931684497225028,"standard_error":0.0019366175075092385}}