{"mean":{"confidence_interval":{"confidence_level":0.95,"lower_bound":832667601.3575,"upper_bound":842013672.8874999},"point_estimate":836650440.9,"standard_error":2459855.0890276404},"median":{"confidence_interval":{"confidence_level":0.95,"lower_bound":832183370.0,"upper_bound":839417700.0},"point_estimate":832667448.5,"standard_error":1986957.3257235046},"median_abs_dev":{"confidence_interval":{"confidence_level":0.95,"lower_bound":230265.567111969,"upper_bound":9606691.854447126},"point_estimate":951569.7281062603,"standard_error":2428896.0575735145},"slope":null,"std_dev":{"confidence_interval":{"confidence_level":0.95,"lower_bound":582804.7699516144,"upper_bound":12001378.493974285},"point_estimate":8202808.2547592,"standard_error":3081807.966722771}}