{"mean":{"confidence_interval":{"confidence_level":0.95,"lower_bound":479740216.05,"upper_bound":481940485.3825},"point_estimate":480810657.45,"standard_error":562426.0149309097},"median":{"confidence_interval":{"confidence_level":0.95,"lower_bound":479046538.5,"upper_bound":482298354.5},"point_estimate":480608772.5,"standard_error":1107157.3062005634},"median_abs_dev":{"confidence_interval":{"confidence_level":0.95,"lower_bound":87302.52880007029,"upper_bound":3276187.893936038},"point_estimate":2250780.239340663,"standard_error":973977.0606050999},"slope":null,"std_dev":{"confidence_interval":{"confidence_level":0.95,"lower_bound":1176561.877205742,"upper_bound":2261630.3189044194},"point_estimate":1868667.566901175,"standard_error":287280.87948868005}}