{"mean":{"confidence_interval":{"confidence_level":0.95,"lower_bound":0.007930003257971791,"upper_bound":0.014528743704769673},"point_estimate":0.011178181889795136,"standard_error":0.0016812697304596513},"median":{"confidence_interval":{"confidence_level":0.95,"lower_bound":0.007519496755462152,"upper_bound":0.013992671526443345},"point_estimate":0.012357555998511627,"standard_error":0.0017782035851295745}}