{"mean":{"confidence_interval":{"confidence_level":0.95,"lower_bound":-0.041317228883255765,"upper_bound":-0.02772112445713742},"point_estimate":-0.03381594244896269,"standard_error":0.0034877605570623415},"median":{"confidence_interval":{"confidence_level":0.95,"lower_bound":-0.03833978435430807,"upper_bound":-0.02518141169950916},"point_estimate":-0.03135919032877399,"standard_error":0.003908549627930043}}