{"mean":{"confidence_interval":{"confidence_level":0.95,"lower_bound":285726256.66375005,"upper_bound":289067708.4},"point_estimate":287265033.45,"standard_error":856950.1770666767},"median":{"confidence_interval":{"confidence_level":0.95,"lower_bound":284933748.75,"upper_bound":289455537.75},"point_estimate":286464217.0,"standard_error":1136868.225385175},"median_abs_dev":{"confidence_interval":{"confidence_level":0.95,"lower_bound":506603.29905599356,"upper_bound":4661861.411735415},"point_estimate":2631091.2248387933,"standard_error":1080762.5276177276},"slope":null,"std_dev":{"confidence_interval":{"confidence_level":0.95,"lower_bound":1282244.8532719968,"upper_bound":3694679.8435768345},"point_estimate":2862453.8507662877,"standard_error":630634.0662840059}}