{"mean":{"confidence_interval":{"confidence_level":0.95,"lower_bound":-0.019752148421235276,"upper_bound":-0.013681272017135841},"point_estimate":-0.016789676449895596,"standard_error":0.0015398827669755029},"median":{"confidence_interval":{"confidence_level":0.95,"lower_bound":-0.020309498682194005,"upper_bound":-0.013303372570141248},"point_estimate":-0.01607328287559806,"standard_error":0.0017391000534655863}}