{"mean":{"confidence_interval":{"confidence_level":0.95,"lower_bound":242513430.2,"upper_bound":244782006.3025},"point_estimate":243569528.16666666,"standard_error":582156.3495329673},"median":{"confidence_interval":{"confidence_level":0.95,"lower_bound":242154586.66666666,"upper_bound":245203704.0},"point_estimate":242719943.5,"standard_error":819468.9281247318},"median_abs_dev":{"confidence_interval":{"confidence_level":0.95,"lower_bound":201645.7043200805,"upper_bound":3604963.580799088},"point_estimate":1514839.1101062298,"standard_error":802032.849347313},"slope":null,"std_dev":{"confidence_interval":{"confidence_level":0.95,"lower_bound":936887.8235844283,"upper_bound":2555061.517219972},"point_estimate":1950185.0202654146,"standard_error":441610.5730362898}}