{"mean":{"confidence_interval":{"confidence_level":0.95,"lower_bound":-0.055713590341277694,"upper_bound":-0.05006451013251067},"point_estimate":-0.053128894217218336,"standard_error":0.001447034020772512},"median":{"confidence_interval":{"confidence_level":0.95,"lower_bound":-0.05705030216002094,"upper_bound":-0.05074534932685715},"point_estimate":-0.05477497911427209,"standard_error":0.0019560209978484963}}