{"mean":{"confidence_interval":{"confidence_level":0.95,"lower_bound":-0.0014419373971612025,"upper_bound":0.0006449890494432284},"point_estimate":-0.0004204016776626629,"standard_error":0.0005285059961057034},"median":{"confidence_interval":{"confidence_level":0.95,"lower_bound":-0.0016939772194545233,"upper_bound":0.000710511376262879},"point_estimate":-0.0005608451197606223,"standard_error":0.000581788950433602}}