{"mean":{"confidence_interval":{"confidence_level":0.95,"lower_bound":0.02331063648936281,"upper_bound":0.03226531886614814},"point_estimate":0.028426677770902797,"standard_error":0.002337872451886778},"median":{"confidence_interval":{"confidence_level":0.95,"lower_bound":0.02627829411185112,"upper_bound":0.033591805954203746},"point_estimate":0.029820020829824045,"standard_error":0.0018756206678203625}}