{"mean":{"confidence_interval":{"confidence_level":0.95,"lower_bound":-0.05784786332646323,"upper_bound":-0.04597739156263094},"point_estimate":-0.05130626035056962,"standard_error":0.003065211655912465},"median":{"confidence_interval":{"confidence_level":0.95,"lower_bound":-0.057013691116672316,"upper_bound":-0.04422538530798581},"point_estimate":-0.046880139045688995,"standard_error":0.0033825981049806133}}