{"mean":{"confidence_interval":{"confidence_level":0.95,"lower_bound":426868838.8675,"upper_bound":428441418.95},"point_estimate":427646828.6,"standard_error":403272.2679851207},"median":{"confidence_interval":{"confidence_level":0.95,"lower_bound":426366777.25,"upper_bound":428702724.5},"point_estimate":427724455.25,"standard_error":749651.7850691502},"median_abs_dev":{"confidence_interval":{"confidence_level":0.95,"lower_bound":63094.63642984629,"upper_bound":2105278.2485738397},"point_estimate":1599753.5409986973,"standard_error":548111.5807235003},"slope":null,"std_dev":{"confidence_interval":{"confidence_level":0.95,"lower_bound":868853.1689286372,"upper_bound":1610626.0353540024},"point_estimate":1340469.1465493382,"standard_error":193160.85076115935}}