{"mean":{"confidence_interval":{"confidence_level":0.95,"lower_bound":0.20025790658132436,"upper_bound":0.7135333870493188},"point_estimate":0.44873844243063044,"standard_error":0.1294671971146076},"median":{"confidence_interval":{"confidence_level":0.95,"lower_bound":0.1293185147789615,"upper_bound":0.8805739018838745},"point_estimate":0.16866226207020296,"standard_error":0.23213202925761398}}