{"mean":{"confidence_interval":{"confidence_level":0.95,"lower_bound":0.041130804299202094,"upper_bound":0.06362709435520916},"point_estimate":0.05068600620850949,"standard_error":0.005851948073046333},"median":{"confidence_interval":{"confidence_level":0.95,"lower_bound":0.041448659081040784,"upper_bound":0.061653211774180594},"point_estimate":0.05095232086705592,"standard_error":0.005020777278857406}}