{"mean":{"confidence_interval":{"confidence_level":0.95,"lower_bound":-0.01300818822355885,"upper_bound":-0.0023308462465202995},"point_estimate":-0.007049093893465308,"standard_error":0.0027463186897762337},"median":{"confidence_interval":{"confidence_level":0.95,"lower_bound":-0.009891659876892,"upper_bound":-0.000859168201581828},"point_estimate":-0.005965801441283225,"standard_error":0.002098714362964097}}