{"mean":{"confidence_interval":{"confidence_level":0.95,"lower_bound":1355800132.6425,"upper_bound":1400026660.8075},"point_estimate":1373917193.7,"standard_error":11751765.649261013},"median":{"confidence_interval":{"confidence_level":0.95,"lower_bound":1353611446.0,"upper_bound":1382529375.5},"point_estimate":1355103247.5,"standard_error":7726583.523806948},"median_abs_dev":{"confidence_interval":{"confidence_level":0.95,"lower_bound":458049.26186800003,"upper_bound":36757170.07462978},"point_estimate":3208797.7947324514,"standard_error":9888105.688839208},"slope":null,"std_dev":{"confidence_interval":{"confidence_level":0.95,"lower_bound":3666759.2571101617,"upper_bound":57795814.71314324},"point_estimate":39343832.331162415,"standard_error":15576436.27788154}}