{"mean":{"confidence_interval":{"confidence_level":0.95,"lower_bound":0.019789643487965858,"upper_bound":0.03606526306595887},"point_estimate":0.027754508220935392,"standard_error":0.004173076144979323},"median":{"confidence_interval":{"confidence_level":0.95,"lower_bound":0.01672832943324143,"upper_bound":0.034623755143858403},"point_estimate":0.029948635968842563,"standard_error":0.004892207823724474}}