{"mean":{"confidence_interval":{"confidence_level":0.95,"lower_bound":224974222.4825,"upper_bound":226117120.45416665},"point_estimate":225564777.16666666,"standard_error":292320.3506392899},"median":{"confidence_interval":{"confidence_level":0.95,"lower_bound":224836522.66666666,"upper_bound":226362322.5},"point_estimate":225744193.3333333,"standard_error":371759.78475355124},"median_abs_dev":{"confidence_interval":{"confidence_level":0.95,"lower_bound":161148.48603904984,"upper_bound":1677636.0002160072},"point_estimate":1105031.6745817515,"standard_error":404770.5867615989},"slope":null,"std_dev":{"confidence_interval":{"confidence_level":0.95,"lower_bound":507125.98469088005,"upper_bound":1274939.683519309},"point_estimate":977908.1455473728,"standard_error":200169.7950915407}}