{"mean":{"confidence_interval":{"confidence_level":0.95,"lower_bound":0.02396613068890657,"upper_bound":0.03540258110731163},"point_estimate":0.029339155787362348,"standard_error":0.002920009273834039},"median":{"confidence_interval":{"confidence_level":0.95,"lower_bound":0.021493975603571913,"upper_bound":0.03541071280481223},"point_estimate":0.029024786754668686,"standard_error":0.003820149864111481}}