{"mean":{"confidence_interval":{"confidence_level":0.95,"lower_bound":-0.02345066180070516,"upper_bound":-0.01714683116703487},"point_estimate":-0.02002608886900592,"standard_error":0.0016184915845947505},"median":{"confidence_interval":{"confidence_level":0.95,"lower_bound":-0.02218874799095938,"upper_bound":-0.01659249085417036},"point_estimate":-0.018626772010422732,"standard_error":0.0014263244412050977}}