{"mean":{"confidence_interval":{"confidence_level":0.95,"lower_bound":-0.03063919388575408,"upper_bound":-0.023673624738957174},"point_estimate":-0.02689240198729781,"standard_error":0.0017941717726875177},"median":{"confidence_interval":{"confidence_level":0.95,"lower_bound":-0.03124407043210664,"upper_bound":-0.022108815865855003},"point_estimate":-0.025215705581751235,"standard_error":0.0022796411157558}}