{"mean":{"confidence_interval":{"confidence_level":0.95,"lower_bound":321736903.65,"upper_bound":324881370.7},"point_estimate":323267831.05,"standard_error":803460.8966339885},"median":{"confidence_interval":{"confidence_level":0.95,"lower_bound":321019124.0,"upper_bound":325123049.75},"point_estimate":323226197.25,"standard_error":1093571.1362210265},"median_abs_dev":{"confidence_interval":{"confidence_level":0.95,"lower_bound":709058.9971616864,"upper_bound":4605955.16127795},"point_estimate":2821419.2551597953,"standard_error":986507.1093405786},"slope":null,"std_dev":{"confidence_interval":{"confidence_level":0.95,"lower_bound":1509715.0518970413,"upper_bound":3449136.439857213},"point_estimate":2676609.292929421,"standard_error":508318.57561625965}}