{"mean":{"confidence_interval":{"confidence_level":0.95,"lower_bound":0.018228606868776722,"upper_bound":0.03326514983386302},"point_estimate":0.025755777491659027,"standard_error":0.003829631487150218},"median":{"confidence_interval":{"confidence_level":0.95,"lower_bound":0.01702497331871955,"upper_bound":0.035979168204892},"point_estimate":0.027392248968591826,"standard_error":0.004967841794525702}}