{"mean":{"confidence_interval":{"confidence_level":0.95,"lower_bound":139065638.3004762,"upper_bound":139435060.25},"point_estimate":139244648.49773806,"standard_error":94761.63068946156},"median":{"confidence_interval":{"confidence_level":0.95,"lower_bound":138995453.6,"upper_bound":139491496.4166667},"point_estimate":139223914.14285713,"standard_error":94530.2970076621},"median_abs_dev":{"confidence_interval":{"confidence_level":0.95,"lower_bound":41755.04550870923,"upper_bound":541044.0964445472},"point_estimate":239781.78330303563,"standard_error":148372.09285239808},"slope":{"confidence_interval":{"confidence_level":0.95,"lower_bound":139182697.90741992,"upper_bound":139535710.31695333},"point_estimate":139345552.57922077,"standard_error":90797.31339510257},"std_dev":{"confidence_interval":{"confidence_level":0.95,"lower_bound":146319.01117484516,"upper_bound":409716.5685028459},"point_estimate":316380.8743568223,"standard_error":65949.45722482444}}