{"mean":{"confidence_interval":{"confidence_level":0.95,"lower_bound":978192142.52,"upper_bound":982157986.8325},"point_estimate":980164475.6,"standard_error":1012799.2713122657},"median":{"confidence_interval":{"confidence_level":0.95,"lower_bound":977073079.5,"upper_bound":982975368.0},"point_estimate":980050330.5,"standard_error":1932975.4614185684},"median_abs_dev":{"confidence_interval":{"confidence_level":0.95,"lower_bound":179027.6533216238,"upper_bound":5158794.823113084},"point_estimate":4266958.306646347,"standard_error":1321477.7479756598},"slope":null,"std_dev":{"confidence_interval":{"confidence_level":0.95,"lower_bound":2199414.505757971,"upper_bound":4000034.8985490957},"point_estimate":3369326.863163693,"standard_error":460302.97599707945}}