{"mean":{"confidence_interval":{"confidence_level":0.95,"lower_bound":590000317.9,"upper_bound":598913723.6575},"point_estimate":594832571.5,"standard_error":2294048.439924328},"median":{"confidence_interval":{"confidence_level":0.95,"lower_bound":588804520.0,"upper_bound":599786253.0},"point_estimate":597297112.5,"standard_error":2384068.4529565223},"median_abs_dev":{"confidence_interval":{"confidence_level":0.95,"lower_bound":631729.1770845652,"upper_bound":11213962.177312374},"point_estimate":3747946.016460657,"standard_error":2573509.127588644},"slope":null,"std_dev":{"confidence_interval":{"confidence_level":0.95,"lower_bound":2312613.7186161764,"upper_bound":9779076.399932085},"point_estimate":7666591.704161146,"standard_error":1920543.236679093}}