{"mean":{"confidence_interval":{"confidence_level":0.95,"lower_bound":-0.23975002490602218,"upper_bound":-0.23421863194564435},"point_estimate":-0.23725764204213573,"standard_error":0.0014111230548710962},"median":{"confidence_interval":{"confidence_level":0.95,"lower_bound":-0.2415765833738307,"upper_bound":-0.23478426627738747},"point_estimate":-0.2386396242814004,"standard_error":0.0015617217221916408}}