{"mean":{"confidence_interval":{"confidence_level":0.95,"lower_bound":0.02623586482642068,"upper_bound":0.029160147913031176},"point_estimate":0.0276756989721878,"standard_error":0.000747741359287133},"median":{"confidence_interval":{"confidence_level":0.95,"lower_bound":0.025451302995125102,"upper_bound":0.030463954635164825},"point_estimate":0.027569293452120336,"standard_error":0.0012926684044760222}}