{"mean":{"confidence_interval":{"confidence_level":0.95,"lower_bound":549485119.2275001,"upper_bound":552232843.9},"point_estimate":550954486.2,"standard_error":705914.3324823545},"median":{"confidence_interval":{"confidence_level":0.95,"lower_bound":549323236.5,"upper_bound":552631036.5},"point_estimate":551197281.5,"standard_error":739351.035955223},"median_abs_dev":{"confidence_interval":{"confidence_level":0.95,"lower_bound":299287.26758658886,"upper_bound":3896518.842422962},"point_estimate":1803687.3912781477,"standard_error":919908.6556563831},"slope":null,"std_dev":{"confidence_interval":{"confidence_level":0.95,"lower_bound":930718.3033825111,"upper_bound":3074315.2316630776},"point_estimate":2355372.680783508,"standard_error":556407.5470964115}}