{"mean":{"confidence_interval":{"confidence_level":0.95,"lower_bound":995319905.7225,"upper_bound":1005935307.625},"point_estimate":999941166.6,"standard_error":2760267.8031313755},"median":{"confidence_interval":{"confidence_level":0.95,"lower_bound":993633038.0,"upper_bound":1002623124.0},"point_estimate":998382658.0,"standard_error":1864973.3863558476},"median_abs_dev":{"confidence_interval":{"confidence_level":0.95,"lower_bound":488020.76163589954,"upper_bound":10544746.94249332},"point_estimate":4978667.0806109905,"standard_error":2902974.202535042},"slope":null,"std_dev":{"confidence_interval":{"confidence_level":0.95,"lower_bound":2875815.5932286526,"upper_bound":13294659.213798827},"point_estimate":9194693.488580903,"standard_error":3122473.324800878}}