{"mean":{"confidence_interval":{"confidence_level":0.95,"lower_bound":0.008784139311006146,"upper_bound":0.0124925444985561},"point_estimate":0.01059669519734907,"standard_error":0.000936035366338382},"median":{"confidence_interval":{"confidence_level":0.95,"lower_bound":0.008240561855549,"upper_bound":0.01453159993487163},"point_estimate":0.010202531592903519,"standard_error":0.0014967448941536265}}