{"mean":{"confidence_interval":{"confidence_level":0.95,"lower_bound":-0.021333895128557087,"upper_bound":-0.01471909004681777},"point_estimate":-0.017587063507494505,"standard_error":0.0017193951824124624},"median":{"confidence_interval":{"confidence_level":0.95,"lower_bound":-0.019877964692375016,"upper_bound":-0.013617283216768472},"point_estimate":-0.015498811873586482,"standard_error":0.0016842764850744526}}