{"mean":{"confidence_interval":{"confidence_level":0.95,"lower_bound":882415743.8,"upper_bound":887372246.885},"point_estimate":884546693.8,"standard_error":1285338.8904393716},"median":{"confidence_interval":{"confidence_level":0.95,"lower_bound":881828182.0,"upper_bound":887185766.0},"point_estimate":882326994.0,"standard_error":1401438.0433172637},"median_abs_dev":{"confidence_interval":{"confidence_level":0.95,"lower_bound":233230.76705932617,"upper_bound":6215673.627349734},"point_estimate":1019419.4333016872,"standard_error":1577895.7788462474},"slope":null,"std_dev":{"confidence_interval":{"confidence_level":0.95,"lower_bound":904554.838932311,"upper_bound":6070791.648509516},"point_estimate":4281721.930738634,"standard_error":1371150.3335738354}}