{"mean":{"confidence_interval":{"confidence_level":0.95,"lower_bound":-0.0044578952626057045,"upper_bound":0.007548088621044201},"point_estimate":0.001909505669469569,"standard_error":0.0030756390086492894},"median":{"confidence_interval":{"confidence_level":0.95,"lower_bound":-0.0031983789916413263,"upper_bound":0.009224176559613939},"point_estimate":0.004529990155682784,"standard_error":0.002901250937783855}}