{"mean":{"confidence_interval":{"confidence_level":0.95,"lower_bound":0.009875496155620028,"upper_bound":0.01951607805528973},"point_estimate":0.013970776000042706,"standard_error":0.00256146864282878},"median":{"confidence_interval":{"confidence_level":0.95,"lower_bound":0.011372424668839143,"upper_bound":0.013927735657638607},"point_estimate":0.013152007102378072,"standard_error":0.000771122883162979}}