{"mean":{"confidence_interval":{"confidence_level":0.95,"lower_bound":-0.04448087997773423,"upper_bound":-0.03334835155773072},"point_estimate":-0.039075355388477284,"standard_error":0.0028550471038548044},"median":{"confidence_interval":{"confidence_level":0.95,"lower_bound":-0.047243893912540025,"upper_bound":-0.02983799061751624},"point_estimate":-0.0442920342211488,"standard_error":0.005129480507644393}}