{"mean":{"confidence_interval":{"confidence_level":0.95,"lower_bound":-0.009484187429721843,"upper_bound":-0.0024303006007776323},"point_estimate":-0.00599982354001205,"standard_error":0.0017929259454483528},"median":{"confidence_interval":{"confidence_level":0.95,"lower_bound":-0.011223673737310702,"upper_bound":-0.0006467699494935308},"point_estimate":-0.0041678261899215086,"standard_error":0.002658700833382781}}