{"mean":{"confidence_interval":{"confidence_level":0.95,"lower_bound":-0.014129947085945808,"upper_bound":-0.004145206124921454},"point_estimate":-0.008780966259186895,"standard_error":0.0024897772077150156},"median":{"confidence_interval":{"confidence_level":0.95,"lower_bound":-0.017134809637748716,"upper_bound":-0.002329997183111665},"point_estimate":-0.006763935873766447,"standard_error":0.003581727260749004}}