{"mean":{"confidence_interval":{"confidence_level":0.95,"lower_bound":966283809.3,"upper_bound":971106558.145},"point_estimate":968582701.9,"standard_error":1230548.4375976864},"median":{"confidence_interval":{"confidence_level":0.95,"lower_bound":966300277.0,"upper_bound":971017079.0},"point_estimate":967412767.5,"standard_error":1320235.2082096683},"median_abs_dev":{"confidence_interval":{"confidence_level":0.95,"lower_bound":522707.6706200838,"upper_bound":6781249.193608761},"point_estimate":2299940.2892678976,"standard_error":1693156.8920545676},"slope":null,"std_dev":{"confidence_interval":{"confidence_level":0.95,"lower_bound":1839224.4841045127,"upper_bound":5475674.888262502},"point_estimate":4095148.1362903495,"standard_error":963633.0453264026}}