{"mean":{"confidence_interval":{"confidence_level":0.95,"lower_bound":-0.02507315676047431,"upper_bound":-0.015075809722917308},"point_estimate":-0.02005816964538698,"standard_error":0.0025592778261833856},"median":{"confidence_interval":{"confidence_level":0.95,"lower_bound":-0.028130902434436833,"upper_bound":-0.01418718466437019},"point_estimate":-0.021233740975089344,"standard_error":0.004334826805055563}}