{"mean":{"confidence_interval":{"confidence_level":0.95,"lower_bound":0.0037974416996717775,"upper_bound":0.01886340627371652},"point_estimate":0.010916732613403646,"standard_error":0.0037962723662420695},"median":{"confidence_interval":{"confidence_level":0.95,"lower_bound":0.0002066814239436443,"upper_bound":0.025793847039893736},"point_estimate":0.0034477229679583665,"standard_error":0.006205039905452103}}