{"mean":{"confidence_interval":{"confidence_level":0.95,"lower_bound":418699728.7,"upper_bound":419686589.64375},"point_estimate":419214534.5,"standard_error":253232.22814517323},"median":{"confidence_interval":{"confidence_level":0.95,"lower_bound":418432775.0,"upper_bound":419789502.0},"point_estimate":419419723.75,"standard_error":325296.6541513554},"median_abs_dev":{"confidence_interval":{"confidence_level":0.95,"lower_bound":158108.53834301233,"upper_bound":1427629.2438045144},"point_estimate":634802.2361800075,"standard_error":343199.59402174334},"slope":null,"std_dev":{"confidence_interval":{"confidence_level":0.95,"lower_bound":410250.78358458454,"upper_bound":1065828.5568742387},"point_estimate":841529.613819086,"standard_error":164610.73420184967}}