{"mean":{"confidence_interval":{"confidence_level":0.95,"lower_bound":-0.08411419335526472,"upper_bound":0.031113639082832944},"point_estimate":-0.025744670616938414,"standard_error":0.029119844999578082},"median":{"confidence_interval":{"confidence_level":0.95,"lower_bound":-0.08922431793937602,"upper_bound":0.04210382011930558},"point_estimate":0.02885441137490896,"standard_error":0.03485587526306679}}