{"mean":{"confidence_interval":{"confidence_level":0.95,"lower_bound":-0.019288175898901805,"upper_bound":-0.01359190267868862},"point_estimate":-0.01659654799975807,"standard_error":0.0014281081755969749},"median":{"confidence_interval":{"confidence_level":0.95,"lower_bound":-0.018890718283418817,"upper_bound":-0.015074187502097658},"point_estimate":-0.017007368577095616,"standard_error":0.0009344732222177343}}