{"mean":{"confidence_interval":{"confidence_level":0.95,"lower_bound":-0.0398532484916765,"upper_bound":-0.02581140842792345},"point_estimate":-0.03159865464318934,"standard_error":0.003740093114475364},"median":{"confidence_interval":{"confidence_level":0.95,"lower_bound":-0.032214371490350335,"upper_bound":-0.02490657474691005},"point_estimate":-0.02933675842846184,"standard_error":0.002029752730588528}}