{"mean":{"confidence_interval":{"confidence_level":0.95,"lower_bound":-0.04927122003613776,"upper_bound":-0.04132460859082945},"point_estimate":-0.045653788011304486,"standard_error":0.0020425543443427035},"median":{"confidence_interval":{"confidence_level":0.95,"lower_bound":-0.05165141440040366,"upper_bound":-0.03969160604810307},"point_estimate":-0.04747641340733688,"standard_error":0.0033354481435652525}}