{"mean":{"confidence_interval":{"confidence_level":0.95,"lower_bound":233795755.4,"upper_bound":235524465.755},"point_estimate":234649024.83333334,"standard_error":442873.1768299171},"median":{"confidence_interval":{"confidence_level":0.95,"lower_bound":233728198.5,"upper_bound":235620239.0},"point_estimate":234447315.5,"standard_error":439991.97720744845},"median_abs_dev":{"confidence_interval":{"confidence_level":0.95,"lower_bound":170047.79238103348,"upper_bound":2541082.456886776},"point_estimate":1201401.1670708656,"standard_error":698710.4523306714},"slope":null,"std_dev":{"confidence_interval":{"confidence_level":0.95,"lower_bound":743443.4507482348,"upper_bound":1915377.9494092332},"point_estimate":1481755.3748804352,"standard_error":298955.57136311365}}