{"mean":{"confidence_interval":{"confidence_level":0.95,"lower_bound":532689711.965,"upper_bound":534153148.68},"point_estimate":533443530.0,"standard_error":372495.4751514787},"median":{"confidence_interval":{"confidence_level":0.95,"lower_bound":532330610.0,"upper_bound":534335250.0},"point_estimate":533662848.5,"standard_error":432152.4617010311},"median_abs_dev":{"confidence_interval":{"confidence_level":0.95,"lower_bound":133410.27603149414,"upper_bound":2166441.0572379827},"point_estimate":1108596.3391184807,"standard_error":580608.4387266273},"slope":null,"std_dev":{"confidence_interval":{"confidence_level":0.95,"lower_bound":635867.5986490689,"upper_bound":1586059.1775282747},"point_estimate":1242190.6596326777,"standard_error":240413.28541461306}}