{"mean":{"confidence_interval":{"confidence_level":0.95,"lower_bound":-0.03536936496310902,"upper_bound":-0.028983834356045013},"point_estimate":-0.03215359393460038,"standard_error":0.0016373583169797575},"median":{"confidence_interval":{"confidence_level":0.95,"lower_bound":-0.03737452539412178,"upper_bound":-0.026869108587073365},"point_estimate":-0.032256181385541205,"standard_error":0.002729418072368916}}