{"mean":{"confidence_interval":{"confidence_level":0.95,"lower_bound":-0.0207820566114096,"upper_bound":-0.017376344809594185},"point_estimate":-0.0191146478564852,"standard_error":0.0008800791888699992},"median":{"confidence_interval":{"confidence_level":0.95,"lower_bound":-0.02186222116535874,"upper_bound":-0.01581452908187775},"point_estimate":-0.019885939506825268,"standard_error":0.0016065042955977957}}