{"mean":{"confidence_interval":{"confidence_level":0.95,"lower_bound":877763963.3075,"upper_bound":887564235.2},"point_estimate":882835868.9,"standard_error":2522530.252945786},"median":{"confidence_interval":{"confidence_level":0.95,"lower_bound":876059605.5,"upper_bound":889032809.5},"point_estimate":884416331.5,"standard_error":3022722.830269163},"median_abs_dev":{"confidence_interval":{"confidence_level":0.95,"lower_bound":2216228.2469540834,"upper_bound":14499422.992783785},"point_estimate":7081831.512272358,"standard_error":3293925.5264415406},"slope":null,"std_dev":{"confidence_interval":{"confidence_level":0.95,"lower_bound":4039705.087377077,"upper_bound":10634571.039882092},"point_estimate":8417172.214885425,"standard_error":1640627.5909779738}}