{"mean":{"confidence_interval":{"confidence_level":0.95,"lower_bound":-0.02032982632002102,"upper_bound":-0.012429368956931456},"point_estimate":-0.016524472174601068,"standard_error":0.001994237289787109},"median":{"confidence_interval":{"confidence_level":0.95,"lower_bound":-0.02205670617055544,"upper_bound":-0.012772227598686237},"point_estimate":-0.018802468325867516,"standard_error":0.0021551711036360867}}