{"mean":{"confidence_interval":{"confidence_level":0.95,"lower_bound":-0.03571995860454862,"upper_bound":-0.022499108761175023},"point_estimate":-0.028362423724520913,"standard_error":0.0034250535602899606},"median":{"confidence_interval":{"confidence_level":0.95,"lower_bound":-0.031642906566203055,"upper_bound":-0.023014634616006058},"point_estimate":-0.024239358363496555,"standard_error":0.001999022849305405}}