{"mean":{"confidence_interval":{"confidence_level":0.95,"lower_bound":-0.02093336677698001,"upper_bound":-0.012630376085730479},"point_estimate":-0.0165666288020222,"standard_error":0.0021226103630606146},"median":{"confidence_interval":{"confidence_level":0.95,"lower_bound":-0.02010179366740228,"upper_bound":-0.012627119914610296},"point_estimate":-0.016504264545764702,"standard_error":0.0015924821515727367}}