{"mean":{"confidence_interval":{"confidence_level":0.95,"lower_bound":0.0007172142345319323,"upper_bound":0.003490389883775069},"point_estimate":0.0019605596100866762,"standard_error":0.0007122565801121375},"median":{"confidence_interval":{"confidence_level":0.95,"lower_bound":0.0004883551780370254,"upper_bound":0.002837815625009732},"point_estimate":0.0012833098622699879,"standard_error":0.0006254778125059857}}