{"mean":{"confidence_interval":{"confidence_level":0.95,"lower_bound":-0.03365592384150377,"upper_bound":-0.0273074460902114},"point_estimate":-0.03098177456494655,"standard_error":0.0016164485954080986},"median":{"confidence_interval":{"confidence_level":0.95,"lower_bound":-0.03472066543188468,"upper_bound":-0.027190400106664292},"point_estimate":-0.033675781559563855,"standard_error":0.001707611787830319}}