{"mean":{"confidence_interval":{"confidence_level":0.95,"lower_bound":-0.006596174543969013,"upper_bound":0.0014406747838256722},"point_estimate":-0.002738497297914866,"standard_error":0.002051786525025152},"median":{"confidence_interval":{"confidence_level":0.95,"lower_bound":-0.008542484302342834,"upper_bound":0.0029260041041037077},"point_estimate":-0.005258111803650989,"standard_error":0.0030849608712250334}}