{"mean":{"confidence_interval":{"confidence_level":0.95,"lower_bound":-0.06258919406973222,"upper_bound":0.014707938996949116},"point_estimate":-0.014086717195037624,"standard_error":0.023097313389464982},"median":{"confidence_interval":{"confidence_level":0.95,"lower_bound":0.0028524153684175158,"upper_bound":0.015370007274518649},"point_estimate":0.009645889227002158,"standard_error":0.006478994912285593}}