{"mean":{"confidence_interval":{"confidence_level":0.95,"lower_bound":-0.03814601874921221,"upper_bound":-0.02448260501847257},"point_estimate":-0.032368859830741115,"standard_error":0.003407989630133727},"median":{"confidence_interval":{"confidence_level":0.95,"lower_bound":-0.04100411915763502,"upper_bound":-0.02601250412259959},"point_estimate":-0.03238473214976845,"standard_error":0.003927872448296495}}