{"mean":{"confidence_interval":{"confidence_level":0.95,"lower_bound":-0.0057455132174184294,"upper_bound":0.0010728162884370105},"point_estimate":-0.0023188154538028583,"standard_error":0.0017358708358597677},"median":{"confidence_interval":{"confidence_level":0.95,"lower_bound":-0.006843235043133111,"upper_bound":0.00273626175779218},"point_estimate":-0.0011217546040962478,"standard_error":0.0024637176400953923}}