{"mean":{"confidence_interval":{"confidence_level":0.95,"lower_bound":-0.05533578179796737,"upper_bound":-0.04887450912349781},"point_estimate":-0.05153025764072039,"standard_error":0.001713715330072679},"median":{"confidence_interval":{"confidence_level":0.95,"lower_bound":-0.05194248320649286,"upper_bound":-0.048229222121792925},"point_estimate":-0.05049191086704097,"standard_error":0.0010826256008166675}}