{"mean":{"confidence_interval":{"confidence_level":0.95,"lower_bound":933383698.5475,"upper_bound":935853665.5525},"point_estimate":934364216.8,"standard_error":669037.7255574837},"median":{"confidence_interval":{"confidence_level":0.95,"lower_bound":932994350.0,"upper_bound":934510347.0},"point_estimate":933962573.5,"standard_error":438358.2686048601},"median_abs_dev":{"confidence_interval":{"confidence_level":0.95,"lower_bound":124900.89348256588,"upper_bound":1810037.366965413},"point_estimate":993978.7590533495,"standard_error":426269.51603500865},"slope":null,"std_dev":{"confidence_interval":{"confidence_level":0.95,"lower_bound":524346.7953492666,"upper_bound":3388098.596285986},"point_estimate":2233224.787754784,"standard_error":962540.0158643997}}