{"mean":{"confidence_interval":{"confidence_level":0.95,"lower_bound":-0.04531066977850468,"upper_bound":-0.035039447229825105},"point_estimate":-0.03994272663206433,"standard_error":0.0026222789087265394},"median":{"confidence_interval":{"confidence_level":0.95,"lower_bound":-0.04453257518927756,"upper_bound":-0.03355381691681969},"point_estimate":-0.03775838210970672,"standard_error":0.0029451954103530773}}