{"mean":{"confidence_interval":{"confidence_level":0.95,"lower_bound":-0.014968391658839083,"upper_bound":-0.005342185997244318},"point_estimate":-0.011003103347194676,"standard_error":0.002478591815473333},"median":{"confidence_interval":{"confidence_level":0.95,"lower_bound":-0.015975098002028676,"upper_bound":-0.010528695515682251},"point_estimate":-0.012539116364849612,"standard_error":0.0013420960307298268}}