{"mean":{"confidence_interval":{"confidence_level":0.95,"lower_bound":384629099.26125,"upper_bound":387764816.17875},"point_estimate":386169959.0,"standard_error":803112.7078375979},"median":{"confidence_interval":{"confidence_level":0.95,"lower_bound":383976480.75,"upper_bound":388432355.5},"point_estimate":385871996.0,"standard_error":1200056.3462572515},"median_abs_dev":{"confidence_interval":{"confidence_level":0.95,"lower_bound":261097.3455145955,"upper_bound":4515707.81828016},"point_estimate":2505622.124916315,"standard_error":1060243.0039832406},"slope":null,"std_dev":{"confidence_interval":{"confidence_level":0.95,"lower_bound":1553065.6236374357,"upper_bound":3341972.867368472},"point_estimate":2678513.738230827,"standard_error":459602.4485257649}}