{"mean":{"confidence_interval":{"confidence_level":0.95,"lower_bound":563789506.3,"upper_bound":564680367.3},"point_estimate":564230016.9,"standard_error":228720.42049644867},"median":{"confidence_interval":{"confidence_level":0.95,"lower_bound":563600605.0,"upper_bound":565155024.0},"point_estimate":564005972.0,"standard_error":391461.0032304342},"median_abs_dev":{"confidence_interval":{"confidence_level":0.95,"lower_bound":24394.6999669075,"upper_bound":1238111.8250191212},"point_estimate":935796.3469862938,"standard_error":336715.65942952404},"slope":null,"std_dev":{"confidence_interval":{"confidence_level":0.95,"lower_bound":479207.42009448714,"upper_bound":897027.3915577435},"point_estimate":759712.7102273522,"standard_error":106934.41481987065}}