{"mean":{"confidence_interval":{"confidence_level":0.95,"lower_bound":-0.04791550742033533,"upper_bound":-0.035827715851171706},"point_estimate":-0.042000908176132,"standard_error":0.0030873154319945905},"median":{"confidence_interval":{"confidence_level":0.95,"lower_bound":-0.04912543390633095,"upper_bound":-0.036474685591501355},"point_estimate":-0.04328040197390626,"standard_error":0.003183787959047076}}