{"mean":{"confidence_interval":{"confidence_level":0.95,"lower_bound":456274270.105,"upper_bound":458453356.28375},"point_estimate":457277523.25,"standard_error":559010.9298680087},"median":{"confidence_interval":{"confidence_level":0.95,"lower_bound":456090236.0,"upper_bound":458245402.5},"point_estimate":456950675.75,"standard_error":491726.6461928689},"median_abs_dev":{"confidence_interval":{"confidence_level":0.95,"lower_bound":66253.31567376852,"upper_bound":3048421.990379691},"point_estimate":1195113.4605824947,"standard_error":714547.3696158618},"slope":null,"std_dev":{"confidence_interval":{"confidence_level":0.95,"lower_bound":696801.6108973781,"upper_bound":2483447.3102819333},"point_estimate":1859955.9452143433,"standard_error":467953.2194712721}}