{"mean":{"confidence_interval":{"confidence_level":0.95,"lower_bound":-0.0016458627818728695,"upper_bound":0.015218227738233408},"point_estimate":0.006283408677828506,"standard_error":0.004327723152199262},"median":{"confidence_interval":{"confidence_level":0.95,"lower_bound":-0.0036968124777976286,"upper_bound":0.01713669734647527},"point_estimate":0.004274340302497626,"standard_error":0.005621247225125364}}