{"mean":{"confidence_interval":{"confidence_level":0.95,"lower_bound":354260258.05,"upper_bound":357353537.6},"point_estimate":355700590.8,"standard_error":788461.5848825515},"median":{"confidence_interval":{"confidence_level":0.95,"lower_bound":354065238.25,"upper_bound":356454851.75},"point_estimate":355606730.25,"standard_error":507756.8173673085},"median_abs_dev":{"confidence_interval":{"confidence_level":0.95,"lower_bound":249888.51906359196,"upper_bound":3913706.9945678115},"point_estimate":842127.1632492542,"standard_error":959980.8483458933},"slope":null,"std_dev":{"confidence_interval":{"confidence_level":0.95,"lower_bound":693768.1552476783,"upper_bound":3746950.1626739325},"point_estimate":2621424.1947363606,"standard_error":771608.1500412392}}