{"mean":{"confidence_interval":{"confidence_level":0.95,"lower_bound":-0.049539416335319636,"upper_bound":-0.03943849838880514},"point_estimate":-0.044917567516111534,"standard_error":0.002594378709008358},"median":{"confidence_interval":{"confidence_level":0.95,"lower_bound":-0.0515202350779258,"upper_bound":-0.04286472137682473},"point_estimate":-0.04840018662759116,"standard_error":0.0023185755758725634}}