{"mean":{"confidence_interval":{"confidence_level":0.95,"lower_bound":856642694.4,"upper_bound":869865859.095},"point_estimate":863278498.0,"standard_error":3392564.5112420116},"median":{"confidence_interval":{"confidence_level":0.95,"lower_bound":850857491.0,"upper_bound":874983838.0},"point_estimate":863259088.0,"standard_error":5334848.723066695},"median_abs_dev":{"confidence_interval":{"confidence_level":0.95,"lower_bound":2365437.8496050835,"upper_bound":19677032.750862837},"point_estimate":17884860.71358025,"standard_error":5055351.492749502},"slope":null,"std_dev":{"confidence_interval":{"confidence_level":0.95,"lower_bound":6802071.226471379,"upper_bound":13418590.71061655},"point_estimate":11287344.27328965,"standard_error":1656301.8303429075}}