{"mean":{"confidence_interval":{"confidence_level":0.95,"lower_bound":-0.6018021329160604,"upper_bound":-0.5117476516400663},"point_estimate":-0.5595734011878659,"standard_error":0.02309476623772633},"median":{"confidence_interval":{"confidence_level":0.95,"lower_bound":-0.6304612356577348,"upper_bound":-0.479247000344575},"point_estimate":-0.5354519251877474,"standard_error":0.03973513170876324}}