{"mean":{"confidence_interval":{"confidence_level":0.95,"lower_bound":0.021409128746277924,"upper_bound":0.05030831409224014},"point_estimate":0.03341311917251666,"standard_error":0.007363287281638569},"median":{"confidence_interval":{"confidence_level":0.95,"lower_bound":0.015893065158987252,"upper_bound":0.04001259609132224},"point_estimate":0.024387603847167316,"standard_error":0.006788632966776471}}