{"mean":{"confidence_interval":{"confidence_level":0.95,"lower_bound":750738871.6,"upper_bound":756501199.1225001},"point_estimate":753673561.6,"standard_error":1465710.677941774},"median":{"confidence_interval":{"confidence_level":0.95,"lower_bound":750380212.0,"upper_bound":758159656.0},"point_estimate":753760309.5,"standard_error":1605113.0224764103},"median_abs_dev":{"confidence_interval":{"confidence_level":0.95,"lower_bound":623347.2981333733,"upper_bound":8247633.23007524},"point_estimate":4827321.05139792,"standard_error":2209863.784157497},"slope":null,"std_dev":{"confidence_interval":{"confidence_level":0.95,"lower_bound":2521866.7498923675,"upper_bound":6303029.645244971},"point_estimate":4861802.607871813,"standard_error":976131.6789393361}}