{"mean":{"confidence_interval":{"confidence_level":0.95,"lower_bound":-0.010076394304834682,"upper_bound":-0.005381461931668462},"point_estimate":-0.007573383904712183,"standard_error":0.0012019697638519236},"median":{"confidence_interval":{"confidence_level":0.95,"lower_bound":-0.009459532208796473,"upper_bound":-0.005100688801764619},"point_estimate":-0.006434022221454949,"standard_error":0.0011692423267471905}}