{"mean":{"confidence_interval":{"confidence_level":0.95,"lower_bound":0.021802408846788635,"upper_bound":0.03154420458495028},"point_estimate":0.027353005977918343,"standard_error":0.002523406061027178},"median":{"confidence_interval":{"confidence_level":0.95,"lower_bound":0.02500723201852617,"upper_bound":0.03435369129033394},"point_estimate":0.02866214883214946,"standard_error":0.0024794238933541738}}