{"mean":{"confidence_interval":{"confidence_level":0.95,"lower_bound":444379381.33625,"upper_bound":446670596.85},"point_estimate":445474834.4,"standard_error":586109.9682489597},"median":{"confidence_interval":{"confidence_level":0.95,"lower_bound":443747928.0,"upper_bound":446727254.5},"point_estimate":445429231.0,"standard_error":713079.9091882599},"median_abs_dev":{"confidence_interval":{"confidence_level":0.95,"lower_bound":449753.3737152815,"upper_bound":3308691.6744589806},"point_estimate":1974000.3219544888,"standard_error":764936.566211536},"slope":null,"std_dev":{"confidence_interval":{"confidence_level":0.95,"lower_bound":1027412.33697873,"upper_bound":2539187.0382293025},"point_estimate":1956784.3848558986,"standard_error":404515.1872596745}}