{"mean":{"confidence_interval":{"confidence_level":0.95,"lower_bound":-0.033187110737262694,"upper_bound":-0.016719229382984504},"point_estimate":-0.025133423652848985,"standard_error":0.004221752657195886},"median":{"confidence_interval":{"confidence_level":0.95,"lower_bound":-0.03909783911532094,"upper_bound":-0.011392226349522194},"point_estimate":-0.030312709440049823,"standard_error":0.007582842180827152}}