{"mean":{"confidence_interval":{"confidence_level":0.95,"lower_bound":948877452.3,"upper_bound":950081266.9},"point_estimate":949508340.7,"standard_error":307012.5030318502},"median":{"confidence_interval":{"confidence_level":0.95,"lower_bound":948817253.5,"upper_bound":950515328.0},"point_estimate":949663242.5,"standard_error":411635.23103352246},"median_abs_dev":{"confidence_interval":{"confidence_level":0.95,"lower_bound":211511.78939494587,"upper_bound":1780157.7883958817},"point_estimate":1121644.701486826,"standard_error":389616.01986677555},"slope":null,"std_dev":{"confidence_interval":{"confidence_level":0.95,"lower_bound":546792.5392463139,"upper_bound":1342758.8858484859},"point_estimate":1029641.0424513163,"standard_error":216844.2025866769}}