{"mean":{"confidence_interval":{"confidence_level":0.95,"lower_bound":-0.06068141900602085,"upper_bound":-0.055685230192845984},"point_estimate":-0.05819718589597389,"standard_error":0.0012753987211904152},"median":{"confidence_interval":{"confidence_level":0.95,"lower_bound":-0.06146620211496834,"upper_bound":-0.05502488184652421},"point_estimate":-0.057371485407047174,"standard_error":0.0017836433133679964}}