{"mean":{"confidence_interval":{"confidence_level":0.95,"lower_bound":-0.0004947911640664596,"upper_bound":0.003644257456101612},"point_estimate":0.0015729152577879102,"standard_error":0.001057669193429221},"median":{"confidence_interval":{"confidence_level":0.95,"lower_bound":-0.001260148275380124,"upper_bound":0.00514579398907955},"point_estimate":0.001309304749842699,"standard_error":0.0013577081569546192}}