{"mean":{"confidence_interval":{"confidence_level":0.95,"lower_bound":-0.01333039409136332,"upper_bound":-0.004169671478770923},"point_estimate":-0.009095109528437617,"standard_error":0.0023219119221402256},"median":{"confidence_interval":{"confidence_level":0.95,"lower_bound":-0.01364728281081018,"upper_bound":-0.005316473420021506},"point_estimate":-0.010592601759373155,"standard_error":0.0021260281714573274}}