{"mean":{"confidence_interval":{"confidence_level":0.95,"lower_bound":0.03336325366731065,"upper_bound":0.042692957071081075},"point_estimate":0.037625913745637174,"standard_error":0.0023699338398935825},"median":{"confidence_interval":{"confidence_level":0.95,"lower_bound":0.029880746394644886,"upper_bound":0.04573932838807471},"point_estimate":0.03423920398103708,"standard_error":0.003975066815338829}}