{"mean":{"confidence_interval":{"confidence_level":0.95,"lower_bound":-0.045694748027474696,"upper_bound":-0.02989463702099654},"point_estimate":-0.03771355698309842,"standard_error":0.004049067977338303},"median":{"confidence_interval":{"confidence_level":0.95,"lower_bound":-0.051327229586142664,"upper_bound":-0.025414120841024235},"point_estimate":-0.03745400669880017,"standard_error":0.008914434791094833}}