{"mean":{"confidence_interval":{"confidence_level":0.95,"lower_bound":1206285800.2,"upper_bound":1210224014.4175},"point_estimate":1208159224.4,"standard_error":1009741.8861565876},"median":{"confidence_interval":{"confidence_level":0.95,"lower_bound":1205317053.0,"upper_bound":1210537405.0},"point_estimate":1207641039.5,"standard_error":1338114.3032719388},"median_abs_dev":{"confidence_interval":{"confidence_level":0.95,"lower_bound":974951.0709911585,"upper_bound":5654758.614107966},"point_estimate":3476372.990182042,"standard_error":1205331.9605724534},"slope":null,"std_dev":{"confidence_interval":{"confidence_level":0.95,"lower_bound":1740672.0268020977,"upper_bound":4311791.8471941035},"point_estimate":3370339.7641351367,"standard_error":669234.32100981}}