{"mean":{"confidence_interval":{"confidence_level":0.95,"lower_bound":-0.02145344059688751,"upper_bound":-0.013295319195050883},"point_estimate":-0.01759277359266609,"standard_error":0.0020788878885776405},"median":{"confidence_interval":{"confidence_level":0.95,"lower_bound":-0.022189326066027082,"upper_bound":-0.009028674021830385},"point_estimate":-0.019566534575239936,"standard_error":0.003033815363137504}}