{"mean":{"confidence_interval":{"confidence_level":0.95,"lower_bound":894881136.5124999,"upper_bound":901750064.5},"point_estimate":897851276.6,"standard_error":1787213.4498520745},"median":{"confidence_interval":{"confidence_level":0.95,"lower_bound":894406396.5,"upper_bound":900302476.0},"point_estimate":895110785.5,"standard_error":1601573.1780447366},"median_abs_dev":{"confidence_interval":{"confidence_level":0.95,"lower_bound":98300.08475482464,"upper_bound":7730705.475452542},"point_estimate":1703587.4301552773,"standard_error":2048891.6601919718},"slope":null,"std_dev":{"confidence_interval":{"confidence_level":0.95,"lower_bound":1268245.0671628988,"upper_bound":8410575.38832501},"point_estimate":5957949.519463614,"standard_error":1928187.3583799622}}