{"mean":{"confidence_interval":{"confidence_level":0.95,"lower_bound":-0.021774033368486247,"upper_bound":-0.01305897844382655},"point_estimate":-0.017570431021776245,"standard_error":0.002234385891901134},"median":{"confidence_interval":{"confidence_level":0.95,"lower_bound":-0.023526220417070642,"upper_bound":-0.013186584281194569},"point_estimate":-0.01795276743794605,"standard_error":0.002573700400053059}}