{"mean":{"confidence_interval":{"confidence_level":0.95,"lower_bound":-0.01190959203283648,"upper_bound":-0.009240546885904555},"point_estimate":-0.010639374757451914,"standard_error":0.0006810317212205986},"median":{"confidence_interval":{"confidence_level":0.95,"lower_bound":-0.012587594945636346,"upper_bound":-0.008866703705323165},"point_estimate":-0.010513701206881887,"standard_error":0.0010126201350165091}}