{"mean":{"confidence_interval":{"confidence_level":0.95,"lower_bound":-0.0059610424745072995,"upper_bound":0.0025928783442263955},"point_estimate":-0.0012990842504673195,"standard_error":0.0021935431014605666},"median":{"confidence_interval":{"confidence_level":0.95,"lower_bound":-0.0027551654685588067,"upper_bound":0.002617541618052277},"point_estimate":-0.0006581139622688914,"standard_error":0.0013206236697444805}}