{"mean":{"confidence_interval":{"confidence_level":0.95,"lower_bound":-0.020614004984268727,"upper_bound":-0.013486279137406283},"point_estimate":-0.01682869416406174,"standard_error":0.0017676944173460542},"median":{"confidence_interval":{"confidence_level":0.95,"lower_bound":-0.02128920393589484,"upper_bound":-0.011798216495266245},"point_estimate":-0.017127430402525068,"standard_error":0.002885412297198808}}