{"mean":{"confidence_interval":{"confidence_level":0.95,"lower_bound":-0.010225166820189226,"upper_bound":0.001492555537523482},"point_estimate":-0.004810166203734978,"standard_error":0.0030404675908043545},"median":{"confidence_interval":{"confidence_level":0.95,"lower_bound":-0.010728045312685563,"upper_bound":-0.0017514424048229449},"point_estimate":-0.007875767965546343,"standard_error":0.0025059226503666497}}