{"mean":{"confidence_interval":{"confidence_level":0.95,"lower_bound":386261576.41375,"upper_bound":388698731.85375},"point_estimate":387446933.2,"standard_error":623699.8761065878},"median":{"confidence_interval":{"confidence_level":0.95,"lower_bound":385827209.0,"upper_bound":389802403.5},"point_estimate":387058167.25,"standard_error":948273.1137599205},"median_abs_dev":{"confidence_interval":{"confidence_level":0.95,"lower_bound":225435.997697711,"upper_bound":3585791.0921394825},"point_estimate":1853027.9477521777,"standard_error":855921.432182834},"slope":null,"std_dev":{"confidence_interval":{"confidence_level":0.95,"lower_bound":1153749.6195655614,"upper_bound":2545386.6270548333},"point_estimate":2082754.4694807164,"standard_error":345571.006062451}}