{"mean":{"confidence_interval":{"confidence_level":0.95,"lower_bound":-0.02414766162458834,"upper_bound":-0.018300692242522378},"point_estimate":-0.020577390800777473,"standard_error":0.0015979448883117172},"median":{"confidence_interval":{"confidence_level":0.95,"lower_bound":-0.020596963944992774,"upper_bound":-0.01815443448303722},"point_estimate":-0.01911205432668528,"standard_error":0.0007139268390614308}}