{"mean":{"confidence_interval":{"confidence_level":0.95,"lower_bound":-0.021384636719450473,"upper_bound":-0.01569112046033073},"point_estimate":-0.018460566287623492,"standard_error":0.001462387315301354},"median":{"confidence_interval":{"confidence_level":0.95,"lower_bound":-0.021567198549834243,"upper_bound":-0.01523909949726654},"point_estimate":-0.01811047115132347,"standard_error":0.0013271187630160561}}