{"mean":{"confidence_interval":{"confidence_level":0.95,"lower_bound":352009478.15,"upper_bound":353711310.2175},"point_estimate":352785326.65,"standard_error":438492.0509512059},"median":{"confidence_interval":{"confidence_level":0.95,"lower_bound":351611366.0,"upper_bound":353891760.0},"point_estimate":352115398.5,"standard_error":571002.1555273914},"median_abs_dev":{"confidence_interval":{"confidence_level":0.95,"lower_bound":104151.16555094719,"upper_bound":2532281.4963430166},"point_estimate":851429.7367841005,"standard_error":580936.5069731015},"slope":null,"std_dev":{"confidence_interval":{"confidence_level":0.95,"lower_bound":561624.3659271367,"upper_bound":1952712.099092105},"point_estimate":1461392.3470148263,"standard_error":365599.74913243053}}