{"mean":{"confidence_interval":{"confidence_level":0.95,"lower_bound":289386022.2825,"upper_bound":289778743.52875},"point_estimate":289586727.05,"standard_error":100557.50364500839},"median":{"confidence_interval":{"confidence_level":0.95,"lower_bound":289382337.0,"upper_bound":289864800.75},"point_estimate":289545288.25,"standard_error":130598.34921850897},"median_abs_dev":{"confidence_interval":{"confidence_level":0.95,"lower_bound":79831.33688271046,"upper_bound":607403.7886664271},"point_estimate":297455.14466911554,"standard_error":131393.55692689389},"slope":null,"std_dev":{"confidence_interval":{"confidence_level":0.95,"lower_bound":180530.2491322226,"upper_bound":441887.8825266232},"point_estimate":336326.18034138373,"standard_error":69297.65571845324}}