{"mean":{"confidence_interval":{"confidence_level":0.95,"lower_bound":484387918.8,"upper_bound":485707203.98375},"point_estimate":485033083.8,"standard_error":338584.45289189415},"median":{"confidence_interval":{"confidence_level":0.95,"lower_bound":483993828.5,"upper_bound":485913413.75},"point_estimate":485148802.5,"standard_error":529223.8130348618},"median_abs_dev":{"confidence_interval":{"confidence_level":0.95,"lower_bound":63190.264128148556,"upper_bound":2034199.4406357408},"point_estimate":1503369.3460598588,"standard_error":490639.3222064906},"slope":null,"std_dev":{"confidence_interval":{"confidence_level":0.95,"lower_bound":664408.5319845347,"upper_bound":1409708.845429183},"point_estimate":1129798.0602029974,"standard_error":195443.42094814702}}