{"mean":{"confidence_interval":{"confidence_level":0.95,"lower_bound":-0.014251904751139532,"upper_bound":0.0041036091387481365},"point_estimate":-0.006205728519541043,"standard_error":0.0046662090034206676},"median":{"confidence_interval":{"confidence_level":0.95,"lower_bound":-0.012772781811551948,"upper_bound":-0.004915061231468565},"point_estimate":-0.007981618428813952,"standard_error":0.0020276061064132636}}