{"mean":{"confidence_interval":{"confidence_level":0.95,"lower_bound":-0.021545491820069006,"upper_bound":-0.010118514606226911},"point_estimate":-0.015946286731497006,"standard_error":0.0029277762676367283},"median":{"confidence_interval":{"confidence_level":0.95,"lower_bound":-0.026597706958144583,"upper_bound":-0.005834825288127066},"point_estimate":-0.02072744477855626,"standard_error":0.00557085135126274}}