{"mean":{"confidence_interval":{"confidence_level":0.95,"lower_bound":806069835.6,"upper_bound":808419197.1},"point_estimate":807192547.6,"standard_error":603518.0222952237},"median":{"confidence_interval":{"confidence_level":0.95,"lower_bound":805434105.0,"upper_bound":808869632.5},"point_estimate":807150232.0,"standard_error":748428.9200928466},"median_abs_dev":{"confidence_interval":{"confidence_level":0.95,"lower_bound":230067.6400154829,"upper_bound":3713011.5132808685},"point_estimate":2029820.2109634876,"standard_error":883762.5086534088},"slope":null,"std_dev":{"confidence_interval":{"confidence_level":0.95,"lower_bound":1004867.1925351118,"upper_bound":2511358.4758438813},"point_estimate":2013431.236074279,"standard_error":385800.4288817461}}