{"mean":{"confidence_interval":{"confidence_level":0.95,"lower_bound":885842718.0999999,"upper_bound":893620253.5},"point_estimate":889883304.0,"standard_error":1989262.9078106384},"median":{"confidence_interval":{"confidence_level":0.95,"lower_bound":884352279.0,"upper_bound":896466799.0},"point_estimate":890014705.0,"standard_error":2744635.73194355},"median_abs_dev":{"confidence_interval":{"confidence_level":0.95,"lower_bound":713242.523637414,"upper_bound":11241571.154022217},"point_estimate":8620432.993456721,"standard_error":2779542.3060108065},"slope":null,"std_dev":{"confidence_interval":{"confidence_level":0.95,"lower_bound":3594367.717905928,"upper_bound":8474108.404577384},"point_estimate":6622961.78783702,"standard_error":1287823.5672593627}}