{"mean":{"confidence_interval":{"confidence_level":0.95,"lower_bound":-0.02292252123294799,"upper_bound":-0.01847674242248591},"point_estimate":-0.020704431197955397,"standard_error":0.0011349109934579934},"median":{"confidence_interval":{"confidence_level":0.95,"lower_bound":-0.023377482837735997,"upper_bound":-0.016753532077791178},"point_estimate":-0.020555434623219626,"standard_error":0.0015719858149863093}}