{"mean":{"confidence_interval":{"confidence_level":0.95,"lower_bound":-0.022418264862983324,"upper_bound":-0.013010507272290646},"point_estimate":-0.017439339807639898,"standard_error":0.002385373304154606},"median":{"confidence_interval":{"confidence_level":0.95,"lower_bound":-0.02334182675152985,"upper_bound":-0.010612327200130278},"point_estimate":-0.013919416495431491,"standard_error":0.0033312167506530936}}