{"mean":{"confidence_interval":{"confidence_level":0.95,"lower_bound":1216088182.6,"upper_bound":1222335402.0},"point_estimate":1219239782.6,"standard_error":1594673.4677243636},"median":{"confidence_interval":{"confidence_level":0.95,"lower_bound":1215434665.0,"upper_bound":1223110207.0},"point_estimate":1219504502.0,"standard_error":2070615.1668349758},"median_abs_dev":{"confidence_interval":{"confidence_level":0.95,"lower_bound":1490302.0805418491,"upper_bound":9076410.321861506},"point_estimate":5005386.497336626,"standard_error":1931182.9048015585},"slope":null,"std_dev":{"confidence_interval":{"confidence_level":0.95,"lower_bound":2813467.6615206865,"upper_bound":6900765.161258779},"point_estimate":5297862.089010795,"standard_error":1058789.7271061474}}