{"mean":{"confidence_interval":{"confidence_level":0.95,"lower_bound":1164484306.7,"upper_bound":1296735508.5974998},"point_estimate":1233048040.3,"standard_error":33860301.299173355},"median":{"confidence_interval":{"confidence_level":0.95,"lower_bound":1156914495.0,"upper_bound":1304021935.0},"point_estimate":1242919442.0,"standard_error":31254822.558687765},"median_abs_dev":{"confidence_interval":{"confidence_level":0.95,"lower_bound":14999075.49251318,"upper_bound":193992474.8243451},"point_estimate":75255733.87874365,"standard_error":51452671.70114453},"slope":null,"std_dev":{"confidence_interval":{"confidence_level":0.95,"lower_bound":53954412.70610918,"upper_bound":147874099.0229135},"point_estimate":113076102.72015175,"standard_error":24526258.851895507}}