{"mean":{"confidence_interval":{"confidence_level":0.95,"lower_bound":715691032.5,"upper_bound":721526294.5325},"point_estimate":718402286.9,"standard_error":1496346.8548546627},"median":{"confidence_interval":{"confidence_level":0.95,"lower_bound":714443308.0,"upper_bound":722514447.5},"point_estimate":716283729.0,"standard_error":2265224.8346023792},"median_abs_dev":{"confidence_interval":{"confidence_level":0.95,"lower_bound":385604.2380541563,"upper_bound":8546499.439269304},"point_estimate":3408970.2888786793,"standard_error":2251920.5202832664},"slope":null,"std_dev":{"confidence_interval":{"confidence_level":0.95,"lower_bound":2274593.2320184805,"upper_bound":6374354.113108061},"point_estimate":5002767.475763866,"standard_error":1062463.5378357356}}