{"mean":{"confidence_interval":{"confidence_level":0.95,"lower_bound":342634358.35875,"upper_bound":343624259.9},"point_estimate":343126680.0,"standard_error":253838.95507537568},"median":{"confidence_interval":{"confidence_level":0.95,"lower_bound":342262519.0,"upper_bound":343830485.5},"point_estimate":343028323.0,"standard_error":393649.4555004975},"median_abs_dev":{"confidence_interval":{"confidence_level":0.95,"lower_bound":113882.58112818003,"upper_bound":1369298.5717400908},"point_estimate":1162333.5458144546,"standard_error":354806.0002951971},"slope":null,"std_dev":{"confidence_interval":{"confidence_level":0.95,"lower_bound":519488.19886967435,"upper_bound":1038867.1959701012},"point_estimate":845333.8165920675,"standard_error":134257.63883069315}}