{"mean":{"confidence_interval":{"confidence_level":0.95,"lower_bound":734755278.2325001,"upper_bound":737257702.0849999},"point_estimate":735813713.4,"standard_error":656999.8860006229},"median":{"confidence_interval":{"confidence_level":0.95,"lower_bound":734469348.5,"upper_bound":736594117.5},"point_estimate":735085579.5,"standard_error":441464.1357914297},"median_abs_dev":{"confidence_interval":{"confidence_level":0.95,"lower_bound":73660.75579226017,"upper_bound":2394597.625887394},"point_estimate":801579.5365691185,"standard_error":609987.3445360879},"slope":null,"std_dev":{"confidence_interval":{"confidence_level":0.95,"lower_bound":504411.25147536135,"upper_bound":3166067.5801292863},"point_estimate":2191724.931947448,"standard_error":778906.6652429617}}