{"mean":{"confidence_interval":{"confidence_level":0.95,"lower_bound":657151060.4,"upper_bound":674221417.9},"point_estimate":665192178.9,"standard_error":4379935.437584574},"median":{"confidence_interval":{"confidence_level":0.95,"lower_bound":655585103.0,"upper_bound":678605882.0},"point_estimate":660243703.0,"standard_error":5672536.5938729765},"median_abs_dev":{"confidence_interval":{"confidence_level":0.95,"lower_bound":1136366.1779254675,"upper_bound":23199131.79291282},"point_estimate":7904366.11686945,"standard_error":6050279.353092682},"slope":null,"std_dev":{"confidence_interval":{"confidence_level":0.95,"lower_bound":6266813.187393202,"upper_bound":18088824.506939553},"point_estimate":14554655.530682413,"standard_error":2845830.037298356}}