{"mean":{"confidence_interval":{"confidence_level":0.95,"lower_bound":443344118.2225,"upper_bound":445905335.1},"point_estimate":444649284.5,"standard_error":658693.7055490247},"median":{"confidence_interval":{"confidence_level":0.95,"lower_bound":442655144.0,"upper_bound":446330402.0},"point_estimate":444969960.0,"standard_error":1033517.0856023186},"median_abs_dev":{"confidence_interval":{"confidence_level":0.95,"lower_bound":506543.2537570596,"upper_bound":3715115.3226435184},"point_estimate":2351615.570050478,"standard_error":821829.0715452931},"slope":null,"std_dev":{"confidence_interval":{"confidence_level":0.95,"lower_bound":1304542.579132852,"upper_bound":2669848.721034842},"point_estimate":2202333.5944949016,"standard_error":344116.92119101057}}