{"mean":{"confidence_interval":{"confidence_level":0.95,"lower_bound":365040978.3,"upper_bound":366168829.85375},"point_estimate":365598720.25,"standard_error":289011.7015165751},"median":{"confidence_interval":{"confidence_level":0.95,"lower_bound":364835092.0,"upper_bound":366259399.0},"point_estimate":365624034.5,"standard_error":393203.3083642571},"median_abs_dev":{"confidence_interval":{"confidence_level":0.95,"lower_bound":255529.07066345215,"upper_bound":1681449.2473483086},"point_estimate":1002312.8241553903,"standard_error":341308.80345175386},"slope":null,"std_dev":{"confidence_interval":{"confidence_level":0.95,"lower_bound":533761.0152688081,"upper_bound":1244075.5442235356},"point_estimate":962736.4118354759,"standard_error":184083.40299912274}}