{"mean":{"confidence_interval":{"confidence_level":0.95,"lower_bound":-0.01833198309436526,"upper_bound":-0.016014055184749115},"point_estimate":-0.01729127903634986,"standard_error":0.0005940065444715132},"median":{"confidence_interval":{"confidence_level":0.95,"lower_bound":-0.018628044076319794,"upper_bound":-0.016273303903887038},"point_estimate":-0.017648982491436316,"standard_error":0.0005851995737451616}}