{"mean":{"confidence_interval":{"confidence_level":0.95,"lower_bound":313465187.2,"upper_bound":314001415.21375},"point_estimate":313739974.8,"standard_error":137068.92639452443},"median":{"confidence_interval":{"confidence_level":0.95,"lower_bound":313380561.5,"upper_bound":314119896.75},"point_estimate":313805169.75,"standard_error":202414.38617614188},"median_abs_dev":{"confidence_interval":{"confidence_level":0.95,"lower_bound":112585.30615121126,"upper_bound":748507.2759613395},"point_estimate":496418.2078868151,"standard_error":160752.86898888915},"slope":null,"std_dev":{"confidence_interval":{"confidence_level":0.95,"lower_bound":263196.73338069464,"upper_bound":567137.8980672098},"point_estimate":455797.3686413734,"standard_error":77548.89512908047}}