{"mean":{"confidence_interval":{"confidence_level":0.95,"lower_bound":200740887.91000003,"upper_bound":204524051.86666664},"point_estimate":202234586.46666667,"standard_error":1030796.6194033814},"median":{"confidence_interval":{"confidence_level":0.95,"lower_bound":200468003.6666667,"upper_bound":202867540.0},"point_estimate":200963922.6666667,"standard_error":627691.0173859826},"median_abs_dev":{"confidence_interval":{"confidence_level":0.95,"lower_bound":163405.74449899758,"upper_bound":2748936.054396651},"point_estimate":826520.8217263074,"standard_error":666631.856912311},"slope":null,"std_dev":{"confidence_interval":{"confidence_level":0.95,"lower_bound":504750.3214253508,"upper_bound":5180782.505654433},"point_estimate":3424031.690460783,"standard_error":1488239.9835790182}}