{"mean":{"confidence_interval":{"confidence_level":0.95,"lower_bound":1060729181.6025,"upper_bound":1065695200.6},"point_estimate":1063394477.6,"standard_error":1274176.9395400493},"median":{"confidence_interval":{"confidence_level":0.95,"lower_bound":1062081933.0,"upper_bound":1066082008.0},"point_estimate":1063376594.0,"standard_error":1006063.9452810144},"median_abs_dev":{"confidence_interval":{"confidence_level":0.95,"lower_bound":522486.7632240057,"upper_bound":6609885.8408510685},"point_estimate":1994856.0557842255,"standard_error":1562951.6243058064},"slope":null,"std_dev":{"confidence_interval":{"confidence_level":0.95,"lower_bound":1487937.5117265347,"upper_bound":5983936.928117735},"point_estimate":4241198.663599719,"standard_error":1239396.9793569285}}