{"mean":{"confidence_interval":{"confidence_level":0.95,"lower_bound":0.631742941293056,"upper_bound":0.6745577410847835},"point_estimate":0.654025543094126,"standard_error":0.010898785305147774},"median":{"confidence_interval":{"confidence_level":0.95,"lower_bound":0.6331884538712802,"upper_bound":0.6898514211770843},"point_estimate":0.6586375375307834,"standard_error":0.012690677079385716}}