{"mean":{"confidence_interval":{"confidence_level":0.95,"lower_bound":-0.4103693173691691,"upper_bound":-0.3670725969299603},"point_estimate":-0.3909084507751016,"standard_error":0.01110354838725533},"median":{"confidence_interval":{"confidence_level":0.95,"lower_bound":-0.4207496478581435,"upper_bound":-0.3698356555672674},"point_estimate":-0.3874008012738813,"standard_error":0.013750991546961435}}