{"mean":{"confidence_interval":{"confidence_level":0.95,"lower_bound":-0.016151763516322346,"upper_bound":-0.009961982559646396},"point_estimate":-0.012987694502264668,"standard_error":0.0015843744211378628},"median":{"confidence_interval":{"confidence_level":0.95,"lower_bound":-0.016337476401393936,"upper_bound":-0.008749565747756427},"point_estimate":-0.013264248879645502,"standard_error":0.00203822888004426}}