{"mean":{"confidence_interval":{"confidence_level":0.95,"lower_bound":346353416.7,"upper_bound":349316563.84625},"point_estimate":347585724.85,"standard_error":781874.3635311589},"median":{"confidence_interval":{"confidence_level":0.95,"lower_bound":346128033.5,"upper_bound":348032968.25},"point_estimate":347054581.75,"standard_error":477714.62817165966},"median_abs_dev":{"confidence_interval":{"confidence_level":0.95,"lower_bound":317811.24230772257,"upper_bound":2541190.4395848513},"point_estimate":1129168.155053258,"standard_error":616144.4535080905},"slope":null,"std_dev":{"confidence_interval":{"confidence_level":0.95,"lower_bound":695694.0030518544,"upper_bound":3876103.3205463807},"point_estimate":2610295.01786385,"standard_error":999900.2874773726}}