{"mean":{"confidence_interval":{"confidence_level":0.95,"lower_bound":335481961.795,"upper_bound":336109823.91625},"point_estimate":335772494.0,"standard_error":160812.0191003144},"median":{"confidence_interval":{"confidence_level":0.95,"lower_bound":335358425.25,"upper_bound":336102530.5},"point_estimate":335608808.75,"standard_error":228471.1712542652},"median_abs_dev":{"confidence_interval":{"confidence_level":0.95,"lower_bound":50262.7336576581,"upper_bound":950268.0053293705},"point_estimate":585194.8117107153,"standard_error":207875.66572581665},"slope":null,"std_dev":{"confidence_interval":{"confidence_level":0.95,"lower_bound":264654.6360027404,"upper_bound":719773.4862731334},"point_estimate":536455.2775782484,"standard_error":129266.27166691382}}