{"mean":{"confidence_interval":{"confidence_level":0.95,"lower_bound":-0.02058482592245823,"upper_bound":-0.00694485189837065},"point_estimate":-0.012714034700851529,"standard_error":0.003548733735809846},"median":{"confidence_interval":{"confidence_level":0.95,"lower_bound":-0.013035565311382391,"upper_bound":-0.005529524465324176},"point_estimate":-0.009472432494813443,"standard_error":0.001998202487409763}}