{"mean":{"confidence_interval":{"confidence_level":0.95,"lower_bound":-0.010227051581072224,"upper_bound":0.051407822170257515},"point_estimate":0.0221335223846304,"standard_error":0.016655135669240248},"median":{"confidence_interval":{"confidence_level":0.95,"lower_bound":-0.013800437612852656,"upper_bound":0.043259464450059903},"point_estimate":-0.007742296238519741,"standard_error":0.01737493257767678}}