{"mean":{"confidence_interval":{"confidence_level":0.95,"lower_bound":509327897.3,"upper_bound":512283874.175},"point_estimate":510701632.7,"standard_error":761094.2716610859},"median":{"confidence_interval":{"confidence_level":0.95,"lower_bound":508775548.0,"upper_bound":512388727.0},"point_estimate":510295332.5,"standard_error":914171.8207102967},"median_abs_dev":{"confidence_interval":{"confidence_level":0.95,"lower_bound":295707.5299501419,"upper_bound":3907831.08022213},"point_estimate":1833062.1445566416,"standard_error":956606.9158355539},"slope":null,"std_dev":{"confidence_interval":{"confidence_level":0.95,"lower_bound":1118584.645048897,"upper_bound":3350398.3364377487},"point_estimate":2530138.3014392736,"standard_error":605436.1226653391}}