{"mean":{"confidence_interval":{"confidence_level":0.95,"lower_bound":352092761.33125,"upper_bound":356607179.5},"point_estimate":353836603.05,"standard_error":1254451.910408327},"median":{"confidence_interval":{"confidence_level":0.95,"lower_bound":351840778.25,"upper_bound":353764908.5},"point_estimate":352569195.5,"standard_error":591158.4841164348},"median_abs_dev":{"confidence_interval":{"confidence_level":0.95,"lower_bound":176770.39486169815,"upper_bound":2431765.6659275293},"point_estimate":1619028.0819565058,"standard_error":668172.0480192685},"slope":null,"std_dev":{"confidence_interval":{"confidence_level":0.95,"lower_bound":685535.8489813943,"upper_bound":6386601.262720251},"point_estimate":4172081.6777530415,"standard_error":1939224.1075532222}}