{"mean":{"confidence_interval":{"confidence_level":0.95,"lower_bound":-0.025614120039279705,"upper_bound":-0.009853883711913317},"point_estimate":-0.01694151851059178,"standard_error":0.004086005706186653},"median":{"confidence_interval":{"confidence_level":0.95,"lower_bound":-0.023688780834922873,"upper_bound":-0.008906355781067021},"point_estimate":-0.012325219006543375,"standard_error":0.0034737466603551623}}