{"mean":{"confidence_interval":{"confidence_level":0.95,"lower_bound":1004391281.4,"upper_bound":1007411102.595},"point_estimate":1005940219.7,"standard_error":770787.3811513202},"median":{"confidence_interval":{"confidence_level":0.95,"lower_bound":1004395108.0,"upper_bound":1007570111.0},"point_estimate":1006009520.5,"standard_error":761995.0224120824},"median_abs_dev":{"confidence_interval":{"confidence_level":0.95,"lower_bound":358434.1109365225,"upper_bound":4413622.285142541},"point_estimate":2353629.6821147203,"standard_error":925492.4192709486},"slope":null,"std_dev":{"confidence_interval":{"confidence_level":0.95,"lower_bound":1121687.3215617028,"upper_bound":3513723.8484039633},"point_estimate":2577976.476006243,"standard_error":623613.8985397462}}