{"mean":{"confidence_interval":{"confidence_level":0.95,"lower_bound":80571710.99603175,"upper_bound":80712319.11019841},"point_estimate":80637070.21519843,"standard_error":35990.09981859039},"median":{"confidence_interval":{"confidence_level":0.95,"lower_bound":80562552.5,"upper_bound":80704865.0},"point_estimate":80623228.47321428,"standard_error":39398.1820390896},"median_abs_dev":{"confidence_interval":{"confidence_level":0.95,"lower_bound":22975.85179209709,"upper_bound":180240.97607508302},"point_estimate":101446.12218646816,"standard_error":40622.814676135786},"slope":{"confidence_interval":{"confidence_level":0.95,"lower_bound":80607133.7166065,"upper_bound":80723385.62547529},"point_estimate":80665018.57532467,"standard_error":29721.32996098074},"std_dev":{"confidence_interval":{"confidence_level":0.95,"lower_bound":51481.40706971745,"upper_bound":165971.13274016583},"point_estimate":119932.44331285106,"standard_error":31777.729946275143}}