{"mean":{"confidence_interval":{"confidence_level":0.95,"lower_bound":-0.01237489153005789,"upper_bound":-0.0026548389829745794},"point_estimate":-0.006536950610890324,"standard_error":0.002631646493406293},"median":{"confidence_interval":{"confidence_level":0.95,"lower_bound":-0.006898192444345752,"upper_bound":-0.0018202323646513419},"point_estimate":-0.004138483302310925,"standard_error":0.0013933480263092228}}