{"mean":{"confidence_interval":{"confidence_level":0.95,"lower_bound":-0.02455495966581602,"upper_bound":-0.017806711053707024},"point_estimate":-0.021477186708143137,"standard_error":0.0017310093614642018},"median":{"confidence_interval":{"confidence_level":0.95,"lower_bound":-0.026315984023993932,"upper_bound":-0.018540475646754317},"point_estimate":-0.023678873253278998,"standard_error":0.0020564970171670595}}