{"mean":{"confidence_interval":{"confidence_level":0.95,"lower_bound":-0.033436000170667106,"upper_bound":-0.03035531178616262},"point_estimate":-0.03189497231686966,"standard_error":0.000790378883708524},"median":{"confidence_interval":{"confidence_level":0.95,"lower_bound":-0.03416480300870022,"upper_bound":-0.029295313781024346},"point_estimate":-0.030774511290871387,"standard_error":0.0014281881054861378}}