{"mean":{"confidence_interval":{"confidence_level":0.95,"lower_bound":540735615.0975,"upper_bound":543220750.3000001},"point_estimate":541701491.6,"standard_error":684631.7159153622},"median":{"confidence_interval":{"confidence_level":0.95,"lower_bound":540587117.5,"upper_bound":541843554.5},"point_estimate":541053784.5,"standard_error":301171.84237336274},"median_abs_dev":{"confidence_interval":{"confidence_level":0.95,"lower_bound":46410.56827604771,"upper_bound":1247590.8279508352},"point_estimate":604893.3762609959,"standard_error":370066.3622895348},"slope":null,"std_dev":{"confidence_interval":{"confidence_level":0.95,"lower_bound":276705.1161138876,"upper_bound":3473940.9293369376},"point_estimate":2291055.789211612,"standard_error":1034421.3872489008}}