{"mean":{"confidence_interval":{"confidence_level":0.95,"lower_bound":-0.025659414875784964,"upper_bound":-0.013587097714263948},"point_estimate":-0.019877552588633884,"standard_error":0.00311734486809904},"median":{"confidence_interval":{"confidence_level":0.95,"lower_bound":-0.02812793607302666,"upper_bound":-0.0128695076792128},"point_estimate":-0.019637855553817363,"standard_error":0.0041921663492028955}}