{"mean":{"confidence_interval":{"confidence_level":0.95,"lower_bound":248737661.03250003,"upper_bound":249149656.1666667},"point_estimate":248934481.53333336,"standard_error":105905.16744140588},"median":{"confidence_interval":{"confidence_level":0.95,"lower_bound":248618748.5,"upper_bound":249193976.0},"point_estimate":248887889.0,"standard_error":176706.18951110414},"median_abs_dev":{"confidence_interval":{"confidence_level":0.95,"lower_bound":44538.5387092976,"upper_bound":638878.5212576241},"point_estimate":401048.72907994705,"standard_error":156315.80291865242},"slope":null,"std_dev":{"confidence_interval":{"confidence_level":0.95,"lower_bound":201050.8003622093,"upper_bound":443252.67085226846},"point_estimate":352138.87341425696,"standard_error":64855.51508609114}}