{"mean":{"confidence_interval":{"confidence_level":0.95,"lower_bound":-0.0273541565664327,"upper_bound":-0.016441156792883105},"point_estimate":-0.022060943472339667,"standard_error":0.0027977523069437353},"median":{"confidence_interval":{"confidence_level":0.95,"lower_bound":-0.028776214782342935,"upper_bound":-0.015349608658958513},"point_estimate":-0.024120768973427187,"standard_error":0.0032000156986044413}}