{"mean":{"confidence_interval":{"confidence_level":0.95,"lower_bound":-0.01294665854819552,"upper_bound":0.010499951830298608},"point_estimate":-0.0005845442375363996,"standard_error":0.005947364539932448},"median":{"confidence_interval":{"confidence_level":0.95,"lower_bound":-0.003793081757690331,"upper_bound":0.00480769525927216},"point_estimate":0.0013624791753521492,"standard_error":0.0026107276865838095}}