{"mean":{"confidence_interval":{"confidence_level":0.95,"lower_bound":-0.01437543903986373,"upper_bound":-0.006194828524301779},"point_estimate":-0.009929640236845172,"standard_error":0.0020994348672001453},"median":{"confidence_interval":{"confidence_level":0.95,"lower_bound":-0.012721601004016425,"upper_bound":-0.004835695507203308},"point_estimate":-0.006767745970516881,"standard_error":0.0023472301939222906}}