{"mean":{"confidence_interval":{"confidence_level":0.95,"lower_bound":-0.00154950689767728,"upper_bound":0.004944987749683639},"point_estimate":0.0017597071659560815,"standard_error":0.0016520508244136814},"median":{"confidence_interval":{"confidence_level":0.95,"lower_bound":-0.0016475936479162234,"upper_bound":0.005471987433572689},"point_estimate":0.00182861722858485,"standard_error":0.0020751155685974705}}