{"mean":{"confidence_interval":{"confidence_level":0.95,"lower_bound":1243282423.395,"upper_bound":1247052612.195},"point_estimate":1245091162.0,"standard_error":969088.1598079661},"median":{"confidence_interval":{"confidence_level":0.95,"lower_bound":1242253168.5,"upper_bound":1248764586.0},"point_estimate":1244375470.5,"standard_error":1660128.0879902814},"median_abs_dev":{"confidence_interval":{"confidence_level":0.95,"lower_bound":390709.5710635185,"upper_bound":5028743.377321959},"point_estimate":3205328.5107940435,"standard_error":1396712.8615321156},"slope":null,"std_dev":{"confidence_interval":{"confidence_level":0.95,"lower_bound":1538412.082063609,"upper_bound":3746875.3541813064},"point_estimate":3218170.0503156553,"standard_error":501132.1366037382}}