{"mean":{"confidence_interval":{"confidence_level":0.95,"lower_bound":-0.04961651404701344,"upper_bound":-0.04124062613410636},"point_estimate":-0.04543259741474548,"standard_error":0.002141392344420357},"median":{"confidence_interval":{"confidence_level":0.95,"lower_bound":-0.05189399036917841,"upper_bound":-0.0382271633951593},"point_estimate":-0.04673510854378837,"standard_error":0.0033969175146702857}}