{"mean":{"confidence_interval":{"confidence_level":0.95,"lower_bound":-0.021174139948427765,"upper_bound":-0.01720905730284851},"point_estimate":-0.01919006010562352,"standard_error":0.0010092739954908755},"median":{"confidence_interval":{"confidence_level":0.95,"lower_bound":-0.02267678950258467,"upper_bound":-0.016603023857852173},"point_estimate":-0.019985203722675204,"standard_error":0.0013797532506848635}}