{"mean":{"confidence_interval":{"confidence_level":0.95,"lower_bound":-0.6528294808526091,"upper_bound":-0.5777279502436296},"point_estimate":-0.6199746175660801,"standard_error":0.019228002167340677},"median":{"confidence_interval":{"confidence_level":0.95,"lower_bound":-0.6649965907462124,"upper_bound":-0.5374216663772708},"point_estimate":-0.6391292978332197,"standard_error":0.03344600386555791}}