{"mean":{"confidence_interval":{"confidence_level":0.95,"lower_bound":-0.013647259637779076,"upper_bound":0.016286840877872022},"point_estimate":-0.0005747408546474819,"standard_error":0.007690825498336294},"median":{"confidence_interval":{"confidence_level":0.95,"lower_bound":-0.015222495437685057,"upper_bound":0.002410732404644955},"point_estimate":-0.0025207091362706713,"standard_error":0.004356813763019405}}