{"mean":{"confidence_interval":{"confidence_level":0.95,"lower_bound":-0.008269158575887225,"upper_bound":-0.005862041082524156},"point_estimate":-0.007051922396068,"standard_error":0.0006156842779543602},"median":{"confidence_interval":{"confidence_level":0.95,"lower_bound":-0.008534785794756194,"upper_bound":-0.005590577127999818},"point_estimate":-0.007210733136432168,"standard_error":0.0007930948507313652}}