{"mean":{"confidence_interval":{"confidence_level":0.95,"lower_bound":967307196.0500001,"upper_bound":970338560.9},"point_estimate":968608895.7,"standard_error":787168.6989895824},"median":{"confidence_interval":{"confidence_level":0.95,"lower_bound":967184510.0,"upper_bound":969429946.5},"point_estimate":967673513.5,"standard_error":622392.9526914333},"median_abs_dev":{"confidence_interval":{"confidence_level":0.95,"lower_bound":245706.10453784466,"upper_bound":3183264.457985759},"point_estimate":895467.4038022757,"standard_error":820305.2840163236},"slope":null,"std_dev":{"confidence_interval":{"confidence_level":0.95,"lower_bound":710284.5761408483,"upper_bound":3732413.8155505387},"point_estimate":2615120.0860062516,"standard_error":865647.8094874884}}