{"mean":{"confidence_interval":{"confidence_level":0.95,"lower_bound":478567672.60875,"upper_bound":480599923.08875},"point_estimate":479451524.9,"standard_error":525186.4414064698},"median":{"confidence_interval":{"confidence_level":0.95,"lower_bound":478102066.5,"upper_bound":480093240.75},"point_estimate":479110076.0,"standard_error":495340.28366873914},"median_abs_dev":{"confidence_interval":{"confidence_level":0.95,"lower_bound":324838.7661829591,"upper_bound":2243320.1669231057},"point_estimate":1349245.665796101,"standard_error":505522.4523685198},"slope":null,"std_dev":{"confidence_interval":{"confidence_level":0.95,"lower_bound":643593.7439389528,"upper_bound":2507341.3452710053},"point_estimate":1754357.8206185873,"standard_error":559194.4794010576}}