{"mean":{"confidence_interval":{"confidence_level":0.95,"lower_bound":1262156113.655,"upper_bound":1270116864.3},"point_estimate":1266113378.5,"standard_error":2038434.9132308334},"median":{"confidence_interval":{"confidence_level":0.95,"lower_bound":1260637414.0,"upper_bound":1272554053.0},"point_estimate":1264554291.5,"standard_error":3089873.2334609246},"median_abs_dev":{"confidence_interval":{"confidence_level":0.95,"lower_bound":816250.604608655,"upper_bound":11352116.031959653},"point_estimate":8173847.194585204,"standard_error":2640160.7624043883},"slope":null,"std_dev":{"confidence_interval":{"confidence_level":0.95,"lower_bound":4097381.1106584338,"upper_bound":8301180.544391207},"point_estimate":6775170.298283862,"standard_error":1076305.114195862}}