{"mean":{"confidence_interval":{"confidence_level":0.95,"lower_bound":798988691.4300001,"upper_bound":810083060.1049999},"point_estimate":804438267.2,"standard_error":2842258.509164375},"median":{"confidence_interval":{"confidence_level":0.95,"lower_bound":795107059.5,"upper_bound":810130362.0},"point_estimate":807007564.5,"standard_error":4384053.358759132},"median_abs_dev":{"confidence_interval":{"confidence_level":0.95,"lower_bound":1160220.4702019691,"upper_bound":17930371.343672276},"point_estimate":9362234.09908712,"standard_error":4524872.2673938675},"slope":null,"std_dev":{"confidence_interval":{"confidence_level":0.95,"lower_bound":5577244.009406812,"upper_bound":12112578.051639263},"point_estimate":9472882.748727288,"standard_error":1736621.2666662456}}