{"mean":{"confidence_interval":{"confidence_level":0.95,"lower_bound":783911669.4675,"upper_bound":787014067.1},"point_estimate":785251868.3,"standard_error":807041.4170621291},"median":{"confidence_interval":{"confidence_level":0.95,"lower_bound":783469630.5,"upper_bound":786441706.5},"point_estimate":784154698.5,"standard_error":787546.6795841546},"median_abs_dev":{"confidence_interval":{"confidence_level":0.95,"lower_bound":258950.1701027155,"upper_bound":3252894.024449587},"point_estimate":1336926.3719648123,"standard_error":873123.8309980042},"slope":null,"std_dev":{"confidence_interval":{"confidence_level":0.95,"lower_bound":779190.2148474687,"upper_bound":3840463.8243621043},"point_estimate":2693703.8270092825,"standard_error":885338.8465849889}}