{"mean":{"confidence_interval":{"confidence_level":0.95,"lower_bound":857094732.3,"upper_bound":859707050.63},"point_estimate":858327150.7,"standard_error":667661.6004763482},"median":{"confidence_interval":{"confidence_level":0.95,"lower_bound":856338331.5,"upper_bound":859580041.0},"point_estimate":858438082.0,"standard_error":917825.9593481241},"median_abs_dev":{"confidence_interval":{"confidence_level":0.95,"lower_bound":187124.87307786942,"upper_bound":3857699.186012149},"point_estimate":2746399.3258416653,"standard_error":940112.0786854732},"slope":null,"std_dev":{"confidence_interval":{"confidence_level":0.95,"lower_bound":1173269.4630038284,"upper_bound":2907155.476876753},"point_estimate":2215554.3596308175,"standard_error":482972.57856871403}}