{"mean":{"confidence_interval":{"confidence_level":0.95,"lower_bound":0.004391273259950973,"upper_bound":0.008845334739568785},"point_estimate":0.006698204551201847,"standard_error":0.0011575740685285751},"median":{"confidence_interval":{"confidence_level":0.95,"lower_bound":0.0035874601942003093,"upper_bound":0.008515438454066144},"point_estimate":0.005296435584145165,"standard_error":0.0014504001201305638}}