{"mean":{"confidence_interval":{"confidence_level":0.95,"lower_bound":-0.620497911051447,"upper_bound":-0.5494043179491453},"point_estimate":-0.5834709667480844,"standard_error":0.0184312167063802},"median":{"confidence_interval":{"confidence_level":0.95,"lower_bound":-0.6051089300255328,"upper_bound":-0.5428499701617254},"point_estimate":-0.5648293061231126,"standard_error":0.018351513981984934}}