{"mean":{"confidence_interval":{"confidence_level":0.95,"lower_bound":285147636.085,"upper_bound":286079233.4},"point_estimate":285615025.55,"standard_error":237501.99055758028},"median":{"confidence_interval":{"confidence_level":0.95,"lower_bound":285235606.5,"upper_bound":286120677.5},"point_estimate":285538174.25,"standard_error":240132.80360574578},"median_abs_dev":{"confidence_interval":{"confidence_level":0.95,"lower_bound":82451.46168619394,"upper_bound":1353380.2664726973},"point_estimate":690869.3487346172,"standard_error":296836.5296534623},"slope":null,"std_dev":{"confidence_interval":{"confidence_level":0.95,"lower_bound":332799.1195961544,"upper_bound":1073574.8198991434},"point_estimate":793065.122767581,"standard_error":193441.92429592466}}