{"mean":{"confidence_interval":{"confidence_level":0.95,"lower_bound":0.35022991501183676,"upper_bound":0.8053996671673557},"point_estimate":0.5713642465334785,"standard_error":0.12039076288655202},"median":{"confidence_interval":{"confidence_level":0.95,"lower_bound":0.1966828358859476,"upper_bound":1.0090900263603544},"point_estimate":0.3935724154185658,"standard_error":0.24692757407868204}}