{"mean":{"confidence_interval":{"confidence_level":0.95,"lower_bound":0.0032092707438490468,"upper_bound":0.028523647628738685},"point_estimate":0.01245358226619464,"standard_error":0.0070784421967346805},"median":{"confidence_interval":{"confidence_level":0.95,"lower_bound":0.002338572548089113,"upper_bound":0.007311721713909591},"point_estimate":0.004259948735793717,"standard_error":0.0011739400377109195}}