{"mean":{"confidence_interval":{"confidence_level":0.95,"lower_bound":-0.05621251147414697,"upper_bound":-0.052084393526594726},"point_estimate":-0.05407027623969185,"standard_error":0.0010684001101331437},"median":{"confidence_interval":{"confidence_level":0.95,"lower_bound":-0.05677777870438616,"upper_bound":-0.05143790953096983},"point_estimate":-0.05388744545574187,"standard_error":0.0014084453813940987}}