{"mean":{"confidence_interval":{"confidence_level":0.95,"lower_bound":405091954.64625,"upper_bound":411350653.75},"point_estimate":407819312.35,"standard_error":1627179.990535796},"median":{"confidence_interval":{"confidence_level":0.95,"lower_bound":404390002.0,"upper_bound":409323907.25},"point_estimate":407256810.0,"standard_error":1503645.5693386677},"median_abs_dev":{"confidence_interval":{"confidence_level":0.95,"lower_bound":190311.35107129812,"upper_bound":6488255.562910438},"point_estimate":4095755.4453358054,"standard_error":1533705.8909955898},"slope":null,"std_dev":{"confidence_interval":{"confidence_level":0.95,"lower_bound":1873008.2533778115,"upper_bound":7831104.436530702},"point_estimate":5417970.30242369,"standard_error":1816370.032320866}}