{"mean":{"confidence_interval":{"confidence_level":0.95,"lower_bound":969237004.3,"upper_bound":974378058.2},"point_estimate":972175718.1,"standard_error":1350479.600650169},"median":{"confidence_interval":{"confidence_level":0.95,"lower_bound":970058607.0,"upper_bound":974332644.0},"point_estimate":973987837.0,"standard_error":1090892.3447230395},"median_abs_dev":{"confidence_interval":{"confidence_level":0.95,"lower_bound":190438.48401904106,"upper_bound":5741700.500464439},"point_estimate":602490.0817036629,"standard_error":1502330.4012641844},"slope":null,"std_dev":{"confidence_interval":{"confidence_level":0.95,"lower_bound":1208621.9903597115,"upper_bound":6547564.143557719},"point_estimate":4511351.805665949,"standard_error":1590201.362035771}}