{"mean":{"confidence_interval":{"confidence_level":0.95,"lower_bound":1103258061.87,"upper_bound":1110781106.2725},"point_estimate":1107046335.8,"standard_error":1921919.0677545688},"median":{"confidence_interval":{"confidence_level":0.95,"lower_bound":1102495518.5,"upper_bound":1112824970.0},"point_estimate":1106819612.0,"standard_error":2394253.3830056526},"median_abs_dev":{"confidence_interval":{"confidence_level":0.95,"lower_bound":1712002.667605877,"upper_bound":11364560.976138711},"point_estimate":6771718.299677968,"standard_error":2457208.7211785074},"slope":null,"std_dev":{"confidence_interval":{"confidence_level":0.95,"lower_bound":3426026.2214480545,"upper_bound":8327540.300046985},"point_estimate":6405662.209125555,"standard_error":1254208.484124141}}