{"mean":{"confidence_interval":{"confidence_level":0.95,"lower_bound":310592015.71125,"upper_bound":312267212.5},"point_estimate":311321869.35,"standard_error":433671.7370591676},"median":{"confidence_interval":{"confidence_level":0.95,"lower_bound":310442018.5,"upper_bound":311825020.5},"point_estimate":310880495.5,"standard_error":358385.11195332266},"median_abs_dev":{"confidence_interval":{"confidence_level":0.95,"lower_bound":110021.14949673414,"upper_bound":1886328.6257609725},"point_estimate":745270.0189188123,"standard_error":460154.9456686987},"slope":null,"std_dev":{"confidence_interval":{"confidence_level":0.95,"lower_bound":397191.5103711687,"upper_bound":2027590.3556670342},"point_estimate":1441574.9957075508,"standard_error":454882.449184344}}