{"mean":{"confidence_interval":{"confidence_level":0.95,"lower_bound":942375112.1875,"upper_bound":959436706.1575},"point_estimate":950526469.6,"standard_error":4367151.472944957},"median":{"confidence_interval":{"confidence_level":0.95,"lower_bound":938970751.0,"upper_bound":963417197.0},"point_estimate":948398603.0,"standard_error":5048817.746041713},"median_abs_dev":{"confidence_interval":{"confidence_level":0.95,"lower_bound":3209479.0494203568,"upper_bound":27509655.85500598},"point_estimate":11626709.114384651,"standard_error":6201218.637271596},"slope":null,"std_dev":{"confidence_interval":{"confidence_level":0.95,"lower_bound":7037335.703815428,"upper_bound":18431097.2238096},"point_estimate":14641084.615195762,"standard_error":2899633.2579103634}}