{"mean":{"confidence_interval":{"confidence_level":0.95,"lower_bound":263294691.08875,"upper_bound":263941392.95},"point_estimate":263609129.8,"standard_error":165439.18060201843},"median":{"confidence_interval":{"confidence_level":0.95,"lower_bound":263221703.0,"upper_bound":264137775.25},"point_estimate":263360072.75,"standard_error":294840.1687395701},"median_abs_dev":{"confidence_interval":{"confidence_level":0.95,"lower_bound":37065.74064195156,"upper_bound":779061.0668689013},"point_estimate":505197.42363095284,"standard_error":243601.62578349057},"slope":null,"std_dev":{"confidence_interval":{"confidence_level":0.95,"lower_bound":329359.996237404,"upper_bound":665156.3421463084},"point_estimate":550525.0853947529,"standard_error":85522.29172958533}}