{"mean":{"confidence_interval":{"confidence_level":0.95,"lower_bound":0.010915744520007856,"upper_bound":0.05642089462240281},"point_estimate":0.03142383184395103,"standard_error":0.011568869656199174},"median":{"confidence_interval":{"confidence_level":0.95,"lower_bound":0.00018502961951627483,"upper_bound":0.06796907894119597},"point_estimate":0.018471113176555365,"standard_error":0.015385174974192464}}