{"mean":{"confidence_interval":{"confidence_level":0.95,"lower_bound":980107268.7,"upper_bound":985854755.0525},"point_estimate":982935359.6,"standard_error":1477237.5747760101},"median":{"confidence_interval":{"confidence_level":0.95,"lower_bound":979064299.0,"upper_bound":987615702.5},"point_estimate":981522670.5,"standard_error":2140216.4820562564},"median_abs_dev":{"confidence_interval":{"confidence_level":0.95,"lower_bound":766185.4273974895,"upper_bound":8707047.225219011},"point_estimate":5766875.789317489,"standard_error":2115419.9501696387},"slope":null,"std_dev":{"confidence_interval":{"confidence_level":0.95,"lower_bound":2863915.18348568,"upper_bound":6083929.407522865},"point_estimate":4950962.130094585,"standard_error":817053.0132803523}}