{"mean":{"confidence_interval":{"confidence_level":0.95,"lower_bound":1294383223.0,"upper_bound":1297656059.9499998},"point_estimate":1295991417.9,"standard_error":835140.0507543512},"median":{"confidence_interval":{"confidence_level":0.95,"lower_bound":1294750564.5,"upper_bound":1297950592.5},"point_estimate":1295465206.5,"standard_error":720390.4153817479},"median_abs_dev":{"confidence_interval":{"confidence_level":0.95,"lower_bound":209486.92848086357,"upper_bound":5623667.010059953},"point_estimate":1125793.7575131655,"standard_error":1347587.054007836},"slope":null,"std_dev":{"confidence_interval":{"confidence_level":0.95,"lower_bound":943864.5220726919,"upper_bound":3759626.0310034915},"point_estimate":2797550.9721053615,"standard_error":653615.3311499627}}