{"mean":{"confidence_interval":{"confidence_level":0.95,"lower_bound":-0.016062602787238443,"upper_bound":-0.009995139134542743},"point_estimate":-0.013135643939878205,"standard_error":0.0015564614802714397},"median":{"confidence_interval":{"confidence_level":0.95,"lower_bound":-0.017945930940154953,"upper_bound":-0.008136659297815929},"point_estimate":-0.015207658734776475,"standard_error":0.002803301981007857}}