{"mean":{"confidence_interval":{"confidence_level":0.95,"lower_bound":992478926.2975,"upper_bound":1007955760.5425},"point_estimate":999921392.2,"standard_error":3961669.806423453},"median":{"confidence_interval":{"confidence_level":0.95,"lower_bound":987445141.0,"upper_bound":1010208041.0},"point_estimate":1000079867.5,"standard_error":4966507.251663008},"median_abs_dev":{"confidence_interval":{"confidence_level":0.95,"lower_bound":584965.750014782,"upper_bound":23712470.469519496},"point_estimate":12863755.691322684,"standard_error":6185970.02112129},"slope":null,"std_dev":{"confidence_interval":{"confidence_level":0.95,"lower_bound":7023185.738388887,"upper_bound":16755595.792846737},"point_estimate":13221634.076756565,"standard_error":2542491.011017479}}