{"mean":{"confidence_interval":{"confidence_level":0.95,"lower_bound":-0.061768192325203225,"upper_bound":-0.05594008865064948},"point_estimate":-0.058940458605781454,"standard_error":0.0014583235868843318},"median":{"confidence_interval":{"confidence_level":0.95,"lower_bound":-0.0610684469303705,"upper_bound":-0.05634263920412241},"point_estimate":-0.058579719850312184,"standard_error":0.001127599259776291}}