{"mean":{"confidence_interval":{"confidence_level":0.95,"lower_bound":472226004.45,"upper_bound":474474989.62625},"point_estimate":473407678.8,"standard_error":573656.3693405378},"median":{"confidence_interval":{"confidence_level":0.95,"lower_bound":472051425.0,"upper_bound":474768293.0},"point_estimate":473803480.25,"standard_error":581758.2785925103},"median_abs_dev":{"confidence_interval":{"confidence_level":0.95,"lower_bound":220460.02153605223,"upper_bound":3171716.8574407697},"point_estimate":1610556.135056913,"standard_error":850418.0935811236},"slope":null,"std_dev":{"confidence_interval":{"confidence_level":0.95,"lower_bound":883418.9950906397,"upper_bound":2567090.9214331936},"point_estimate":1914420.8010388939,"standard_error":446547.7798200843}}