{"mean":{"confidence_interval":{"confidence_level":0.95,"lower_bound":1422694632.475,"upper_bound":1427972078.895},"point_estimate":1425211431.8,"standard_error":1356144.344881655},"median":{"confidence_interval":{"confidence_level":0.95,"lower_bound":1421154822.0,"upper_bound":1429005737.0},"point_estimate":1424647204.5,"standard_error":1963802.4953936418},"median_abs_dev":{"confidence_interval":{"confidence_level":0.95,"lower_bound":810879.8862040043,"upper_bound":7884140.488028526},"point_estimate":4829169.11226511,"standard_error":1886108.5405189567},"slope":null,"std_dev":{"confidence_interval":{"confidence_level":0.95,"lower_bound":2343433.8960452005,"upper_bound":5600097.440348811},"point_estimate":4544597.91574553,"standard_error":829528.4702412238}}