{"mean":{"confidence_interval":{"confidence_level":0.95,"lower_bound":-0.006283578895992314,"upper_bound":0.0019082089583040533},"point_estimate":-0.00238443845068792,"standard_error":0.0020919926001094274},"median":{"confidence_interval":{"confidence_level":0.95,"lower_bound":-0.007700570869895729,"upper_bound":0.0009776996687735906},"point_estimate":-0.00542042866016057,"standard_error":0.0022407921611180335}}