{"mean":{"confidence_interval":{"confidence_level":0.95,"lower_bound":-0.022998564650312248,"upper_bound":-0.016566417505788425},"point_estimate":-0.019705607230380173,"standard_error":0.0016375918153607512},"median":{"confidence_interval":{"confidence_level":0.95,"lower_bound":-0.02434896850301173,"upper_bound":-0.015475843855750182},"point_estimate":-0.019826628350140152,"standard_error":0.0021264144390068375}}