{"mean":{"confidence_interval":{"confidence_level":0.95,"lower_bound":-0.01724065848537911,"upper_bound":-0.012065174225189473},"point_estimate":-0.014553096332944215,"standard_error":0.0013152706782251966},"median":{"confidence_interval":{"confidence_level":0.95,"lower_bound":-0.015978285914075685,"upper_bound":-0.011671543330600165},"point_estimate":-0.013147185333423406,"standard_error":0.0011846696858807098}}