{"mean":{"confidence_interval":{"confidence_level":0.95,"lower_bound":0.036269639174255554,"upper_bound":0.0403253607858437},"point_estimate":0.03814461120282431,"standard_error":0.0010285040547064117},"median":{"confidence_interval":{"confidence_level":0.95,"lower_bound":0.03590233273003829,"upper_bound":0.04001393269064235},"point_estimate":0.03768455865121134,"standard_error":0.0010382579654993319}}