{"mean":{"confidence_interval":{"confidence_level":0.95,"lower_bound":1026773219.5,"upper_bound":1033189092.9675},"point_estimate":1029965957.8,"standard_error":1649638.0656521658},"median":{"confidence_interval":{"confidence_level":0.95,"lower_bound":1024487848.0,"upper_bound":1034528806.5},"point_estimate":1030611563.0,"standard_error":2753355.258656505},"median_abs_dev":{"confidence_interval":{"confidence_level":0.95,"lower_bound":1458232.7018111944,"upper_bound":9317015.541189909},"point_estimate":7901922.05081284,"standard_error":2183239.1362324036},"slope":null,"std_dev":{"confidence_interval":{"confidence_level":0.95,"lower_bound":3448270.985179087,"upper_bound":6591205.8086599745},"point_estimate":5505370.890313483,"standard_error":806649.7909973424}}