{"mean":{"confidence_interval":{"confidence_level":0.95,"lower_bound":-0.024420995616070005,"upper_bound":-0.016515474729758783},"point_estimate":-0.020578884351867166,"standard_error":0.002017297833542548},"median":{"confidence_interval":{"confidence_level":0.95,"lower_bound":-0.023558806365248874,"upper_bound":-0.01542030729175381},"point_estimate":-0.02050002998261302,"standard_error":0.0018295305656016445}}