{"mean":{"confidence_interval":{"confidence_level":0.95,"lower_bound":0.5371440595552187,"upper_bound":0.627768758465985},"point_estimate":0.589031235024198,"standard_error":0.02363898170357433},"median":{"confidence_interval":{"confidence_level":0.95,"lower_bound":0.5618689088929512,"upper_bound":0.6306999709792174},"point_estimate":0.609384816122992,"standard_error":0.0180812129136944}}