{"mean":{"confidence_interval":{"confidence_level":0.95,"lower_bound":-0.02160598184027775,"upper_bound":-0.016305472905477257},"point_estimate":-0.019195016798885578,"standard_error":0.0013536013206832686},"median":{"confidence_interval":{"confidence_level":0.95,"lower_bound":-0.023512016895621546,"upper_bound":-0.016983003310644507},"point_estimate":-0.019832434175221847,"standard_error":0.001501254283530929}}