{"mean":{"confidence_interval":{"confidence_level":0.95,"lower_bound":1450461425.2,"upper_bound":1468203808.61},"point_estimate":1458847547.6,"standard_error":4570738.977150417},"median":{"confidence_interval":{"confidence_level":0.95,"lower_bound":1446071516.0,"upper_bound":1470668766.0},"point_estimate":1451876035.0,"standard_error":8116526.837122756},"median_abs_dev":{"confidence_interval":{"confidence_level":0.95,"lower_bound":1169820.305031538,"upper_bound":27325281.204879284},"point_estimate":10351523.394423723,"standard_error":6870563.738917226},"slope":null,"std_dev":{"confidence_interval":{"confidence_level":0.95,"lower_bound":7845170.3742360035,"upper_bound":19323788.126351584},"point_estimate":15241022.48627312,"standard_error":2954402.6143143084}}