{"mean":{"confidence_interval":{"confidence_level":0.95,"lower_bound":-0.035846244700450385,"upper_bound":-0.0030468676895353515},"point_estimate":-0.017238109110750632,"standard_error":0.008512538327539234},"median":{"confidence_interval":{"confidence_level":0.95,"lower_bound":-0.019436541372212846,"upper_bound":-0.005758566710455493},"point_estimate":-0.011574403912654962,"standard_error":0.0037932530746374723}}