{"mean":{"confidence_interval":{"confidence_level":0.95,"lower_bound":-0.03415431297575172,"upper_bound":-0.02739651788266377},"point_estimate":-0.03079658321769918,"standard_error":0.0017298226440894912},"median":{"confidence_interval":{"confidence_level":0.95,"lower_bound":-0.034458909853534725,"upper_bound":-0.02673226918616778},"point_estimate":-0.030840346315765155,"standard_error":0.001854593619847784}}