{"mean":{"confidence_interval":{"confidence_level":0.95,"lower_bound":0.047944674807792534,"upper_bound":0.062023920635951565},"point_estimate":0.05527739046769731,"standard_error":0.0035860858876382595},"median":{"confidence_interval":{"confidence_level":0.95,"lower_bound":0.04857333692129817,"upper_bound":0.06583889572089374},"point_estimate":0.05543036805058654,"standard_error":0.0038885873702523732}}