{"mean":{"confidence_interval":{"confidence_level":0.95,"lower_bound":701158604.0124999,"upper_bound":706007346.3},"point_estimate":703586923.1,"standard_error":1243891.5480541561},"median":{"confidence_interval":{"confidence_level":0.95,"lower_bound":699531257.0,"upper_bound":708456582.0},"point_estimate":703917123.0,"standard_error":2284636.240487659},"median_abs_dev":{"confidence_interval":{"confidence_level":0.95,"lower_bound":177751.13474428654,"upper_bound":6816224.468287826},"point_estimate":6616343.305036426,"standard_error":1808337.6607935184},"slope":null,"std_dev":{"confidence_interval":{"confidence_level":0.95,"lower_bound":2680344.961921226,"upper_bound":4831655.353244722},"point_estimate":4157131.0706173438,"standard_error":547388.3745352493}}