{"mean":{"confidence_interval":{"confidence_level":0.95,"lower_bound":1440740663.3,"upper_bound":1443232639.42},"point_estimate":1441822511.8,"standard_error":647837.9199370978},"median":{"confidence_interval":{"confidence_level":0.95,"lower_bound":1440599249.0,"upper_bound":1442383739.5},"point_estimate":1441417960.5,"standard_error":534527.2642439837},"median_abs_dev":{"confidence_interval":{"confidence_level":0.95,"lower_bound":323597.4593549967,"upper_bound":2525963.3965551853},"point_estimate":1208748.9325404167,"standard_error":548078.0425026077},"slope":null,"std_dev":{"confidence_interval":{"confidence_level":0.95,"lower_bound":700442.020914611,"upper_bound":3144281.351466643},"point_estimate":2161007.1340999417,"standard_error":743173.3180884148}}