{"mean":{"confidence_interval":{"confidence_level":0.95,"lower_bound":401370728.75,"upper_bound":407489418.5},"point_estimate":404290817.6,"standard_error":1569983.5730676595},"median":{"confidence_interval":{"confidence_level":0.95,"lower_bound":400347546.75,"upper_bound":407685007.5},"point_estimate":403422776.5,"standard_error":1957152.4536103345},"median_abs_dev":{"confidence_interval":{"confidence_level":0.95,"lower_bound":1594578.1551405787,"upper_bound":8630347.510130703},"point_estimate":5257585.648459196,"standard_error":1836567.798073037},"slope":null,"std_dev":{"confidence_interval":{"confidence_level":0.95,"lower_bound":2657860.6163893826,"upper_bound":6761201.611374392},"point_estimate":5214251.894853511,"standard_error":1075879.8788890091}}