{"mean":{"confidence_interval":{"confidence_level":0.95,"lower_bound":-0.03431390862703577,"upper_bound":-0.027651257348641167},"point_estimate":-0.030894783515982405,"standard_error":0.0017114056433836968},"median":{"confidence_interval":{"confidence_level":0.95,"lower_bound":-0.03513861901912896,"upper_bound":-0.024932321741025776},"point_estimate":-0.029706213981071317,"standard_error":0.0026665782071605636}}