{"mean":{"confidence_interval":{"confidence_level":0.95,"lower_bound":867919607.6,"upper_bound":877554679.0675},"point_estimate":871942043.3,"standard_error":2555039.418911805},"median":{"confidence_interval":{"confidence_level":0.95,"lower_bound":866727429.0,"upper_bound":874182905.5},"point_estimate":869857288.0,"standard_error":1752194.8591109512},"median_abs_dev":{"confidence_interval":{"confidence_level":0.95,"lower_bound":669330.1363170147,"upper_bound":8291447.765797377},"point_estimate":4076497.583627701,"standard_error":2093765.738200017},"slope":null,"std_dev":{"confidence_interval":{"confidence_level":0.95,"lower_bound":1910436.35363909,"upper_bound":12533995.044432348},"point_estimate":8525106.107935093,"standard_error":3222067.538846432}}