{"mean":{"confidence_interval":{"confidence_level":0.95,"lower_bound":570713079.2975,"upper_bound":573980311.265},"point_estimate":572277719.1,"standard_error":841862.7821096068},"median":{"confidence_interval":{"confidence_level":0.95,"lower_bound":569791730.0,"upper_bound":575049879.0},"point_estimate":571421736.5,"standard_error":1521869.0229903783},"median_abs_dev":{"confidence_interval":{"confidence_level":0.95,"lower_bound":137109.36296582222,"upper_bound":4379337.90205121},"point_estimate":2423316.328677535,"standard_error":1437642.0467277907},"slope":null,"std_dev":{"confidence_interval":{"confidence_level":0.95,"lower_bound":1451207.9933362834,"upper_bound":3298881.966152622},"point_estimate":2810351.6111723837,"standard_error":441425.8206396514}}