{"mean":{"confidence_interval":{"confidence_level":0.95,"lower_bound":-0.001943473209788268,"upper_bound":0.013005360950107358},"point_estimate":0.005031302165339646,"standard_error":0.003883918664578202},"median":{"confidence_interval":{"confidence_level":0.95,"lower_bound":-0.00443749557600015,"upper_bound":0.010171668705660997},"point_estimate":0.0036208020339514313,"standard_error":0.0034874442998532413}}