{"mean":{"confidence_interval":{"confidence_level":0.95,"lower_bound":555392230.025,"upper_bound":557857178.7},"point_estimate":556583949.9,"standard_error":630023.5821486984},"median":{"confidence_interval":{"confidence_level":0.95,"lower_bound":554816657.5,"upper_bound":557976910.0},"point_estimate":556446703.5,"standard_error":781535.9956384115},"median_abs_dev":{"confidence_interval":{"confidence_level":0.95,"lower_bound":536567.7564740181,"upper_bound":3683249.8014092445},"point_estimate":1919826.86021626,"standard_error":809176.3833068679},"slope":null,"std_dev":{"confidence_interval":{"confidence_level":0.95,"lower_bound":1130359.344511567,"upper_bound":2678109.8970233947},"point_estimate":2104538.8088862947,"standard_error":397537.80476040835}}