{"mean":{"confidence_interval":{"confidence_level":0.95,"lower_bound":-0.0032654724170014054,"upper_bound":0.003242071245873357},"point_estimate":-0.00021139016171656255,"standard_error":0.0016692629163361941},"median":{"confidence_interval":{"confidence_level":0.95,"lower_bound":-0.005529523828319283,"upper_bound":0.003986734974492201},"point_estimate":-0.0013216853437767462,"standard_error":0.002307016794294046}}