{"mean":{"confidence_interval":{"confidence_level":0.95,"lower_bound":723624635.01,"upper_bound":726610166.42},"point_estimate":725052809.2,"standard_error":766254.656617079},"median":{"confidence_interval":{"confidence_level":0.95,"lower_bound":722770620.0,"upper_bound":728001971.0},"point_estimate":724587855.5,"standard_error":1226876.1997797699},"median_abs_dev":{"confidence_interval":{"confidence_level":0.95,"lower_bound":365085.7957184315,"upper_bound":3936715.834209323},"point_estimate":2702113.323327899,"standard_error":1033610.8574158809},"slope":null,"std_dev":{"confidence_interval":{"confidence_level":0.95,"lower_bound":1149833.3124710394,"upper_bound":3024578.682795003},"point_estimate":2551997.2803791584,"standard_error":417739.74219679344}}