{"mean":{"confidence_interval":{"confidence_level":0.95,"lower_bound":0.03171902378974832,"upper_bound":0.054163434751687584},"point_estimate":0.04467353190294032,"standard_error":0.00586857352672295},"median":{"confidence_interval":{"confidence_level":0.95,"lower_bound":0.039029699865686496,"upper_bound":0.05588768562079571},"point_estimate":0.04398830128433917,"standard_error":0.004749588441184728}}