{"mean":{"confidence_interval":{"confidence_level":0.95,"lower_bound":444209549.3,"upper_bound":449929422.3},"point_estimate":447032628.3,"standard_error":1455497.9908159198},"median":{"confidence_interval":{"confidence_level":0.95,"lower_bound":443147572.5,"upper_bound":452517583.5},"point_estimate":443860489.0,"standard_error":3273433.7411563206},"median_abs_dev":{"confidence_interval":{"confidence_level":0.95,"lower_bound":195744.3386748433,"upper_bound":7331659.6153870225},"point_estimate":1641976.1349990964,"standard_error":2360989.636274682},"slope":null,"std_dev":{"confidence_interval":{"confidence_level":0.95,"lower_bound":2980046.039513908,"upper_bound":5234319.446116143},"point_estimate":4866117.82668523,"standard_error":589406.1995287515}}