{"mean":{"confidence_interval":{"confidence_level":0.95,"lower_bound":364695576.155,"upper_bound":365984301.5},"point_estimate":365294217.1,"standard_error":329799.97258054063},"median":{"confidence_interval":{"confidence_level":0.95,"lower_bound":364417885.0,"upper_bound":365747493.75},"point_estimate":365197635.5,"standard_error":341736.8079377083},"median_abs_dev":{"confidence_interval":{"confidence_level":0.95,"lower_bound":269214.5803704858,"upper_bound":1643784.9069669843},"point_estimate":985403.4008055925,"standard_error":361784.74309661763},"slope":null,"std_dev":{"confidence_interval":{"confidence_level":0.95,"lower_bound":475257.85155129083,"upper_bound":1517564.4177322388},"point_estimate":1097133.0770645626,"standard_error":291442.428614517}}