{"mean":{"confidence_interval":{"confidence_level":0.95,"lower_bound":-0.018105226903958344,"upper_bound":-0.012408013892276555},"point_estimate":-0.015126622886955876,"standard_error":0.001457208911561902},"median":{"confidence_interval":{"confidence_level":0.95,"lower_bound":-0.01797883400218714,"upper_bound":-0.010514151651367154},"point_estimate":-0.014380124839907138,"standard_error":0.002092794904571385}}