{"mean":{"confidence_interval":{"confidence_level":0.95,"lower_bound":-0.025786513320582804,"upper_bound":-0.013772045252091589},"point_estimate":-0.019576920529887798,"standard_error":0.003072084608813198},"median":{"confidence_interval":{"confidence_level":0.95,"lower_bound":-0.030343602453396845,"upper_bound":-0.009223020776722324},"point_estimate":-0.019715872096373932,"standard_error":0.005355465802749838}}