{"mean":{"confidence_interval":{"confidence_level":0.95,"lower_bound":-0.045571784103919044,"upper_bound":-0.03963834477767337},"point_estimate":-0.0425325460699707,"standard_error":0.0015128318077682707},"median":{"confidence_interval":{"confidence_level":0.95,"lower_bound":-0.045071066679337024,"upper_bound":-0.04001023755073296},"point_estimate":-0.041947303156723126,"standard_error":0.0012753406274726795}}