{"mean":{"confidence_interval":{"confidence_level":0.95,"lower_bound":499769561.2125,"upper_bound":517556803.7925},"point_estimate":508265323.5,"standard_error":4571660.975376546},"median":{"confidence_interval":{"confidence_level":0.95,"lower_bound":497579220.5,"upper_bound":520145857.5},"point_estimate":503197436.0,"standard_error":5842213.346959625},"median_abs_dev":{"confidence_interval":{"confidence_level":0.95,"lower_bound":2161484.725525975,"upper_bound":24509652.614566684},"point_estimate":13236218.163210154,"standard_error":6221923.8115369445},"slope":null,"std_dev":{"confidence_interval":{"confidence_level":0.95,"lower_bound":7404589.076932321,"upper_bound":19412603.503625587},"point_estimate":15210601.379766352,"standard_error":3058286.4844972403}}