{"mean":{"confidence_interval":{"confidence_level":0.95,"lower_bound":-0.031081206751986598,"upper_bound":-0.027018696762329892},"point_estimate":-0.02927880221073742,"standard_error":0.0010395128575467188},"median":{"confidence_interval":{"confidence_level":0.95,"lower_bound":-0.031391082854121066,"upper_bound":-0.027972458753303342},"point_estimate":-0.02978256458825057,"standard_error":0.0008936649574135237}}