{"mean":{"confidence_interval":{"confidence_level":0.95,"lower_bound":-0.016124257082426752,"upper_bound":-0.005518237962142003},"point_estimate":-0.011117057698168398,"standard_error":0.0027292552237523963},"median":{"confidence_interval":{"confidence_level":0.95,"lower_bound":-0.018716260724210843,"upper_bound":0.00003550119303841193},"point_estimate":-0.013730546197803006,"standard_error":0.004463035651396066}}