{"mean":{"confidence_interval":{"confidence_level":0.95,"lower_bound":-0.01854715626974391,"upper_bound":-0.004077957664531971},"point_estimate":-0.012793950473493854,"standard_error":0.003786360060008883},"median":{"confidence_interval":{"confidence_level":0.95,"lower_bound":-0.01917660281069833,"upper_bound":-0.012509003234147387},"point_estimate":-0.015801848473729008,"standard_error":0.001787218693857665}}