{"mean":{"confidence_interval":{"confidence_level":0.95,"lower_bound":-0.022705348408755738,"upper_bound":-0.009540336547612367},"point_estimate":-0.016628683934071575,"standard_error":0.0033347965164661833},"median":{"confidence_interval":{"confidence_level":0.95,"lower_bound":-0.021940358708229413,"upper_bound":-0.012331349797626956},"point_estimate":-0.016117047429577647,"standard_error":0.002449935511622609}}