{"mean":{"confidence_interval":{"confidence_level":0.95,"lower_bound":-0.051471615874629194,"upper_bound":-0.04235722354256161},"point_estimate":-0.04695806920222001,"standard_error":0.002332160739036432},"median":{"confidence_interval":{"confidence_level":0.95,"lower_bound":-0.05261141855467433,"upper_bound":-0.04029117540271798},"point_estimate":-0.04688657739604096,"standard_error":0.0033395588753802894}}