{"mean":{"confidence_interval":{"confidence_level":0.95,"lower_bound":534097781.2925,"upper_bound":538281838.4675},"point_estimate":536042801.4,"standard_error":1078624.2152599287},"median":{"confidence_interval":{"confidence_level":0.95,"lower_bound":533336340.0,"upper_bound":538847559.5},"point_estimate":535389861.5,"standard_error":1232671.3466678113},"median_abs_dev":{"confidence_interval":{"confidence_level":0.95,"lower_bound":651201.6451388597,"upper_bound":5825310.984680057},"point_estimate":2589293.395730853,"standard_error":1303515.4350257355},"slope":null,"std_dev":{"confidence_interval":{"confidence_level":0.95,"lower_bound":1434449.3378331612,"upper_bound":4534905.767602645},"point_estimate":3586910.0566868973,"standard_error":801877.4094528371}}