{"mean":{"confidence_interval":{"confidence_level":0.95,"lower_bound":-0.032640145261608466,"upper_bound":-0.027070481937527792},"point_estimate":-0.02994685966076216,"standard_error":0.0014206539085173094},"median":{"confidence_interval":{"confidence_level":0.95,"lower_bound":-0.03355486936853691,"upper_bound":-0.027303506628755803},"point_estimate":-0.03036074683507528,"standard_error":0.0014729479853979775}}