{"mean":{"confidence_interval":{"confidence_level":0.95,"lower_bound":202225352.00000003,"upper_bound":202814031.96666667},"point_estimate":202514819.3333333,"standard_error":151232.4271562249},"median":{"confidence_interval":{"confidence_level":0.95,"lower_bound":202156904.33333334,"upper_bound":203030778.5},"point_estimate":202313890.33333334,"standard_error":262399.27345727966},"median_abs_dev":{"confidence_interval":{"confidence_level":0.95,"lower_bound":32410.870924606745,"upper_bound":816910.608696967},"point_estimate":581122.6037830262,"standard_error":218552.6217791167},"slope":null,"std_dev":{"confidence_interval":{"confidence_level":0.95,"lower_bound":309117.88686040376,"upper_bound":612162.5482013165},"point_estimate":506583.66521178477,"standard_error":76880.08489402481}}