{"mean":{"confidence_interval":{"confidence_level":0.95,"lower_bound":-0.44425924297591723,"upper_bound":-0.4170732597934724},"point_estimate":-0.43010448324426176,"standard_error":0.00695640197722529},"median":{"confidence_interval":{"confidence_level":0.95,"lower_bound":-0.439907044502161,"upper_bound":-0.4101418131347233},"point_estimate":-0.4334739852197236,"standard_error":0.007625599020774544}}