{"mean":{"confidence_interval":{"confidence_level":0.95,"lower_bound":860294687.8,"upper_bound":865210200.6375},"point_estimate":862772114.9,"standard_error":1258957.834709318},"median":{"confidence_interval":{"confidence_level":0.95,"lower_bound":859150122.0,"upper_bound":866899083.0},"point_estimate":862247086.0,"standard_error":2241457.696387008},"median_abs_dev":{"confidence_interval":{"confidence_level":0.95,"lower_bound":800928.6751806736,"upper_bound":7172925.419855118},"point_estimate":6282530.731862783,"standard_error":1717624.3026304962},"slope":null,"std_dev":{"confidence_interval":{"confidence_level":0.95,"lower_bound":2696856.736872564,"upper_bound":4929693.029674187},"point_estimate":4194611.08717145,"standard_error":572082.6052685779}}