{"mean":{"confidence_interval":{"confidence_level":0.95,"lower_bound":1127725495.9850001,"upper_bound":1130250195.705},"point_estimate":1128909514.6,"standard_error":642146.8696187461},"median":{"confidence_interval":{"confidence_level":0.95,"lower_bound":1127182264.5,"upper_bound":1129936300.0},"point_estimate":1128889217.0,"standard_error":618629.77671222},"median_abs_dev":{"confidence_interval":{"confidence_level":0.95,"lower_bound":321967.3406839371,"upper_bound":3399713.675943017},"point_estimate":1318717.0790880919,"standard_error":827821.1159256622},"slope":null,"std_dev":{"confidence_interval":{"confidence_level":0.95,"lower_bound":945995.0032170418,"upper_bound":2906501.636792025},"point_estimate":2140123.1850548126,"standard_error":529015.5530678455}}