{"mean":{"confidence_interval":{"confidence_level":0.95,"lower_bound":-0.3975260884107367,"upper_bound":-0.3639570414342266},"point_estimate":-0.38020969402176796,"standard_error":0.008618120867728531},"median":{"confidence_interval":{"confidence_level":0.95,"lower_bound":-0.3951655760437487,"upper_bound":-0.3574648884703143},"point_estimate":-0.3787961620297685,"standard_error":0.010977784351945009}}