{"mean":{"confidence_interval":{"confidence_level":0.95,"lower_bound":0.028541114838646398,"upper_bound":0.041482372614308975},"point_estimate":0.035027883635315726,"standard_error":0.003319873200176212},"median":{"confidence_interval":{"confidence_level":0.95,"lower_bound":0.02780204137797848,"upper_bound":0.04353988789902363},"point_estimate":0.03297985636337297,"standard_error":0.0038774655358719905}}