{"mean":{"confidence_interval":{"confidence_level":0.95,"lower_bound":-0.013505384503822765,"upper_bound":-0.008674077935485634},"point_estimate":-0.011145740189612674,"standard_error":0.0012387939678173555},"median":{"confidence_interval":{"confidence_level":0.95,"lower_bound":-0.01526563498612965,"upper_bound":-0.0077405670905307256},"point_estimate":-0.01034372697042818,"standard_error":0.0019410405696830097}}