{"mean":{"confidence_interval":{"confidence_level":0.95,"lower_bound":198280603.49999997,"upper_bound":198838617.955},"point_estimate":198554153.29999998,"standard_error":142880.93420509636},"median":{"confidence_interval":{"confidence_level":0.95,"lower_bound":198219350.33333334,"upper_bound":198965551.0},"point_estimate":198477697.3333333,"standard_error":176128.16669396026},"median_abs_dev":{"confidence_interval":{"confidence_level":0.95,"lower_bound":92157.67306387424,"upper_bound":864183.3088576646},"point_estimate":467775.1176952874,"standard_error":195590.46112142378},"slope":null,"std_dev":{"confidence_interval":{"confidence_level":0.95,"lower_bound":252291.39620240012,"upper_bound":602824.8827909},"point_estimate":477680.99780784745,"standard_error":88045.08265742945}}