{"mean":{"confidence_interval":{"confidence_level":0.95,"lower_bound":0.016886918741645857,"upper_bound":0.021347921193616018},"point_estimate":0.019265061405077777,"standard_error":0.0011421898442113146},"median":{"confidence_interval":{"confidence_level":0.95,"lower_bound":0.016118528739945015,"upper_bound":0.022325644064718153},"point_estimate":0.021172687936865664,"standard_error":0.0016114766622828166}}