{"mean":{"confidence_interval":{"confidence_level":0.95,"lower_bound":-0.058208437866604054,"upper_bound":-0.04409950346449823},"point_estimate":-0.05154659271144446,"standard_error":0.0036031350712350425},"median":{"confidence_interval":{"confidence_level":0.95,"lower_bound":-0.05929207809870274,"upper_bound":-0.045562001872525015},"point_estimate":-0.052096073849580926,"standard_error":0.0034730298962849927}}