{"mean":{"confidence_interval":{"confidence_level":0.95,"lower_bound":0.013390230239463008,"upper_bound":0.020745600844273203},"point_estimate":0.017077588221756868,"standard_error":0.0019050502671025067},"median":{"confidence_interval":{"confidence_level":0.95,"lower_bound":0.012880729338067054,"upper_bound":0.023058462401376323},"point_estimate":0.016119430888512642,"standard_error":0.002712902716644032}}