{"mean":{"confidence_interval":{"confidence_level":0.95,"lower_bound":-0.020784549691290947,"upper_bound":-0.008695515512068869},"point_estimate":-0.014813543338976998,"standard_error":0.0030942304125930304},"median":{"confidence_interval":{"confidence_level":0.95,"lower_bound":-0.026033123582842377,"upper_bound":-0.00434293469437097},"point_estimate":-0.016190075575785223,"standard_error":0.005934524701559063}}