{"mean":{"confidence_interval":{"confidence_level":0.95,"lower_bound":-0.02936352516047215,"upper_bound":-0.017671224653968247},"point_estimate":-0.024779287154920393,"standard_error":0.0032767788856120483},"median":{"confidence_interval":{"confidence_level":0.95,"lower_bound":-0.030159712386671256,"upper_bound":-0.02441860934262219},"point_estimate":-0.027856015136721646,"standard_error":0.0023167274998924375}}