{"mean":{"confidence_interval":{"confidence_level":0.95,"lower_bound":280026331.15,"upper_bound":293604055.45},"point_estimate":284884009.7,"standard_error":4015156.8712600125},"median":{"confidence_interval":{"confidence_level":0.95,"lower_bound":279693378.0,"upper_bound":282110407.75},"point_estimate":281075871.0,"standard_error":1048581.434798755},"median_abs_dev":{"confidence_interval":{"confidence_level":0.95,"lower_bound":264391.3120061159,"upper_bound":3427362.682852149},"point_estimate":1201496.794769168,"standard_error":1401566.0877770206},"slope":null,"std_dev":{"confidence_interval":{"confidence_level":0.95,"lower_bound":894058.5459023232,"upper_bound":20620541.946916487},"point_estimate":13420386.296848431,"standard_error":7109389.675289091}}