{"mean":{"confidence_interval":{"confidence_level":0.95,"lower_bound":553841041.41,"upper_bound":565741948.89},"point_estimate":558064365.7,"standard_error":3544503.3117776043},"median":{"confidence_interval":{"confidence_level":0.95,"lower_bound":553474895.0,"upper_bound":555621998.5},"point_estimate":554635165.0,"standard_error":985029.1240977114},"median_abs_dev":{"confidence_interval":{"confidence_level":0.95,"lower_bound":236806.0568958521,"upper_bound":2679759.42222476},"point_estimate":1325611.1689656973,"standard_error":1112655.198786228},"slope":null,"std_dev":{"confidence_interval":{"confidence_level":0.95,"lower_bound":726206.3620862723,"upper_bound":18142807.537980463},"point_estimate":11808833.098978287,"standard_error":6300618.186254456}}