{"mean":{"confidence_interval":{"confidence_level":0.95,"lower_bound":-0.009186126930970475,"upper_bound":-0.0059002667927344},"point_estimate":-0.007536990066289162,"standard_error":0.0008397314858589101},"median":{"confidence_interval":{"confidence_level":0.95,"lower_bound":-0.009713552910025847,"upper_bound":-0.005263038875983894},"point_estimate":-0.007543789642000975,"standard_error":0.001088708294560085}}