{"mean":{"confidence_interval":{"confidence_level":0.95,"lower_bound":0.8568291786030784,"upper_bound":1.0437292288651143},"point_estimate":0.9658828518992364,"standard_error":0.046676480168342686},"median":{"confidence_interval":{"confidence_level":0.95,"lower_bound":0.8446677099196707,"upper_bound":1.0534069854753296},"point_estimate":1.0424556490433359,"standard_error":0.0457638674454781}}