{"mean":{"confidence_interval":{"confidence_level":0.95,"lower_bound":-0.049256019413420137,"upper_bound":-0.025190921857209454},"point_estimate":-0.03564842414107949,"standard_error":0.006295542239240265},"median":{"confidence_interval":{"confidence_level":0.95,"lower_bound":-0.041524405780557494,"upper_bound":-0.023811805745438397},"point_estimate":-0.03090855624546973,"standard_error":0.004615210716865759}}