{"mean":{"confidence_interval":{"confidence_level":0.95,"lower_bound":0.9365934692776303,"upper_bound":0.961805568262415},"point_estimate":0.9497734585978794,"standard_error":0.006072885974556104},"median":{"confidence_interval":{"confidence_level":0.95,"lower_bound":0.9422762125615853,"upper_bound":0.9599151693313679},"point_estimate":0.952767087186958,"standard_error":0.004297071572858959}}