{"mean":{"confidence_interval":{"confidence_level":0.95,"lower_bound":0.014013313634623659,"upper_bound":0.02325852386474415},"point_estimate":0.018639846400231086,"standard_error":0.002366972489705056},"median":{"confidence_interval":{"confidence_level":0.95,"lower_bound":0.013085600898061989,"upper_bound":0.024417089981346507},"point_estimate":0.019214638280116825,"standard_error":0.002848839574390439}}