{"mean":{"confidence_interval":{"confidence_level":0.95,"lower_bound":-0.0007496646720439533,"upper_bound":0.003754222168316416},"point_estimate":0.0015169677017123906,"standard_error":0.00115012801576376},"median":{"confidence_interval":{"confidence_level":0.95,"lower_bound":-0.0005412134164438642,"upper_bound":0.003972667495851789},"point_estimate":0.0009947481363350441,"standard_error":0.0011517538267278844}}