{"mean":{"confidence_interval":{"confidence_level":0.95,"lower_bound":336435609.35,"upper_bound":337340079.55},"point_estimate":336911952.85,"standard_error":232952.6055193494},"median":{"confidence_interval":{"confidence_level":0.95,"lower_bound":336256327.5,"upper_bound":337590714.5},"point_estimate":337216907.25,"standard_error":360784.80363484914},"median_abs_dev":{"confidence_interval":{"confidence_level":0.95,"lower_bound":131354.28051799536,"upper_bound":1268570.7295283675},"point_estimate":642171.1286991835,"standard_error":320783.0542866132},"slope":null,"std_dev":{"confidence_interval":{"confidence_level":0.95,"lower_bound":394253.5681557585,"upper_bound":951917.2022300583},"point_estimate":776926.5445251439,"standard_error":142205.5381454479}}