{"mean":{"confidence_interval":{"confidence_level":0.95,"lower_bound":1388791814.1,"upper_bound":1397766669.4025},"point_estimate":1392210512.9,"standard_error":2510939.8222593255},"median":{"confidence_interval":{"confidence_level":0.95,"lower_bound":1388112692.0,"upper_bound":1392202277.5},"point_estimate":1388986508.0,"standard_error":1273874.1875375381},"median_abs_dev":{"confidence_interval":{"confidence_level":0.95,"lower_bound":228644.34404075146,"upper_bound":4746769.912227988},"point_estimate":1524163.9226406813,"standard_error":1410702.8413005692},"slope":null,"std_dev":{"confidence_interval":{"confidence_level":0.95,"lower_bound":1130860.0400453534,"upper_bound":12816105.048427455},"point_estimate":8373756.397058656,"standard_error":3940519.8002606113}}