{"mean":{"confidence_interval":{"confidence_level":0.95,"lower_bound":679427174.5,"upper_bound":685631946.9200001},"point_estimate":682163105.7,"standard_error":1609150.6056032393},"median":{"confidence_interval":{"confidence_level":0.95,"lower_bound":678558365.0,"upper_bound":684514945.0},"point_estimate":680478368.0,"standard_error":1671997.0831166795},"median_abs_dev":{"confidence_interval":{"confidence_level":0.95,"lower_bound":761111.9702875614,"upper_bound":7420331.325262785},"point_estimate":3306213.508602977,"standard_error":1708710.321953968},"slope":null,"std_dev":{"confidence_interval":{"confidence_level":0.95,"lower_bound":1839224.0891777668,"upper_bound":7481225.64692261},"point_estimate":5341614.648631859,"standard_error":1593179.2754349578}}