{"mean":{"confidence_interval":{"confidence_level":0.95,"lower_bound":478516523.0075,"upper_bound":483554677.45},"point_estimate":480426496.75,"standard_error":1416405.5687709062},"median":{"confidence_interval":{"confidence_level":0.95,"lower_bound":478111060.5,"upper_bound":480338999.5},"point_estimate":478859744.0,"standard_error":657062.8618794638},"median_abs_dev":{"confidence_interval":{"confidence_level":0.95,"lower_bound":261062.87506520748,"upper_bound":2604645.3478083014},"point_estimate":1256896.366685629,"standard_error":677476.3664718115},"slope":null,"std_dev":{"confidence_interval":{"confidence_level":0.95,"lower_bound":639433.5761189132,"upper_bound":7224868.489869318},"point_estimate":4714307.711247693,"standard_error":2239081.494073268}}