{"mean":{"confidence_interval":{"confidence_level":0.95,"lower_bound":0.004177749818270061,"upper_bound":0.0081696279318197},"point_estimate":0.00624875532163105,"standard_error":0.0010158399347960222},"median":{"confidence_interval":{"confidence_level":0.95,"lower_bound":0.004099468941303245,"upper_bound":0.009061732079129525},"point_estimate":0.006623537447071337,"standard_error":0.0012484567775481864}}