{"mean":{"confidence_interval":{"confidence_level":0.95,"lower_bound":-0.012798510069821599,"upper_bound":-0.00563753317418823},"point_estimate":-0.009565084901413612,"standard_error":0.0018780374790443545},"median":{"confidence_interval":{"confidence_level":0.95,"lower_bound":-0.014062377785096114,"upper_bound":-0.007668655149165038},"point_estimate":-0.009874601561195795,"standard_error":0.0016680527998309657}}