{"mean":{"confidence_interval":{"confidence_level":0.95,"lower_bound":497656453.5,"upper_bound":503152141.4},"point_estimate":500353090.8,"standard_error":1409077.4266612984},"median":{"confidence_interval":{"confidence_level":0.95,"lower_bound":496979752.5,"upper_bound":503817338.0},"point_estimate":499554921.5,"standard_error":1873953.998438008},"median_abs_dev":{"confidence_interval":{"confidence_level":0.95,"lower_bound":913624.0643799305,"upper_bound":7786279.2528659105},"point_estimate":5302316.430965066,"standard_error":1815422.4493834376},"slope":null,"std_dev":{"confidence_interval":{"confidence_level":0.95,"lower_bound":2536193.879959935,"upper_bound":6093008.357924537},"point_estimate":4693421.792430427,"standard_error":916754.7300395446}}