{"mean":{"confidence_interval":{"confidence_level":0.95,"lower_bound":-0.026337624072974308,"upper_bound":-0.014623063753011329},"point_estimate":-0.020925562539342857,"standard_error":0.0030807808144816674},"median":{"confidence_interval":{"confidence_level":0.95,"lower_bound":-0.027130365985943983,"upper_bound":-0.017940701688539673},"point_estimate":-0.021134332866738603,"standard_error":0.0027174057215139}}