{"mean":{"confidence_interval":{"confidence_level":0.95,"lower_bound":0.051821697125151625,"upper_bound":0.06692057746456809},"point_estimate":0.05841350411114332,"standard_error":0.004043596124845889},"median":{"confidence_interval":{"confidence_level":0.95,"lower_bound":0.05050331946301556,"upper_bound":0.06292192860347678},"point_estimate":0.05549176746875517,"standard_error":0.0027818513694518278}}