{"mean":{"confidence_interval":{"confidence_level":0.95,"lower_bound":542088083.1,"upper_bound":545256069.2325},"point_estimate":543636388.5,"standard_error":813831.8418653782},"median":{"confidence_interval":{"confidence_level":0.95,"lower_bound":541047466.0,"upper_bound":546284591.0},"point_estimate":542898541.5,"standard_error":1355918.7251500804},"median_abs_dev":{"confidence_interval":{"confidence_level":0.95,"lower_bound":504727.4394392967,"upper_bound":4663120.139113069},"point_estimate":2999423.5438495874,"standard_error":1066903.6638033425},"slope":null,"std_dev":{"confidence_interval":{"confidence_level":0.95,"lower_bound":1610057.1594658648,"upper_bound":3197541.002652504},"point_estimate":2717405.0004086723,"standard_error":399240.8661615449}}