{"mean":{"confidence_interval":{"confidence_level":0.95,"lower_bound":-0.015845200082762696,"upper_bound":-0.009319832777338543},"point_estimate":-0.012538541678458137,"standard_error":0.0016643219988463256},"median":{"confidence_interval":{"confidence_level":0.95,"lower_bound":-0.017565492913633518,"upper_bound":-0.008409069200859709},"point_estimate":-0.010921357397067899,"standard_error":0.0023860454417717588}}