{"mean":{"confidence_interval":{"confidence_level":0.95,"lower_bound":883617213.7,"upper_bound":887019883.5875001},"point_estimate":885194796.5,"standard_error":880142.4111502086},"median":{"confidence_interval":{"confidence_level":0.95,"lower_bound":883798632.0,"upper_bound":887294440.0},"point_estimate":884509816.0,"standard_error":704192.3959936579},"median_abs_dev":{"confidence_interval":{"confidence_level":0.95,"lower_bound":221657.5916647911,"upper_bound":4867400.91778636},"point_estimate":901829.2402893305,"standard_error":1135286.4750429583},"slope":null,"std_dev":{"confidence_interval":{"confidence_level":0.95,"lower_bound":560656.083310225,"upper_bound":3856257.542650179},"point_estimate":2935314.2479852797,"standard_error":757157.9812410183}}