{"mean":{"confidence_interval":{"confidence_level":0.95,"lower_bound":1155849611.4424999,"upper_bound":1157925035.1},"point_estimate":1156798199.3,"standard_error":533130.2493778212},"median":{"confidence_interval":{"confidence_level":0.95,"lower_bound":1155613887.0,"upper_bound":1157870810.0},"point_estimate":1156234417.0,"standard_error":595411.3077004724},"median_abs_dev":{"confidence_interval":{"confidence_level":0.95,"lower_bound":247399.97500777245,"upper_bound":2716179.4905781746},"point_estimate":1251294.3626850843,"standard_error":630570.556734295},"slope":null,"std_dev":{"confidence_interval":{"confidence_level":0.95,"lower_bound":715349.8581082528,"upper_bound":2402657.412318249},"point_estimate":1780176.1728432667,"standard_error":460202.7900545743}}