{"mean":{"confidence_interval":{"confidence_level":0.95,"lower_bound":0.036916056425183384,"upper_bound":0.05004046838283473},"point_estimate":0.04243396457816573,"standard_error":0.003319762178521658},"median":{"confidence_interval":{"confidence_level":0.95,"lower_bound":0.036113964412847865,"upper_bound":0.04383109691567055},"point_estimate":0.03805685043050855,"standard_error":0.0021602364862234515}}