{"mean":{"confidence_interval":{"confidence_level":0.95,"lower_bound":-0.019314670153463023,"upper_bound":-0.011764867455823098},"point_estimate":-0.01557015055326727,"standard_error":0.0019336692076239049},"median":{"confidence_interval":{"confidence_level":0.95,"lower_bound":-0.02147689172904077,"upper_bound":-0.01004987238059507},"point_estimate":-0.014963718985763874,"standard_error":0.0029710419925320824}}