{"mean":{"confidence_interval":{"confidence_level":0.95,"lower_bound":309348668.65,"upper_bound":311897056.29125005},"point_estimate":310381372.1,"standard_error":684119.227995043},"median":{"confidence_interval":{"confidence_level":0.95,"lower_bound":309375152.5,"upper_bound":310530648.25},"point_estimate":309662428.25,"standard_error":340512.95803285233},"median_abs_dev":{"confidence_interval":{"confidence_level":0.95,"lower_bound":95785.96584945917,"upper_bound":1985755.1158457994},"point_estimate":442276.25139802694,"standard_error":510239.166838507},"slope":null,"std_dev":{"confidence_interval":{"confidence_level":0.95,"lower_bound":432857.8057467121,"upper_bound":3451616.8033996318},"point_estimate":2294928.0456841826,"standard_error":959699.5079305227}}