{"mean":{"confidence_interval":{"confidence_level":0.95,"lower_bound":336038539.65,"upper_bound":336948015.0},"point_estimate":336479794.0,"standard_error":231960.7102642787},"median":{"confidence_interval":{"confidence_level":0.95,"lower_bound":335770617.0,"upper_bound":337099897.75},"point_estimate":336377412.0,"standard_error":300705.3283975013},"median_abs_dev":{"confidence_interval":{"confidence_level":0.95,"lower_bound":182390.93136191368,"upper_bound":1295339.8133531213},"point_estimate":831331.2408909202,"standard_error":298859.2006778635},"slope":null,"std_dev":{"confidence_interval":{"confidence_level":0.95,"lower_bound":418786.64016354876,"upper_bound":968950.760858324},"point_estimate":771483.6886229533,"standard_error":141679.17700296373}}