{"mean":{"confidence_interval":{"confidence_level":0.95,"lower_bound":0.0061084911856515494,"upper_bound":0.01135994743667275},"point_estimate":0.008771068793515413,"standard_error":0.0013394788588176555},"median":{"confidence_interval":{"confidence_level":0.95,"lower_bound":0.005741336018228793,"upper_bound":0.012872047532371589},"point_estimate":0.011025771358162517,"standard_error":0.0018409375668855953}}