{"mean":{"confidence_interval":{"confidence_level":0.95,"lower_bound":823016110.7,"upper_bound":828370921.6850001},"point_estimate":825732714.1,"standard_error":1371592.8523236902},"median":{"confidence_interval":{"confidence_level":0.95,"lower_bound":820524872.0,"upper_bound":829665422.0},"point_estimate":828187774.0,"standard_error":3023742.3871206283},"median_abs_dev":{"confidence_interval":{"confidence_level":0.95,"lower_bound":258743.34740638733,"upper_bound":6475772.071132064},"point_estimate":3140757.575440407,"standard_error":1945018.8030591635},"slope":null,"std_dev":{"confidence_interval":{"confidence_level":0.95,"lower_bound":2880976.099255176,"upper_bound":4948080.022642004},"point_estimate":4563363.66681653,"standard_error":531903.9212670679}}