{"mean":{"confidence_interval":{"confidence_level":0.95,"lower_bound":861913189.49,"upper_bound":863737328.255},"point_estimate":862806738.6,"standard_error":467519.0753207154},"median":{"confidence_interval":{"confidence_level":0.95,"lower_bound":861302632.0,"upper_bound":864330890.0},"point_estimate":862701944.0,"standard_error":723499.0656251195},"median_abs_dev":{"confidence_interval":{"confidence_level":0.95,"lower_bound":361364.4697844982,"upper_bound":2600173.4556376934},"point_estimate":2244847.615545988,"standard_error":588927.3300412057},"slope":null,"std_dev":{"confidence_interval":{"confidence_level":0.95,"lower_bound":927712.9367027102,"upper_bound":1880637.3058609562},"point_estimate":1555669.848098754,"standard_error":239859.01603884378}}