{"mean":{"confidence_interval":{"confidence_level":0.95,"lower_bound":-0.016511783444382536,"upper_bound":0.014131499816438742},"point_estimate":0.0011072318503637657,"standard_error":0.008164848994290427},"median":{"confidence_interval":{"confidence_level":0.95,"lower_bound":-0.006850681287048466,"upper_bound":0.015118574689584774},"point_estimate":0.011087470606706784,"standard_error":0.004735099909829049}}