{"mean":{"confidence_interval":{"confidence_level":0.95,"lower_bound":-0.001235206679207343,"upper_bound":0.007612221605172964},"point_estimate":0.0024097509111848936,"standard_error":0.0022650018198420055},"median":{"confidence_interval":{"confidence_level":0.95,"lower_bound":-0.0018675623688337861,"upper_bound":0.0032468045972526838},"point_estimate":0.0007010533054006007,"standard_error":0.0014358225232885416}}