{"mean":{"confidence_interval":{"confidence_level":0.95,"lower_bound":642576604.2,"upper_bound":646827850.285},"point_estimate":644579968.5,"standard_error":1090176.6647328974},"median":{"confidence_interval":{"confidence_level":0.95,"lower_bound":641784146.0,"upper_bound":647281713.5},"point_estimate":644367470.5,"standard_error":1051575.8822695115},"median_abs_dev":{"confidence_interval":{"confidence_level":0.95,"lower_bound":116220.27063667774,"upper_bound":6375695.831608772},"point_estimate":2203327.403283119,"standard_error":1862122.5973812877},"slope":null,"std_dev":{"confidence_interval":{"confidence_level":0.95,"lower_bound":1636473.0826245034,"upper_bound":4649964.339210589},"point_estimate":3630288.1745579937,"standard_error":788607.235891351}}