{"mean":{"confidence_interval":{"confidence_level":0.95,"lower_bound":1407070461.6550002,"upper_bound":1412897305.9025},"point_estimate":1409871335.8,"standard_error":1495107.6663823198},"median":{"confidence_interval":{"confidence_level":0.95,"lower_bound":1405282015.0,"upper_bound":1413473909.5},"point_estimate":1408930381.0,"standard_error":2740356.0842848513},"median_abs_dev":{"confidence_interval":{"confidence_level":0.95,"lower_bound":500539.83581364155,"upper_bound":9287695.644110441},"point_estimate":6091678.602451086,"standard_error":2363790.215885549},"slope":null,"std_dev":{"confidence_interval":{"confidence_level":0.95,"lower_bound":3012596.972111908,"upper_bound":6236947.193070117},"point_estimate":4986253.008432524,"standard_error":874249.692396522}}