{"mean":{"confidence_interval":{"confidence_level":0.95,"lower_bound":224314303.1666667,"upper_bound":226403303.28166667},"point_estimate":225152604.3666667,"standard_error":557078.3013219944},"median":{"confidence_interval":{"confidence_level":0.95,"lower_bound":224485070.66666666,"upper_bound":224992357.16666666},"point_estimate":224823511.3333333,"standard_error":175972.1958180814},"median_abs_dev":{"confidence_interval":{"confidence_level":0.95,"lower_bound":85013.76509070396,"upper_bound":1336349.8876750544},"point_estimate":279473.0602383835,"standard_error":312794.99786787137},"slope":null,"std_dev":{"confidence_interval":{"confidence_level":0.95,"lower_bound":182092.01661692903,"upper_bound":2817591.120786651},"point_estimate":1861479.5526775308,"standard_error":829281.6140328262}}