{"mean":{"confidence_interval":{"confidence_level":0.95,"lower_bound":-0.03441847164154945,"upper_bound":-0.013305999300901641},"point_estimate":-0.021635264205165705,"standard_error":0.005761983212986838},"median":{"confidence_interval":{"confidence_level":0.95,"lower_bound":-0.021887922514977065,"upper_bound":-0.010991685669847762},"point_estimate":-0.016874425769395685,"standard_error":0.003127130418139042}}