{"mean":{"confidence_interval":{"confidence_level":0.95,"lower_bound":232998028.66749996,"upper_bound":233424215.4},"point_estimate":233199299.46666664,"standard_error":109658.18896899562},"median":{"confidence_interval":{"confidence_level":0.95,"lower_bound":232884709.66666666,"upper_bound":233475161.66666666},"point_estimate":233128338.66666666,"standard_error":130985.45712397371},"median_abs_dev":{"confidence_interval":{"confidence_level":0.95,"lower_bound":52464.27106858036,"upper_bound":575445.9755837917},"point_estimate":398920.20971775055,"standard_error":150366.85204681804},"slope":null,"std_dev":{"confidence_interval":{"confidence_level":0.95,"lower_bound":165059.5055619377,"upper_bound":474481.34935515176},"point_estimate":366610.3783974832,"standard_error":78899.28828624579}}