{"mean":{"confidence_interval":{"confidence_level":0.95,"lower_bound":358652999.9,"upper_bound":403161581.85},"point_estimate":383702064.55,"standard_error":11554512.103421163},"median":{"confidence_interval":{"confidence_level":0.95,"lower_bound":366798733.0,"upper_bound":411393249.5},"point_estimate":393573529.75,"standard_error":9246855.128375703},"median_abs_dev":{"confidence_interval":{"confidence_level":0.95,"lower_bound":4623159.251372516,"upper_bound":47574500.80593377},"point_estimate":21475670.77728063,"standard_error":11640891.332063133},"slope":null,"std_dev":{"confidence_interval":{"confidence_level":0.95,"lower_bound":10471997.562581027,"upper_bound":53741406.026073776},"point_estimate":38439810.85391877,"standard_error":12126660.935156453}}