{"mean":{"confidence_interval":{"confidence_level":0.95,"lower_bound":230642504.71666664,"upper_bound":231366430.0},"point_estimate":230991083.83333334,"standard_error":186043.49454547543},"median":{"confidence_interval":{"confidence_level":0.95,"lower_bound":230526933.3333333,"upper_bound":231544792.5},"point_estimate":230892489.83333334,"standard_error":241789.6073024474},"median_abs_dev":{"confidence_interval":{"confidence_level":0.95,"lower_bound":148284.2131674216,"upper_bound":1089940.0423497183},"point_estimate":581659.7991734595,"standard_error":241984.1727662953},"slope":null,"std_dev":{"confidence_interval":{"confidence_level":0.95,"lower_bound":311443.50302196253,"upper_bound":773052.7005123419},"point_estimate":619942.7922212211,"standard_error":115064.46664304764}}