{"mean":{"confidence_interval":{"confidence_level":0.95,"lower_bound":0.011287861708532122,"upper_bound":0.014754640393479939},"point_estimate":0.01295159412200908,"standard_error":0.0008821931527737818},"median":{"confidence_interval":{"confidence_level":0.95,"lower_bound":0.01062966737656268,"upper_bound":0.015033782085090763},"point_estimate":0.012464993975117578,"standard_error":0.0011151497434405552}}