{"mean":{"confidence_interval":{"confidence_level":0.95,"lower_bound":0.01443312544719203,"upper_bound":0.020041486745053325},"point_estimate":0.01724013142990488,"standard_error":0.0014371950512964884},"median":{"confidence_interval":{"confidence_level":0.95,"lower_bound":0.012311133476835101,"upper_bound":0.022890213806965137},"point_estimate":0.01520987590249323,"standard_error":0.002862130459135439}}