{"mean":{"confidence_interval":{"confidence_level":0.95,"lower_bound":0.002124153031779708,"upper_bound":0.008974584276398417},"point_estimate":0.005427923290444392,"standard_error":0.0017490178886427291},"median":{"confidence_interval":{"confidence_level":0.95,"lower_bound":0.0009143467694077145,"upper_bound":0.009688561411399954},"point_estimate":0.0037098092805809557,"standard_error":0.0022915146408933914}}