{"mean":{"confidence_interval":{"confidence_level":0.95,"lower_bound":0.028227733202017324,"upper_bound":0.033100797122606544},"point_estimate":0.03061543793579702,"standard_error":0.0012433164740980487},"median":{"confidence_interval":{"confidence_level":0.95,"lower_bound":0.02798659981220264,"upper_bound":0.033503402666303694},"point_estimate":0.030011247899886406,"standard_error":0.0014632871425121635}}