{"mean":{"confidence_interval":{"confidence_level":0.95,"lower_bound":-0.028708894316300086,"upper_bound":-0.012131949427386353},"point_estimate":-0.020788144236052686,"standard_error":0.004263905223931369},"median":{"confidence_interval":{"confidence_level":0.95,"lower_bound":-0.024257437524811243,"upper_bound":-0.019877666492835178},"point_estimate":-0.02138167655603207,"standard_error":0.0011976506874807763}}