{"mean":{"confidence_interval":{"confidence_level":0.95,"lower_bound":-0.017840236872850863,"upper_bound":-0.012421269145928832},"point_estimate":-0.015138724850657481,"standard_error":0.00138428629625898},"median":{"confidence_interval":{"confidence_level":0.95,"lower_bound":-0.019835141155683855,"upper_bound":-0.011775234677278479},"point_estimate":-0.014559949756392299,"standard_error":0.0019470348133547217}}