{"mean":{"confidence_interval":{"confidence_level":0.95,"lower_bound":0.004956492091015464,"upper_bound":0.026746738293765615},"point_estimate":0.01790493701914264,"standard_error":0.00585803111199423},"median":{"confidence_interval":{"confidence_level":0.95,"lower_bound":0.014100431008869485,"upper_bound":0.02797634422611428},"point_estimate":0.023982861508626607,"standard_error":0.00300537736531548}}