{"mean":{"confidence_interval":{"confidence_level":0.95,"lower_bound":-0.011276762079016515,"upper_bound":-0.007487844210069386},"point_estimate":-0.009336097401613008,"standard_error":0.0009706044072320797},"median":{"confidence_interval":{"confidence_level":0.95,"lower_bound":-0.010326981149692993,"upper_bound":-0.006661452570572157},"point_estimate":-0.008122733495123269,"standard_error":0.0010625760362880938}}