{"mean":{"confidence_interval":{"confidence_level":0.95,"lower_bound":-0.014886478790269796,"upper_bound":-0.0009177099126792582},"point_estimate":-0.008976471816050546,"standard_error":0.0036006899564288474},"median":{"confidence_interval":{"confidence_level":0.95,"lower_bound":-0.017856340117256786,"upper_bound":-0.0065291677885429555},"point_estimate":-0.013559617051109085,"standard_error":0.002966001280670255}}