{"mean":{"confidence_interval":{"confidence_level":0.95,"lower_bound":-0.008106527196859866,"upper_bound":0.006208897996634411},"point_estimate":-0.001646002027240634,"standard_error":0.003658489803292},"median":{"confidence_interval":{"confidence_level":0.95,"lower_bound":-0.008216846857770799,"upper_bound":0.014563237774948501},"point_estimate":-0.004472604622497323,"standard_error":0.005802221916051879}}