{"mean":{"confidence_interval":{"confidence_level":0.95,"lower_bound":172502876.01144046,"upper_bound":173225838.41377681},"point_estimate":172843943.7020238,"standard_error":185227.70099310874},"median":{"confidence_interval":{"confidence_level":0.95,"lower_bound":172453515.0,"upper_bound":173622460.625},"point_estimate":172577055.6666667,"standard_error":289145.54215270164},"median_abs_dev":{"confidence_interval":{"confidence_level":0.95,"lower_bound":52345.4159706831,"upper_bound":926297.2018749448},"point_estimate":224043.6139324219,"standard_error":255438.55528482207},"slope":{"confidence_interval":{"confidence_level":0.95,"lower_bound":172639917.2990609,"upper_bound":173484699.4485354},"point_estimate":173021851.6805195,"standard_error":213025.5220217628},"std_dev":{"confidence_interval":{"confidence_level":0.95,"lower_bound":235025.1356854581,"upper_bound":731290.8222533675},"point_estimate":620178.1740795188,"standard_error":109674.44202862446}}