{"mean":{"confidence_interval":{"confidence_level":0.95,"lower_bound":339443683.89875,"upper_bound":340829916.7},"point_estimate":340104733.65,"standard_error":353668.6208496513},"median":{"confidence_interval":{"confidence_level":0.95,"lower_bound":339212001.5,"upper_bound":340637685.25},"point_estimate":340166971.25,"standard_error":374532.4907085361},"median_abs_dev":{"confidence_interval":{"confidence_level":0.95,"lower_bound":159329.83007133007,"upper_bound":1874676.1312678456},"point_estimate":1032423.6883208156,"standard_error":421030.55895995814},"slope":null,"std_dev":{"confidence_interval":{"confidence_level":0.95,"lower_bound":536500.7678970998,"upper_bound":1603298.5356859576},"point_estimate":1177321.2554562169,"standard_error":287025.3646308964}}