{"mean":{"confidence_interval":{"confidence_level":0.95,"lower_bound":-0.025685165815633182,"upper_bound":-0.01759738365009743},"point_estimate":-0.021524861869954837,"standard_error":0.0020828057834192944},"median":{"confidence_interval":{"confidence_level":0.95,"lower_bound":-0.02744239924456371,"upper_bound":-0.016082440407098275},"point_estimate":-0.021916314156856798,"standard_error":0.0031721978956644847}}