{"mean":{"confidence_interval":{"confidence_level":0.95,"lower_bound":0.025573736335774987,"upper_bound":0.04423140667232355},"point_estimate":0.036369360940536,"standard_error":0.004941467732077687},"median":{"confidence_interval":{"confidence_level":0.95,"lower_bound":0.033748255092498125,"upper_bound":0.04689285088742645},"point_estimate":0.0410017848411981,"standard_error":0.0034827472339554024}}