{"mean":{"confidence_interval":{"confidence_level":0.95,"lower_bound":-0.35998165928091086,"upper_bound":-0.3175171535161209},"point_estimate":-0.3365983174399467,"standard_error":0.011034046823378298},"median":{"confidence_interval":{"confidence_level":0.95,"lower_bound":-0.34730488078503297,"upper_bound":-0.3141816744959991},"point_estimate":-0.330847988497566,"standard_error":0.0090451932077059}}