{"mean":{"confidence_interval":{"confidence_level":0.95,"lower_bound":0.0021904916856185907,"upper_bound":0.004518077589392588},"point_estimate":0.003335325712300996,"standard_error":0.0006009271449244559},"median":{"confidence_interval":{"confidence_level":0.95,"lower_bound":0.0021721353557289103,"upper_bound":0.005138918335520826},"point_estimate":0.003511425735815976,"standard_error":0.0007523257450345812}}