{"mean":{"confidence_interval":{"confidence_level":0.95,"lower_bound":-0.022632860659397395,"upper_bound":-0.015043074891500911},"point_estimate":-0.018700560735829375,"standard_error":0.0019536473561289863},"median":{"confidence_interval":{"confidence_level":0.95,"lower_bound":-0.02576168555276892,"upper_bound":-0.014107441947503352},"point_estimate":-0.016018541455078528,"standard_error":0.002688494174939939}}