{"mean":{"confidence_interval":{"confidence_level":0.95,"lower_bound":-0.017159811899264993,"upper_bound":-0.004508091546359981},"point_estimate":-0.011119608638304412,"standard_error":0.0032379349456026444},"median":{"confidence_interval":{"confidence_level":0.95,"lower_bound":-0.016784606135118667,"upper_bound":-0.006751809121873897},"point_estimate":-0.011656631727124167,"standard_error":0.0023027903157139752}}