{"mean":{"confidence_interval":{"confidence_level":0.95,"lower_bound":713208143.6600001,"upper_bound":725685115.765},"point_estimate":719169394.7,"standard_error":3206991.3020364926},"median":{"confidence_interval":{"confidence_level":0.95,"lower_bound":710469695.5,"upper_bound":730496010.0},"point_estimate":716009660.0,"standard_error":5240912.486713579},"median_abs_dev":{"confidence_interval":{"confidence_level":0.95,"lower_bound":1688902.2774159908,"upper_bound":16636581.217941642},"point_estimate":9758280.288755894,"standard_error":4285518.8628724115},"slope":null,"std_dev":{"confidence_interval":{"confidence_level":0.95,"lower_bound":5255617.408431166,"upper_bound":12511498.048315143},"point_estimate":10671888.212452097,"standard_error":1691346.270486456}}