{"mean":{"confidence_interval":{"confidence_level":0.95,"lower_bound":0.038656531606279854,"upper_bound":0.04246671821899763},"point_estimate":0.04053492297905814,"standard_error":0.0009729808902715663},"median":{"confidence_interval":{"confidence_level":0.95,"lower_bound":0.03804881294973317,"upper_bound":0.04271692376615244},"point_estimate":0.040425637090697464,"standard_error":0.0011894997270464947}}