{"mean":{"confidence_interval":{"confidence_level":0.95,"lower_bound":-0.021614440559412966,"upper_bound":-0.01651612194952646},"point_estimate":-0.019190676450084654,"standard_error":0.001290054549863418},"median":{"confidence_interval":{"confidence_level":0.95,"lower_bound":-0.022052785387923435,"upper_bound":-0.017445941303259493},"point_estimate":-0.020117288249167364,"standard_error":0.001188625071234827}}