{"mean":{"confidence_interval":{"confidence_level":0.95,"lower_bound":0.016443189236618933,"upper_bound":0.028507029676030676},"point_estimate":0.022182606470202648,"standard_error":0.003143010577118205},"median":{"confidence_interval":{"confidence_level":0.95,"lower_bound":0.013964647650834605,"upper_bound":0.03056856810000408},"point_estimate":0.01952427073776275,"standard_error":0.0041962439416510285}}