{"mean":{"confidence_interval":{"confidence_level":0.95,"lower_bound":0.00240871083019758,"upper_bound":0.0064047012261101805},"point_estimate":0.004381735532269726,"standard_error":0.0010546134632871435},"median":{"confidence_interval":{"confidence_level":0.95,"lower_bound":0.001814310052870284,"upper_bound":0.007477529176818543},"point_estimate":0.004281537495961052,"standard_error":0.001650773169410997}}