{"mean":{"confidence_interval":{"confidence_level":0.95,"lower_bound":-0.019339864163423433,"upper_bound":-0.011332982692647922},"point_estimate":-0.015355215862812965,"standard_error":0.002037377024842303},"median":{"confidence_interval":{"confidence_level":0.95,"lower_bound":-0.01924726995331083,"upper_bound":-0.010958680188403958},"point_estimate":-0.015449738637943966,"standard_error":0.0020526192115307676}}