{"mean":{"confidence_interval":{"confidence_level":0.95,"lower_bound":493751165.03999996,"upper_bound":495278155.76624995},"point_estimate":494406896.25,"standard_error":397321.6239674075},"median":{"confidence_interval":{"confidence_level":0.95,"lower_bound":493546158.0,"upper_bound":494839625.75},"point_estimate":494140459.75,"standard_error":325096.9105855425},"median_abs_dev":{"confidence_interval":{"confidence_level":0.95,"lower_bound":185276.07091069221,"upper_bound":1564909.476417303},"point_estimate":780329.8017963767,"standard_error":373729.3219003646},"slope":null,"std_dev":{"confidence_interval":{"confidence_level":0.95,"lower_bound":395459.6265662105,"upper_bound":1910976.168974831},"point_estimate":1324996.298246134,"standard_error":449441.50083382666}}