{"mean":{"confidence_interval":{"confidence_level":0.95,"lower_bound":0.015533795340652906,"upper_bound":0.02226911461775444},"point_estimate":0.018865958714309405,"standard_error":0.0017217299939486326},"median":{"confidence_interval":{"confidence_level":0.95,"lower_bound":0.014726954662308707,"upper_bound":0.020981479073513665},"point_estimate":0.018272481167767918,"standard_error":0.0016589224598914877}}