{"mean":{"confidence_interval":{"confidence_level":0.95,"lower_bound":-0.5723025109020349,"upper_bound":-0.5349189917922645},"point_estimate":-0.5557233589406058,"standard_error":0.009587143714472491},"median":{"confidence_interval":{"confidence_level":0.95,"lower_bound":-0.5823267641194287,"upper_bound":-0.5392016826100641},"point_estimate":-0.5601163280787227,"standard_error":0.011944002610292473}}