{"mean":{"confidence_interval":{"confidence_level":0.95,"lower_bound":-0.01105004134452572,"upper_bound":0.002670946130588373},"point_estimate":-0.002894084903292571,"standard_error":0.0036368304870340543},"median":{"confidence_interval":{"confidence_level":0.95,"lower_bound":-0.003905914397308252,"upper_bound":0.0028238641911959572},"point_estimate":-0.0004411842323114312,"standard_error":0.001780118458814038}}