{"mean":{"confidence_interval":{"confidence_level":0.95,"lower_bound":769041105.0825,"upper_bound":779358984.72},"point_estimate":773390783.4,"standard_error":2683938.732385356},"median":{"confidence_interval":{"confidence_level":0.95,"lower_bound":768046184.0,"upper_bound":776573252.0},"point_estimate":769311516.0,"standard_error":2071682.9186193333},"median_abs_dev":{"confidence_interval":{"confidence_level":0.95,"lower_bound":480408.35207104683,"upper_bound":10139385.577189922},"point_estimate":2356389.541965723,"standard_error":2522848.129170414},"slope":null,"std_dev":{"confidence_interval":{"confidence_level":0.95,"lower_bound":1393232.0301856291,"upper_bound":12828727.369717652},"point_estimate":8969199.483979162,"standard_error":3176759.781509262}}