{"mean":{"confidence_interval":{"confidence_level":0.95,"lower_bound":56332709.11771824,"upper_bound":56425934.028996535},"point_estimate":56378046.580932535,"standard_error":23934.326441022713},"median":{"confidence_interval":{"confidence_level":0.95,"lower_bound":56305953.5,"upper_bound":56451157.12222222},"point_estimate":56357804.69166666,"standard_error":39768.98592996117},"median_abs_dev":{"confidence_interval":{"confidence_level":0.95,"lower_bound":19823.385348064297,"upper_bound":132422.45261570063},"point_estimate":86849.56979810787,"standard_error":31350.831356094925},"slope":{"confidence_interval":{"confidence_level":0.95,"lower_bound":56337777.44372294,"upper_bound":56462412.290621124},"point_estimate":56406068.61948052,"standard_error":31666.94185541381},"std_dev":{"confidence_interval":{"confidence_level":0.95,"lower_bound":45641.21173716172,"upper_bound":96147.21415247682},"point_estimate":79808.73298789519,"standard_error":12771.145716912277}}