{"mean":{"confidence_interval":{"confidence_level":0.95,"lower_bound":918135687.135,"upper_bound":930101013.5799999},"point_estimate":923112454.5,"standard_error":3143183.099376922},"median":{"confidence_interval":{"confidence_level":0.95,"lower_bound":917056435.0,"upper_bound":924114346.0},"point_estimate":921444620.0,"standard_error":1844993.649362354},"median_abs_dev":{"confidence_interval":{"confidence_level":0.95,"lower_bound":943873.5516428947,"upper_bound":9909658.193868399},"point_estimate":4257386.641216278,"standard_error":2335295.412196985},"slope":null,"std_dev":{"confidence_interval":{"confidence_level":0.95,"lower_bound":2391140.9608640745,"upper_bound":15565905.98143188},"point_estimate":10457097.110409988,"standard_error":4089852.9213160686}}