{"mean":{"confidence_interval":{"confidence_level":0.95,"lower_bound":215055631.3,"upper_bound":216925887.27083334},"point_estimate":216011204.13333336,"standard_error":480699.7144338807},"median":{"confidence_interval":{"confidence_level":0.95,"lower_bound":214472720.33333334,"upper_bound":217306328.8333333},"point_estimate":216392223.5,"standard_error":687889.183338545},"median_abs_dev":{"confidence_interval":{"confidence_level":0.95,"lower_bound":167579.7576248204,"upper_bound":2733753.4893661737},"point_estimate":1503552.8178066015,"standard_error":650726.8860419653},"slope":null,"std_dev":{"confidence_interval":{"confidence_level":0.95,"lower_bound":881974.8584061279,"upper_bound":1955239.7027032345},"point_estimate":1599934.7029112931,"standard_error":266984.8304403681}}