{"mean":{"confidence_interval":{"confidence_level":0.95,"lower_bound":0.021285155960692033,"upper_bound":0.034507474803658886},"point_estimate":0.027699838250634157,"standard_error":0.003335310048323221},"median":{"confidence_interval":{"confidence_level":0.95,"lower_bound":0.01927278976579366,"upper_bound":0.034563408304002285},"point_estimate":0.025331341325484535,"standard_error":0.0035597177662031626}}