{"mean":{"confidence_interval":{"confidence_level":0.95,"lower_bound":-0.01501095391163112,"upper_bound":-0.011222208005489107},"point_estimate":-0.013348003074291848,"standard_error":0.0009689882610132856},"median":{"confidence_interval":{"confidence_level":0.95,"lower_bound":-0.015283257773139769,"upper_bound":-0.012565575817364838},"point_estimate":-0.013194550595424515,"standard_error":0.0007399696286003226}}