{"mean":{"confidence_interval":{"confidence_level":0.95,"lower_bound":0.002835700531027072,"upper_bound":0.017258194210870256},"point_estimate":0.010743440693323558,"standard_error":0.0037303221986931348},"median":{"confidence_interval":{"confidence_level":0.95,"lower_bound":0.007035239968383289,"upper_bound":0.020655774487218448},"point_estimate":0.014895709667880785,"standard_error":0.003515880724781207}}