{"mean":{"confidence_interval":{"confidence_level":0.95,"lower_bound":-0.05783328672027884,"upper_bound":-0.04234520176507586},"point_estimate":-0.049898222912765466,"standard_error":0.003958645162745987},"median":{"confidence_interval":{"confidence_level":0.95,"lower_bound":-0.057271966616674996,"upper_bound":-0.037544642373478654},"point_estimate":-0.05045998769254867,"standard_error":0.004506852564692984}}