{"mean":{"confidence_interval":{"confidence_level":0.95,"lower_bound":-0.029595148283359393,"upper_bound":-0.016473124971036538},"point_estimate":-0.02292986855216872,"standard_error":0.0033501992345188196},"median":{"confidence_interval":{"confidence_level":0.95,"lower_bound":-0.030906410737650547,"upper_bound":-0.015357115403722643},"point_estimate":-0.022406113408943495,"standard_error":0.004110754848991023}}