{"mean":{"confidence_interval":{"confidence_level":0.95,"lower_bound":-0.025547986156422182,"upper_bound":-0.016553722615651297},"point_estimate":-0.020764322140558122,"standard_error":0.0023027435267485427},"median":{"confidence_interval":{"confidence_level":0.95,"lower_bound":-0.023613515533152385,"upper_bound":-0.01625880824179593},"point_estimate":-0.020709322785090967,"standard_error":0.0017488245723947806}}