{"mean":{"confidence_interval":{"confidence_level":0.95,"lower_bound":-0.02551081950538718,"upper_bound":-0.019572703488887358},"point_estimate":-0.02265187642414035,"standard_error":0.0015136514305908926},"median":{"confidence_interval":{"confidence_level":0.95,"lower_bound":-0.027076998458196444,"upper_bound":-0.02000762565448244},"point_estimate":-0.022573410005964467,"standard_error":0.0019463127958529542}}