{"mean":{"confidence_interval":{"confidence_level":0.95,"lower_bound":267423625.85,"upper_bound":267984017.62125},"point_estimate":267686228.65,"standard_error":144009.89389711354},"median":{"confidence_interval":{"confidence_level":0.95,"lower_bound":267312434.0,"upper_bound":268035979.75},"point_estimate":267537069.25,"standard_error":218090.12897751105},"median_abs_dev":{"confidence_interval":{"confidence_level":0.95,"lower_bound":14836.377936601639,"upper_bound":801645.5122679472},"point_estimate":393249.63546842337,"standard_error":209116.89864875638},"slope":null,"std_dev":{"confidence_interval":{"confidence_level":0.95,"lower_bound":238640.84160107517,"upper_bound":612116.5165863282},"point_estimate":479958.9480139045,"standard_error":97936.89996724739}}