{"mean":{"confidence_interval":{"confidence_level":0.95,"lower_bound":-0.004185232701719571,"upper_bound":0.00117687797973981},"point_estimate":-0.0016602225555767403,"standard_error":0.0013793010092490849},"median":{"confidence_interval":{"confidence_level":0.95,"lower_bound":-0.005835767269119607,"upper_bound":0.0004796216075810822},"point_estimate":-0.0025756420380571576,"standard_error":0.00150779077633853}}