{"mean":{"confidence_interval":{"confidence_level":0.95,"lower_bound":1235474751.0,"upper_bound":1236977108.595},"point_estimate":1236168393.4,"standard_error":385442.5554694342},"median":{"confidence_interval":{"confidence_level":0.95,"lower_bound":1235229396.0,"upper_bound":1236938816.5},"point_estimate":1235841020.5,"standard_error":441202.85061942943},"median_abs_dev":{"confidence_interval":{"confidence_level":0.95,"lower_bound":245447.39084243774,"upper_bound":2021152.1902173758},"point_estimate":1221517.8248137236,"standard_error":449799.37835472793},"slope":null,"std_dev":{"confidence_interval":{"confidence_level":0.95,"lower_bound":591717.0344113958,"upper_bound":1730443.9166537458},"point_estimate":1282633.3906480751,"standard_error":314858.3860300526}}