{"mean":{"confidence_interval":{"confidence_level":0.95,"lower_bound":0.020432261436476064,"upper_bound":0.028934127350796406},"point_estimate":0.024558186977094554,"standard_error":0.0022011012362407457},"median":{"confidence_interval":{"confidence_level":0.95,"lower_bound":0.01728171078889429,"upper_bound":0.031357406343436756},"point_estimate":0.025047479609683343,"standard_error":0.003763872312684021}}