{"mean":{"confidence_interval":{"confidence_level":0.95,"lower_bound":0.03529691640132141,"upper_bound":0.047434733896804075},"point_estimate":0.041588267267023804,"standard_error":0.0030924266179341246},"median":{"confidence_interval":{"confidence_level":0.95,"lower_bound":0.0344523499785625,"upper_bound":0.05002641233307781},"point_estimate":0.041122912002935275,"standard_error":0.004061268730134628}}