{"mean":{"confidence_interval":{"confidence_level":0.95,"lower_bound":-0.03313624292288938,"upper_bound":-0.02487590003004501},"point_estimate":-0.028966784888543207,"standard_error":0.0021043273041026923},"median":{"confidence_interval":{"confidence_level":0.95,"lower_bound":-0.03411753700764564,"upper_bound":-0.023515285138200004},"point_estimate":-0.028035571300990103,"standard_error":0.0025791556003786054}}