{"mean":{"confidence_interval":{"confidence_level":0.95,"lower_bound":397568073.5,"upper_bound":398460504.98249996},"point_estimate":398033951.95,"standard_error":229280.37346241286},"median":{"confidence_interval":{"confidence_level":0.95,"lower_bound":397309707.5,"upper_bound":398795307.5},"point_estimate":398066159.25,"standard_error":334550.5321428969},"median_abs_dev":{"confidence_interval":{"confidence_level":0.95,"lower_bound":75737.87835538387,"upper_bound":1429146.314227581},"point_estimate":835270.1383709908,"standard_error":360714.1971191686},"slope":null,"std_dev":{"confidence_interval":{"confidence_level":0.95,"lower_bound":409738.5610263371,"upper_bound":932836.9148886814},"point_estimate":759196.7563289232,"standard_error":135051.1183616937}}