{"mean":{"confidence_interval":{"confidence_level":0.95,"lower_bound":258366894.25,"upper_bound":260000258.25},"point_estimate":259114818.5,"standard_error":421445.43743000476},"median":{"confidence_interval":{"confidence_level":0.95,"lower_bound":258170398.5,"upper_bound":260056553.5},"point_estimate":258786620.5,"standard_error":333723.44081029017},"median_abs_dev":{"confidence_interval":{"confidence_level":0.95,"lower_bound":72818.26835721731,"upper_bound":1882802.6323735714},"point_estimate":360198.7755551934,"standard_error":530944.9711945052},"slope":null,"std_dev":{"confidence_interval":{"confidence_level":0.95,"lower_bound":403993.8961867047,"upper_bound":1828130.2565212245},"point_estimate":1405137.8630557533,"standard_error":371977.8387958185}}