{"mean":{"confidence_interval":{"confidence_level":0.95,"lower_bound":-0.026618530542766493,"upper_bound":-0.010445748311895363},"point_estimate":-0.018413442953925552,"standard_error":0.004069997536516202},"median":{"confidence_interval":{"confidence_level":0.95,"lower_bound":-0.022210888554470065,"upper_bound":-0.009069281966338938},"point_estimate":-0.018570391809537012,"standard_error":0.00334435244502194}}