{"mean":{"confidence_interval":{"confidence_level":0.95,"lower_bound":0.011584230006989212,"upper_bound":0.027064762076227454},"point_estimate":0.020857172262185752,"standard_error":0.0041837296309663536},"median":{"confidence_interval":{"confidence_level":0.95,"lower_bound":0.021302404544776943,"upper_bound":0.028666314952645156},"point_estimate":0.02537321262948078,"standard_error":0.002204066380889839}}