{"mean":{"confidence_interval":{"confidence_level":0.95,"lower_bound":-0.46577020507515265,"upper_bound":-0.4129104662495378},"point_estimate":-0.4404426509928864,"standard_error":0.013502105100157598},"median":{"confidence_interval":{"confidence_level":0.95,"lower_bound":-0.469440910914654,"upper_bound":-0.4125423808144121},"point_estimate":-0.44684248208544186,"standard_error":0.016537732603399687}}