{"mean":{"confidence_interval":{"confidence_level":0.95,"lower_bound":-0.016470992012704962,"upper_bound":-0.013440814277341825},"point_estimate":-0.014880403079375104,"standard_error":0.0007772286633368298},"median":{"confidence_interval":{"confidence_level":0.95,"lower_bound":-0.016879151688476535,"upper_bound":-0.01296541924829353},"point_estimate":-0.01435847059532791,"standard_error":0.0009409788507510144}}