{"mean":{"confidence_interval":{"confidence_level":0.95,"lower_bound":1372386588.075,"upper_bound":1373889086.8},"point_estimate":1373155551.8,"standard_error":382789.0684494255},"median":{"confidence_interval":{"confidence_level":0.95,"lower_bound":1372470319.0,"upper_bound":1373870444.5},"point_estimate":1373182228.5,"standard_error":380528.266745457},"median_abs_dev":{"confidence_interval":{"confidence_level":0.95,"lower_bound":210262.32826709747,"upper_bound":2219744.974091649},"point_estimate":924298.7841904163,"standard_error":445875.2355899395},"slope":null,"std_dev":{"confidence_interval":{"confidence_level":0.95,"lower_bound":527138.8059198661,"upper_bound":1741314.6180594089},"point_estimate":1277479.7818347742,"standard_error":318325.6757303384}}