{"mean":{"confidence_interval":{"confidence_level":0.95,"lower_bound":-0.004817810749229217,"upper_bound":-0.0008195801332675502},"point_estimate":-0.002769713704333543,"standard_error":0.0010167481406038541},"median":{"confidence_interval":{"confidence_level":0.95,"lower_bound":-0.005498962000236252,"upper_bound":-0.0003332561372169085},"point_estimate":-0.003180203959517791,"standard_error":0.0013170087957504544}}