{"mean":{"confidence_interval":{"confidence_level":0.95,"lower_bound":-0.006893274040184185,"upper_bound":-0.0014109135180902122},"point_estimate":-0.003968495500916824,"standard_error":0.0013952139647348703},"median":{"confidence_interval":{"confidence_level":0.95,"lower_bound":-0.006318631291205246,"upper_bound":-0.00009173899448344791},"point_estimate":-0.0038660254681218698,"standard_error":0.00163443931365554}}