{"mean":{"confidence_interval":{"confidence_level":0.95,"lower_bound":819779320.9,"upper_bound":837432313.775},"point_estimate":828967366.2,"standard_error":4526043.636973222},"median":{"confidence_interval":{"confidence_level":0.95,"lower_bound":813926788.0,"upper_bound":840668116.5},"point_estimate":833483556.5,"standard_error":6684267.131320536},"median_abs_dev":{"confidence_interval":{"confidence_level":0.95,"lower_bound":3237330.431225896,"upper_bound":24778697.06659019},"point_estimate":12503307.46832192,"standard_error":5974768.719868559},"slope":null,"std_dev":{"confidence_interval":{"confidence_level":0.95,"lower_bound":7982578.274395857,"upper_bound":18282878.710553963},"point_estimate":15087799.629816644,"standard_error":2518926.1154434257}}