{"mean":{"confidence_interval":{"confidence_level":0.95,"lower_bound":-0.043972393614375244,"upper_bound":-0.02241078492695912},"point_estimate":-0.03442251160825249,"standard_error":0.00558273904657996},"median":{"confidence_interval":{"confidence_level":0.95,"lower_bound":-0.048064905443886086,"upper_bound":-0.026410556570611976},"point_estimate":-0.037129684216367864,"standard_error":0.005260569924169026}}