{"mean":{"confidence_interval":{"confidence_level":0.95,"lower_bound":-0.031502532565379424,"upper_bound":-0.027210101708014526},"point_estimate":-0.029522037923069733,"standard_error":0.0010958343387003848},"median":{"confidence_interval":{"confidence_level":0.95,"lower_bound":-0.03212041947842226,"upper_bound":-0.027184832159943828},"point_estimate":-0.030271959555755124,"standard_error":0.0012676658062555346}}