{"mean":{"confidence_interval":{"confidence_level":0.95,"lower_bound":-0.03578490451837713,"upper_bound":-0.020270435205385212},"point_estimate":-0.026094633583797155,"standard_error":0.004411093543524755},"median":{"confidence_interval":{"confidence_level":0.95,"lower_bound":-0.024571560599231712,"upper_bound":-0.01967890090225033},"point_estimate":-0.021892827225255318,"standard_error":0.0015881397669909015}}