{"mean":{"confidence_interval":{"confidence_level":0.95,"lower_bound":-0.01990385633346328,"upper_bound":-0.012487724083290073},"point_estimate":-0.016208216803888842,"standard_error":0.0019015094114870918},"median":{"confidence_interval":{"confidence_level":0.95,"lower_bound":-0.02315795966771883,"upper_bound":-0.012078808893276838},"point_estimate":-0.016420701509648916,"standard_error":0.002457287623664621}}