{"mean":{"confidence_interval":{"confidence_level":0.95,"lower_bound":-0.003440507649752672,"upper_bound":0.0019232762655247025},"point_estimate":-0.0008966162296363267,"standard_error":0.0013882746318284326},"median":{"confidence_interval":{"confidence_level":0.95,"lower_bound":-0.00390193425673957,"upper_bound":0.0011861802338073435},"point_estimate":-0.0017784041693801322,"standard_error":0.0012676849174206124}}