{"mean":{"confidence_interval":{"confidence_level":0.95,"lower_bound":693442471.39,"upper_bound":712368525.3},"point_estimate":701139753.9,"standard_error":5029906.127035184},"median":{"confidence_interval":{"confidence_level":0.95,"lower_bound":690883165.0,"upper_bound":701776836.0},"point_estimate":698988984.0,"standard_error":2818829.8780786786},"median_abs_dev":{"confidence_interval":{"confidence_level":0.95,"lower_bound":572203.5294413567,"upper_bound":14514320.157319307},"point_estimate":5722051.603013277,"standard_error":3747741.190051842},"slope":null,"std_dev":{"confidence_interval":{"confidence_level":0.95,"lower_bound":3982057.488802979,"upper_bound":25170214.373257242},"point_estimate":16759127.66248649,"standard_error":6820811.869031603}}