{"mean":{"confidence_interval":{"confidence_level":0.95,"lower_bound":73429926.62245537,"upper_bound":74266011.13860416},"point_estimate":73779073.99892858,"standard_error":220574.31112073333},"median":{"confidence_interval":{"confidence_level":0.95,"lower_bound":73344412.375,"upper_bound":74029332.10833333},"point_estimate":73467843.46666667,"standard_error":161517.84759946397},"median_abs_dev":{"confidence_interval":{"confidence_level":0.95,"lower_bound":39749.68343181467,"upper_bound":704247.8013971007},"point_estimate":261184.6106430476,"standard_error":186925.87001999788},"slope":{"confidence_interval":{"confidence_level":0.95,"lower_bound":73437851.44938633,"upper_bound":74843856.62321429},"point_estimate":74045770.49090908,"standard_error":384977.5631934785},"std_dev":{"confidence_interval":{"confidence_level":0.95,"lower_bound":144327.41835448382,"upper_bound":1074893.1221526572},"point_estimate":736738.7673920346,"standard_error":274745.3923938503}}