{"mean":{"confidence_interval":{"confidence_level":0.95,"lower_bound":710636033.0224999,"upper_bound":714004217.6},"point_estimate":712227821.1,"standard_error":862966.6291900345},"median":{"confidence_interval":{"confidence_level":0.95,"lower_bound":710093557.5,"upper_bound":714161253.0},"point_estimate":711318545.5,"standard_error":1242919.4876466747},"median_abs_dev":{"confidence_interval":{"confidence_level":0.95,"lower_bound":160243.11165511608,"upper_bound":5202201.643842459},"point_estimate":3281489.6714419127,"standard_error":1215834.6157610381},"slope":null,"std_dev":{"confidence_interval":{"confidence_level":0.95,"lower_bound":1496416.1508231035,"upper_bound":3802794.578896583},"point_estimate":2879969.8799925144,"standard_error":637008.0117973863}}