{"mean":{"confidence_interval":{"confidence_level":0.95,"lower_bound":1001698136.495,"upper_bound":1005421560.5},"point_estimate":1003305778.5,"standard_error":962659.2943132124},"median":{"confidence_interval":{"confidence_level":0.95,"lower_bound":1000779910.0,"upper_bound":1004222153.0},"point_estimate":1002755949.5,"standard_error":919449.3947741722},"median_abs_dev":{"confidence_interval":{"confidence_level":0.95,"lower_bound":390381.91646933556,"upper_bound":4125660.598754883},"point_estimate":2282449.3160784245,"standard_error":896315.4938491802},"slope":null,"std_dev":{"confidence_interval":{"confidence_level":0.95,"lower_bound":1177026.2205783126,"upper_bound":4661807.336780377},"point_estimate":3209689.8484204304,"standard_error":1081042.041688167}}