{"mean":{"confidence_interval":{"confidence_level":0.95,"lower_bound":806020912.3149999,"upper_bound":808467597.6075},"point_estimate":807190318.5,"standard_error":624407.951064105},"median":{"confidence_interval":{"confidence_level":0.95,"lower_bound":805911399.0,"upper_bound":808501290.0},"point_estimate":806976964.0,"standard_error":594467.0445697075},"median_abs_dev":{"confidence_interval":{"confidence_level":0.95,"lower_bound":184711.20032072067,"upper_bound":3421950.4516482353},"point_estimate":1876522.338885069,"standard_error":903837.7970256562},"slope":null,"std_dev":{"confidence_interval":{"confidence_level":0.95,"lower_bound":977542.0122161354,"upper_bound":2787167.4978851858},"point_estimate":2078915.2477201635,"standard_error":475212.16992327076}}