{"mean":{"confidence_interval":{"confidence_level":0.95,"lower_bound":0.0040145710601924185,"upper_bound":0.009605732596271335},"point_estimate":0.006831606570931736,"standard_error":0.001429978944314701},"median":{"confidence_interval":{"confidence_level":0.95,"lower_bound":0.002789188463467873,"upper_bound":0.011209176049943537},"point_estimate":0.005536204952738322,"standard_error":0.0023349960254953556}}