{"mean":{"confidence_interval":{"confidence_level":0.95,"lower_bound":0.43318345837836164,"upper_bound":0.8991588926231461},"point_estimate":0.6648061481434773,"standard_error":0.12269413032813861},"median":{"confidence_interval":{"confidence_level":0.95,"lower_bound":0.2228067268462035,"upper_bound":1.1008466060219382},"point_estimate":0.7238788556495217,"standard_error":0.2410461835745623}}