{"mean":{"confidence_interval":{"confidence_level":0.95,"lower_bound":-0.03354460393955453,"upper_bound":-0.025442189291657594},"point_estimate":-0.029982716381208863,"standard_error":0.0020594967635167824},"median":{"confidence_interval":{"confidence_level":0.95,"lower_bound":-0.03539854583075264,"upper_bound":-0.02683576404807364},"point_estimate":-0.03105075889627662,"standard_error":0.002086842617937821}}