{"mean":{"confidence_interval":{"confidence_level":0.95,"lower_bound":0.027289008336563187,"upper_bound":0.03391523944495615},"point_estimate":0.030606032342981315,"standard_error":0.0017060042900439905},"median":{"confidence_interval":{"confidence_level":0.95,"lower_bound":0.025257479479249056,"upper_bound":0.035955069392298755},"point_estimate":0.029761892033063342,"standard_error":0.002725414207506998}}