{"mean":{"confidence_interval":{"confidence_level":0.95,"lower_bound":-0.029641580397920725,"upper_bound":-0.021301600031646804},"point_estimate":-0.02529238050082594,"standard_error":0.002124970123538742},"median":{"confidence_interval":{"confidence_level":0.95,"lower_bound":-0.0308736886477613,"upper_bound":-0.02046022852267848},"point_estimate":-0.024805572067831072,"standard_error":0.002668216500787935}}