{"mean":{"confidence_interval":{"confidence_level":0.95,"lower_bound":-0.002002375229782815,"upper_bound":0.007784772869887767},"point_estimate":0.0027010602602637324,"standard_error":0.002471999467127804},"median":{"confidence_interval":{"confidence_level":0.95,"lower_bound":-0.0026207767399940574,"upper_bound":0.008664434913335128},"point_estimate":0.0012414885277658438,"standard_error":0.003079803179455018}}