{"mean":{"confidence_interval":{"confidence_level":0.95,"lower_bound":-0.004702491470058428,"upper_bound":0.020243873044446845},"point_estimate":0.007404378421426383,"standard_error":0.006293795787501036},"median":{"confidence_interval":{"confidence_level":0.95,"lower_bound":0.002480491659125006,"upper_bound":0.011018366389576428},"point_estimate":0.007695867035557358,"standard_error":0.0024212480074207393}}