{"mean":{"confidence_interval":{"confidence_level":0.95,"lower_bound":-0.019538887362436894,"upper_bound":-0.014689195817321407},"point_estimate":-0.01720191239904889,"standard_error":0.0012361037164822428},"median":{"confidence_interval":{"confidence_level":0.95,"lower_bound":-0.020917964712146686,"upper_bound":-0.014645467279497115},"point_estimate":-0.017978235734741554,"standard_error":0.001619289344400157}}