{"mean":{"confidence_interval":{"confidence_level":0.95,"lower_bound":0.007265598758481179,"upper_bound":0.014731787788082578},"point_estimate":0.010524255598285182,"standard_error":0.0018929547099667836},"median":{"confidence_interval":{"confidence_level":0.95,"lower_bound":0.0064258094036582225,"upper_bound":0.011166242636037493},"point_estimate":0.008598560346295692,"standard_error":0.0011964437338121564}}