{"mean":{"confidence_interval":{"confidence_level":0.95,"lower_bound":-0.03324433381928592,"upper_bound":-0.017441143983736435},"point_estimate":-0.024056692940582103,"standard_error":0.004138658107134108},"median":{"confidence_interval":{"confidence_level":0.95,"lower_bound":-0.026891365377104903,"upper_bound":-0.014511415036049538},"point_estimate":-0.02223177478664018,"standard_error":0.00352778403709307}}