{"mean":{"confidence_interval":{"confidence_level":0.95,"lower_bound":907909462.7425,"upper_bound":910219840.955},"point_estimate":909059374.2,"standard_error":593597.2860152533},"median":{"confidence_interval":{"confidence_level":0.95,"lower_bound":907040298.0,"upper_bound":910974183.5},"point_estimate":908840561.5,"standard_error":1081273.2082152262},"median_abs_dev":{"confidence_interval":{"confidence_level":0.95,"lower_bound":467591.2752985954,"upper_bound":3241497.2784519196},"point_estimate":2654951.076865196,"standard_error":719728.0604079313},"slope":null,"std_dev":{"confidence_interval":{"confidence_level":0.95,"lower_bound":1280069.9541332612,"upper_bound":2334528.2106417823},"point_estimate":1983155.9770513822,"standard_error":268626.2220158395}}