{"mean":{"confidence_interval":{"confidence_level":0.95,"lower_bound":202222677.3,"upper_bound":203090664.95166668},"point_estimate":202685882.6,"standard_error":221253.38944038076},"median":{"confidence_interval":{"confidence_level":0.95,"lower_bound":201844515.0,"upper_bound":203152629.0},"point_estimate":203074296.8333333,"standard_error":333090.00295229396},"median_abs_dev":{"confidence_interval":{"confidence_level":0.95,"lower_bound":31653.75653804085,"upper_bound":1130082.1779370308},"point_estimate":192996.46317364258,"standard_error":304883.6963063612},"slope":null,"std_dev":{"confidence_interval":{"confidence_level":0.95,"lower_bound":199526.51489062645,"upper_bound":864204.5798584676},"point_estimate":736069.0289136255,"standard_error":141160.31738994346}}