{"mean":{"confidence_interval":{"confidence_level":0.95,"lower_bound":562237869.8399999,"upper_bound":563758250.9},"point_estimate":563019512.5,"standard_error":388038.14944572543},"median":{"confidence_interval":{"confidence_level":0.95,"lower_bound":561919565.5,"upper_bound":564092874.0},"point_estimate":563082703.5,"standard_error":491682.27069994673},"median_abs_dev":{"confidence_interval":{"confidence_level":0.95,"lower_bound":375624.8576313257,"upper_bound":2348748.2217013836},"point_estimate":1044659.9565535784,"standard_error":511249.2934419766},"slope":null,"std_dev":{"confidence_interval":{"confidence_level":0.95,"lower_bound":701574.1324693097,"upper_bound":1630088.2562978505},"point_estimate":1295538.9141943338,"standard_error":238881.16297479713}}