{"mean":{"confidence_interval":{"confidence_level":0.95,"lower_bound":640675907.885,"upper_bound":653151694.65},"point_estimate":646454585.8,"standard_error":3200831.231382948},"median":{"confidence_interval":{"confidence_level":0.95,"lower_bound":638417414.5,"upper_bound":650842629.0},"point_estimate":645673529.0,"standard_error":3461123.2672980158},"median_abs_dev":{"confidence_interval":{"confidence_level":0.95,"lower_bound":575222.1029877663,"upper_bound":16425754.019084573},"point_estimate":5982129.290395975,"standard_error":4065161.567969566},"slope":null,"std_dev":{"confidence_interval":{"confidence_level":0.95,"lower_bound":4414004.556619928,"upper_bound":14829038.031976162},"point_estimate":10674925.758826936,"standard_error":2877634.9104502727}}