{"mean":{"confidence_interval":{"confidence_level":0.95,"lower_bound":494763290.6,"upper_bound":496087778.4},"point_estimate":495414483.85,"standard_error":339641.8437276187},"median":{"confidence_interval":{"confidence_level":0.95,"lower_bound":494397400.25,"upper_bound":496527111.5},"point_estimate":495167532.25,"standard_error":574516.623332671},"median_abs_dev":{"confidence_interval":{"confidence_level":0.95,"lower_bound":261620.33265531063,"upper_bound":1813806.5067484975},"point_estimate":1485935.0823193789,"standard_error":411492.1294688749},"slope":null,"std_dev":{"confidence_interval":{"confidence_level":0.95,"lower_bound":703525.7255897316,"upper_bound":1342077.4424275206},"point_estimate":1129785.5218943364,"standard_error":163265.3790007082}}