{"mean":{"confidence_interval":{"confidence_level":0.95,"lower_bound":595430458.9225,"upper_bound":599130749.1},"point_estimate":597271648.5,"standard_error":949681.941585432},"median":{"confidence_interval":{"confidence_level":0.95,"lower_bound":594638005.0,"upper_bound":600227099.0},"point_estimate":597281552.0,"standard_error":1300992.6487217026},"median_abs_dev":{"confidence_interval":{"confidence_level":0.95,"lower_bound":716246.2711840868,"upper_bound":5523740.513134003},"point_estimate":4143195.3086435795,"standard_error":1299804.3075228708},"slope":null,"std_dev":{"confidence_interval":{"confidence_level":0.95,"lower_bound":1850121.0811744116,"upper_bound":3881222.46944842},"point_estimate":3160367.8600125103,"standard_error":516467.80761501496}}