{"mean":{"confidence_interval":{"confidence_level":0.95,"lower_bound":-0.015304173862976552,"upper_bound":-0.009746949782367956},"point_estimate":-0.012267161410976946,"standard_error":0.0014081143239648292},"median":{"confidence_interval":{"confidence_level":0.95,"lower_bound":-0.014856250623022205,"upper_bound":-0.00899758844867049},"point_estimate":-0.01139409187690621,"standard_error":0.0014147751425508995}}