{"mean":{"confidence_interval":{"confidence_level":0.95,"lower_bound":-0.012814328646782133,"upper_bound":-0.005849635742508521},"point_estimate":-0.009335726738280092,"standard_error":0.0017870094563482242},"median":{"confidence_interval":{"confidence_level":0.95,"lower_bound":-0.01357841890895517,"upper_bound":-0.004625841671145103},"point_estimate":-0.007694020193994899,"standard_error":0.0020143234240965415}}