{"mean":{"confidence_interval":{"confidence_level":0.95,"lower_bound":0.0021554301533104453,"upper_bound":0.011248963473276162},"point_estimate":0.006875799640689184,"standard_error":0.0023156155450891063},"median":{"confidence_interval":{"confidence_level":0.95,"lower_bound":0.0007787038710311833,"upper_bound":0.013028054523204657},"point_estimate":0.006275126141056742,"standard_error":0.003083795775289303}}