{"mean":{"confidence_interval":{"confidence_level":0.95,"lower_bound":-0.012023211699838497,"upper_bound":-0.003082088584748095},"point_estimate":-0.0069568039721551456,"standard_error":0.0023103419094522614},"median":{"confidence_interval":{"confidence_level":0.95,"lower_bound":-0.008799652976206884,"upper_bound":-0.0028248315492471754},"point_estimate":-0.005702731793148841,"standard_error":0.0016204115874509253}}