{"mean":{"confidence_interval":{"confidence_level":0.95,"lower_bound":538364487.8125,"upper_bound":543825201.9300001},"point_estimate":540972173.0,"standard_error":1402137.9810790801},"median":{"confidence_interval":{"confidence_level":0.95,"lower_bound":537405564.0,"upper_bound":544652865.0},"point_estimate":539929896.0,"standard_error":1889132.3275796943},"median_abs_dev":{"confidence_interval":{"confidence_level":0.95,"lower_bound":1243463.269624114,"upper_bound":7715247.888126969},"point_estimate":4476311.80112958,"standard_error":1793953.0063747915},"slope":null,"std_dev":{"confidence_interval":{"confidence_level":0.95,"lower_bound":2224443.4655499514,"upper_bound":5707214.49137551},"point_estimate":4670301.619090593,"standard_error":843902.8863023891}}