{"mean":{"confidence_interval":{"confidence_level":0.95,"lower_bound":-0.0007965648838406489,"upper_bound":0.005532654143554332},"point_estimate":0.0023551827889713994,"standard_error":0.0016211296223491288},"median":{"confidence_interval":{"confidence_level":0.95,"lower_bound":-0.0027924550734794717,"upper_bound":0.008255021039979438},"point_estimate":0.0021891353866543284,"standard_error":0.0032635477169324304}}