{"mean":{"confidence_interval":{"confidence_level":0.95,"lower_bound":477984669.2,"upper_bound":478900830.15},"point_estimate":478406419.65,"standard_error":234997.38929900053},"median":{"confidence_interval":{"confidence_level":0.95,"lower_bound":477835701.0,"upper_bound":478890633.5},"point_estimate":478271361.0,"standard_error":250151.23739526936},"median_abs_dev":{"confidence_interval":{"confidence_level":0.95,"lower_bound":70987.62803971767,"upper_bound":1243813.5338678956},"point_estimate":731165.304069221,"standard_error":296908.24981367413},"slope":null,"std_dev":{"confidence_interval":{"confidence_level":0.95,"lower_bound":330621.7701751252,"upper_bound":1044577.8704069409},"point_estimate":783108.8891246241,"standard_error":190110.5820644716}}