{"mean":{"confidence_interval":{"confidence_level":0.95,"lower_bound":160389199.49464285,"upper_bound":162472032.75047618},"point_estimate":161400004.46297616,"standard_error":531912.8965757132},"median":{"confidence_interval":{"confidence_level":0.95,"lower_bound":160341622.25,"upper_bound":162517558.1666667},"point_estimate":161106118.5,"standard_error":474818.56308794115},"median_abs_dev":{"confidence_interval":{"confidence_level":0.95,"lower_bound":318504.3048454214,"upper_bound":3165839.3281200915},"point_estimate":1152256.8697683513,"standard_error":737677.5197956716},"slope":{"confidence_interval":{"confidence_level":0.95,"lower_bound":160815348.7259041,"upper_bound":163736795.44767442},"point_estimate":162590993.07792208,"standard_error":751588.764709274},"std_dev":{"confidence_interval":{"confidence_level":0.95,"lower_bound":649215.2222921229,"upper_bound":2361623.7493683985},"point_estimate":1774729.7770318142,"standard_error":418000.9656035241}}