{"mean":{"confidence_interval":{"confidence_level":0.95,"lower_bound":445041777.95,"upper_bound":447812747.5075},"point_estimate":446336442.4,"standard_error":710959.5913802844},"median":{"confidence_interval":{"confidence_level":0.95,"lower_bound":444484479.5,"upper_bound":449027788.0},"point_estimate":445277704.5,"standard_error":1097993.7311051113},"median_abs_dev":{"confidence_interval":{"confidence_level":0.95,"lower_bound":233407.56710618734,"upper_bound":3838663.714300096},"point_estimate":1267535.133446753,"standard_error":899989.755998592},"slope":null,"std_dev":{"confidence_interval":{"confidence_level":0.95,"lower_bound":628043.5294039231,"upper_bound":2754998.692805538},"point_estimate":2366592.7202644898,"standard_error":442669.4534869448}}