{"mean":{"confidence_interval":{"confidence_level":0.95,"lower_bound":681154253.1,"upper_bound":748101130.1374999},"point_estimate":707380989.0,"standard_error":18335932.91062152},"median":{"confidence_interval":{"confidence_level":0.95,"lower_bound":673928287.0,"upper_bound":709720899.0},"point_estimate":693773826.5,"standard_error":10028896.409668112},"median_abs_dev":{"confidence_interval":{"confidence_level":0.95,"lower_bound":5889101.331147552,"upper_bound":43426957.40221739},"point_estimate":23919852.106037736,"standard_error":9936129.7259628},"slope":null,"std_dev":{"confidence_interval":{"confidence_level":0.95,"lower_bound":12306458.99311265,"upper_bound":93350967.31084658},"point_estimate":61297273.77624036,"standard_error":27514307.02189362}}