{"mean":{"confidence_interval":{"confidence_level":0.95,"lower_bound":-0.5911473274206389,"upper_bound":-0.5550888450192635},"point_estimate":-0.575391355767054,"standard_error":0.009321520182991308},"median":{"confidence_interval":{"confidence_level":0.95,"lower_bound":-0.5956948167069892,"upper_bound":-0.5596784472437237},"point_estimate":-0.5820068728177895,"standard_error":0.009538757189422715}}