{"mean":{"confidence_interval":{"confidence_level":0.95,"lower_bound":0.04842376950430524,"upper_bound":0.05804215027902994},"point_estimate":0.053343105791066936,"standard_error":0.002460355617131198},"median":{"confidence_interval":{"confidence_level":0.95,"lower_bound":0.04777870802627704,"upper_bound":0.06071229859106708},"point_estimate":0.05443233169085593,"standard_error":0.0034098388020892623}}