{"mean":{"confidence_interval":{"confidence_level":0.95,"lower_bound":470311831.2275,"upper_bound":473681980.98875004},"point_estimate":472020202.0,"standard_error":866394.2740378423},"median":{"confidence_interval":{"confidence_level":0.95,"lower_bound":468965569.0,"upper_bound":474831391.0},"point_estimate":472306129.25,"standard_error":1554111.4166104188},"median_abs_dev":{"confidence_interval":{"confidence_level":0.95,"lower_bound":647278.6856085062,"upper_bound":4703287.478899956},"point_estimate":4061800.570088625,"standard_error":1055187.43326372},"slope":null,"std_dev":{"confidence_interval":{"confidence_level":0.95,"lower_bound":1851963.628556916,"upper_bound":3371095.5235388344},"point_estimate":2881827.079195901,"standard_error":387365.1759089195}}