{"mean":{"confidence_interval":{"confidence_level":0.95,"lower_bound":-0.05844783063573434,"upper_bound":-0.03378536862957104},"point_estimate":-0.04465056465225303,"standard_error":0.006406045848854599},"median":{"confidence_interval":{"confidence_level":0.95,"lower_bound":-0.05505926334314393,"upper_bound":-0.030096839994470548},"point_estimate":-0.03792203128246596,"standard_error":0.005453893162917519}}