{"mean":{"confidence_interval":{"confidence_level":0.95,"lower_bound":-0.015201167430374725,"upper_bound":0.010242240245814726},"point_estimate":-0.004398306896121751,"standard_error":0.006704388956827924},"median":{"confidence_interval":{"confidence_level":0.95,"lower_bound":-0.01702627169847415,"upper_bound":0.004611993789568558},"point_estimate":-0.010904453829548522,"standard_error":0.0048180816886067256}}