{"mean":{"confidence_interval":{"confidence_level":0.95,"lower_bound":233327740.46666664,"upper_bound":234775956.33333334},"point_estimate":234052022.36666664,"standard_error":371541.0771486214},"median":{"confidence_interval":{"confidence_level":0.95,"lower_bound":233047526.8333333,"upper_bound":235010236.8333333},"point_estimate":234019984.0,"standard_error":487304.3357861853},"median_abs_dev":{"confidence_interval":{"confidence_level":0.95,"lower_bound":228964.09143508217,"upper_bound":2159033.4935695007},"point_estimate":1224886.2919539213,"standard_error":488587.5523548363},"slope":null,"std_dev":{"confidence_interval":{"confidence_level":0.95,"lower_bound":699458.7842758169,"upper_bound":1562594.1456955476},"point_estimate":1238080.5398671932,"standard_error":221192.64874862987}}