{"mean":{"confidence_interval":{"confidence_level":0.95,"lower_bound":506780178.6,"upper_bound":509832177.64750004},"point_estimate":508284037.9,"standard_error":779273.8003040423},"median":{"confidence_interval":{"confidence_level":0.95,"lower_bound":505959709.0,"upper_bound":509995669.0},"point_estimate":508572014.0,"standard_error":1087678.3802059079},"median_abs_dev":{"confidence_interval":{"confidence_level":0.95,"lower_bound":714821.4926093817,"upper_bound":4567817.871505022},"point_estimate":2619900.189587474,"standard_error":971762.7898824095},"slope":null,"std_dev":{"confidence_interval":{"confidence_level":0.95,"lower_bound":1500717.846686127,"upper_bound":3310936.01344919},"point_estimate":2598217.3467194536,"standard_error":471217.84858834057}}