{"mean":{"confidence_interval":{"confidence_level":0.95,"lower_bound":350594641.72875005,"upper_bound":354750458.82875},"point_estimate":352476694.2,"standard_error":1067620.873403897},"median":{"confidence_interval":{"confidence_level":0.95,"lower_bound":349806465.0,"upper_bound":354695940.25},"point_estimate":351485150.0,"standard_error":1179804.4547735425},"median_abs_dev":{"confidence_interval":{"confidence_level":0.95,"lower_bound":435651.25341564417,"upper_bound":5379843.066188693},"point_estimate":2629824.343161285,"standard_error":1256603.5039821358},"slope":null,"std_dev":{"confidence_interval":{"confidence_level":0.95,"lower_bound":1286722.1133178347,"upper_bound":4699959.883583947},"point_estimate":3553364.907044176,"standard_error":903006.0499394741}}