{"mean":{"confidence_interval":{"confidence_level":0.95,"lower_bound":0.03321931568994123,"upper_bound":0.039493671507740434},"point_estimate":0.03628668888854114,"standard_error":0.0015943566830419233},"median":{"confidence_interval":{"confidence_level":0.95,"lower_bound":0.03149677178496679,"upper_bound":0.04082368403794634},"point_estimate":0.03603151201023258,"standard_error":0.002396550592576685}}