{"mean":{"confidence_interval":{"confidence_level":0.95,"lower_bound":332209428.82875,"upper_bound":336545887.13875},"point_estimate":334430223.7,"standard_error":1112941.1272959642},"median":{"confidence_interval":{"confidence_level":0.95,"lower_bound":330817593.0,"upper_bound":338255514.0},"point_estimate":334573096.25,"standard_error":1780889.388220544},"median_abs_dev":{"confidence_interval":{"confidence_level":0.95,"lower_bound":308285.90812683105,"upper_bound":6352190.691626072},"point_estimate":5513730.739411712,"standard_error":1672574.4683689661},"slope":null,"std_dev":{"confidence_interval":{"confidence_level":0.95,"lower_bound":2058259.1073340138,"upper_bound":4399475.03710451},"point_estimate":3702692.029915946,"standard_error":566369.9043105141}}