{"mean":{"confidence_interval":{"confidence_level":0.95,"lower_bound":512183457.965,"upper_bound":518710453.6775},"point_estimate":515533283.4,"standard_error":1668078.9508514337},"median":{"confidence_interval":{"confidence_level":0.95,"lower_bound":511029272.5,"upper_bound":518725898.0},"point_estimate":517444412.0,"standard_error":1842211.696968527},"median_abs_dev":{"confidence_interval":{"confidence_level":0.95,"lower_bound":72678.5333096981,"upper_bound":9185147.16913104},"point_estimate":4307759.457921982,"standard_error":2652788.0061785425},"slope":null,"std_dev":{"confidence_interval":{"confidence_level":0.95,"lower_bound":2563760.582435035,"upper_bound":7229376.164739513},"point_estimate":5555665.128348464,"standard_error":1160164.7401034217}}