{"mean":{"confidence_interval":{"confidence_level":0.95,"lower_bound":870429580.5325,"upper_bound":879623125.1},"point_estimate":875125718.9,"standard_error":2353593.7956523933},"median":{"confidence_interval":{"confidence_level":0.95,"lower_bound":866845871.5,"upper_bound":882394119.0},"point_estimate":878540104.5,"standard_error":4705593.952535722},"median_abs_dev":{"confidence_interval":{"confidence_level":0.95,"lower_bound":1031765.0432825089,"upper_bound":12534751.189863682},"point_estimate":6745726.839539409,"standard_error":3136834.1947096502},"slope":null,"std_dev":{"confidence_interval":{"confidence_level":0.95,"lower_bound":4962513.834161458,"upper_bound":8816244.782932948},"point_estimate":7852522.501265259,"standard_error":985732.1942330904}}