{"mean":{"confidence_interval":{"confidence_level":0.95,"lower_bound":834344641.14,"upper_bound":841503996.2425},"point_estimate":837800195.1,"standard_error":1840458.1326947692},"median":{"confidence_interval":{"confidence_level":0.95,"lower_bound":832104059.0,"upper_bound":843505679.0},"point_estimate":836635837.0,"standard_error":2574056.5578222745},"median_abs_dev":{"confidence_interval":{"confidence_level":0.95,"lower_bound":1500511.2639606,"upper_bound":9885079.651504755},"point_estimate":6915562.373024225,"standard_error":2414645.8585959235},"slope":null,"std_dev":{"confidence_interval":{"confidence_level":0.95,"lower_bound":3182223.4110099203,"upper_bound":7619746.337194355},"point_estimate":6158302.481752499,"standard_error":1091395.2860029978}}