{"mean":{"confidence_interval":{"confidence_level":0.95,"lower_bound":775076738.1,"upper_bound":784625778.9},"point_estimate":778871380.3,"standard_error":2598925.1262758328},"median":{"confidence_interval":{"confidence_level":0.95,"lower_bound":774386358.5,"upper_bound":779909983.0},"point_estimate":776130748.0,"standard_error":1405153.0476426205},"median_abs_dev":{"confidence_interval":{"confidence_level":0.95,"lower_bound":321472.1522927284,"upper_bound":6554931.790226698},"point_estimate":3169026.3091385365,"standard_error":1707214.7686210172},"slope":null,"std_dev":{"confidence_interval":{"confidence_level":0.95,"lower_bound":1438342.7060520386,"upper_bound":13146815.023931967},"point_estimate":8685133.578682434,"standard_error":3746132.8314142465}}