{"mean":{"confidence_interval":{"confidence_level":0.95,"lower_bound":789572610.4,"upper_bound":799712174.8775},"point_estimate":793107402.9,"standard_error":3071838.772612648},"median":{"confidence_interval":{"confidence_level":0.95,"lower_bound":789382334.0,"upper_bound":790808470.0},"point_estimate":789788698.5,"standard_error":868391.7438394071},"median_abs_dev":{"confidence_interval":{"confidence_level":0.95,"lower_bound":152901.2765854597,"upper_bound":1517295.7782626152},"point_estimate":642532.1417927742,"standard_error":941715.9245472741},"slope":null,"std_dev":{"confidence_interval":{"confidence_level":0.95,"lower_bound":301369.05047630373,"upper_bound":15736537.521411803},"point_estimate":10254684.046057971,"standard_error":5590699.244295502}}