{"mean":{"confidence_interval":{"confidence_level":0.95,"lower_bound":751556950.5,"upper_bound":754206658.8774999},"point_estimate":752946181.6,"standard_error":682643.055026797},"median":{"confidence_interval":{"confidence_level":0.95,"lower_bound":750437203.0,"upper_bound":754496940.0},"point_estimate":753971248.0,"standard_error":1086547.7998375932},"median_abs_dev":{"confidence_interval":{"confidence_level":0.95,"lower_bound":185821.66770100594,"upper_bound":3495571.177241206},"point_estimate":1496231.7391365767,"standard_error":982967.8684388401},"slope":null,"std_dev":{"confidence_interval":{"confidence_level":0.95,"lower_bound":1092572.7773117297,"upper_bound":2729660.2169042374},"point_estimate":2273855.9930125643,"standard_error":388777.07141861715}}