{"mean":{"confidence_interval":{"confidence_level":0.95,"lower_bound":-0.03232610721234386,"upper_bound":-0.019529239662062787},"point_estimate":-0.026294815642900593,"standard_error":0.0032684680959743483},"median":{"confidence_interval":{"confidence_level":0.95,"lower_bound":-0.031399960533453064,"upper_bound":-0.019345240234810213},"point_estimate":-0.027724176957139912,"standard_error":0.0026898277348524876}}