{"mean":{"confidence_interval":{"confidence_level":0.95,"lower_bound":-0.033704941083774934,"upper_bound":-0.01971356067368687},"point_estimate":-0.0265043654171655,"standard_error":0.003593831428915885},"median":{"confidence_interval":{"confidence_level":0.95,"lower_bound":-0.034741442374381815,"upper_bound":-0.01831406061081131},"point_estimate":-0.025257578077685583,"standard_error":0.004022408011816372}}