{"mean":{"confidence_interval":{"confidence_level":0.95,"lower_bound":290383725.35,"upper_bound":291739384.15375},"point_estimate":291114763.75,"standard_error":348555.45404547395},"median":{"confidence_interval":{"confidence_level":0.95,"lower_bound":290400972.5,"upper_bound":292128292.0},"point_estimate":291210170.5,"standard_error":422694.039981959},"median_abs_dev":{"confidence_interval":{"confidence_level":0.95,"lower_bound":138375.13269335032,"upper_bound":1776246.319015324},"point_estimate":1200237.6967415214,"standard_error":479984.26464596},"slope":null,"std_dev":{"confidence_interval":{"confidence_level":0.95,"lower_bound":515313.7347922172,"upper_bound":1551385.9621148494},"point_estimate":1159807.0544243136,"standard_error":287908.4286925261}}