{"mean":{"confidence_interval":{"confidence_level":0.95,"lower_bound":-0.01656874988847757,"upper_bound":0.0008926509096719046},"point_estimate":-0.007391764085367236,"standard_error":0.004479219433401661},"median":{"confidence_interval":{"confidence_level":0.95,"lower_bound":-0.016313121106389605,"upper_bound":0.0067184579070018735},"point_estimate":-0.003339711137093637,"standard_error":0.005784932280906304}}