{"mean":{"confidence_interval":{"confidence_level":0.95,"lower_bound":0.024890830110366628,"upper_bound":0.03489442733359072},"point_estimate":0.03003736004617119,"standard_error":0.0025480482900204684},"median":{"confidence_interval":{"confidence_level":0.95,"lower_bound":0.02292499443697449,"upper_bound":0.034965637298921104},"point_estimate":0.03177871010789901,"standard_error":0.002740285618578254}}