{"mean":{"confidence_interval":{"confidence_level":0.95,"lower_bound":-0.024542727675738906,"upper_bound":-0.018394091740749265},"point_estimate":-0.02125457397913144,"standard_error":0.0015317211889416715},"median":{"confidence_interval":{"confidence_level":0.95,"lower_bound":-0.023606437621988663,"upper_bound":-0.016336649721829466},"point_estimate":-0.02110345953493864,"standard_error":0.0020016476226333416}}