{"mean":{"confidence_interval":{"confidence_level":0.95,"lower_bound":245792513.83333334,"upper_bound":247449461.2},"point_estimate":246780952.66666666,"standard_error":443495.7707947535},"median":{"confidence_interval":{"confidence_level":0.95,"lower_bound":246647350.66666666,"upper_bound":247588277.5},"point_estimate":247141509.66666666,"standard_error":249320.2101148918},"median_abs_dev":{"confidence_interval":{"confidence_level":0.95,"lower_bound":84558.85399878761,"upper_bound":1241712.3190552217},"point_estimate":624133.3232194037,"standard_error":302449.328161751},"slope":null,"std_dev":{"confidence_interval":{"confidence_level":0.95,"lower_bound":327321.754202125,"upper_bound":2226946.693167687},"point_estimate":1474936.675555234,"standard_error":616131.5982765693}}