{"mean":{"confidence_interval":{"confidence_level":0.95,"lower_bound":-0.34482333178300484,"upper_bound":-0.2620366583734391},"point_estimate":-0.30392576432006324,"standard_error":0.021283049114617977},"median":{"confidence_interval":{"confidence_level":0.95,"lower_bound":-0.37532389631842467,"upper_bound":-0.23660079897389497},"point_estimate":-0.28382322079420275,"standard_error":0.037028876619159566}}