{"mean":{"confidence_interval":{"confidence_level":0.95,"lower_bound":-0.03274626810276532,"upper_bound":-0.026529875119623434},"point_estimate":-0.02959429195776897,"standard_error":0.0016450983451154829},"median":{"confidence_interval":{"confidence_level":0.95,"lower_bound":-0.03403312061429653,"upper_bound":-0.024598524859120507},"point_estimate":-0.030693193530624385,"standard_error":0.00298374032054855}}