{"mean":{"confidence_interval":{"confidence_level":0.95,"lower_bound":-0.024070298516091125,"upper_bound":0.0030018756757746842},"point_estimate":-0.013699600386716138,"standard_error":0.007675827168616017},"median":{"confidence_interval":{"confidence_level":0.95,"lower_bound":-0.02491877180444657,"upper_bound":-0.01816583850126663},"point_estimate":-0.02014264370711094,"standard_error":0.001901502910390444}}