{"mean":{"confidence_interval":{"confidence_level":0.95,"lower_bound":1102423109.3,"upper_bound":1107375769.8},"point_estimate":1104816720.8,"standard_error":1259556.226823864},"median":{"confidence_interval":{"confidence_level":0.95,"lower_bound":1101476551.0,"upper_bound":1106296222.0},"point_estimate":1105562901.0,"standard_error":1168092.6273336983},"median_abs_dev":{"confidence_interval":{"confidence_level":0.95,"lower_bound":193910.73315739632,"upper_bound":7197607.002916932},"point_estimate":1256931.9490849972,"standard_error":2041196.7985036916},"slope":null,"std_dev":{"confidence_interval":{"confidence_level":0.95,"lower_bound":1773133.4241708028,"upper_bound":5745145.446303422},"point_estimate":4196338.023522515,"standard_error":1043864.8021903003}}