{"mean":{"confidence_interval":{"confidence_level":0.95,"lower_bound":1.5200935285791266,"upper_bound":1.9111000030267642},"point_estimate":1.7211572342895227,"standard_error":0.09983851516743257},"median":{"confidence_interval":{"confidence_level":0.95,"lower_bound":1.429222025083556,"upper_bound":2.0050011404962396},"point_estimate":1.7113573121653856,"standard_error":0.17809647313260565}}