{"mean":{"confidence_interval":{"confidence_level":0.95,"lower_bound":-0.021899207981814734,"upper_bound":-0.013293614708204959},"point_estimate":-0.01750499775708536,"standard_error":0.0021924658084587255},"median":{"confidence_interval":{"confidence_level":0.95,"lower_bound":-0.02399208074667003,"upper_bound":-0.011112845759379542},"point_estimate":-0.020164083780901065,"standard_error":0.0030625252936088646}}