{"mean":{"confidence_interval":{"confidence_level":0.95,"lower_bound":378037969.08500004,"upper_bound":379213192.10125},"point_estimate":378582047.0,"standard_error":301171.3466632724},"median":{"confidence_interval":{"confidence_level":0.95,"lower_bound":377828838.0,"upper_bound":379039592.75},"point_estimate":378588324.0,"standard_error":350165.4651985325},"median_abs_dev":{"confidence_interval":{"confidence_level":0.95,"lower_bound":216515.19365608692,"upper_bound":1588311.6127668058},"point_estimate":916617.0630767941,"standard_error":341646.6878638014},"slope":null,"std_dev":{"confidence_interval":{"confidence_level":0.95,"lower_bound":472979.1160445046,"upper_bound":1372444.4675740825},"point_estimate":1003027.7286030586,"standard_error":256179.74139654817}}