{"mean":{"confidence_interval":{"confidence_level":0.95,"lower_bound":631768892.2175,"upper_bound":638945285.5},"point_estimate":634552156.0,"standard_error":1974684.3067901284},"median":{"confidence_interval":{"confidence_level":0.95,"lower_bound":630983930.5,"upper_bound":634659933.0},"point_estimate":632671385.0,"standard_error":1053487.878285088},"median_abs_dev":{"confidence_interval":{"confidence_level":0.95,"lower_bound":703799.1031050682,"upper_bound":4343299.603191018},"point_estimate":2401599.204263091,"standard_error":1033131.2022981137},"slope":null,"std_dev":{"confidence_interval":{"confidence_level":0.95,"lower_bound":1217093.7936744287,"upper_bound":10004871.863496419},"point_estimate":6569304.041647943,"standard_error":2956498.768594895}}