{"mean":{"confidence_interval":{"confidence_level":0.95,"lower_bound":267718038.03375,"upper_bound":268290754.45},"point_estimate":268000844.2,"standard_error":146134.154934074},"median":{"confidence_interval":{"confidence_level":0.95,"lower_bound":267647956.75,"upper_bound":268257190.0},"point_estimate":268103537.25,"standard_error":173041.11511519444},"median_abs_dev":{"confidence_interval":{"confidence_level":0.95,"lower_bound":20978.418977558613,"upper_bound":851569.4718316197},"point_estimate":402982.5336456299,"standard_error":207048.328196096},"slope":null,"std_dev":{"confidence_interval":{"confidence_level":0.95,"lower_bound":236273.9047074139,"upper_bound":654191.2884332414},"point_estimate":486418.8522254138,"standard_error":107711.92908542302}}