{"mean":{"confidence_interval":{"confidence_level":0.95,"lower_bound":-0.018901325370192592,"upper_bound":-0.010736068631680211},"point_estimate":-0.014565122532093189,"standard_error":0.002097456042450458},"median":{"confidence_interval":{"confidence_level":0.95,"lower_bound":-0.018421019634967006,"upper_bound":-0.00957655527882495},"point_estimate":-0.0131115148246711,"standard_error":0.002041190324036386}}