{"mean":{"confidence_interval":{"confidence_level":0.95,"lower_bound":-0.02290087589796264,"upper_bound":-0.016237886660666688},"point_estimate":-0.01955371384282223,"standard_error":0.0017490857321477836},"median":{"confidence_interval":{"confidence_level":0.95,"lower_bound":-0.02474881624699443,"upper_bound":-0.01493873052601713},"point_estimate":-0.02285525107464148,"standard_error":0.002561544365927925}}