{"mean":{"confidence_interval":{"confidence_level":0.95,"lower_bound":1349848416.6,"upper_bound":1518501918.8},"point_estimate":1439768683.7,"standard_error":43274367.25663766},"median":{"confidence_interval":{"confidence_level":0.95,"lower_bound":1293330897.0,"upper_bound":1551656796.0},"point_estimate":1497883088.0,"standard_error":63528117.984512955},"median_abs_dev":{"confidence_interval":{"confidence_level":0.95,"lower_bound":3893580.329275131,"upper_bound":234499217.32760668},"point_estimate":80122305.28184474,"standard_error":56543015.3177136},"slope":null,"std_dev":{"confidence_interval":{"confidence_level":0.95,"lower_bound":29819792.553084213,"upper_bound":168683467.35242364},"point_estimate":143652697.2979843,"standard_error":28602544.74118182}}