{"mean":{"confidence_interval":{"confidence_level":0.95,"lower_bound":1361834230.8,"upper_bound":1368365944.4425},"point_estimate":1364789759.1,"standard_error":1683607.0813224532},"median":{"confidence_interval":{"confidence_level":0.95,"lower_bound":1360966627.5,"upper_bound":1367572887.0},"point_estimate":1363164901.0,"standard_error":1664610.596276383},"median_abs_dev":{"confidence_interval":{"confidence_level":0.95,"lower_bound":219016.3398116827,"upper_bound":7903673.742681742},"point_estimate":5260043.799215555,"standard_error":2056132.7356001697},"slope":null,"std_dev":{"confidence_interval":{"confidence_level":0.95,"lower_bound":2274695.3765676226,"upper_bound":7877598.560132554},"point_estimate":5630131.66130423,"standard_error":1622005.6140642574}}