{"mean":{"confidence_interval":{"confidence_level":0.95,"lower_bound":-0.047444685227594596,"upper_bound":-0.0329697641172631},"point_estimate":-0.040363843033933255,"standard_error":0.0036954669281990633},"median":{"confidence_interval":{"confidence_level":0.95,"lower_bound":-0.0511465150580005,"upper_bound":-0.03187573840140134},"point_estimate":-0.04059029670509029,"standard_error":0.004683393399390197}}