{"mean":{"confidence_interval":{"confidence_level":0.95,"lower_bound":1081493886.8225,"upper_bound":1089427964.895},"point_estimate":1085536650.7,"standard_error":2026237.4739745567},"median":{"confidence_interval":{"confidence_level":0.95,"lower_bound":1078776975.0,"upper_bound":1090612348.0},"point_estimate":1087652597.5,"standard_error":3563530.5634417175},"median_abs_dev":{"confidence_interval":{"confidence_level":0.95,"lower_bound":731217.5657182932,"upper_bound":10735739.17760253},"point_estimate":7146513.642624021,"standard_error":2747480.436186816},"slope":null,"std_dev":{"confidence_interval":{"confidence_level":0.95,"lower_bound":4147505.6567398477,"upper_bound":8207819.093170298},"point_estimate":6780170.275173627,"standard_error":1036914.0228561586}}