{"mean":{"confidence_interval":{"confidence_level":0.95,"lower_bound":-0.006511751646742198,"upper_bound":0.0014141746039238354},"point_estimate":-0.0026156556021359467,"standard_error":0.0020895611288248893},"median":{"confidence_interval":{"confidence_level":0.95,"lower_bound":-0.008409184909781264,"upper_bound":0.003276533335134335},"point_estimate":-0.004409842076824155,"standard_error":0.003027200727147435}}