{"mean":{"confidence_interval":{"confidence_level":0.95,"lower_bound":1328359661.7,"upper_bound":1335374249.0},"point_estimate":1332050891.8,"standard_error":1788396.3972078834},"median":{"confidence_interval":{"confidence_level":0.95,"lower_bound":1328795619.5,"upper_bound":1337090463.0},"point_estimate":1331359319.5,"standard_error":2433789.7893399373},"median_abs_dev":{"confidence_interval":{"confidence_level":0.95,"lower_bound":307014.57864940166,"upper_bound":10683857.074123621},"point_estimate":6449212.033903599,"standard_error":2483961.451365896},"slope":null,"std_dev":{"confidence_interval":{"confidence_level":0.95,"lower_bound":3141875.693400175,"upper_bound":7987499.9442215515},"point_estimate":5976948.220147614,"standard_error":1364308.2362610556}}