{"mean":{"confidence_interval":{"confidence_level":0.95,"lower_bound":700028104.0875001,"upper_bound":710465452.5},"point_estimate":705280047.2,"standard_error":2680486.3453806746},"median":{"confidence_interval":{"confidence_level":0.95,"lower_bound":697164202.0,"upper_bound":714723960.0},"point_estimate":706370580.0,"standard_error":4164065.358795954},"median_abs_dev":{"confidence_interval":{"confidence_level":0.95,"lower_bound":1212089.9715811014,"upper_bound":15016146.889910102},"point_estimate":13017048.374301195,"standard_error":3751794.36944797},"slope":null,"std_dev":{"confidence_interval":{"confidence_level":0.95,"lower_bound":5486198.170149547,"upper_bound":10696855.922620602},"point_estimate":8918112.012071261,"standard_error":1324011.7816752587}}