{"mean":{"confidence_interval":{"confidence_level":0.95,"lower_bound":278602564.955,"upper_bound":279168843.85},"point_estimate":278894963.2,"standard_error":145105.91136123522},"median":{"confidence_interval":{"confidence_level":0.95,"lower_bound":278463589.0,"upper_bound":279318515.25},"point_estimate":278934891.5,"standard_error":206475.23435516394},"median_abs_dev":{"confidence_interval":{"confidence_level":0.95,"lower_bound":88722.11827486753,"upper_bound":814660.5161368847},"point_estimate":571724.6496498585,"standard_error":185979.88016926948},"slope":null,"std_dev":{"confidence_interval":{"confidence_level":0.95,"lower_bound":266376.4473882414,"upper_bound":594050.8086037665},"point_estimate":483051.71777864534,"standard_error":81883.77301267067}}