{"mean":{"confidence_interval":{"confidence_level":0.95,"lower_bound":-0.0035042407567327924,"upper_bound":0.0009785177144087753},"point_estimate":-0.001389749693211484,"standard_error":0.0011391749328339377},"median":{"confidence_interval":{"confidence_level":0.95,"lower_bound":-0.003528200179595653,"upper_bound":0.0007254626879740211},"point_estimate":-0.001784487525280376,"standard_error":0.0011088301689558037}}