{"mean":{"confidence_interval":{"confidence_level":0.95,"lower_bound":0.003036489870789222,"upper_bound":0.010186373972107298},"point_estimate":0.007060983775392993,"standard_error":0.001842001044198446},"median":{"confidence_interval":{"confidence_level":0.95,"lower_bound":0.005219325338489789,"upper_bound":0.011989577140662844},"point_estimate":0.008124952496681326,"standard_error":0.0018529977676095646}}