{"mean":{"confidence_interval":{"confidence_level":0.95,"lower_bound":-0.060561610993336186,"upper_bound":-0.053338193690407605},"point_estimate":-0.056815195833150756,"standard_error":0.0018463293805498651},"median":{"confidence_interval":{"confidence_level":0.95,"lower_bound":-0.061293146859808134,"upper_bound":-0.05081683415196925},"point_estimate":-0.05565070116841864,"standard_error":0.0030760259448955594}}