{"mean":{"confidence_interval":{"confidence_level":0.95,"lower_bound":0.012319529612510205,"upper_bound":0.019273173075761298},"point_estimate":0.015725866765930352,"standard_error":0.0017780594769716163},"median":{"confidence_interval":{"confidence_level":0.95,"lower_bound":0.009553489699991813,"upper_bound":0.021516241723823937},"point_estimate":0.015680868808438664,"standard_error":0.0034498866504393414}}