{"mean":{"confidence_interval":{"confidence_level":0.95,"lower_bound":-0.03010825311815797,"upper_bound":-0.021234930930736903},"point_estimate":-0.02504811678411656,"standard_error":0.002321980232524887},"median":{"confidence_interval":{"confidence_level":0.95,"lower_bound":-0.027114046508689316,"upper_bound":-0.01996148475915782},"point_estimate":-0.022659636133193772,"standard_error":0.0016768140586912019}}