{"mean":{"confidence_interval":{"confidence_level":0.95,"lower_bound":1114291292.505,"upper_bound":1117518587.205},"point_estimate":1115963446.3,"standard_error":809726.6298380069},"median":{"confidence_interval":{"confidence_level":0.95,"lower_bound":1115259152.0,"upper_bound":1116920757.5},"point_estimate":1116149503.0,"standard_error":435280.20372585},"median_abs_dev":{"confidence_interval":{"confidence_level":0.95,"lower_bound":219364.00950551033,"upper_bound":4268998.364210129},"point_estimate":957284.4097048044,"standard_error":859876.9277494982},"slope":null,"std_dev":{"confidence_interval":{"confidence_level":0.95,"lower_bound":633478.5359701184,"upper_bound":3817424.038163245},"point_estimate":2699620.6970913955,"standard_error":841724.1179528749}}