{"mean":{"confidence_interval":{"confidence_level":0.95,"lower_bound":-0.010775535304813219,"upper_bound":-0.007031749544106304},"point_estimate":-0.008825441145980273,"standard_error":0.0009568407639683945},"median":{"confidence_interval":{"confidence_level":0.95,"lower_bound":-0.010509635719400112,"upper_bound":-0.006002166115794516},"point_estimate":-0.009162644540277709,"standard_error":0.001121168522468303}}