{"mean":{"confidence_interval":{"confidence_level":0.95,"lower_bound":-0.40273302032093,"upper_bound":-0.3373771079801262},"point_estimate":-0.37255450149113223,"standard_error":0.016760374302472247},"median":{"confidence_interval":{"confidence_level":0.95,"lower_bound":-0.41785036094460837,"upper_bound":-0.32865888007860156},"point_estimate":-0.37233579977287246,"standard_error":0.01722821721651369}}