{"mean":{"confidence_interval":{"confidence_level":0.95,"lower_bound":0.030051017655601225,"upper_bound":0.0342447162179323},"point_estimate":0.03193325434554528,"standard_error":0.0010937856453821357},"median":{"confidence_interval":{"confidence_level":0.95,"lower_bound":0.029471349711786665,"upper_bound":0.03297789026487563},"point_estimate":0.03159391977101578,"standard_error":0.0008029838621676169}}