{"mean":{"confidence_interval":{"confidence_level":0.95,"lower_bound":-0.5613892335013101,"upper_bound":-0.46487817191980974},"point_estimate":-0.5161008496174342,"standard_error":0.024765116024119193},"median":{"confidence_interval":{"confidence_level":0.95,"lower_bound":-0.5877047598042272,"upper_bound":-0.43933073821074975},"point_estimate":-0.4908900851534017,"standard_error":0.041048124968653954}}