{"mean":{"confidence_interval":{"confidence_level":0.95,"lower_bound":540136822.9,"upper_bound":544098351.8525},"point_estimate":542181544.4,"standard_error":1015870.8362819129},"median":{"confidence_interval":{"confidence_level":0.95,"lower_bound":539298850.0,"upper_bound":544830246.0},"point_estimate":543495720.0,"standard_error":1579638.3052609782},"median_abs_dev":{"confidence_interval":{"confidence_level":0.95,"lower_bound":462001.87339782715,"upper_bound":5553895.1139986515},"point_estimate":3594642.2139823437,"standard_error":1323533.1193535973},"slope":null,"std_dev":{"confidence_interval":{"confidence_level":0.95,"lower_bound":1899838.6606441701,"upper_bound":4127702.3122788165},"point_estimate":3393625.836838731,"standard_error":569409.4018331657}}