{"mean":{"confidence_interval":{"confidence_level":0.95,"lower_bound":-0.014646156091264764,"upper_bound":-0.005153804585360187},"point_estimate":-0.00996775236904568,"standard_error":0.0024302037594788064},"median":{"confidence_interval":{"confidence_level":0.95,"lower_bound":-0.01533117091005154,"upper_bound":-0.0038983418867998276},"point_estimate":-0.008174918245128837,"standard_error":0.002886214785078663}}