{"mean":{"confidence_interval":{"confidence_level":0.95,"lower_bound":-0.045984416132444236,"upper_bound":-0.03769801325354631},"point_estimate":-0.04172644757006416,"standard_error":0.002164024708302056},"median":{"confidence_interval":{"confidence_level":0.95,"lower_bound":-0.046935292519649896,"upper_bound":-0.03583476548458675},"point_estimate":-0.0396067785697668,"standard_error":0.002636255880808443}}