{"mean":{"confidence_interval":{"confidence_level":0.95,"lower_bound":-0.018049752645331894,"upper_bound":-0.005084497011787848},"point_estimate":-0.011989746060346529,"standard_error":0.003306138595334021},"median":{"confidence_interval":{"confidence_level":0.95,"lower_bound":-0.022674880376891693,"upper_bound":-0.0030803505567708056},"point_estimate":-0.014374093694503043,"standard_error":0.0054646733175478185}}