{"mean":{"confidence_interval":{"confidence_level":0.95,"lower_bound":711126137.585,"upper_bound":713666532.8},"point_estimate":712330674.9,"standard_error":651832.0437581465},"median":{"confidence_interval":{"confidence_level":0.95,"lower_bound":710505218.0,"upper_bound":713898405.0},"point_estimate":712005682.0,"standard_error":847537.8920669437},"median_abs_dev":{"confidence_interval":{"confidence_level":0.95,"lower_bound":620535.5472832918,"upper_bound":3627862.090292573},"point_estimate":1977783.9170873165,"standard_error":779171.8660676159},"slope":null,"std_dev":{"confidence_interval":{"confidence_level":0.95,"lower_bound":1121222.2205568887,"upper_bound":2783656.983052691},"point_estimate":2175096.0626476784,"standard_error":432655.5076294561}}