{"mean":{"confidence_interval":{"confidence_level":0.95,"lower_bound":559733761.2,"upper_bound":563426114.51},"point_estimate":561570508.8,"standard_error":942289.6444449811},"median":{"confidence_interval":{"confidence_level":0.95,"lower_bound":558851493.0,"upper_bound":564113239.0},"point_estimate":561417479.5,"standard_error":980086.3845064387},"median_abs_dev":{"confidence_interval":{"confidence_level":0.95,"lower_bound":464621.6275513172,"upper_bound":6344945.9668546915},"point_estimate":1880830.7744085789,"standard_error":1612188.7842827511},"slope":null,"std_dev":{"confidence_interval":{"confidence_level":0.95,"lower_bound":1649142.2578309546,"upper_bound":4020999.600202497},"point_estimate":3148471.891959611,"standard_error":612952.9652794331}}