{"mean":{"confidence_interval":{"confidence_level":0.95,"lower_bound":475589650.75,"upper_bound":477367816.45},"point_estimate":476357172.45,"standard_error":462025.5081591568},"median":{"confidence_interval":{"confidence_level":0.95,"lower_bound":475442385.25,"upper_bound":477139023.0},"point_estimate":475834476.5,"standard_error":398211.9616593682},"median_abs_dev":{"confidence_interval":{"confidence_level":0.95,"lower_bound":123272.25741147995,"upper_bound":1944946.1809203029},"point_estimate":726905.0530448556,"standard_error":501675.2095441149},"slope":null,"std_dev":{"confidence_interval":{"confidence_level":0.95,"lower_bound":492659.81287192483,"upper_bound":2213872.2697150623},"point_estimate":1541924.4565530126,"standard_error":510833.3987138717}}