{"mean":{"confidence_interval":{"confidence_level":0.95,"lower_bound":1084423235.2575,"upper_bound":1094821845.6074998},"point_estimate":1089684192.6,"standard_error":2668582.538431596},"median":{"confidence_interval":{"confidence_level":0.95,"lower_bound":1081920026.0,"upper_bound":1098739338.0},"point_estimate":1089700215.5,"standard_error":4710624.624081449},"median_abs_dev":{"confidence_interval":{"confidence_level":0.95,"lower_bound":2455313.0600094795,"upper_bound":14073675.13654232},"point_estimate":11946303.553810716,"standard_error":3261129.3293351294},"slope":null,"std_dev":{"confidence_interval":{"confidence_level":0.95,"lower_bound":5708740.628536343,"upper_bound":10534399.08134225},"point_estimate":8871430.546808511,"standard_error":1238904.7928155812}}