{"mean":{"confidence_interval":{"confidence_level":0.95,"lower_bound":319501106.45,"upper_bound":321257628.45},"point_estimate":320332129.1,"standard_error":450167.7135642023},"median":{"confidence_interval":{"confidence_level":0.95,"lower_bound":319432662.75,"upper_bound":321721331.0},"point_estimate":319787743.25,"standard_error":581475.5434841391},"median_abs_dev":{"confidence_interval":{"confidence_level":0.95,"lower_bound":169483.7866410613,"upper_bound":2446846.3022097945},"point_estimate":674932.8816175461,"standard_error":660307.5755641838},"slope":null,"std_dev":{"confidence_interval":{"confidence_level":0.95,"lower_bound":695762.1711056336,"upper_bound":1902631.557505996},"point_estimate":1501075.782682425,"standard_error":303334.73293499765}}