{"mean":{"confidence_interval":{"confidence_level":0.95,"lower_bound":812379046.7,"upper_bound":819655084.2},"point_estimate":815648992.1,"standard_error":1862129.902040257},"median":{"confidence_interval":{"confidence_level":0.95,"lower_bound":811626418.5,"upper_bound":819032362.0},"point_estimate":812805393.0,"standard_error":2063594.8182881665},"median_abs_dev":{"confidence_interval":{"confidence_level":0.95,"lower_bound":457057.40248560905,"upper_bound":9232104.075497389},"point_estimate":1811439.906540513,"standard_error":2271397.352008809},"slope":null,"std_dev":{"confidence_interval":{"confidence_level":0.95,"lower_bound":1039925.5314941707,"upper_bound":8119305.568210063},"point_estimate":6179044.361736573,"standard_error":1653046.4237546916}}