{"mean":{"confidence_interval":{"confidence_level":0.95,"lower_bound":866866289.1500001,"upper_bound":878158089.7},"point_estimate":872810737.8,"standard_error":2902849.6837175377},"median":{"confidence_interval":{"confidence_level":0.95,"lower_bound":867423870.5,"upper_bound":878230378.5},"point_estimate":875021659.5,"standard_error":2762639.053785388},"median_abs_dev":{"confidence_interval":{"confidence_level":0.95,"lower_bound":913809.3893766403,"upper_bound":15754532.826501131},"point_estimate":5962799.8932391405,"standard_error":4107873.4246704266},"slope":null,"std_dev":{"confidence_interval":{"confidence_level":0.95,"lower_bound":3883814.7276139627,"upper_bound":12741419.217225034},"point_estimate":9697811.410131564,"standard_error":2240500.90541794}}