{"mean":{"confidence_interval":{"confidence_level":0.95,"lower_bound":677543174.6,"upper_bound":680302641.515},"point_estimate":678684188.0,"standard_error":726865.6859732199},"median":{"confidence_interval":{"confidence_level":0.95,"lower_bound":677205864.5,"upper_bound":679004169.5},"point_estimate":678214990.0,"standard_error":445810.4383129739},"median_abs_dev":{"confidence_interval":{"confidence_level":0.95,"lower_bound":322663.42137157917,"upper_bound":2343503.5242944956},"point_estimate":945155.2593201399,"standard_error":541951.1939448625},"slope":null,"std_dev":{"confidence_interval":{"confidence_level":0.95,"lower_bound":624758.3983175398,"upper_bound":3627224.911290011},"point_estimate":2429365.1135254796,"standard_error":953204.211832172}}