{"mean":{"confidence_interval":{"confidence_level":0.95,"lower_bound":-0.013215526879474051,"upper_bound":-0.005200879380757601},"point_estimate":-0.008379125622664962,"standard_error":0.0021420658202613396},"median":{"confidence_interval":{"confidence_level":0.95,"lower_bound":-0.008638662825901451,"upper_bound":-0.005223149775225311},"point_estimate":-0.007250366220701077,"standard_error":0.0010258223054934942}}