{"mean":{"confidence_interval":{"confidence_level":0.95,"lower_bound":-0.02475754345894176,"upper_bound":-0.016754378631923243},"point_estimate":-0.019792209020777052,"standard_error":0.002253402652970654},"median":{"confidence_interval":{"confidence_level":0.95,"lower_bound":-0.019003730879456504,"upper_bound":-0.016255902581875925},"point_estimate":-0.017502271264785763,"standard_error":0.0009171141257666593}}