{"mean":{"confidence_interval":{"confidence_level":0.95,"lower_bound":-0.00029082315766865076,"upper_bound":0.00835768883629091},"point_estimate":0.003311360717151768,"standard_error":0.002319903437353403},"median":{"confidence_interval":{"confidence_level":0.95,"lower_bound":-0.0016027629471985216,"upper_bound":0.0067888783623746285},"point_estimate":0.0000985235649375582,"standard_error":0.00221594979301635}}