{"mean":{"confidence_interval":{"confidence_level":0.95,"lower_bound":1188063801.2825,"upper_bound":1198172417.075},"point_estimate":1192905799.6,"standard_error":2594402.2897789255},"median":{"confidence_interval":{"confidence_level":0.95,"lower_bound":1184976792.0,"upper_bound":1198870744.5},"point_estimate":1192976211.0,"standard_error":3724842.1184787415},"median_abs_dev":{"confidence_interval":{"confidence_level":0.95,"lower_bound":1111841.0091608763,"upper_bound":14839748.627641797},"point_estimate":10513923.689040542,"standard_error":3731578.813470948},"slope":null,"std_dev":{"confidence_interval":{"confidence_level":0.95,"lower_bound":4646756.749547318,"upper_bound":10824751.662625697},"point_estimate":8596452.662494302,"standard_error":1613614.492469513}}