{"mean":{"confidence_interval":{"confidence_level":0.95,"lower_bound":-0.013782399160051124,"upper_bound":-0.004268766847599478},"point_estimate":-0.009328531568885579,"standard_error":0.0024020917225907354},"median":{"confidence_interval":{"confidence_level":0.95,"lower_bound":-0.013086821599686438,"upper_bound":-0.005421976671281192},"point_estimate":-0.007197189135895288,"standard_error":0.0020846462107323616}}