{"mean":{"confidence_interval":{"confidence_level":0.95,"lower_bound":471781300.95,"upper_bound":473463916.40375},"point_estimate":472574332.85,"standard_error":431691.0599171058},"median":{"confidence_interval":{"confidence_level":0.95,"lower_bound":471594754.0,"upper_bound":473696878.0},"point_estimate":471934505.75,"standard_error":616104.7896539589},"median_abs_dev":{"confidence_interval":{"confidence_level":0.95,"lower_bound":160118.57325732708,"upper_bound":2483937.617701292},"point_estimate":1212124.071380496,"standard_error":628728.242066753},"slope":null,"std_dev":{"confidence_interval":{"confidence_level":0.95,"lower_bound":725187.396676965,"upper_bound":1833428.3234715383},"point_estimate":1439011.9129171595,"standard_error":289710.1317305402}}