{"mean":{"confidence_interval":{"confidence_level":0.95,"lower_bound":1067452895.1,"upper_bound":1076922185.5425},"point_estimate":1071292894.6,"standard_error":2529002.894011622},"median":{"confidence_interval":{"confidence_level":0.95,"lower_bound":1067180194.5,"upper_bound":1072153480.5},"point_estimate":1069828139.5,"standard_error":1278801.4484690377},"median_abs_dev":{"confidence_interval":{"confidence_level":0.95,"lower_bound":325153.44802737236,"upper_bound":7466067.310550809},"point_estimate":3372109.1470330954,"standard_error":1911939.5579154703},"slope":null,"std_dev":{"confidence_interval":{"confidence_level":0.95,"lower_bound":1664331.299479279,"upper_bound":12650372.804130461},"point_estimate":8427481.122922307,"standard_error":3468888.585611922}}