{"mean":{"confidence_interval":{"confidence_level":0.95,"lower_bound":312770265.7875,"upper_bound":315057363.965},"point_estimate":313870067.5,"standard_error":586866.4348329352},"median":{"confidence_interval":{"confidence_level":0.95,"lower_bound":312189884.25,"upper_bound":316021045.5},"point_estimate":313130540.5,"standard_error":1072445.5128047143},"median_abs_dev":{"confidence_interval":{"confidence_level":0.95,"lower_bound":178663.6750280857,"upper_bound":3017731.800274551},"point_estimate":1701591.8505907059,"standard_error":845608.2581761295},"slope":null,"std_dev":{"confidence_interval":{"confidence_level":0.95,"lower_bound":1123209.5717304298,"upper_bound":2244088.8775782846},"point_estimate":1953013.3380170786,"standard_error":285987.4511248029}}