{"mean":{"confidence_interval":{"confidence_level":0.95,"lower_bound":261709882.95,"upper_bound":262453056.8},"point_estimate":262049876.35,"standard_error":190874.32072576176},"median":{"confidence_interval":{"confidence_level":0.95,"lower_bound":261537946.5,"upper_bound":262609699.0},"point_estimate":261825440.5,"standard_error":268469.5143112478},"median_abs_dev":{"confidence_interval":{"confidence_level":0.95,"lower_bound":82165.6905412674,"upper_bound":1099753.3715754747},"point_estimate":457932.1364700794,"standard_error":252087.90302652612},"slope":null,"std_dev":{"confidence_interval":{"confidence_level":0.95,"lower_bound":258329.10509334606,"upper_bound":826123.4934271354},"point_estimate":634159.5886055309,"standard_error":143677.6779199103}}