{"mean":{"confidence_interval":{"confidence_level":0.95,"lower_bound":-0.02277150612972772,"upper_bound":-0.014121173510076673},"point_estimate":-0.01845907860057927,"standard_error":0.0022156584074781377},"median":{"confidence_interval":{"confidence_level":0.95,"lower_bound":-0.026111265184738275,"upper_bound":-0.01281217208758557},"point_estimate":-0.01801000227364724,"standard_error":0.003634933797530786}}