{"mean":{"confidence_interval":{"confidence_level":0.95,"lower_bound":754932493.535,"upper_bound":757997412.7},"point_estimate":756105040.5,"standard_error":856410.2809638878},"median":{"confidence_interval":{"confidence_level":0.95,"lower_bound":754777143.0,"upper_bound":756130583.0},"point_estimate":755306621.5,"standard_error":362793.39144142275},"median_abs_dev":{"confidence_interval":{"confidence_level":0.95,"lower_bound":39065.76800644398,"upper_bound":1641788.9567524195},"point_estimate":680929.2572110891,"standard_error":444267.2090722818},"slope":null,"std_dev":{"confidence_interval":{"confidence_level":0.95,"lower_bound":339363.64850562334,"upper_bound":4350589.975410856},"point_estimate":2849232.52974747,"standard_error":1330009.834201247}}