{"mean":{"confidence_interval":{"confidence_level":0.95,"lower_bound":-0.03168931347287117,"upper_bound":-0.021436830206945267},"point_estimate":-0.026535947197571796,"standard_error":0.002604206645983314},"median":{"confidence_interval":{"confidence_level":0.95,"lower_bound":-0.03464823063605216,"upper_bound":-0.020445431162666505},"point_estimate":-0.026565959647996795,"standard_error":0.004068508809260006}}