{"mean":{"confidence_interval":{"confidence_level":0.95,"lower_bound":626001081.7,"upper_bound":646565076.6},"point_estimate":636464950.8,"standard_error":5267412.551684296},"median":{"confidence_interval":{"confidence_level":0.95,"lower_bound":618259460.0,"upper_bound":650257845.0},"point_estimate":643267424.5,"standard_error":10259286.245326541},"median_abs_dev":{"confidence_interval":{"confidence_level":0.95,"lower_bound":2831727.402126789,"upper_bound":26431692.25524366},"point_estimate":20202438.01213503,"standard_error":7163926.574592654},"slope":null,"std_dev":{"confidence_interval":{"confidence_level":0.95,"lower_bound":11409078.603371752,"upper_bound":20204839.392792404},"point_estimate":17526499.35326075,"standard_error":2235823.5359212155}}