{"mean":{"confidence_interval":{"confidence_level":0.95,"lower_bound":-0.011547924900335535,"upper_bound":-0.004324300141279109},"point_estimate":-0.008266230887750692,"standard_error":0.0018518121644771348},"median":{"confidence_interval":{"confidence_level":0.95,"lower_bound":-0.012893205446407041,"upper_bound":-0.007230485695086997},"point_estimate":-0.008721173771359614,"standard_error":0.0013822828835103364}}