{"mean":{"confidence_interval":{"confidence_level":0.95,"lower_bound":729651605.1,"upper_bound":732118142.99},"point_estimate":730841102.3,"standard_error":633027.2355136088},"median":{"confidence_interval":{"confidence_level":0.95,"lower_bound":729075172.5,"upper_bound":732880165.0},"point_estimate":730437717.5,"standard_error":856576.5338474169},"median_abs_dev":{"confidence_interval":{"confidence_level":0.95,"lower_bound":340315.9979581833,"upper_bound":3773480.8358073235},"point_estimate":1833859.7833424807,"standard_error":881929.0460750902},"slope":null,"std_dev":{"confidence_interval":{"confidence_level":0.95,"lower_bound":1102811.175053751,"upper_bound":2620624.0881979363},"point_estimate":2112325.895265798,"standard_error":384132.98998121277}}