{"mean":{"confidence_interval":{"confidence_level":0.95,"lower_bound":-0.022544289766956573,"upper_bound":-0.014442324043259978},"point_estimate":-0.018651273405795532,"standard_error":0.0020393673593348148},"median":{"confidence_interval":{"confidence_level":0.95,"lower_bound":-0.023927944455133243,"upper_bound":-0.013128325017887743},"point_estimate":-0.020980949539077476,"standard_error":0.0031857105217595622}}