{"mean":{"confidence_interval":{"confidence_level":0.95,"lower_bound":0.02542863357002348,"upper_bound":0.03609341033111336},"point_estimate":0.031156101137973735,"standard_error":0.0027382079683920474},"median":{"confidence_interval":{"confidence_level":0.95,"lower_bound":0.027606871903779417,"upper_bound":0.03769380484626739},"point_estimate":0.0318080541417014,"standard_error":0.0026578151363941937}}