{"mean":{"confidence_interval":{"confidence_level":0.95,"lower_bound":0.019072559346392293,"upper_bound":0.047164213023745},"point_estimate":0.03392534148267767,"standard_error":0.007203099431142289},"median":{"confidence_interval":{"confidence_level":0.95,"lower_bound":0.024084941455970732,"upper_bound":0.047697660359366845},"point_estimate":0.03638402484177439,"standard_error":0.006332406248978549}}