{"mean":{"confidence_interval":{"confidence_level":0.95,"lower_bound":283937921.48625,"upper_bound":286382346.52625},"point_estimate":285141611.75,"standard_error":627368.3006485506},"median":{"confidence_interval":{"confidence_level":0.95,"lower_bound":283770033.0,"upper_bound":286239325.5},"point_estimate":285238079.0,"standard_error":686502.4446712503},"median_abs_dev":{"confidence_interval":{"confidence_level":0.95,"lower_bound":449118.0796265602,"upper_bound":3525791.7538046837},"point_estimate":1745576.1440098286,"standard_error":752342.9230753803},"slope":null,"std_dev":{"confidence_interval":{"confidence_level":0.95,"lower_bound":990190.8165889573,"upper_bound":2783726.6127541377},"point_estimate":2079370.252717184,"standard_error":463266.1015362946}}