{"mean":{"confidence_interval":{"confidence_level":0.95,"lower_bound":269489945.29875004,"upper_bound":300889040.45},"point_estimate":283466293.7,"standard_error":8096154.605274053},"median":{"confidence_interval":{"confidence_level":0.95,"lower_bound":264609457.75,"upper_bound":292796443.75},"point_estimate":277697615.0,"standard_error":5964748.140135959},"median_abs_dev":{"confidence_interval":{"confidence_level":0.95,"lower_bound":1331520.8124607801,"upper_bound":36665910.486499965},"point_estimate":11840523.010888696,"standard_error":10423461.976865029},"slope":null,"std_dev":{"confidence_interval":{"confidence_level":0.95,"lower_bound":9724352.359976541,"upper_bound":37931842.543268055},"point_estimate":26914093.456023127,"standard_error":8123929.612624679}}