{"mean":{"confidence_interval":{"confidence_level":0.95,"lower_bound":0.022943694225943712,"upper_bound":0.03414707500494094},"point_estimate":0.028737184441204766,"standard_error":0.002998369248423573},"median":{"confidence_interval":{"confidence_level":0.95,"lower_bound":0.02404046370328472,"upper_bound":0.03918752837958994},"point_estimate":0.02895165642032249,"standard_error":0.0033294158179878793}}