{"mean":{"confidence_interval":{"confidence_level":0.95,"lower_bound":0.01994379332274612,"upper_bound":0.031057467559143976},"point_estimate":0.025922784480104655,"standard_error":0.002858943295054898},"median":{"confidence_interval":{"confidence_level":0.95,"lower_bound":0.017838893056052907,"upper_bound":0.033718301004102225},"point_estimate":0.031900199335835655,"standard_error":0.004047878952454316}}