{"mean":{"confidence_interval":{"confidence_level":0.95,"lower_bound":325887193.25,"upper_bound":328008066.61625},"point_estimate":327040855.2,"standard_error":550954.1985466179},"median":{"confidence_interval":{"confidence_level":0.95,"lower_bound":325854524.75,"upper_bound":327914449.0},"point_estimate":327577098.25,"standard_error":398308.14950305765},"median_abs_dev":{"confidence_interval":{"confidence_level":0.95,"lower_bound":33540.488554537296,"upper_bound":2723768.549193442},"point_estimate":352803.5668864846,"standard_error":685569.5624984069},"slope":null,"std_dev":{"confidence_interval":{"confidence_level":0.95,"lower_bound":362476.9876525968,"upper_bound":2431706.0098508117},"point_estimate":1837152.7720536473,"standard_error":500176.70570947666}}