{"mean":{"confidence_interval":{"confidence_level":0.95,"lower_bound":1130407321.3275,"upper_bound":1137393343.1},"point_estimate":1133969882.1,"standard_error":1782422.3627052037},"median":{"confidence_interval":{"confidence_level":0.95,"lower_bound":1129519855.0,"upper_bound":1138922479.5},"point_estimate":1134559420.0,"standard_error":2732794.3986525834},"median_abs_dev":{"confidence_interval":{"confidence_level":0.95,"lower_bound":1038586.485761404,"upper_bound":10064658.832016587},"point_estimate":6503314.330843091,"standard_error":2302787.3685147665},"slope":null,"std_dev":{"confidence_interval":{"confidence_level":0.95,"lower_bound":3494519.132965001,"upper_bound":7478075.254438646},"point_estimate":5921870.743213883,"standard_error":1039269.820403758}}