{"mean":{"confidence_interval":{"confidence_level":0.95,"lower_bound":-0.013736973116947118,"upper_bound":-0.004435127637835968},"point_estimate":-0.00973136853300971,"standard_error":0.0024976860255147633},"median":{"confidence_interval":{"confidence_level":0.95,"lower_bound":-0.014289827913788522,"upper_bound":-0.01091113411397815},"point_estimate":-0.013209646470740188,"standard_error":0.001136205894286218}}