{"mean":{"confidence_interval":{"confidence_level":0.95,"lower_bound":-0.021528319157974825,"upper_bound":-0.011830375075318316},"point_estimate":-0.016651577157999697,"standard_error":0.0024768830853645076},"median":{"confidence_interval":{"confidence_level":0.95,"lower_bound":-0.02567574587571486,"upper_bound":-0.010377344146337064},"point_estimate":-0.016159102982478912,"standard_error":0.004202284805380948}}