{"mean":{"confidence_interval":{"confidence_level":0.95,"lower_bound":-0.026817178214881766,"upper_bound":-0.018094334917275978},"point_estimate":-0.02267483614577792,"standard_error":0.002236330539424841},"median":{"confidence_interval":{"confidence_level":0.95,"lower_bound":-0.027998881016062075,"upper_bound":-0.015764368066228718},"point_estimate":-0.026602542861184686,"standard_error":0.003459230300831624}}