{"mean":{"confidence_interval":{"confidence_level":0.95,"lower_bound":1146997496.0,"upper_bound":1156343055.9},"point_estimate":1151668410.9,"standard_error":2388239.1557666496},"median":{"confidence_interval":{"confidence_level":0.95,"lower_bound":1144507942.0,"upper_bound":1157903114.5},"point_estimate":1152655418.5,"standard_error":3538407.3378631095},"median_abs_dev":{"confidence_interval":{"confidence_level":0.95,"lower_bound":1369730.3789824247,"upper_bound":14095221.761959791},"point_estimate":9159339.551389217,"standard_error":3069701.169601903},"slope":null,"std_dev":{"confidence_interval":{"confidence_level":0.95,"lower_bound":4784357.878262648,"upper_bound":9793147.744762719},"point_estimate":7963978.992173594,"standard_error":1285728.8359640285}}