{"mean":{"confidence_interval":{"confidence_level":0.95,"lower_bound":0.01684853163633321,"upper_bound":0.021681656002003905},"point_estimate":0.01933386117359559,"standard_error":0.0012368212018228752},"median":{"confidence_interval":{"confidence_level":0.95,"lower_bound":0.015088986881750754,"upper_bound":0.023189154536817247},"point_estimate":0.021282774958718997,"standard_error":0.0024866071511447383}}