{"mean":{"confidence_interval":{"confidence_level":0.95,"lower_bound":242114815.15999997,"upper_bound":244319921.63416672},"point_estimate":243048678.90000004,"standard_error":575783.7240284032},"median":{"confidence_interval":{"confidence_level":0.95,"lower_bound":242065028.1666667,"upper_bound":243279412.66666666},"point_estimate":242772861.3333333,"standard_error":297277.22661926557},"median_abs_dev":{"confidence_interval":{"confidence_level":0.95,"lower_bound":114472.03816768562,"upper_bound":2021821.0899054857},"point_estimate":668913.7728243918,"standard_error":516412.44869400223},"slope":null,"std_dev":{"confidence_interval":{"confidence_level":0.95,"lower_bound":478557.6011521114,"upper_bound":2842610.7292713984},"point_estimate":1921133.7157328373,"standard_error":719119.7144708579}}