{"mean":{"confidence_interval":{"confidence_level":0.95,"lower_bound":0.5530963064634009,"upper_bound":0.681605432779621},"point_estimate":0.6176508441913164,"standard_error":0.035619726879826064},"median":{"confidence_interval":{"confidence_level":0.95,"lower_bound":0.5494115919706735,"upper_bound":0.7111687468436847},"point_estimate":0.6294374423765154,"standard_error":0.042039059399785486}}