{"mean":{"confidence_interval":{"confidence_level":0.95,"lower_bound":200905608.29750004,"upper_bound":203253529.71},"point_estimate":201879413.33333334,"standard_error":620398.511693454},"median":{"confidence_interval":{"confidence_level":0.95,"lower_bound":200671411.5,"upper_bound":202490088.16666666},"point_estimate":200992894.66666666,"standard_error":507068.4473844178},"median_abs_dev":{"confidence_interval":{"confidence_level":0.95,"lower_bound":84596.41319811344,"upper_bound":2100692.443305239},"point_estimate":917906.0602038951,"standard_error":536534.1630117042},"slope":null,"std_dev":{"confidence_interval":{"confidence_level":0.95,"lower_bound":537166.22118801,"upper_bound":3066661.9713675575},"point_estimate":2071577.305625066,"standard_error":789521.9558890832}}