{"mean":{"confidence_interval":{"confidence_level":0.95,"lower_bound":337235631.8,"upper_bound":340559466.7},"point_estimate":338527918.2,"standard_error":917008.310787809},"median":{"confidence_interval":{"confidence_level":0.95,"lower_bound":337045482.5,"upper_bound":338663157.0},"point_estimate":337289268.5,"standard_error":488974.44929512334},"median_abs_dev":{"confidence_interval":{"confidence_level":0.95,"lower_bound":64671.381501853466,"upper_bound":2013040.1444613934},"point_estimate":517243.54841709137,"standard_error":566016.5774392803},"slope":null,"std_dev":{"confidence_interval":{"confidence_level":0.95,"lower_bound":349310.7329779477,"upper_bound":4640780.700119308},"point_estimate":3058740.4600084815,"standard_error":1377995.9296965573}}