{"mean":{"confidence_interval":{"confidence_level":0.95,"lower_bound":-0.01655079598248534,"upper_bound":-0.013448119093290878},"point_estimate":-0.014812523089066443,"standard_error":0.0007991652919279247},"median":{"confidence_interval":{"confidence_level":0.95,"lower_bound":-0.01590105446083223,"upper_bound":-0.013009425600020608},"point_estimate":-0.014362703912419894,"standard_error":0.0007156697940395204}}