{"mean":{"confidence_interval":{"confidence_level":0.95,"lower_bound":-0.3734410214147399,"upper_bound":-0.31798113658646143},"point_estimate":-0.34741137141485123,"standard_error":0.01419321557871387},"median":{"confidence_interval":{"confidence_level":0.95,"lower_bound":-0.3779727826202727,"upper_bound":-0.3053353952701787},"point_estimate":-0.36103582813999346,"standard_error":0.021530844294672852}}