{"mean":{"confidence_interval":{"confidence_level":0.95,"lower_bound":-0.027886246315819343,"upper_bound":-0.02084986658011331},"point_estimate":-0.024259417420306684,"standard_error":0.0017768116115894437},"median":{"confidence_interval":{"confidence_level":0.95,"lower_bound":-0.02573757683219291,"upper_bound":-0.021910640330759734},"point_estimate":-0.023963053537919943,"standard_error":0.0009315289812384742}}