{"mean":{"confidence_interval":{"confidence_level":0.95,"lower_bound":1067666587.1375,"upper_bound":1073299427.905},"point_estimate":1070537908.9,"standard_error":1444057.5669107607},"median":{"confidence_interval":{"confidence_level":0.95,"lower_bound":1066902057.5,"upper_bound":1074960437.0},"point_estimate":1070237397.0,"standard_error":2404026.994509573},"median_abs_dev":{"confidence_interval":{"confidence_level":0.95,"lower_bound":553913.4348660707,"upper_bound":8433921.175467968},"point_estimate":6762013.200250268,"standard_error":2047980.4943680593},"slope":null,"std_dev":{"confidence_interval":{"confidence_level":0.95,"lower_bound":2923689.5889821914,"upper_bound":5824068.462158647},"point_estimate":4791355.9583352795,"standard_error":746124.885959775}}