{"mean":{"confidence_interval":{"confidence_level":0.95,"lower_bound":500600244.0625,"upper_bound":516718271.2775},"point_estimate":506805624.6,"standard_error":4457673.364494119},"median":{"confidence_interval":{"confidence_level":0.95,"lower_bound":498999628.5,"upper_bound":507044745.5},"point_estimate":502400597.0,"standard_error":2687794.9668512708},"median_abs_dev":{"confidence_interval":{"confidence_level":0.95,"lower_bound":718980.1855355501,"upper_bound":9666752.720680833},"point_estimate":5016566.042438149,"standard_error":2561289.7863636324},"slope":null,"std_dev":{"confidence_interval":{"confidence_level":0.95,"lower_bound":2785684.402590015,"upper_bound":22722848.16251836},"point_estimate":14875976.988409767,"standard_error":6800718.538846393}}