{"mean":{"confidence_interval":{"confidence_level":0.95,"lower_bound":-0.3950324164966832,"upper_bound":-0.31827562488810895},"point_estimate":-0.3587181474330722,"standard_error":0.019717383436572512},"median":{"confidence_interval":{"confidence_level":0.95,"lower_bound":-0.41236627514310276,"upper_bound":-0.3028181046938099},"point_estimate":-0.35091011834837493,"standard_error":0.036264405695356224}}