{"mean":{"confidence_interval":{"confidence_level":0.95,"lower_bound":-0.025998468466256464,"upper_bound":-0.021622036300572307},"point_estimate":-0.023782810761489914,"standard_error":0.001116884126473432},"median":{"confidence_interval":{"confidence_level":0.95,"lower_bound":-0.026764196705903465,"upper_bound":-0.02136461217828467},"point_estimate":-0.022809092326749214,"standard_error":0.0014158526454953937}}