{"mean":{"confidence_interval":{"confidence_level":0.95,"lower_bound":711561364.9,"upper_bound":722261002.0},"point_estimate":716611262.2,"standard_error":2736098.154816498},"median":{"confidence_interval":{"confidence_level":0.95,"lower_bound":710110928.0,"upper_bound":719942519.0},"point_estimate":716534296.5,"standard_error":2190192.0145064304},"median_abs_dev":{"confidence_interval":{"confidence_level":0.95,"lower_bound":1449090.9903734922,"upper_bound":14447600.193303823},"point_estimate":4691362.186011672,"standard_error":3418839.3320656805},"slope":null,"std_dev":{"confidence_interval":{"confidence_level":0.95,"lower_bound":3208374.455217685,"upper_bound":12728944.051212437},"point_estimate":9116654.020888545,"standard_error":2466588.1371992356}}