{"mean":{"confidence_interval":{"confidence_level":0.95,"lower_bound":961744685.5975,"upper_bound":967191701.1},"point_estimate":964353486.6,"standard_error":1402086.4305779114},"median":{"confidence_interval":{"confidence_level":0.95,"lower_bound":960535119.0,"upper_bound":969000078.0},"point_estimate":962494605.5,"standard_error":2326014.30906559},"median_abs_dev":{"confidence_interval":{"confidence_level":0.95,"lower_bound":806946.548473835,"upper_bound":7357457.96687901},"point_estimate":4311978.196147084,"standard_error":1842348.217963276},"slope":null,"std_dev":{"confidence_interval":{"confidence_level":0.95,"lower_bound":2538443.280742957,"upper_bound":5566483.858092068},"point_estimate":4669861.015677738,"standard_error":758812.2276785446}}