{"mean":{"confidence_interval":{"confidence_level":0.95,"lower_bound":-0.022895371879406396,"upper_bound":-0.01367837783948368},"point_estimate":-0.018628647015646815,"standard_error":0.002363992430266695},"median":{"confidence_interval":{"confidence_level":0.95,"lower_bound":-0.022519494209660817,"upper_bound":-0.015892963912816804},"point_estimate":-0.019098185801606937,"standard_error":0.0019174671800322055}}