{"mean":{"confidence_interval":{"confidence_level":0.95,"lower_bound":0.0005096239263671315,"upper_bound":0.02369784707135578},"point_estimate":0.010614687652527932,"standard_error":0.006098448254883309},"median":{"confidence_interval":{"confidence_level":0.95,"lower_bound":-0.0001667195967085533,"upper_bound":0.021519407439740013},"point_estimate":0.002867566249664222,"standard_error":0.004702808360111563}}