{"mean":{"confidence_interval":{"confidence_level":0.95,"lower_bound":904698327.9875,"upper_bound":909466011.1},"point_estimate":906824022.3,"standard_error":1231091.5308894704},"median":{"confidence_interval":{"confidence_level":0.95,"lower_bound":904298510.0,"upper_bound":909192499.0},"point_estimate":904789427.0,"standard_error":1323262.4858925284},"median_abs_dev":{"confidence_interval":{"confidence_level":0.95,"lower_bound":190533.3704173565,"upper_bound":6118842.799168825},"point_estimate":1136985.1634144783,"standard_error":1551151.9534493457},"slope":null,"std_dev":{"confidence_interval":{"confidence_level":0.95,"lower_bound":756791.94473794,"upper_bound":5579643.1043135375},"point_estimate":4099971.0865821983,"standard_error":1178384.2299130054}}