{"mean":{"confidence_interval":{"confidence_level":0.95,"lower_bound":0.019912026095914522,"upper_bound":0.02604463721799318},"point_estimate":0.022766818682173895,"standard_error":0.0015618005583384676},"median":{"confidence_interval":{"confidence_level":0.95,"lower_bound":0.019038171411260185,"upper_bound":0.025919925510025088},"point_estimate":0.022392641087566778,"standard_error":0.0018191837242499127}}