{"mean":{"confidence_interval":{"confidence_level":0.95,"lower_bound":433158727.45,"upper_bound":436100189.05},"point_estimate":434734306.8,"standard_error":759853.558970089},"median":{"confidence_interval":{"confidence_level":0.95,"lower_bound":433165801.75,"upper_bound":436487776.5},"point_estimate":435525459.5,"standard_error":845990.3342014068},"median_abs_dev":{"confidence_interval":{"confidence_level":0.95,"lower_bound":129409.48000252247,"upper_bound":3968435.689996183},"point_estimate":1566552.9384881258,"standard_error":1003194.6006228279},"slope":null,"std_dev":{"confidence_interval":{"confidence_level":0.95,"lower_bound":862240.5171956652,"upper_bound":3176504.89425659},"point_estimate":2536472.7027577884,"standard_error":563345.6103602527}}