{"mean":{"confidence_interval":{"confidence_level":0.95,"lower_bound":1081779178.9,"upper_bound":1083444176.1225002},"point_estimate":1082649290.9,"standard_error":425884.99549422046},"median":{"confidence_interval":{"confidence_level":0.95,"lower_bound":1081661761.0,"upper_bound":1083770512.0},"point_estimate":1082862675.5,"standard_error":525842.8278914541},"median_abs_dev":{"confidence_interval":{"confidence_level":0.95,"lower_bound":361414.13688361645,"upper_bound":2318563.968837261},"point_estimate":1563217.088547349,"standard_error":516194.099740168},"slope":null,"std_dev":{"confidence_interval":{"confidence_level":0.95,"lower_bound":723366.1575931422,"upper_bound":1842372.2336385886},"point_estimate":1415687.0010125395,"standard_error":296483.8812830482}}