{"mean":{"confidence_interval":{"confidence_level":0.95,"lower_bound":0.0703558857274026,"upper_bound":0.1072096660292141},"point_estimate":0.0876896533040954,"standard_error":0.009276258386177278},"median":{"confidence_interval":{"confidence_level":0.95,"lower_bound":0.06832352359309857,"upper_bound":0.11101554597419638},"point_estimate":0.08530551017773913,"standard_error":0.012116317532325943}}