{"mean":{"confidence_interval":{"confidence_level":0.95,"lower_bound":0.028546706935004253,"upper_bound":0.033526774894048206},"point_estimate":0.031133821182591115,"standard_error":0.001275131907176337},"median":{"confidence_interval":{"confidence_level":0.95,"lower_bound":0.027650957326038172,"upper_bound":0.0352524905327638},"point_estimate":0.03136860703607036,"standard_error":0.0019485724302050148}}