{"mean":{"confidence_interval":{"confidence_level":0.95,"lower_bound":-0.03054715914285173,"upper_bound":-0.02264404978524751},"point_estimate":-0.02656509239176985,"standard_error":0.001984955983786119},"median":{"confidence_interval":{"confidence_level":0.95,"lower_bound":-0.0325402257278915,"upper_bound":-0.02170144338606106},"point_estimate":-0.02398587118547757,"standard_error":0.0027106259907620934}}