{"mean":{"confidence_interval":{"confidence_level":0.95,"lower_bound":-0.01821737268965319,"upper_bound":-0.007965562562255023},"point_estimate":-0.013098989814810946,"standard_error":0.002625759394156808},"median":{"confidence_interval":{"confidence_level":0.95,"lower_bound":-0.02151666644844563,"upper_bound":-0.0031357051543595693},"point_estimate":-0.014742550536926191,"standard_error":0.004718700089619211}}