{"mean":{"confidence_interval":{"confidence_level":0.95,"lower_bound":-0.007778403889492327,"upper_bound":0.012078228304085762},"point_estimate":0.000042863777005131,"standard_error":0.005283006843274549},"median":{"confidence_interval":{"confidence_level":0.95,"lower_bound":-0.009515226128627208,"upper_bound":0.003978062047900632},"point_estimate":-0.005688443542644306,"standard_error":0.0032935157962058056}}