{"mean":{"confidence_interval":{"confidence_level":0.95,"lower_bound":475018273.95,"upper_bound":478340243.75},"point_estimate":476723719.4,"standard_error":854255.2051587274},"median":{"confidence_interval":{"confidence_level":0.95,"lower_bound":474228925.0,"upper_bound":479126197.75},"point_estimate":476979693.25,"standard_error":1313465.5915933945},"median_abs_dev":{"confidence_interval":{"confidence_level":0.95,"lower_bound":63808.87896716595,"upper_bound":4763461.764031649},"point_estimate":3158544.327324629,"standard_error":1208100.7665129153},"slope":null,"std_dev":{"confidence_interval":{"confidence_level":0.95,"lower_bound":1620732.3629987934,"upper_bound":3500943.76519908},"point_estimate":2861154.7567403116,"standard_error":480125.2302638054}}