{"mean":{"confidence_interval":{"confidence_level":0.95,"lower_bound":0.015309546634411357,"upper_bound":0.024003216560534772},"point_estimate":0.01974479073021085,"standard_error":0.002226588905360723},"median":{"confidence_interval":{"confidence_level":0.95,"lower_bound":0.015155760276950536,"upper_bound":0.026742909523532976},"point_estimate":0.020498957830768605,"standard_error":0.0025651927855858026}}