{"mean":{"confidence_interval":{"confidence_level":0.95,"lower_bound":334929409.97625,"upper_bound":337449108.885},"point_estimate":336137561.1,"standard_error":647541.4773009481},"median":{"confidence_interval":{"confidence_level":0.95,"lower_bound":334397813.5,"upper_bound":337977099.5},"point_estimate":335776954.5,"standard_error":932940.017490648},"median_abs_dev":{"confidence_interval":{"confidence_level":0.95,"lower_bound":513732.01037943363,"upper_bound":3684693.8537836075},"point_estimate":1893517.0117333531,"standard_error":832692.1684656258},"slope":null,"std_dev":{"confidence_interval":{"confidence_level":0.95,"lower_bound":1147497.7928771754,"upper_bound":2719477.3526358586},"point_estimate":2166432.9403934013,"standard_error":402033.11041878705}}