{"mean":{"confidence_interval":{"confidence_level":0.95,"lower_bound":441273103.68375,"upper_bound":441969599.7},"point_estimate":441653148.7,"standard_error":179168.10561457236},"median":{"confidence_interval":{"confidence_level":0.95,"lower_bound":441374252.0,"upper_bound":442083224.75},"point_estimate":441693938.0,"standard_error":188489.30791914416},"median_abs_dev":{"confidence_interval":{"confidence_level":0.95,"lower_bound":37692.139130830765,"upper_bound":896757.6364293694},"point_estimate":554441.2404567003,"standard_error":221847.30039466303},"slope":null,"std_dev":{"confidence_interval":{"confidence_level":0.95,"lower_bound":243703.05627341662,"upper_bound":822801.9060766166},"point_estimate":599865.6455039282,"standard_error":160765.57898625726}}