{"mean":{"confidence_interval":{"confidence_level":0.95,"lower_bound":-0.023256165446732795,"upper_bound":-0.0169883007610782},"point_estimate":-0.02024308192249724,"standard_error":0.0015991849002500147},"median":{"confidence_interval":{"confidence_level":0.95,"lower_bound":-0.02455199731708091,"upper_bound":-0.01675457759137544},"point_estimate":-0.019640590449909623,"standard_error":0.002224008646832803}}