{"mean":{"confidence_interval":{"confidence_level":0.95,"lower_bound":1208533204.07,"upper_bound":1211373855.2125},"point_estimate":1209944280.6,"standard_error":726714.1906525563},"median":{"confidence_interval":{"confidence_level":0.95,"lower_bound":1207172282.0,"upper_bound":1211613956.5},"point_estimate":1210324113.0,"standard_error":1155581.3205135884},"median_abs_dev":{"confidence_interval":{"confidence_level":0.95,"lower_bound":278902.2592484951,"upper_bound":4453081.683441997},"point_estimate":2334287.6828581095,"standard_error":1061807.590663653},"slope":null,"std_dev":{"confidence_interval":{"confidence_level":0.95,"lower_bound":1460548.9992674347,"upper_bound":3015642.6566720325},"point_estimate":2419571.929785019,"standard_error":407642.5550597729}}