{"mean":{"confidence_interval":{"confidence_level":0.95,"lower_bound":0.013043623756593582,"upper_bound":0.02278422263899858},"point_estimate":0.018047257413420725,"standard_error":0.00250165593771397},"median":{"confidence_interval":{"confidence_level":0.95,"lower_bound":0.011809162680842089,"upper_bound":0.026086558290575157},"point_estimate":0.019549048019590787,"standard_error":0.0036974764976522457}}