{"mean":{"confidence_interval":{"confidence_level":0.95,"lower_bound":381518401.65,"upper_bound":382643024.55},"point_estimate":382094268.25,"standard_error":287456.2877321078},"median":{"confidence_interval":{"confidence_level":0.95,"lower_bound":381215485.0,"upper_bound":382862810.5},"point_estimate":382175202.25,"standard_error":357933.8570227946},"median_abs_dev":{"confidence_interval":{"confidence_level":0.95,"lower_bound":183922.08648473024,"upper_bound":1604434.479765594},"point_estimate":1090547.1670389175,"standard_error":406732.193491728},"slope":null,"std_dev":{"confidence_interval":{"confidence_level":0.95,"lower_bound":525736.3568352277,"upper_bound":1218620.7083976585},"point_estimate":959821.1033845274,"standard_error":178492.99279257542}}