{"mean":{"confidence_interval":{"confidence_level":0.95,"lower_bound":558790561.46,"upper_bound":569048618.5},"point_estimate":563259253.7,"standard_error":2671517.3523534583},"median":{"confidence_interval":{"confidence_level":0.95,"lower_bound":557801266.0,"upper_bound":566987583.5},"point_estimate":560397311.0,"standard_error":2106119.5304123857},"median_abs_dev":{"confidence_interval":{"confidence_level":0.95,"lower_bound":1159233.0586194992,"upper_bound":11043673.709535599},"point_estimate":4238009.059560299,"standard_error":2640134.618540538},"slope":null,"std_dev":{"confidence_interval":{"confidence_level":0.95,"lower_bound":2385075.5617344007,"upper_bound":12582044.2242941},"point_estimate":8916946.648203708,"standard_error":2875918.32187912}}