{"mean":{"confidence_interval":{"confidence_level":0.95,"lower_bound":-0.0031947991881973474,"upper_bound":0.005489526556463312},"point_estimate":0.0006902200179044193,"standard_error":0.0022727301271443564},"median":{"confidence_interval":{"confidence_level":0.95,"lower_bound":-0.005439378500635916,"upper_bound":0.005381822226988131},"point_estimate":-0.0016985498730260895,"standard_error":0.003049233557964361}}