{"mean":{"confidence_interval":{"confidence_level":0.95,"lower_bound":463247339.01124996,"upper_bound":466624598.8},"point_estimate":464927390.95,"standard_error":864466.0995813994},"median":{"confidence_interval":{"confidence_level":0.95,"lower_bound":462335851.5,"upper_bound":467642277.75},"point_estimate":464842419.75,"standard_error":1890677.4195778437},"median_abs_dev":{"confidence_interval":{"confidence_level":0.95,"lower_bound":333279.9491330981,"upper_bound":4459255.600382388},"point_estimate":3668463.090571761,"standard_error":1144700.0116564352},"slope":null,"std_dev":{"confidence_interval":{"confidence_level":0.95,"lower_bound":2011254.392094671,"upper_bound":3229232.918197464},"point_estimate":2888651.6498318366,"standard_error":312065.31298756175}}