{"mean":{"confidence_interval":{"confidence_level":0.95,"lower_bound":0.00808608178357399,"upper_bound":0.015484423143695091},"point_estimate":0.012124603103337517,"standard_error":0.001907375253294973},"median":{"confidence_interval":{"confidence_level":0.95,"lower_bound":0.009290233722760943,"upper_bound":0.017024618957808935},"point_estimate":0.013059602284005045,"standard_error":0.0020008249126723995}}