{"mean":{"confidence_interval":{"confidence_level":0.95,"lower_bound":-0.04425090419812557,"upper_bound":-0.03845036479733178},"point_estimate":-0.041827960707642164,"standard_error":0.0015037660969304623},"median":{"confidence_interval":{"confidence_level":0.95,"lower_bound":-0.045208076889859394,"upper_bound":-0.04199419043209007},"point_estimate":-0.04398992054706363,"standard_error":0.0008112096416115405}}