{"mean":{"confidence_interval":{"confidence_level":0.95,"lower_bound":-0.0557682546442685,"upper_bound":-0.04933768190898519},"point_estimate":-0.05255212678285048,"standard_error":0.0016295895090364875},"median":{"confidence_interval":{"confidence_level":0.95,"lower_bound":-0.057117370782486354,"upper_bound":-0.0489146029183013},"point_estimate":-0.05103455932306222,"standard_error":0.002222602279279808}}