{"mean":{"confidence_interval":{"confidence_level":0.95,"lower_bound":2.0065314099930234,"upper_bound":2.212037063424699},"point_estimate":2.089562821509272,"standard_error":0.05293366444398129},"median":{"confidence_interval":{"confidence_level":0.95,"lower_bound":1.9890783258602447,"upper_bound":2.214048900966265},"point_estimate":2.053828316548657,"standard_error":0.05601027662164717}}