{"mean":{"confidence_interval":{"confidence_level":0.95,"lower_bound":573803807.0,"upper_bound":784791980.3},"point_estimate":676108422.6,"standard_error":54099665.12082522},"median":{"confidence_interval":{"confidence_level":0.95,"lower_bound":515257698.0,"upper_bound":865022806.0},"point_estimate":599847672.0,"standard_error":106968690.04409696},"median_abs_dev":{"confidence_interval":{"confidence_level":0.95,"lower_bound":13153194.788584113,"upper_bound":295956947.00241387},"point_estimate":138566288.01445663,"standard_error":84783832.45835814},"slope":null,"std_dev":{"confidence_interval":{"confidence_level":0.95,"lower_bound":110956537.40514544,"upper_bound":206164646.9930077},"point_estimate":181122739.327797,"standard_error":24572508.716072913}}