{"mean":{"confidence_interval":{"confidence_level":0.95,"lower_bound":0.783576210304393,"upper_bound":0.837880548576249},"point_estimate":0.8119054152695357,"standard_error":0.013898283874372435},"median":{"confidence_interval":{"confidence_level":0.95,"lower_bound":0.7707898613378801,"upper_bound":0.849076308595474},"point_estimate":0.8149824675152302,"standard_error":0.022470411183354855}}