{"mean":{"confidence_interval":{"confidence_level":0.95,"lower_bound":531715591.4,"upper_bound":533768790.6},"point_estimate":532591584.0,"standard_error":535079.6855833839},"median":{"confidence_interval":{"confidence_level":0.95,"lower_bound":531445714.0,"upper_bound":533167087.5},"point_estimate":532276729.5,"standard_error":461878.4445514088},"median_abs_dev":{"confidence_interval":{"confidence_level":0.95,"lower_bound":39497.945898771286,"upper_bound":2022751.915588975},"point_estimate":1066962.7079576254,"standard_error":503680.78874272207},"slope":null,"std_dev":{"confidence_interval":{"confidence_level":0.95,"lower_bound":561303.2975244211,"upper_bound":2584568.037203821},"point_estimate":1777233.865409577,"standard_error":617719.4398273396}}