{"mean":{"confidence_interval":{"confidence_level":0.95,"lower_bound":495041694.5,"upper_bound":499373964.6},"point_estimate":496933468.35,"standard_error":1128461.150088439},"median":{"confidence_interval":{"confidence_level":0.95,"lower_bound":494468197.0,"upper_bound":498524584.0},"point_estimate":495420317.0,"standard_error":1049895.3016707243},"median_abs_dev":{"confidence_interval":{"confidence_level":0.95,"lower_bound":95027.986612916,"upper_bound":4831460.841174424},"point_estimate":1459127.080245316,"standard_error":1260998.92808217},"slope":null,"std_dev":{"confidence_interval":{"confidence_level":0.95,"lower_bound":759736.0709937824,"upper_bound":5241573.303436861},"point_estimate":3756908.571241306,"standard_error":1201911.6268971823}}