{"mean":{"confidence_interval":{"confidence_level":0.95,"lower_bound":0.022035904474291212,"upper_bound":0.02479694024565024},"point_estimate":0.023519709868891958,"standard_error":0.0007108038763581713},"median":{"confidence_interval":{"confidence_level":0.95,"lower_bound":0.021970495392956035,"upper_bound":0.02515801751300062},"point_estimate":0.023712397345841518,"standard_error":0.000706710221438893}}