{"mean":{"confidence_interval":{"confidence_level":0.95,"lower_bound":607321759.2225,"upper_bound":610803325.8},"point_estimate":609095098.5,"standard_error":893199.0301373894},"median":{"confidence_interval":{"confidence_level":0.95,"lower_bound":605854290.0,"upper_bound":611800319.5},"point_estimate":610125640.5,"standard_error":1861251.3085121794},"median_abs_dev":{"confidence_interval":{"confidence_level":0.95,"lower_bound":405901.772993803,"upper_bound":4553289.874362946},"point_estimate":3386285.76798141,"standard_error":1200549.0010127975},"slope":null,"std_dev":{"confidence_interval":{"confidence_level":0.95,"lower_bound":1952490.9712774148,"upper_bound":3350117.9439354665},"point_estimate":2984212.606034677,"standard_error":353469.15380904474}}