{"mean":{"confidence_interval":{"confidence_level":0.95,"lower_bound":1320159537.2,"upper_bound":1328046896.45},"point_estimate":1324045103.3,"standard_error":2022227.7253068127},"median":{"confidence_interval":{"confidence_level":0.95,"lower_bound":1317535760.0,"upper_bound":1329149712.5},"point_estimate":1325548496.5,"standard_error":3128696.4021185697},"median_abs_dev":{"confidence_interval":{"confidence_level":0.95,"lower_bound":955391.8708384037,"upper_bound":12444881.90985918},"point_estimate":9433020.093530416,"standard_error":3179988.108618261},"slope":null,"std_dev":{"confidence_interval":{"confidence_level":0.95,"lower_bound":4094600.372176171,"upper_bound":8355568.658641344},"point_estimate":6739673.363428446,"standard_error":1118921.3437838294}}