{"mean":{"confidence_interval":{"confidence_level":0.95,"lower_bound":-0.011264545815471828,"upper_bound":-0.0026843078606325513},"point_estimate":-0.0067777014010260705,"standard_error":0.0022057353754127173},"median":{"confidence_interval":{"confidence_level":0.95,"lower_bound":-0.011913241183581502,"upper_bound":-0.0006800516046617799},"point_estimate":-0.003731832679435221,"standard_error":0.0032204781193090936}}