{"mean":{"confidence_interval":{"confidence_level":0.95,"lower_bound":0.6791731719800949,"upper_bound":0.7169166504615445},"point_estimate":0.6990952832391899,"standard_error":0.00972545811646265},"median":{"confidence_interval":{"confidence_level":0.95,"lower_bound":0.6831503252992495,"upper_bound":0.7275753597532604},"point_estimate":0.7140834087112902,"standard_error":0.012385898111147273}}