{"mean":{"confidence_interval":{"confidence_level":0.95,"lower_bound":-0.005584267682996516,"upper_bound":0.010124734732632607},"point_estimate":0.0029215690760597823,"standard_error":0.0038040136785275056},"median":{"confidence_interval":{"confidence_level":0.95,"lower_bound":-0.010941470212021409,"upper_bound":0.012720406447844113},"point_estimate":0.009823942605075464,"standard_error":0.007813119416387732}}