{"mean":{"confidence_interval":{"confidence_level":0.95,"lower_bound":-0.018729517102512853,"upper_bound":-0.008016724954444523},"point_estimate":-0.013360740973689,"standard_error":0.002695021030834855},"median":{"confidence_interval":{"confidence_level":0.95,"lower_bound":-0.015611047671168277,"upper_bound":-0.01050293068656516},"point_estimate":-0.013408890526626083,"standard_error":0.0013971645054529497}}