{"mean":{"confidence_interval":{"confidence_level":0.95,"lower_bound":-0.027086795615340116,"upper_bound":-0.018895202278194825},"point_estimate":-0.023020473163855137,"standard_error":0.00209245246461828},"median":{"confidence_interval":{"confidence_level":0.95,"lower_bound":-0.02891733377399497,"upper_bound":-0.017382849675278922},"point_estimate":-0.023966931142927028,"standard_error":0.0026650820065739047}}