{"mean":{"confidence_interval":{"confidence_level":0.95,"lower_bound":-0.03761743721757839,"upper_bound":-0.03381973294406885},"point_estimate":-0.03572652949638999,"standard_error":0.0009660047115045881},"median":{"confidence_interval":{"confidence_level":0.95,"lower_bound":-0.037733558225261365,"upper_bound":-0.03314534842929806},"point_estimate":-0.03592868772550373,"standard_error":0.0012082682106264917}}