{"mean":{"confidence_interval":{"confidence_level":0.95,"lower_bound":739887293.7325,"upper_bound":745236870.2},"point_estimate":742639640.9,"standard_error":1368223.1691648879},"median":{"confidence_interval":{"confidence_level":0.95,"lower_bound":739210422.0,"upper_bound":746370997.5},"point_estimate":743015706.5,"standard_error":1765069.4791350593},"median_abs_dev":{"confidence_interval":{"confidence_level":0.95,"lower_bound":1480714.1065120697,"upper_bound":8200679.288908839},"point_estimate":4470778.738027811,"standard_error":1736626.2780902016},"slope":null,"std_dev":{"confidence_interval":{"confidence_level":0.95,"lower_bound":2473256.349374071,"upper_bound":5720335.811710636},"point_estimate":4571116.637448968,"standard_error":826676.5835673483}}