{"mean":{"confidence_interval":{"confidence_level":0.95,"lower_bound":0.012890893651859178,"upper_bound":0.02161545645836902},"point_estimate":0.0173145940880568,"standard_error":0.0022408946371027245},"median":{"confidence_interval":{"confidence_level":0.95,"lower_bound":0.011073904565854331,"upper_bound":0.023962617336501513},"point_estimate":0.018057793613434958,"standard_error":0.003050266672606948}}