{"mean":{"confidence_interval":{"confidence_level":0.95,"lower_bound":203941708.43333334,"upper_bound":204385093.91166663},"point_estimate":204159811.0,"standard_error":113454.06436182608},"median":{"confidence_interval":{"confidence_level":0.95,"lower_bound":203818993.0,"upper_bound":204432870.66666666},"point_estimate":204143744.6666667,"standard_error":162238.65402133093},"median_abs_dev":{"confidence_interval":{"confidence_level":0.95,"lower_bound":93593.32403840107,"upper_bound":651324.948036678},"point_estimate":387341.35102330166,"standard_error":142651.7345266033},"slope":null,"std_dev":{"confidence_interval":{"confidence_level":0.95,"lower_bound":215603.43844575546,"upper_bound":481177.019188203},"point_estimate":377755.01785292197,"standard_error":69226.19124446601}}