{"mean":{"confidence_interval":{"confidence_level":0.95,"lower_bound":-0.03099268942524085,"upper_bound":-0.026091800806137905},"point_estimate":-0.02859007059130847,"standard_error":0.0012531141460425032},"median":{"confidence_interval":{"confidence_level":0.95,"lower_bound":-0.03208714641325183,"upper_bound":-0.02598601404398626},"point_estimate":-0.02885949456195358,"standard_error":0.0015249730601732394}}