{"mean":{"confidence_interval":{"confidence_level":0.95,"lower_bound":0.0219651259371851,"upper_bound":0.029447912709417497},"point_estimate":0.025856358189644713,"standard_error":0.0019078084286878415},"median":{"confidence_interval":{"confidence_level":0.95,"lower_bound":0.02313235448560702,"upper_bound":0.031226195751171026},"point_estimate":0.0277201880650928,"standard_error":0.002117583419603361}}