{"mean":{"confidence_interval":{"confidence_level":0.95,"lower_bound":0.010453808229057268,"upper_bound":0.024561237532858448},"point_estimate":0.018006162928938307,"standard_error":0.003595656435763096},"median":{"confidence_interval":{"confidence_level":0.95,"lower_bound":0.014931790944606949,"upper_bound":0.022663371590303072},"point_estimate":0.018652873389989333,"standard_error":0.0020777115731180655}}