{"mean":{"confidence_interval":{"confidence_level":0.95,"lower_bound":-0.03769556530929745,"upper_bound":-0.03188750277507773},"point_estimate":-0.03467868740783109,"standard_error":0.0015008762434962455},"median":{"confidence_interval":{"confidence_level":0.95,"lower_bound":-0.03853914453378282,"upper_bound":-0.030234998309258354},"point_estimate":-0.03430246087457611,"standard_error":0.0020816537233787403}}