{"mean":{"confidence_interval":{"confidence_level":0.95,"lower_bound":917984992.6,"upper_bound":925534935.9},"point_estimate":921884759.2,"standard_error":1935996.07979528},"median":{"confidence_interval":{"confidence_level":0.95,"lower_bound":917212575.5,"upper_bound":926981973.0},"point_estimate":922899251.0,"standard_error":2836155.5508301733},"median_abs_dev":{"confidence_interval":{"confidence_level":0.95,"lower_bound":1381526.6856729984,"upper_bound":11192330.302396417},"point_estimate":6910280.610617995,"standard_error":2400651.8686978193},"slope":null,"std_dev":{"confidence_interval":{"confidence_level":0.95,"lower_bound":3568664.836799207,"upper_bound":8292911.964481914},"point_estimate":6440702.583889411,"standard_error":1243863.77347474}}