{"mean":{"confidence_interval":{"confidence_level":0.95,"lower_bound":0.007315172195405545,"upper_bound":0.014015027184671491},"point_estimate":0.010823796689726217,"standard_error":0.0017144459217613235},"median":{"confidence_interval":{"confidence_level":0.95,"lower_bound":0.006919646667176815,"upper_bound":0.015259944178803941},"point_estimate":0.011379801574843862,"standard_error":0.0021750200284817714}}