{"mean":{"confidence_interval":{"confidence_level":0.95,"lower_bound":652493939.515,"upper_bound":655437223.0175},"point_estimate":653917366.8,"standard_error":754387.9734598275},"median":{"confidence_interval":{"confidence_level":0.95,"lower_bound":652541720.0,"upper_bound":655206687.5},"point_estimate":653816292.5,"standard_error":668272.3360246083},"median_abs_dev":{"confidence_interval":{"confidence_level":0.95,"lower_bound":392556.89063072205,"upper_bound":4235642.830002308},"point_estimate":1552986.4074289799,"standard_error":923946.1349975056},"slope":null,"std_dev":{"confidence_interval":{"confidence_level":0.95,"lower_bound":933189.3699299176,"upper_bound":3443764.2166958805},"point_estimate":2506069.5115557523,"standard_error":640003.8469742704}}