{"mean":{"confidence_interval":{"confidence_level":0.95,"lower_bound":-0.008456109536997703,"upper_bound":0.0417100582285729},"point_estimate":0.016519778055238188,"standard_error":0.0128912977144035},"median":{"confidence_interval":{"confidence_level":0.95,"lower_bound":-0.014908536344318102,"upper_bound":0.06150501879473258},"point_estimate":0.015836122395524344,"standard_error":0.021907345898779865}}