{"mean":{"confidence_interval":{"confidence_level":0.95,"lower_bound":-0.06532829393754877,"upper_bound":-0.049128328471038096},"point_estimate":-0.05773268455902103,"standard_error":0.0041408680725111375},"median":{"confidence_interval":{"confidence_level":0.95,"lower_bound":-0.0697709866612839,"upper_bound":-0.04591194376051333},"point_estimate":-0.06574078273882478,"standard_error":0.006438375950086588}}