{"mean":{"confidence_interval":{"confidence_level":0.95,"lower_bound":-0.011044288535163349,"upper_bound":-0.005475927863540651},"point_estimate":-0.008113250666845984,"standard_error":0.001434224431431876},"median":{"confidence_interval":{"confidence_level":0.95,"lower_bound":-0.012012724779994302,"upper_bound":-0.004604259538509181},"point_estimate":-0.007204817798072249,"standard_error":0.001584234799097777}}