{"mean":{"confidence_interval":{"confidence_level":0.95,"lower_bound":297238462.51,"upper_bound":297911871.35},"point_estimate":297586796.6,"standard_error":172009.74746950163},"median":{"confidence_interval":{"confidence_level":0.95,"lower_bound":297161638.25,"upper_bound":298020901.25},"point_estimate":297649706.25,"standard_error":173721.7734056744},"median_abs_dev":{"confidence_interval":{"confidence_level":0.95,"lower_bound":60110.90398281813,"upper_bound":1084831.0028403997},"point_estimate":349256.4464494586,"standard_error":267900.5323163131},"slope":null,"std_dev":{"confidence_interval":{"confidence_level":0.95,"lower_bound":274845.1476464924,"upper_bound":729055.8697531708},"point_estimate":572179.8843274144,"standard_error":115620.20638440321}}