{"mean":{"confidence_interval":{"confidence_level":0.95,"lower_bound":1128978215.9924998,"upper_bound":1130388048.3},"point_estimate":1129680164.5,"standard_error":361525.91724564304},"median":{"confidence_interval":{"confidence_level":0.95,"lower_bound":1128550796.5,"upper_bound":1130738986.0},"point_estimate":1129898395.5,"standard_error":608190.3461084646},"median_abs_dev":{"confidence_interval":{"confidence_level":0.95,"lower_bound":105975.5048185587,"upper_bound":2072898.6357986927},"point_estimate":1799108.3812594414,"standard_error":534930.9520082488},"slope":null,"std_dev":{"confidence_interval":{"confidence_level":0.95,"lower_bound":763877.7967798834,"upper_bound":1445334.2110284762},"point_estimate":1209376.857698602,"standard_error":173613.23623893032}}