{"mean":{"confidence_interval":{"confidence_level":0.95,"lower_bound":-0.022309721080010367,"upper_bound":-0.01998619796905598},"point_estimate":-0.02102131291331244,"standard_error":0.0005927053315357202},"median":{"confidence_interval":{"confidence_level":0.95,"lower_bound":-0.021537049102015926,"upper_bound":-0.019756584617197648},"point_estimate":-0.02074606471999796,"standard_error":0.000467013853442429}}