{"mean":{"confidence_interval":{"confidence_level":0.95,"lower_bound":856268814.39,"upper_bound":863935862.385},"point_estimate":859949759.9,"standard_error":1963332.6762851835},"median":{"confidence_interval":{"confidence_level":0.95,"lower_bound":854896385.0,"upper_bound":864335757.0},"point_estimate":858662238.5,"standard_error":2188726.515102781},"median_abs_dev":{"confidence_interval":{"confidence_level":0.95,"lower_bound":980487.0992928743,"upper_bound":11117868.94261837},"point_estimate":5918195.131731033,"standard_error":2743140.1027203184},"slope":null,"std_dev":{"confidence_interval":{"confidence_level":0.95,"lower_bound":3322074.613065583,"upper_bound":8470690.73664057},"point_estimate":6541468.481428776,"standard_error":1332965.13468995}}