{"mean":{"confidence_interval":{"confidence_level":0.95,"lower_bound":0.017139699713787447,"upper_bound":0.028213496753572473},"point_estimate":0.023275173117017767,"standard_error":0.0028463348723171958},"median":{"confidence_interval":{"confidence_level":0.95,"lower_bound":0.019542997165183706,"upper_bound":0.030265709845036293},"point_estimate":0.02769731651668894,"standard_error":0.002570510861573784}}