{"mean":{"confidence_interval":{"confidence_level":0.95,"lower_bound":-0.03204904899495498,"upper_bound":-0.023260709200370155},"point_estimate":-0.02783717777943251,"standard_error":0.002266917556469486},"median":{"confidence_interval":{"confidence_level":0.95,"lower_bound":-0.03331575610117665,"upper_bound":-0.02167667681736485},"point_estimate":-0.029107657527920883,"standard_error":0.002763196937682138}}