{"mean":{"confidence_interval":{"confidence_level":0.95,"lower_bound":462790187.56125,"upper_bound":464805138.03875},"point_estimate":463797026.0,"standard_error":515867.6218538106},"median":{"confidence_interval":{"confidence_level":0.95,"lower_bound":462131053.0,"upper_bound":464809381.75},"point_estimate":464004311.0,"standard_error":644946.5778455758},"median_abs_dev":{"confidence_interval":{"confidence_level":0.95,"lower_bound":198296.26387953758,"upper_bound":3245294.9582844973},"point_estimate":1249192.777222395,"standard_error":761465.5726561613},"slope":null,"std_dev":{"confidence_interval":{"confidence_level":0.95,"lower_bound":926686.46063294,"upper_bound":2240137.1270634956},"point_estimate":1720369.3544885127,"standard_error":341185.19689516415}}