{"mean":{"confidence_interval":{"confidence_level":0.95,"lower_bound":0.3727721180393967,"upper_bound":0.6869834143358893},"point_estimate":0.5505469388342836,"standard_error":0.07844730169434988},"median":{"confidence_interval":{"confidence_level":0.95,"lower_bound":0.38306218743825426,"upper_bound":0.7185677451055865},"point_estimate":0.6725535802647056,"standard_error":0.078414126203972}}