{"mean":{"confidence_interval":{"confidence_level":0.95,"lower_bound":-0.008078292182039636,"upper_bound":0.00014369072279505891},"point_estimate":-0.0039360152908818336,"standard_error":0.002097784698426645},"median":{"confidence_interval":{"confidence_level":0.95,"lower_bound":-0.010360490496312602,"upper_bound":0.0029060870522823468},"point_estimate":-0.0017595213241181629,"standard_error":0.0035151137113869444}}