{"mean":{"confidence_interval":{"confidence_level":0.95,"lower_bound":-0.013348793652480187,"upper_bound":0.0038975124465220686},"point_estimate":-0.0044818467014390295,"standard_error":0.0043463534799142185},"median":{"confidence_interval":{"confidence_level":0.95,"lower_bound":-0.022316286268125318,"upper_bound":0.009527399719321039},"point_estimate":0.0011976117310164014,"standard_error":0.008782386336656293}}