{"mean":{"confidence_interval":{"confidence_level":0.95,"lower_bound":-0.028044617585876102,"upper_bound":-0.02365955958426812},"point_estimate":-0.025919500306412435,"standard_error":0.001114711455408052},"median":{"confidence_interval":{"confidence_level":0.95,"lower_bound":-0.02896597285362068,"upper_bound":-0.02268017309736814},"point_estimate":-0.026090180881553904,"standard_error":0.0016592100238093143}}