{"mean":{"confidence_interval":{"confidence_level":0.95,"lower_bound":-0.007970063763817023,"upper_bound":-0.0022819566491333937},"point_estimate":-0.0050149639631369425,"standard_error":0.0014532683300482125},"median":{"confidence_interval":{"confidence_level":0.95,"lower_bound":-0.006980153924784127,"upper_bound":-0.0016182488258918992},"point_estimate":-0.0029688848656150846,"standard_error":0.0014021441353878213}}