{"mean":{"confidence_interval":{"confidence_level":0.95,"lower_bound":-0.035934294349454825,"upper_bound":-0.03208269872302469},"point_estimate":-0.03408226443555806,"standard_error":0.0009856819673537776},"median":{"confidence_interval":{"confidence_level":0.95,"lower_bound":-0.036911267779784596,"upper_bound":-0.031853789946125644},"point_estimate":-0.03515563512107811,"standard_error":0.0012948297376794973}}