{"mean":{"confidence_interval":{"confidence_level":0.95,"lower_bound":0.006150185870536664,"upper_bound":0.013728123019044629},"point_estimate":0.009837837841468966,"standard_error":0.0019420394318350976},"median":{"confidence_interval":{"confidence_level":0.95,"lower_bound":0.004037758506886924,"upper_bound":0.014522945600292436},"point_estimate":0.009128823142578124,"standard_error":0.0026495933953802984}}