{"mean":{"confidence_interval":{"confidence_level":0.95,"lower_bound":0.033444925441255026,"upper_bound":0.06161689457465465},"point_estimate":0.0457608340866591,"standard_error":0.007330127360330367},"median":{"confidence_interval":{"confidence_level":0.95,"lower_bound":0.03124531751199311,"upper_bound":0.0614369979466433},"point_estimate":0.03380598887790387,"standard_error":0.007722461498068461}}