{"mean":{"confidence_interval":{"confidence_level":0.95,"lower_bound":2.1426414067231896,"upper_bound":2.423620337906858},"point_estimate":2.28693859241399,"standard_error":0.07464438408847927},"median":{"confidence_interval":{"confidence_level":0.95,"lower_bound":2.1158103011676537,"upper_bound":2.39433591950385},"point_estimate":2.1908112046018844,"standard_error":0.05939212607308726}}