{"mean":{"confidence_interval":{"confidence_level":0.95,"lower_bound":326843468.66249996,"upper_bound":375283489.1787499},"point_estimate":352629040.15,"standard_error":12391683.843405299},"median":{"confidence_interval":{"confidence_level":0.95,"lower_bound":299773131.5,"upper_bound":382606618.25},"point_estimate":373090087.5,"standard_error":19860194.189401843},"median_abs_dev":{"confidence_interval":{"confidence_level":0.95,"lower_bound":2049416.105465591,"upper_bound":64011531.10976815},"point_estimate":15924194.895789027,"standard_error":15816382.437685275},"slope":null,"std_dev":{"confidence_interval":{"confidence_level":0.95,"lower_bound":9266262.051587371,"upper_bound":47139381.536744766},"point_estimate":41335999.272730954,"standard_error":7692673.1078246}}