{"mean":{"confidence_interval":{"confidence_level":0.95,"lower_bound":449037454.1,"upper_bound":453824045.3475},"point_estimate":450949938.7,"standard_error":1299245.7256908389},"median":{"confidence_interval":{"confidence_level":0.95,"lower_bound":448649963.75,"upper_bound":451533503.0},"point_estimate":449292905.75,"standard_error":795149.0277531273},"median_abs_dev":{"confidence_interval":{"confidence_level":0.95,"lower_bound":281705.1144987345,"upper_bound":3425179.9250409007},"point_estimate":1045290.0615423918,"standard_error":889351.1364520139},"slope":null,"std_dev":{"confidence_interval":{"confidence_level":0.95,"lower_bound":554599.5015432709,"upper_bound":6523591.234013836},"point_estimate":4333195.2440411635,"standard_error":1849472.4109510586}}