{"mean":{"confidence_interval":{"confidence_level":0.95,"lower_bound":0.0034087076290946496,"upper_bound":0.008222657282195118},"point_estimate":0.005784911871601572,"standard_error":0.0012079992194118114},"median":{"confidence_interval":{"confidence_level":0.95,"lower_bound":0.002119659400174667,"upper_bound":0.009036483469193834},"point_estimate":0.006329668910540764,"standard_error":0.0019487714103509726}}