{"mean":{"confidence_interval":{"confidence_level":0.95,"lower_bound":-0.041120485176496,"upper_bound":-0.034298098024135304},"point_estimate":-0.03744817574476533,"standard_error":0.0017509379267920228},"median":{"confidence_interval":{"confidence_level":0.95,"lower_bound":-0.03996861193976753,"upper_bound":-0.03318468754330772},"point_estimate":-0.03678346601648386,"standard_error":0.0017947261998984357}}