{"mean":{"confidence_interval":{"confidence_level":0.95,"lower_bound":-0.0636150757035088,"upper_bound":-0.05310329566752724},"point_estimate":-0.0578231482865863,"standard_error":0.0027007382737393947},"median":{"confidence_interval":{"confidence_level":0.95,"lower_bound":-0.06188499635555167,"upper_bound":-0.0511114010937499},"point_estimate":-0.05399330536794389,"standard_error":0.0025353824510646107}}