{"mean":{"confidence_interval":{"confidence_level":0.95,"lower_bound":-0.048526186668592236,"upper_bound":-0.040249931486999846},"point_estimate":-0.04479930053269077,"standard_error":0.002130375348941771},"median":{"confidence_interval":{"confidence_level":0.95,"lower_bound":-0.048775117281037006,"upper_bound":-0.04258922978462387},"point_estimate":-0.046950270532785,"standard_error":0.0016437400450779033}}