{"mean":{"confidence_interval":{"confidence_level":0.95,"lower_bound":-0.005501831822106706,"upper_bound":-0.0019675167692786437},"point_estimate":-0.0036567855018296846,"standard_error":0.0009012645879315844},"median":{"confidence_interval":{"confidence_level":0.95,"lower_bound":-0.005265041593187525,"upper_bound":-0.0015768470355645992},"point_estimate":-0.003794691788743698,"standard_error":0.0009038769354848855}}