{"mean":{"confidence_interval":{"confidence_level":0.95,"lower_bound":353825393.2225,"upper_bound":354597281.8},"point_estimate":354202861.35,"standard_error":197845.85803995538},"median":{"confidence_interval":{"confidence_level":0.95,"lower_bound":353669829.0,"upper_bound":354705819.5},"point_estimate":354107833.5,"standard_error":275595.15968687006},"median_abs_dev":{"confidence_interval":{"confidence_level":0.95,"lower_bound":80214.21832591295,"upper_bound":1114811.027558148},"point_estimate":670461.3600969315,"standard_error":244827.3684867871},"slope":null,"std_dev":{"confidence_interval":{"confidence_level":0.95,"lower_bound":364604.15305995825,"upper_bound":820105.1200126541},"point_estimate":658274.4651157234,"standard_error":115507.12146838928}}