{"mean":{"confidence_interval":{"confidence_level":0.95,"lower_bound":-0.03087173901616658,"upper_bound":-0.013376653077519784},"point_estimate":-0.02096900454295103,"standard_error":0.0045026294294736},"median":{"confidence_interval":{"confidence_level":0.95,"lower_bound":-0.02568675459896419,"upper_bound":-0.0122440264214434},"point_estimate":-0.01822256309600334,"standard_error":0.0035665865966737135}}