{"mean":{"confidence_interval":{"confidence_level":0.95,"lower_bound":946262386.5875,"upper_bound":949806139.9},"point_estimate":948205483.3,"standard_error":910006.9426456303},"median":{"confidence_interval":{"confidence_level":0.95,"lower_bound":946721505.0,"upper_bound":950874919.0},"point_estimate":948772423.0,"standard_error":927183.7136353673},"median_abs_dev":{"confidence_interval":{"confidence_level":0.95,"lower_bound":415062.758231163,"upper_bound":4420744.45449355},"point_estimate":2561738.5339200497,"standard_error":1046939.5814509196},"slope":null,"std_dev":{"confidence_interval":{"confidence_level":0.95,"lower_bound":1283808.8625400763,"upper_bound":4204627.474910984},"point_estimate":3030937.447374292,"standard_error":847023.0263894821}}