{"mean":{"confidence_interval":{"confidence_level":0.95,"lower_bound":-0.036374759169691344,"upper_bound":-0.01864665771136766},"point_estimate":-0.027253050210911844,"standard_error":0.004546756688943828},"median":{"confidence_interval":{"confidence_level":0.95,"lower_bound":-0.04145461978865128,"upper_bound":-0.015125972695062035},"point_estimate":-0.017285587580041284,"standard_error":0.007257184019891974}}