{"mean":{"confidence_interval":{"confidence_level":0.95,"lower_bound":555942489.2225,"upper_bound":559431325.2},"point_estimate":557640578.3,"standard_error":894700.6616719948},"median":{"confidence_interval":{"confidence_level":0.95,"lower_bound":555685386.0,"upper_bound":560214580.0},"point_estimate":556579817.5,"standard_error":1215755.2072628937},"median_abs_dev":{"confidence_interval":{"confidence_level":0.95,"lower_bound":145705.47761321068,"upper_bound":5194514.362978935},"point_estimate":2927287.6421302557,"standard_error":1379389.9573085126},"slope":null,"std_dev":{"confidence_interval":{"confidence_level":0.95,"lower_bound":1624616.1010541809,"upper_bound":3840410.414695156},"point_estimate":2996570.670615034,"standard_error":571002.1068166909}}