{"mean":{"confidence_interval":{"confidence_level":0.95,"lower_bound":-0.008005672973363128,"upper_bound":0.012520593630976138},"point_estimate":0.0033554482144244613,"standard_error":0.005312587288263853},"median":{"confidence_interval":{"confidence_level":0.95,"lower_bound":-0.005310520620727677,"upper_bound":0.011606478553899624},"point_estimate":0.009482446197819128,"standard_error":0.003584557501883055}}