{"mean":{"confidence_interval":{"confidence_level":0.95,"lower_bound":302764304.725,"upper_bound":303836376.51250005},"point_estimate":303252927.75,"standard_error":276217.5958109898},"median":{"confidence_interval":{"confidence_level":0.95,"lower_bound":302475299.0,"upper_bound":303802764.0},"point_estimate":303010905.75,"standard_error":351094.98402231355},"median_abs_dev":{"confidence_interval":{"confidence_level":0.95,"lower_bound":126935.76194643974,"upper_bound":1515033.701352775},"point_estimate":802362.3493552208,"standard_error":340250.85007181746},"slope":null,"std_dev":{"confidence_interval":{"confidence_level":0.95,"lower_bound":408218.9583806554,"upper_bound":1234483.614660579},"point_estimate":919914.7054167652,"standard_error":227392.40780191633}}