{"mean":{"confidence_interval":{"confidence_level":0.95,"lower_bound":791712413.5,"upper_bound":846297368.1},"point_estimate":817690107.9,"standard_error":13930084.832459131},"median":{"confidence_interval":{"confidence_level":0.95,"lower_bound":785919669.0,"upper_bound":840139691.0},"point_estimate":812835512.5,"standard_error":14596857.192325475},"median_abs_dev":{"confidence_interval":{"confidence_level":0.95,"lower_bound":6228588.5557204485,"upper_bound":73070591.30543768},"point_estimate":34282993.89515519,"standard_error":16871956.99532109},"slope":null,"std_dev":{"confidence_interval":{"confidence_level":0.95,"lower_bound":19752656.159571763,"upper_bound":63716911.16131466},"point_estimate":46434675.535949275,"standard_error":11697612.25591267}}