{"mean":{"confidence_interval":{"confidence_level":0.95,"lower_bound":0.045840205943346604,"upper_bound":0.05309552148904629},"point_estimate":0.049630165349005884,"standard_error":0.0018584554179023188},"median":{"confidence_interval":{"confidence_level":0.95,"lower_bound":0.046661483848009055,"upper_bound":0.05390936751245223},"point_estimate":0.05154729959311766,"standard_error":0.0018075424057758468}}