{"mean":{"confidence_interval":{"confidence_level":0.95,"lower_bound":580981810.5,"upper_bound":583874074.0174999},"point_estimate":582422117.1,"standard_error":739698.6102645916},"median":{"confidence_interval":{"confidence_level":0.95,"lower_bound":580175646.0,"upper_bound":584575750.0},"point_estimate":582685562.0,"standard_error":1136585.810889849},"median_abs_dev":{"confidence_interval":{"confidence_level":0.95,"lower_bound":616402.0585566759,"upper_bound":4195191.572320461},"point_estimate":3192260.1333260536,"standard_error":967550.9053290699},"slope":null,"std_dev":{"confidence_interval":{"confidence_level":0.95,"lower_bound":1475680.224253868,"upper_bound":3021453.479295155},"point_estimate":2466535.6757553904,"standard_error":392701.9852465012}}