{"mean":{"confidence_interval":{"confidence_level":0.95,"lower_bound":0.018402456386764004,"upper_bound":0.029842251074029182},"point_estimate":0.023389494360453122,"standard_error":0.002964576131119294},"median":{"confidence_interval":{"confidence_level":0.95,"lower_bound":0.016585901483123555,"upper_bound":0.026394216764189737},"point_estimate":0.01869615741475794,"standard_error":0.002477446186780971}}