{"mean":{"confidence_interval":{"confidence_level":0.95,"lower_bound":-0.006207374969993201,"upper_bound":0.006983553277901183},"point_estimate":0.0002890714413157358,"standard_error":0.0033820458774025666},"median":{"confidence_interval":{"confidence_level":0.95,"lower_bound":-0.0084951536484007,"upper_bound":0.008323399424670308},"point_estimate":-0.001614703477387014,"standard_error":0.004096735499164549}}