{"mean":{"confidence_interval":{"confidence_level":0.95,"lower_bound":402475297.4275,"upper_bound":404876988.60749996},"point_estimate":403705586.2,"standard_error":615943.8514013574},"median":{"confidence_interval":{"confidence_level":0.95,"lower_bound":401902585.5,"upper_bound":405422131.25},"point_estimate":404264511.25,"standard_error":921905.0573645979},"median_abs_dev":{"confidence_interval":{"confidence_level":0.95,"lower_bound":389595.39718329906,"upper_bound":3415304.3266162276},"point_estimate":2289173.2776090503,"standard_error":798957.3227823491},"slope":null,"std_dev":{"confidence_interval":{"confidence_level":0.95,"lower_bound":1151091.4550502119,"upper_bound":2477119.7297452604},"point_estimate":2056814.6128723496,"standard_error":329554.9110371052}}