{"mean":{"confidence_interval":{"confidence_level":0.95,"lower_bound":-0.02861296386192097,"upper_bound":-0.022418031519807737},"point_estimate":-0.025431851128359884,"standard_error":0.001588870205538049},"median":{"confidence_interval":{"confidence_level":0.95,"lower_bound":-0.028611128608367675,"upper_bound":-0.02089722275391437},"point_estimate":-0.024011554756437903,"standard_error":0.001916745740939922}}