{"mean":{"confidence_interval":{"confidence_level":0.95,"lower_bound":0.001198943804358868,"upper_bound":0.016976670978552506},"point_estimate":0.007905121244281554,"standard_error":0.004042115092046612},"median":{"confidence_interval":{"confidence_level":0.95,"lower_bound":0.00044333156021347797,"upper_bound":0.010803466072737411},"point_estimate":0.004875337218576359,"standard_error":0.0029075111839497662}}