{"mean":{"confidence_interval":{"confidence_level":0.95,"lower_bound":-0.013439099024302627,"upper_bound":-0.008549302065581046},"point_estimate":-0.011038802648015267,"standard_error":0.0012479251702053862},"median":{"confidence_interval":{"confidence_level":0.95,"lower_bound":-0.014100564552937955,"upper_bound":-0.008298531777095941},"point_estimate":-0.011269870903195867,"standard_error":0.0015425095370644266}}