{"mean":{"confidence_interval":{"confidence_level":0.95,"lower_bound":612564816.8924999,"upper_bound":615576628.3},"point_estimate":614158857.8,"standard_error":770758.6788037698},"median":{"confidence_interval":{"confidence_level":0.95,"lower_bound":612356565.0,"upper_bound":616329904.5},"point_estimate":614805108.0,"standard_error":1042538.0340595793},"median_abs_dev":{"confidence_interval":{"confidence_level":0.95,"lower_bound":693830.8421820402,"upper_bound":4359456.2364041805},"point_estimate":2580540.1254862547,"standard_error":929410.7050357356},"slope":null,"std_dev":{"confidence_interval":{"confidence_level":0.95,"lower_bound":1294896.6099768507,"upper_bound":3323095.083597793},"point_estimate":2569688.545187434,"standard_error":538658.59607491}}