{"mean":{"confidence_interval":{"confidence_level":0.95,"lower_bound":535263239.7,"upper_bound":539878896.4625},"point_estimate":537422460.6,"standard_error":1188644.9220951332},"median":{"confidence_interval":{"confidence_level":0.95,"lower_bound":534456756.0,"upper_bound":540083002.0},"point_estimate":536004899.0,"standard_error":1809091.9988395586},"median_abs_dev":{"confidence_interval":{"confidence_level":0.95,"lower_bound":446404.18037474155,"upper_bound":7345101.237398386},"point_estimate":3863030.615517497,"standard_error":1634946.7797416735},"slope":null,"std_dev":{"confidence_interval":{"confidence_level":0.95,"lower_bound":2060375.2651531876,"upper_bound":5184602.874013383},"point_estimate":3970241.0086567006,"standard_error":861445.5299736757}}