{"mean":{"confidence_interval":{"confidence_level":0.95,"lower_bound":0.028335084133222756,"upper_bound":0.03550175618243081},"point_estimate":0.03189730753021869,"standard_error":0.0018328564745841362},"median":{"confidence_interval":{"confidence_level":0.95,"lower_bound":0.025987998898131748,"upper_bound":0.0360727151885607},"point_estimate":0.03184922701436799,"standard_error":0.0025910087649682985}}