{"mean":{"confidence_interval":{"confidence_level":0.95,"lower_bound":-0.013559302873450509,"upper_bound":-0.0021062095373911233},"point_estimate":-0.008695523805307137,"standard_error":0.002989394323914597},"median":{"confidence_interval":{"confidence_level":0.95,"lower_bound":-0.013503433412305421,"upper_bound":-0.007127903566913618},"point_estimate":-0.010872185757282216,"standard_error":0.0017974274701959415}}