{"mean":{"confidence_interval":{"confidence_level":0.95,"lower_bound":144749699.97473514,"upper_bound":149478728.97271827},"point_estimate":146713071.08718255,"standard_error":1253397.5204788572},"median":{"confidence_interval":{"confidence_level":0.95,"lower_bound":143770343.5,"upper_bound":147580481.19841272},"point_estimate":146207843.4375,"standard_error":1096618.4193040645},"median_abs_dev":{"confidence_interval":{"confidence_level":0.95,"lower_bound":140321.41580879688,"upper_bound":4248340.769276862},"point_estimate":3358817.3499857336,"standard_error":1278177.5751737477},"slope":{"confidence_interval":{"confidence_level":0.95,"lower_bound":145937253.53333333,"upper_bound":150445332.6466219},"point_estimate":147683767.16623378,"standard_error":1174108.1370649422},"std_dev":{"confidence_interval":{"confidence_level":0.95,"lower_bound":1276924.7267973886,"upper_bound":6194313.403972598},"point_estimate":4168922.5333593506,"standard_error":1579732.1812971663}}