{"mean":{"confidence_interval":{"confidence_level":0.95,"lower_bound":-0.01208995989760055,"upper_bound":-0.007319697233730051},"point_estimate":-0.009576235125904664,"standard_error":0.0012215247268780613},"median":{"confidence_interval":{"confidence_level":0.95,"lower_bound":-0.011704993754821813,"upper_bound":-0.00693421200032962},"point_estimate":-0.008810643015084052,"standard_error":0.0011910747289879805}}