{"mean":{"confidence_interval":{"confidence_level":0.95,"lower_bound":267373673.3,"upper_bound":267944967.09625},"point_estimate":267619236.05,"standard_error":148552.5359161154},"median":{"confidence_interval":{"confidence_level":0.95,"lower_bound":267299765.25,"upper_bound":267872529.0},"point_estimate":267452666.5,"standard_error":135950.54106344082},"median_abs_dev":{"confidence_interval":{"confidence_level":0.95,"lower_bound":19688.92765045166,"upper_bound":637635.503262185},"point_estimate":257509.45357829332,"standard_error":150868.06281519704},"slope":null,"std_dev":{"confidence_interval":{"confidence_level":0.95,"lower_bound":105405.32552747746,"upper_bound":706666.1131006003},"point_estimate":493430.4705955401,"standard_error":163957.39242422633}}