{"mean":{"confidence_interval":{"confidence_level":0.95,"lower_bound":-0.02375816157444641,"upper_bound":-0.015011764454151498},"point_estimate":-0.019273470775797774,"standard_error":0.0022405105745353956},"median":{"confidence_interval":{"confidence_level":0.95,"lower_bound":-0.024832873937504663,"upper_bound":-0.012646527553889952},"point_estimate":-0.019402786579159503,"standard_error":0.0031194257631055626}}