{"mean":{"confidence_interval":{"confidence_level":0.95,"lower_bound":-0.010741832565219989,"upper_bound":-0.0011892683618090739},"point_estimate":-0.005820448823248947,"standard_error":0.0024457740021314608},"median":{"confidence_interval":{"confidence_level":0.95,"lower_bound":-0.014750946688925293,"upper_bound":0.0040514305131025274},"point_estimate":-0.006403469273954521,"standard_error":0.004919546259619061}}