{"mean":{"confidence_interval":{"confidence_level":0.95,"lower_bound":201839349.63333336,"upper_bound":202486008.99999997},"point_estimate":202178599.0,"standard_error":165780.24118889257},"median":{"confidence_interval":{"confidence_level":0.95,"lower_bound":201644040.6666667,"upper_bound":202663668.0},"point_estimate":202428275.0,"standard_error":288755.25373471907},"median_abs_dev":{"confidence_interval":{"confidence_level":0.95,"lower_bound":68191.93868936581,"upper_bound":871280.2678316832},"point_estimate":432391.1396235375,"standard_error":226759.60271706706},"slope":null,"std_dev":{"confidence_interval":{"confidence_level":0.95,"lower_bound":297315.0432604966,"upper_bound":659836.266480972},"point_estimate":551724.4214104051,"standard_error":88365.44580188832}}