{"mean":{"confidence_interval":{"confidence_level":0.95,"lower_bound":0.01429712406916791,"upper_bound":0.01719829045832887},"point_estimate":0.015852576712436672,"standard_error":0.0007628320978032343},"median":{"confidence_interval":{"confidence_level":0.95,"lower_bound":0.014287689423567285,"upper_bound":0.017701528098733155},"point_estimate":0.01652890303294341,"standard_error":0.0008279245260104941}}