{"mean":{"confidence_interval":{"confidence_level":0.95,"lower_bound":440031241.2225,"upper_bound":441593967.84},"point_estimate":440832073.9,"standard_error":399638.6086027493},"median":{"confidence_interval":{"confidence_level":0.95,"lower_bound":439232704.5,"upper_bound":441842654.5},"point_estimate":441130044.75,"standard_error":577517.094313878},"median_abs_dev":{"confidence_interval":{"confidence_level":0.95,"lower_bound":187237.18002587557,"upper_bound":2409385.4486748576},"point_estimate":1103453.570459783,"standard_error":613191.9567493768},"slope":null,"std_dev":{"confidence_interval":{"confidence_level":0.95,"lower_bound":718002.494093071,"upper_bound":1618452.7873885094},"point_estimate":1329871.6291326936,"standard_error":220230.59062577033}}