{"mean":{"confidence_interval":{"confidence_level":0.95,"lower_bound":-0.026254918290170792,"upper_bound":-0.013423673806331228},"point_estimate":-0.020054410921481858,"standard_error":0.003292487592136539},"median":{"confidence_interval":{"confidence_level":0.95,"lower_bound":-0.03170451409471198,"upper_bound":-0.01382364693331617},"point_estimate":-0.023679865526961774,"standard_error":0.00454464454606995}}