{"mean":{"confidence_interval":{"confidence_level":0.95,"lower_bound":437234889.05,"upper_bound":441846887.65375},"point_estimate":439250533.45,"standard_error":1188270.3468898172},"median":{"confidence_interval":{"confidence_level":0.95,"lower_bound":437568166.0,"upper_bound":439918495.5},"point_estimate":438678236.75,"standard_error":526496.0381119015},"median_abs_dev":{"confidence_interval":{"confidence_level":0.95,"lower_bound":222454.11850064993,"upper_bound":4294111.383864284},"point_estimate":1109094.86335963,"standard_error":1050395.5546010467},"slope":null,"std_dev":{"confidence_interval":{"confidence_level":0.95,"lower_bound":708946.7279672688,"upper_bound":5811045.146040126},"point_estimate":3976215.2561198715,"standard_error":1454478.388958385}}