{"mean":{"confidence_interval":{"confidence_level":0.95,"lower_bound":267730685.03375,"upper_bound":268596575.15},"point_estimate":268135451.0,"standard_error":222037.44020618853},"median":{"confidence_interval":{"confidence_level":0.95,"lower_bound":267613682.25,"upper_bound":268915636.5},"point_estimate":267889226.25,"standard_error":303096.619088998},"median_abs_dev":{"confidence_interval":{"confidence_level":0.95,"lower_bound":78265.71131050587,"upper_bound":1070758.1638902426},"point_estimate":453347.1960514784,"standard_error":271420.7784279995},"slope":null,"std_dev":{"confidence_interval":{"confidence_level":0.95,"lower_bound":253600.63571510493,"upper_bound":916680.2511730773},"point_estimate":738587.3263486782,"standard_error":149767.65049878464}}