{"mean":{"confidence_interval":{"confidence_level":0.95,"lower_bound":-0.0026079869636578793,"upper_bound":0.0044301605714900365},"point_estimate":0.0005326229346431788,"standard_error":0.0018198290999258005},"median":{"confidence_interval":{"confidence_level":0.95,"lower_bound":-0.0036849740323874336,"upper_bound":0.004233599649390518},"point_estimate":0.0001043412379697628,"standard_error":0.0021819522524249516}}