{"mean":{"confidence_interval":{"confidence_level":0.95,"lower_bound":270692820.0,"upper_bound":310059567.7},"point_estimate":286174697.1,"standard_error":10729298.44917312},"median":{"confidence_interval":{"confidence_level":0.95,"lower_bound":263985547.0,"upper_bound":286893051.25},"point_estimate":280305979.5,"standard_error":6264626.06397599},"median_abs_dev":{"confidence_interval":{"confidence_level":0.95,"lower_bound":1741085.3486895561,"upper_bound":27920291.94036573},"point_estimate":14032496.29292339,"standard_error":6956319.508789162},"slope":null,"std_dev":{"confidence_interval":{"confidence_level":0.95,"lower_bound":7788042.00159742,"upper_bound":54332885.807516076},"point_estimate":35716790.88233771,"standard_error":15754546.956160493}}