{"mean":{"confidence_interval":{"confidence_level":0.95,"lower_bound":311088811.55,"upper_bound":311764719.6},"point_estimate":311408733.15,"standard_error":173829.11608244784},"median":{"confidence_interval":{"confidence_level":0.95,"lower_bound":310913138.75,"upper_bound":311862430.25},"point_estimate":311277162.0,"standard_error":260936.0128701831},"median_abs_dev":{"confidence_interval":{"confidence_level":0.95,"lower_bound":52848.75866174698,"upper_bound":1022390.9342989326},"point_estimate":563877.2479891777,"standard_error":253445.03569869773},"slope":null,"std_dev":{"confidence_interval":{"confidence_level":0.95,"lower_bound":255137.2946936459,"upper_bound":701300.4878219303},"point_estimate":579465.9923352827,"standard_error":108143.7228337974}}