{"mean":{"confidence_interval":{"confidence_level":0.95,"lower_bound":503867308.6625,"upper_bound":506876741.26750004},"point_estimate":505349269.4,"standard_error":773884.5231723565},"median":{"confidence_interval":{"confidence_level":0.95,"lower_bound":502813161.0,"upper_bound":507304655.5},"point_estimate":505657497.5,"standard_error":1328954.4461979142},"median_abs_dev":{"confidence_interval":{"confidence_level":0.95,"lower_bound":427641.877707839,"upper_bound":4516857.945209742},"point_estimate":3171516.3357943296,"standard_error":1041533.8419788942},"slope":null,"std_dev":{"confidence_interval":{"confidence_level":0.95,"lower_bound":1616826.1691397836,"upper_bound":3147165.9094262393},"point_estimate":2574489.582516814,"standard_error":399373.55325624207}}