{"mean":{"confidence_interval":{"confidence_level":0.95,"lower_bound":377598033.8,"upper_bound":383726848.2},"point_estimate":380166381.4,"standard_error":1621330.4656135852},"median":{"confidence_interval":{"confidence_level":0.95,"lower_bound":377412735.5,"upper_bound":382113319.5},"point_estimate":378133835.75,"standard_error":1264170.73092856},"median_abs_dev":{"confidence_interval":{"confidence_level":0.95,"lower_bound":53985.91284155846,"upper_bound":5899982.503004372},"point_estimate":1347488.784827292,"standard_error":1544415.7131311},"slope":null,"std_dev":{"confidence_interval":{"confidence_level":0.95,"lower_bound":1431735.2578780847,"upper_bound":7997537.409692703},"point_estimate":5409827.90739517,"standard_error":2029307.4229845996}}