{"mean":{"confidence_interval":{"confidence_level":0.95,"lower_bound":181988578.65333334,"upper_bound":182150367.33333334},"point_estimate":182073652.76666668,"standard_error":41444.01317240694},"median":{"confidence_interval":{"confidence_level":0.95,"lower_bound":181942828.66666666,"upper_bound":182196604.66666666},"point_estimate":182119438.3333333,"standard_error":68042.96147552405},"median_abs_dev":{"confidence_interval":{"confidence_level":0.95,"lower_bound":11717.234692006958,"upper_bound":223023.31334052997},"point_estimate":123366.64960981152,"standard_error":58256.76440778093},"slope":null,"std_dev":{"confidence_interval":{"confidence_level":0.95,"lower_bound":73014.15298268352,"upper_bound":167919.26142917128},"point_estimate":138082.1820021299,"standard_error":23906.620204873358}}