{"mean":{"confidence_interval":{"confidence_level":0.95,"lower_bound":-0.032337270815678165,"upper_bound":-0.01226266073991542},"point_estimate":-0.022092767028157767,"standard_error":0.005119815815850823},"median":{"confidence_interval":{"confidence_level":0.95,"lower_bound":-0.0351885054970017,"upper_bound":-0.00509353045963068},"point_estimate":-0.01747413930199515,"standard_error":0.00721704238434901}}