{"mean":{"confidence_interval":{"confidence_level":0.95,"lower_bound":0.5346641594528169,"upper_bound":0.6544648968078945},"point_estimate":0.5997146112315044,"standard_error":0.030730606020876176},"median":{"confidence_interval":{"confidence_level":0.95,"lower_bound":0.521674712553998,"upper_bound":0.6692033320657997},"point_estimate":0.6263862775359803,"standard_error":0.04384208729733832}}