{"mean":{"confidence_interval":{"confidence_level":0.95,"lower_bound":0.0024715186243246382,"upper_bound":0.010198561228570125},"point_estimate":0.006453263431724032,"standard_error":0.0019584243414737575},"median":{"confidence_interval":{"confidence_level":0.95,"lower_bound":0.0000989261024031407,"upper_bound":0.012550044919834136},"point_estimate":0.0082968495047957,"standard_error":0.0036091610960173257}}