{"mean":{"confidence_interval":{"confidence_level":0.95,"lower_bound":-0.025956380590674608,"upper_bound":-0.021858530671945868},"point_estimate":-0.02376422787280541,"standard_error":0.0010508306349162333},"median":{"confidence_interval":{"confidence_level":0.95,"lower_bound":-0.02563272447576781,"upper_bound":-0.02072189710167227},"point_estimate":-0.023928043782051267,"standard_error":0.0014460473363848122}}