{"mean":{"confidence_interval":{"confidence_level":0.95,"lower_bound":420332007.65,"upper_bound":421366877.11},"point_estimate":420872783.0,"standard_error":264680.45616453764},"median":{"confidence_interval":{"confidence_level":0.95,"lower_bound":420320626.5,"upper_bound":421501780.25},"point_estimate":421051388.0,"standard_error":286337.4941393151},"median_abs_dev":{"confidence_interval":{"confidence_level":0.95,"lower_bound":64384.86905694008,"upper_bound":1487806.4941361547},"point_estimate":847237.6853585243,"standard_error":361255.17447034526},"slope":null,"std_dev":{"confidence_interval":{"confidence_level":0.95,"lower_bound":432857.43697647867,"upper_bound":1171016.7724908697},"point_estimate":883656.3492152931,"standard_error":195366.10265585058}}