{"mean":{"confidence_interval":{"confidence_level":0.95,"lower_bound":0.581845257253853,"upper_bound":0.6268888064474526},"point_estimate":0.6083364003544462,"standard_error":0.011772081273822553},"median":{"confidence_interval":{"confidence_level":0.95,"lower_bound":0.5785590725738914,"upper_bound":0.6385630357212446},"point_estimate":0.6130888859402834,"standard_error":0.01431419480481438}}