{"mean":{"confidence_interval":{"confidence_level":0.95,"lower_bound":0.013395166019070547,"upper_bound":0.020454763126475022},"point_estimate":0.016509845116466026,"standard_error":0.0018306986529084263},"median":{"confidence_interval":{"confidence_level":0.95,"lower_bound":0.013131312463638078,"upper_bound":0.018100944423346643},"point_estimate":0.01554682827041387,"standard_error":0.0012573369034045332}}