{"mean":{"confidence_interval":{"confidence_level":0.95,"lower_bound":-0.03227373795330993,"upper_bound":-0.022688619872305946},"point_estimate":-0.02722773104877474,"standard_error":0.002455269335637591},"median":{"confidence_interval":{"confidence_level":0.95,"lower_bound":-0.03352089508253764,"upper_bound":-0.021443039169046774},"point_estimate":-0.02536699123141939,"standard_error":0.0028668466339860418}}