{"mean":{"confidence_interval":{"confidence_level":0.95,"lower_bound":-0.016780200145333705,"upper_bound":-0.0011068853126764177},"point_estimate":-0.009574602325925108,"standard_error":0.00401381709432881},"median":{"confidence_interval":{"confidence_level":0.95,"lower_bound":-0.016565435220512015,"upper_bound":-0.005952212055731154},"point_estimate":-0.012269617730554794,"standard_error":0.0025523073206399596}}