{"mean":{"confidence_interval":{"confidence_level":0.95,"lower_bound":0.35199474413828974,"upper_bound":0.37181417133513545},"point_estimate":0.36098230252973407,"standard_error":0.005083763433295111},"median":{"confidence_interval":{"confidence_level":0.95,"lower_bound":0.35060600544722487,"upper_bound":0.36906772204318816},"point_estimate":0.3587143402244908,"standard_error":0.004531795514971144}}