{"mean":{"confidence_interval":{"confidence_level":0.95,"lower_bound":-0.02008431976927581,"upper_bound":-0.010883139583206788},"point_estimate":-0.016211268938983725,"standard_error":0.002385377978740937},"median":{"confidence_interval":{"confidence_level":0.95,"lower_bound":-0.020512927372015932,"upper_bound":-0.010638396356373314},"point_estimate":-0.01879073164632228,"standard_error":0.0023790083729795454}}