{"mean":{"confidence_interval":{"confidence_level":0.95,"lower_bound":1318799230.58,"upper_bound":1322017972.5},"point_estimate":1320490557.9,"standard_error":827647.0045040157},"median":{"confidence_interval":{"confidence_level":0.95,"lower_bound":1318361708.0,"upper_bound":1323191479.0},"point_estimate":1320992319.5,"standard_error":1042803.8551839008},"median_abs_dev":{"confidence_interval":{"confidence_level":0.95,"lower_bound":377449.93819892406,"upper_bound":4759243.767106533},"point_estimate":2998592.5465643406,"standard_error":1136634.9915513294},"slope":null,"std_dev":{"confidence_interval":{"confidence_level":0.95,"lower_bound":1347555.5159834542,"upper_bound":3495949.102496295},"point_estimate":2765789.5625480763,"standard_error":548784.3667276084}}