{"mean":{"confidence_interval":{"confidence_level":0.95,"lower_bound":395519718.63875,"upper_bound":396946384.6325},"point_estimate":396201978.0,"standard_error":365792.4781292697},"median":{"confidence_interval":{"confidence_level":0.95,"lower_bound":395054049.5,"upper_bound":397197794.5},"point_estimate":395840037.0,"standard_error":603746.2837913122},"median_abs_dev":{"confidence_interval":{"confidence_level":0.95,"lower_bound":72734.87210869789,"upper_bound":2111423.254814744},"point_estimate":1254391.514030099,"standard_error":512381.08849711687},"slope":null,"std_dev":{"confidence_interval":{"confidence_level":0.95,"lower_bound":672021.8487807355,"upper_bound":1510452.3947880499},"point_estimate":1221361.872306029,"standard_error":216739.8649835774}}