{"mean":{"confidence_interval":{"confidence_level":0.95,"lower_bound":-0.5752668461636828,"upper_bound":-0.4768384797059586},"point_estimate":-0.5286526388441009,"standard_error":0.025277710665332322},"median":{"confidence_interval":{"confidence_level":0.95,"lower_bound":-0.5821756676971955,"upper_bound":-0.4706673660065802},"point_estimate":-0.48498727518739815,"standard_error":0.03492833765386598}}