{"mean":{"confidence_interval":{"confidence_level":0.95,"lower_bound":709327566.8,"upper_bound":713828538.0775},"point_estimate":711615797.1,"standard_error":1153381.4564993796},"median":{"confidence_interval":{"confidence_level":0.95,"lower_bound":709282131.0,"upper_bound":715572630.0},"point_estimate":710826187.0,"standard_error":1833819.8954270012},"median_abs_dev":{"confidence_interval":{"confidence_level":0.95,"lower_bound":726551.0823011398,"upper_bound":7225421.319723129},"point_estimate":4060886.547204852,"standard_error":1767967.8324632847},"slope":null,"std_dev":{"confidence_interval":{"confidence_level":0.95,"lower_bound":2308186.3070207485,"upper_bound":4876225.719178712},"point_estimate":3839278.8177805087,"standard_error":693269.8561848112}}