{"mean":{"confidence_interval":{"confidence_level":0.95,"lower_bound":610622239.2,"upper_bound":613160025.385},"point_estimate":611862795.8,"standard_error":650055.9097104032},"median":{"confidence_interval":{"confidence_level":0.95,"lower_bound":609908910.0,"upper_bound":614379441.0},"point_estimate":611554443.0,"standard_error":923638.8096523191},"median_abs_dev":{"confidence_interval":{"confidence_level":0.95,"lower_bound":186412.48379051685,"upper_bound":3899699.0193665028},"point_estimate":2649689.329558611,"standard_error":1053449.6123264923},"slope":null,"std_dev":{"confidence_interval":{"confidence_level":0.95,"lower_bound":1167361.7870060813,"upper_bound":2611878.6943714353},"point_estimate":2164896.479914496,"standard_error":346035.9071911451}}