{"mean":{"confidence_interval":{"confidence_level":0.95,"lower_bound":-0.04315158963424035,"upper_bound":-0.028457037551841632},"point_estimate":-0.03566403575597843,"standard_error":0.003727446311894908},"median":{"confidence_interval":{"confidence_level":0.95,"lower_bound":-0.04987141728053923,"upper_bound":-0.021045963898945752},"point_estimate":-0.034066624438599535,"standard_error":0.008882278720114834}}