{"mean":{"confidence_interval":{"confidence_level":0.95,"lower_bound":907420717.0125,"upper_bound":908786401.4},"point_estimate":908077748.2,"standard_error":348046.86204341095},"median":{"confidence_interval":{"confidence_level":0.95,"lower_bound":907263026.0,"upper_bound":908896427.5},"point_estimate":908029925.5,"standard_error":287425.6047254286},"median_abs_dev":{"confidence_interval":{"confidence_level":0.95,"lower_bound":71910.5465233326,"upper_bound":2166160.1045429707},"point_estimate":428397.26239442825,"standard_error":614692.751992683},"slope":null,"std_dev":{"confidence_interval":{"confidence_level":0.95,"lower_bound":543583.42126065,"upper_bound":1520656.4320492537},"point_estimate":1160506.1451502577,"standard_error":255451.92358451048}}