{"mean":{"confidence_interval":{"confidence_level":0.95,"lower_bound":0.05251579531188326,"upper_bound":0.061637543233263106},"point_estimate":0.05710493524807059,"standard_error":0.002314992590062783},"median":{"confidence_interval":{"confidence_level":0.95,"lower_bound":0.050668577122662484,"upper_bound":0.06414094958656369},"point_estimate":0.0577728532847368,"standard_error":0.003257998113121774}}