{"mean":{"confidence_interval":{"confidence_level":0.95,"lower_bound":581484249.32,"upper_bound":582168159.68},"point_estimate":581800178.2,"standard_error":175224.12372620346},"median":{"confidence_interval":{"confidence_level":0.95,"lower_bound":581240227.0,"upper_bound":582055494.0},"point_estimate":581788757.5,"standard_error":196035.98383294506},"median_abs_dev":{"confidence_interval":{"confidence_level":0.95,"lower_bound":100957.64520764351,"upper_bound":972134.872341156},"point_estimate":436233.54455530643,"standard_error":219297.86021034577},"slope":null,"std_dev":{"confidence_interval":{"confidence_level":0.95,"lower_bound":272554.5888280319,"upper_bound":800704.1563718566},"point_estimate":581953.721050967,"standard_error":151328.18253144843}}