{"mean":{"confidence_interval":{"confidence_level":0.95,"lower_bound":-0.030688465150711754,"upper_bound":-0.013294331965598137},"point_estimate":-0.020052668025728804,"standard_error":0.004778569289938253},"median":{"confidence_interval":{"confidence_level":0.95,"lower_bound":-0.018190649027841066,"upper_bound":-0.013416510534465687},"point_estimate":-0.016603277527700744,"standard_error":0.0016563800439892077}}