{"mean":{"confidence_interval":{"confidence_level":0.95,"lower_bound":-0.008170719075386645,"upper_bound":-0.0032655766766467313},"point_estimate":-0.005499924907976683,"standard_error":0.001263079575446271},"median":{"confidence_interval":{"confidence_level":0.95,"lower_bound":-0.006638733285711629,"upper_bound":-0.002828006058461785},"point_estimate":-0.003928068886301039,"standard_error":0.000951890940534645}}