{"mean":{"confidence_interval":{"confidence_level":0.95,"lower_bound":-0.015902043509015182,"upper_bound":-0.007032116564119859},"point_estimate":-0.011206512794833312,"standard_error":0.0022728320999008383},"median":{"confidence_interval":{"confidence_level":0.95,"lower_bound":-0.013879326029387018,"upper_bound":-0.0057315712663355},"point_estimate":-0.01170725602443179,"standard_error":0.001969658324455147}}