{"mean":{"confidence_interval":{"confidence_level":0.95,"lower_bound":-0.016969656066078292,"upper_bound":0.000886776585424387},"point_estimate":-0.0072512437791324436,"standard_error":0.004581651318433219},"median":{"confidence_interval":{"confidence_level":0.95,"lower_bound":-0.01596869088308195,"upper_bound":0.005743489509506539},"point_estimate":0.00034838487217148106,"standard_error":0.0058415274140755195}}