{"mean":{"confidence_interval":{"confidence_level":0.95,"lower_bound":-0.6741525340484532,"upper_bound":-0.6241239418946946},"point_estimate":-0.6514823436744763,"standard_error":0.012801308241892484},"median":{"confidence_interval":{"confidence_level":0.95,"lower_bound":-0.6897638107888389,"upper_bound":-0.6088023883833882},"point_estimate":-0.655295823361522,"standard_error":0.020822450098843797}}