{"mean":{"confidence_interval":{"confidence_level":0.95,"lower_bound":-0.01683223167527906,"upper_bound":-0.0028769338367771497},"point_estimate":-0.009310531015941148,"standard_error":0.0035348916313808565},"median":{"confidence_interval":{"confidence_level":0.95,"lower_bound":-0.02146106412653792,"upper_bound":0.003378727472219234},"point_estimate":-0.004064723487854249,"standard_error":0.0067311419767662525}}