{"mean":{"confidence_interval":{"confidence_level":0.95,"lower_bound":502607767.47499996,"upper_bound":504057995.7},"point_estimate":503265476.1,"standard_error":373345.6520426099},"median":{"confidence_interval":{"confidence_level":0.95,"lower_bound":502513152.0,"upper_bound":503703699.0},"point_estimate":503036372.5,"standard_error":350821.6225766153},"median_abs_dev":{"confidence_interval":{"confidence_level":0.95,"lower_bound":227754.7840565443,"upper_bound":1689840.7631993294},"point_estimate":811406.950494647,"standard_error":381914.5807375044},"slope":null,"std_dev":{"confidence_interval":{"confidence_level":0.95,"lower_bound":453439.6823750646,"upper_bound":1774331.4453998222},"point_estimate":1249739.1626193621,"standard_error":379313.4106380009}}