{"mean":{"confidence_interval":{"confidence_level":0.95,"lower_bound":-0.04599804793938811,"upper_bound":-0.032376341949115234},"point_estimate":-0.03988099426672753,"standard_error":0.0034642494123136285},"median":{"confidence_interval":{"confidence_level":0.95,"lower_bound":-0.04780215497508089,"upper_bound":-0.03447250844564065},"point_estimate":-0.04322565484308338,"standard_error":0.002765702766653347}}