{"mean":{"confidence_interval":{"confidence_level":0.95,"lower_bound":0.01292864647110103,"upper_bound":0.027357500269786873},"point_estimate":0.01956252072645248,"standard_error":0.003680733243673407},"median":{"confidence_interval":{"confidence_level":0.95,"lower_bound":0.011023164121129359,"upper_bound":0.021211378645099144},"point_estimate":0.01726464772259395,"standard_error":0.002708398171166888}}