{"mean":{"confidence_interval":{"confidence_level":0.95,"lower_bound":1220751687.3,"upper_bound":1224087871.2},"point_estimate":1222336228.7,"standard_error":856089.7978929722},"median":{"confidence_interval":{"confidence_level":0.95,"lower_bound":1220134136.5,"upper_bound":1225303299.0},"point_estimate":1221454453.0,"standard_error":1324877.9307138936},"median_abs_dev":{"confidence_interval":{"confidence_level":0.95,"lower_bound":217123.05964529514,"upper_bound":4718585.686728358},"point_estimate":1979577.8630554676,"standard_error":1170985.0406492974},"slope":null,"std_dev":{"confidence_interval":{"confidence_level":0.95,"lower_bound":1294555.2913092973,"upper_bound":3515605.494561204},"point_estimate":2860244.5750034912,"standard_error":526881.4727801561}}