{"mean":{"confidence_interval":{"confidence_level":0.95,"lower_bound":0.003958128967651764,"upper_bound":0.013313225311244367},"point_estimate":0.007790823614886477,"standard_error":0.002297716342466569},"median":{"confidence_interval":{"confidence_level":0.95,"lower_bound":0.00384600147824421,"upper_bound":0.009213822582981424},"point_estimate":0.006393241513015013,"standard_error":0.0013339735442509833}}