{"mean":{"confidence_interval":{"confidence_level":0.95,"lower_bound":-0.02968554922488773,"upper_bound":-0.018623278626851154},"point_estimate":-0.024095107625661916,"standard_error":0.0028221409508542815},"median":{"confidence_interval":{"confidence_level":0.95,"lower_bound":-0.03423224817667969,"upper_bound":-0.01699109848564584},"point_estimate":-0.023702157714543093,"standard_error":0.005478620867161421}}