{"mean":{"confidence_interval":{"confidence_level":0.95,"lower_bound":0.01251073135652393,"upper_bound":0.025983797633170158},"point_estimate":0.018536991057497065,"standard_error":0.0034949487493405687},"median":{"confidence_interval":{"confidence_level":0.95,"lower_bound":0.009282790130708651,"upper_bound":0.022001124557038176},"point_estimate":0.019176495592318377,"standard_error":0.0034312097379562726}}