{"mean":{"confidence_interval":{"confidence_level":0.95,"lower_bound":0.003953378422229604,"upper_bound":0.029327017627921087},"point_estimate":0.019654603907901302,"standard_error":0.0071211966821075},"median":{"confidence_interval":{"confidence_level":0.95,"lower_bound":0.02100240314509305,"upper_bound":0.03148940613286788},"point_estimate":0.025533642753934327,"standard_error":0.0031931374611002096}}