{"mean":{"confidence_interval":{"confidence_level":0.95,"lower_bound":275201184.85,"upper_bound":275973272.32374996},"point_estimate":275558410.75,"standard_error":197776.8384802004},"median":{"confidence_interval":{"confidence_level":0.95,"lower_bound":275015496.75,"upper_bound":275962494.5},"point_estimate":275461413.5,"standard_error":267050.22196065035},"median_abs_dev":{"confidence_interval":{"confidence_level":0.95,"lower_bound":109480.37115633488,"upper_bound":1107992.5502792},"point_estimate":698634.0954467654,"standard_error":244604.2378699701},"slope":null,"std_dev":{"confidence_interval":{"confidence_level":0.95,"lower_bound":317815.3197880343,"upper_bound":888606.2423370106},"point_estimate":661899.3597103822,"standard_error":160340.89071977403}}