{"mean":{"confidence_interval":{"confidence_level":0.95,"lower_bound":806430512.9,"upper_bound":818592620.3175},"point_estimate":811891200.6,"standard_error":3127172.3239234257},"median":{"confidence_interval":{"confidence_level":0.95,"lower_bound":805746148.5,"upper_bound":814811968.5},"point_estimate":810323469.0,"standard_error":1903108.7644776902},"median_abs_dev":{"confidence_interval":{"confidence_level":0.95,"lower_bound":752481.7558407784,"upper_bound":14078743.40455234},"point_estimate":3988932.263982296,"standard_error":3500316.21212238},"slope":null,"std_dev":{"confidence_interval":{"confidence_level":0.95,"lower_bound":3139744.2350169998,"upper_bound":14943915.847333802},"point_estimate":10400214.554402787,"standard_error":3328389.08282337}}