{"mean":{"confidence_interval":{"confidence_level":0.95,"lower_bound":-0.02543456201082398,"upper_bound":-0.012598376286140247},"point_estimate":-0.017888417998724315,"standard_error":0.003412743433517153},"median":{"confidence_interval":{"confidence_level":0.95,"lower_bound":-0.01994621748524672,"upper_bound":-0.010913097060127441},"point_estimate":-0.014352960069262122,"standard_error":0.002732825013047984}}