{"mean":{"confidence_interval":{"confidence_level":0.95,"lower_bound":804638593.4799999,"upper_bound":810420743.8774999},"point_estimate":807947833.3,"standard_error":1505386.2453264236},"median":{"confidence_interval":{"confidence_level":0.95,"lower_bound":806582628.0,"upper_bound":811294589.5},"point_estimate":808638004.5,"standard_error":1171201.9211514615},"median_abs_dev":{"confidence_interval":{"confidence_level":0.95,"lower_bound":786784.6714317799,"upper_bound":5814091.409379244},"point_estimate":2869234.21626091,"standard_error":1253140.2011549105},"slope":null,"std_dev":{"confidence_interval":{"confidence_level":0.95,"lower_bound":1610721.9558649238,"upper_bound":7294750.868366221},"point_estimate":4997999.4363879915,"standard_error":1751217.1136443203}}