{"mean":{"confidence_interval":{"confidence_level":0.95,"lower_bound":476992066.55,"upper_bound":478831590.89375},"point_estimate":477855672.3,"standard_error":471263.8106980892},"median":{"confidence_interval":{"confidence_level":0.95,"lower_bound":476564183.0,"upper_bound":478671784.0},"point_estimate":477838868.25,"standard_error":648758.2770525098},"median_abs_dev":{"confidence_interval":{"confidence_level":0.95,"lower_bound":289256.73746466637,"upper_bound":2787137.837268412},"point_estimate":1390917.4739062786,"standard_error":602820.5491084497},"slope":null,"std_dev":{"confidence_interval":{"confidence_level":0.95,"lower_bound":808369.1470673791,"upper_bound":2110624.601049312},"point_estimate":1567328.0788536656,"standard_error":372097.57965158473}}