{"mean":{"confidence_interval":{"confidence_level":0.95,"lower_bound":0.04843978800355259,"upper_bound":0.059633922909500314},"point_estimate":0.05354483889485717,"standard_error":0.002978567828163771},"median":{"confidence_interval":{"confidence_level":0.95,"lower_bound":0.04791641839866334,"upper_bound":0.055658039978464524},"point_estimate":0.05203893618599165,"standard_error":0.002035868865516421}}