{"mean":{"confidence_interval":{"confidence_level":0.95,"lower_bound":339163796.8,"upper_bound":342382533.3},"point_estimate":340888996.85,"standard_error":827997.2224281064},"median":{"confidence_interval":{"confidence_level":0.95,"lower_bound":338580404.75,"upper_bound":342866778.25},"point_estimate":341841133.25,"standard_error":1006570.7776890114},"median_abs_dev":{"confidence_interval":{"confidence_level":0.95,"lower_bound":381656.0743242502,"upper_bound":4533385.228416324},"point_estimate":1803058.0275893211,"standard_error":994827.617328065},"slope":null,"std_dev":{"confidence_interval":{"confidence_level":0.95,"lower_bound":1043970.9925781464,"upper_bound":3426257.2175389645},"point_estimate":2758013.7367406883,"standard_error":598988.5628545855}}