{"mean":{"confidence_interval":{"confidence_level":0.95,"lower_bound":-0.03528220379904295,"upper_bound":-0.02003271560021984},"point_estimate":-0.028177353076877854,"standard_error":0.003811769892434405},"median":{"confidence_interval":{"confidence_level":0.95,"lower_bound":-0.03233252945556009,"upper_bound":-0.025630110246679716},"point_estimate":-0.03030048067212532,"standard_error":0.0018064184736950191}}