{"mean":{"confidence_interval":{"confidence_level":0.95,"lower_bound":-0.027666330745004866,"upper_bound":-0.02038159413320947},"point_estimate":-0.023740246789654806,"standard_error":0.0018699094104272132},"median":{"confidence_interval":{"confidence_level":0.95,"lower_bound":-0.026797004806150215,"upper_bound":-0.019186555412930018},"point_estimate":-0.02236877452529118,"standard_error":0.0024042144187330014}}