{"mean":{"confidence_interval":{"confidence_level":0.95,"lower_bound":594620084.4025,"upper_bound":598311081.4},"point_estimate":596703783.3,"standard_error":955704.0570238043},"median":{"confidence_interval":{"confidence_level":0.95,"lower_bound":595043353.0,"upper_bound":598989216.0},"point_estimate":597970607.0,"standard_error":990316.1807909926},"median_abs_dev":{"confidence_interval":{"confidence_level":0.95,"lower_bound":200742.55383610725,"upper_bound":4396510.116246343},"point_estimate":1894836.1550599337,"standard_error":1011479.6451338781},"slope":null,"std_dev":{"confidence_interval":{"confidence_level":0.95,"lower_bound":1085236.0760718072,"upper_bound":4525612.186489643},"point_estimate":3182547.407089486,"standard_error":1000009.2490830272}}