{"mean":{"confidence_interval":{"confidence_level":0.95,"lower_bound":331024302.38625,"upper_bound":332741829.6},"point_estimate":331890453.45,"standard_error":440541.8903537467},"median":{"confidence_interval":{"confidence_level":0.95,"lower_bound":330639883.75,"upper_bound":333185458.0},"point_estimate":331889279.75,"standard_error":739653.5813137185},"median_abs_dev":{"confidence_interval":{"confidence_level":0.95,"lower_bound":392984.99137312174,"upper_bound":2410852.4813488126},"point_estimate":1730008.8442862034,"standard_error":514026.00048638985},"slope":null,"std_dev":{"confidence_interval":{"confidence_level":0.95,"lower_bound":919144.1909854197,"upper_bound":1778177.9795595817},"point_estimate":1470107.17946543,"standard_error":219726.81460966982}}