{"mean":{"confidence_interval":{"confidence_level":0.95,"lower_bound":0.01420394368048607,"upper_bound":0.022186285847069123},"point_estimate":0.017975010360543164,"standard_error":0.00204302002298323},"median":{"confidence_interval":{"confidence_level":0.95,"lower_bound":0.012121768161857283,"upper_bound":0.024212013666365495},"point_estimate":0.013626745269748941,"standard_error":0.0033322179176091793}}