{"mean":{"confidence_interval":{"confidence_level":0.95,"lower_bound":497742159.65,"upper_bound":500620929.7},"point_estimate":499188667.35,"standard_error":733233.827075873},"median":{"confidence_interval":{"confidence_level":0.95,"lower_bound":497463903.0,"upper_bound":500524304.0},"point_estimate":499704067.25,"standard_error":907041.5935254816},"median_abs_dev":{"confidence_interval":{"confidence_level":0.95,"lower_bound":374555.90305030346,"upper_bound":4273853.508473933},"point_estimate":2131081.418515742,"standard_error":1068143.3915920602},"slope":null,"std_dev":{"confidence_interval":{"confidence_level":0.95,"lower_bound":1187342.7649682492,"upper_bound":3268332.3305399623},"point_estimate":2449184.9203587896,"standard_error":551430.3683990715}}