{"mean":{"confidence_interval":{"confidence_level":0.95,"lower_bound":0.019220146713012903,"upper_bound":0.029947136026057995},"point_estimate":0.024276753426174524,"standard_error":0.002726549386461514},"median":{"confidence_interval":{"confidence_level":0.95,"lower_bound":0.016959538549723874,"upper_bound":0.0303093853310612},"point_estimate":0.020746959495688166,"standard_error":0.003025237975397525}}