{"mean":{"confidence_interval":{"confidence_level":0.95,"lower_bound":-0.013239880082012167,"upper_bound":-0.0037160437186181464},"point_estimate":-0.00852964094174602,"standard_error":0.0024636348113836622},"median":{"confidence_interval":{"confidence_level":0.95,"lower_bound":-0.016172966774195885,"upper_bound":-0.0029124293381650457},"point_estimate":-0.007388905518397215,"standard_error":0.004093857407022007}}