{"mean":{"confidence_interval":{"confidence_level":0.95,"lower_bound":0.0006249147822485322,"upper_bound":0.010288830243093872},"point_estimate":0.004726536731580744,"standard_error":0.0024894969047873513},"median":{"confidence_interval":{"confidence_level":0.95,"lower_bound":0.0019889606679153182,"upper_bound":0.004736166217247817},"point_estimate":0.0038121126185981513,"standard_error":0.0009330584364755309}}