{"mean":{"confidence_interval":{"confidence_level":0.95,"lower_bound":0.028041328852504373,"upper_bound":0.049489090993295806},"point_estimate":0.03687332561830958,"standard_error":0.005424046724086921},"median":{"confidence_interval":{"confidence_level":0.95,"lower_bound":0.026950654432505994,"upper_bound":0.03980611886682661},"point_estimate":0.036302495901735066,"standard_error":0.004011535762211711}}