{"mean":{"confidence_interval":{"confidence_level":0.95,"lower_bound":841989685.6,"upper_bound":850550382.0},"point_estimate":846512450.4,"standard_error":2200938.1699421345},"median":{"confidence_interval":{"confidence_level":0.95,"lower_bound":839462682.0,"upper_bound":852217807.0},"point_estimate":850201550.5,"standard_error":3589885.842397907},"median_abs_dev":{"confidence_interval":{"confidence_level":0.95,"lower_bound":729829.1108429432,"upper_bound":12558827.872136235},"point_estimate":5367017.835116386,"standard_error":3153542.8385725315},"slope":null,"std_dev":{"confidence_interval":{"confidence_level":0.95,"lower_bound":3994812.2887767055,"upper_bound":9073423.489347469},"point_estimate":7345380.121055444,"standard_error":1333931.0811674425}}