{"mean":{"confidence_interval":{"confidence_level":0.95,"lower_bound":-0.06359572269896067,"upper_bound":-0.04072102008181545},"point_estimate":-0.051339814232256864,"standard_error":0.005876998453874869},"median":{"confidence_interval":{"confidence_level":0.95,"lower_bound":-0.07254304450468452,"upper_bound":-0.03486343634062894},"point_estimate":-0.04104726794638147,"standard_error":0.008940063253454027}}