{"mean":{"confidence_interval":{"confidence_level":0.95,"lower_bound":-0.012869821223994231,"upper_bound":-0.008199329365808646},"point_estimate":-0.010583771666927033,"standard_error":0.0011854816894427773},"median":{"confidence_interval":{"confidence_level":0.95,"lower_bound":-0.013534539111772492,"upper_bound":-0.008071896937107081},"point_estimate":-0.010903152500996605,"standard_error":0.0014578287299757068}}