{"mean":{"confidence_interval":{"confidence_level":0.95,"lower_bound":320167728.09125,"upper_bound":323675652.68375},"point_estimate":321955766.4,"standard_error":895384.481265802},"median":{"confidence_interval":{"confidence_level":0.95,"lower_bound":319903114.25,"upper_bound":324360303.5},"point_estimate":321868790.0,"standard_error":1187865.0938041792},"median_abs_dev":{"confidence_interval":{"confidence_level":0.95,"lower_bound":821600.1959636807,"upper_bound":5089781.276938319},"point_estimate":3065485.233476758,"standard_error":1068155.377311712},"slope":null,"std_dev":{"confidence_interval":{"confidence_level":0.95,"lower_bound":1662840.4879426616,"upper_bound":3803845.445051938},"point_estimate":2979440.456598118,"standard_error":553527.2739682441}}