{"mean":{"confidence_interval":{"confidence_level":0.95,"lower_bound":-0.03680192889535808,"upper_bound":-0.02091275945929319},"point_estimate":-0.0293710993382591,"standard_error":0.00405668303855355},"median":{"confidence_interval":{"confidence_level":0.95,"lower_bound":-0.038362927420482196,"upper_bound":-0.02562449176575654},"point_estimate":-0.03042637703314044,"standard_error":0.0031465024124551644}}