{"mean":{"confidence_interval":{"confidence_level":0.95,"lower_bound":-0.029897585861638033,"upper_bound":-0.02129397376111275},"point_estimate":-0.02593486910773346,"standard_error":0.002209860847195883},"median":{"confidence_interval":{"confidence_level":0.95,"lower_bound":-0.0326621480467032,"upper_bound":-0.02142670820789705},"point_estimate":-0.02878542964707831,"standard_error":0.002716910359597127}}