{"mean":{"confidence_interval":{"confidence_level":0.95,"lower_bound":334584478.4525,"upper_bound":335510953.95},"point_estimate":334990812.8,"standard_error":239141.62722865585},"median":{"confidence_interval":{"confidence_level":0.95,"lower_bound":334681323.75,"upper_bound":335183733.25},"point_estimate":334770350.75,"standard_error":134246.37068766486},"median_abs_dev":{"confidence_interval":{"confidence_level":0.95,"lower_bound":34321.44809067249,"upper_bound":1039274.7827991843},"point_estimate":189409.1889873147,"standard_error":245225.94350218755},"slope":null,"std_dev":{"confidence_interval":{"confidence_level":0.95,"lower_bound":157008.02205110414,"upper_bound":1159037.0096340699},"point_estimate":800243.2758140627,"standard_error":281851.3362994422}}