{"mean":{"confidence_interval":{"confidence_level":0.95,"lower_bound":104309317.54661112,"upper_bound":104838565.82354364},"point_estimate":104579481.60158728,"standard_error":135493.5085892312},"median":{"confidence_interval":{"confidence_level":0.95,"lower_bound":104186859.75,"upper_bound":104946482.22222222},"point_estimate":104600700.25,"standard_error":222690.11683418995},"median_abs_dev":{"confidence_interval":{"confidence_level":0.95,"lower_bound":26956.87982142708,"upper_bound":787871.2442424997},"point_estimate":440616.16302749625,"standard_error":194681.02636911644},"slope":{"confidence_interval":{"confidence_level":0.95,"lower_bound":104449582.59786999,"upper_bound":105029463.38330494},"point_estimate":104835347.93246754,"standard_error":148686.70636128608},"std_dev":{"confidence_interval":{"confidence_level":0.95,"lower_bound":266895.216165286,"upper_bound":553464.2760285223},"point_estimate":452157.3297672273,"standard_error":72982.5753347949}}