{"mean":{"confidence_interval":{"confidence_level":0.95,"lower_bound":-0.022590277953498755,"upper_bound":0.009242881606116998},"point_estimate":-0.008881141552297356,"standard_error":0.008460770225606084},"median":{"confidence_interval":{"confidence_level":0.95,"lower_bound":-0.021898828364105283,"upper_bound":-0.0005377234975898482},"point_estimate":-0.019978962496905006,"standard_error":0.00517453763081744}}