{"mean":{"confidence_interval":{"confidence_level":0.95,"lower_bound":244432491.23333335,"upper_bound":247733097.08166662},"point_estimate":245965562.80000004,"standard_error":840153.1008823552},"median":{"confidence_interval":{"confidence_level":0.95,"lower_bound":244579197.33333334,"upper_bound":246736962.8333333},"point_estimate":245748464.66666666,"standard_error":518068.2196530352},"median_abs_dev":{"confidence_interval":{"confidence_level":0.95,"lower_bound":238008.6925744863,"upper_bound":3929401.6743391827},"point_estimate":1494833.6473613977,"standard_error":883157.153609931},"slope":null,"std_dev":{"confidence_interval":{"confidence_level":0.95,"lower_bound":765402.0915583698,"upper_bound":4046662.910515125},"point_estimate":2799915.4610009915,"standard_error":867191.849207}}