{"mean":{"confidence_interval":{"confidence_level":0.95,"lower_bound":-0.0038315025834994923,"upper_bound":0.007253296829091986},"point_estimate":0.0012895742812220057,"standard_error":0.0028074529291208976},"median":{"confidence_interval":{"confidence_level":0.95,"lower_bound":-0.0016609379870299312,"upper_bound":0.0037578194013918598},"point_estimate":0.00033409933255534874,"standard_error":0.0012686054436618006}}