{"mean":{"confidence_interval":{"confidence_level":0.95,"lower_bound":524842312.4075,"upper_bound":528645869.2},"point_estimate":526732421.4,"standard_error":966653.4598363166},"median":{"confidence_interval":{"confidence_level":0.95,"lower_bound":524343692.0,"upper_bound":530117121.0},"point_estimate":525683744.0,"standard_error":1790835.0310751023},"median_abs_dev":{"confidence_interval":{"confidence_level":0.95,"lower_bound":251529.01593446732,"upper_bound":6099814.369806647},"point_estimate":4827013.411903381,"standard_error":1722403.2972815286},"slope":null,"std_dev":{"confidence_interval":{"confidence_level":0.95,"lower_bound":2106891.7832583915,"upper_bound":3885916.5188413323},"point_estimate":3225372.630390693,"standard_error":470421.32114285795}}