{"mean":{"confidence_interval":{"confidence_level":0.95,"lower_bound":376117185.5575,"upper_bound":376723357.485},"point_estimate":376414267.4,"standard_error":155141.16437193277},"median":{"confidence_interval":{"confidence_level":0.95,"lower_bound":375980395.0,"upper_bound":376904220.5},"point_estimate":376351321.25,"standard_error":223951.2374863772},"median_abs_dev":{"confidence_interval":{"confidence_level":0.95,"lower_bound":141918.17598044872,"upper_bound":895262.805005908},"point_estimate":537730.856153369,"standard_error":193031.90585543506},"slope":null,"std_dev":{"confidence_interval":{"confidence_level":0.95,"lower_bound":293748.29118964425,"upper_bound":635746.5074340296},"point_estimate":516061.16323077446,"standard_error":86524.72128093702}}