{"mean":{"confidence_interval":{"confidence_level":0.95,"lower_bound":-0.039770688776538526,"upper_bound":-0.02461205072386931},"point_estimate":-0.03193120710726338,"standard_error":0.0038736579982945074},"median":{"confidence_interval":{"confidence_level":0.95,"lower_bound":-0.03667120583622052,"upper_bound":-0.019686951477009607},"point_estimate":-0.03009128562297214,"standard_error":0.0038349461423690216}}