{"mean":{"confidence_interval":{"confidence_level":0.95,"lower_bound":-0.02084867665695198,"upper_bound":-0.010209353317477006},"point_estimate":-0.015694607309505004,"standard_error":0.0027227683679849238},"median":{"confidence_interval":{"confidence_level":0.95,"lower_bound":-0.02195906635172229,"upper_bound":-0.008044877257836536},"point_estimate":-0.016679390430161978,"standard_error":0.0033630673080629154}}