{"mean":{"confidence_interval":{"confidence_level":0.95,"lower_bound":0.004099284569185835,"upper_bound":0.01496698266953387},"point_estimate":0.008092588077463603,"standard_error":0.0029367281058220933},"median":{"confidence_interval":{"confidence_level":0.95,"lower_bound":0.0022943448842600578,"upper_bound":0.010038180915456385},"point_estimate":0.005005728569539514,"standard_error":0.0026604491994535228}}