{"mean":{"confidence_interval":{"confidence_level":0.95,"lower_bound":504694985.77000004,"upper_bound":509069481.8},"point_estimate":506602162.9,"standard_error":1134155.291614941},"median":{"confidence_interval":{"confidence_level":0.95,"lower_bound":503508888.0,"upper_bound":507508295.0},"point_estimate":506241715.5,"standard_error":964070.3414369173},"median_abs_dev":{"confidence_interval":{"confidence_level":0.95,"lower_bound":419429.01515364647,"upper_bound":4969674.370470643},"point_estimate":2268427.626827359,"standard_error":1188457.717463343},"slope":null,"std_dev":{"confidence_interval":{"confidence_level":0.95,"lower_bound":1382060.8425994737,"upper_bound":5463884.072517318},"point_estimate":3764239.5960109024,"standard_error":1253367.6511310053}}