{"mean":{"confidence_interval":{"confidence_level":0.95,"lower_bound":381752733.84625,"upper_bound":382742778.82624996},"point_estimate":382223662.45,"standard_error":253341.81844802995},"median":{"confidence_interval":{"confidence_level":0.95,"lower_bound":381446366.0,"upper_bound":382681631.75},"point_estimate":382311820.25,"standard_error":371044.8451347217},"median_abs_dev":{"confidence_interval":{"confidence_level":0.95,"lower_bound":90026.06495171785,"upper_bound":1561900.5397707224},"point_estimate":956198.7758740783,"standard_error":362742.2048234859},"slope":null,"std_dev":{"confidence_interval":{"confidence_level":0.95,"lower_bound":462605.4210694514,"upper_bound":1113390.1379742625},"point_estimate":845526.9094210968,"standard_error":183534.1618995589}}