{"mean":{"confidence_interval":{"confidence_level":0.95,"lower_bound":-0.24003960202753916,"upper_bound":-0.23675166216162308},"point_estimate":-0.2384737542008476,"standard_error":0.0008426024790673307},"median":{"confidence_interval":{"confidence_level":0.95,"lower_bound":-0.24128120394688912,"upper_bound":-0.2362252903872064},"point_estimate":-0.23856287607593685,"standard_error":0.0013380111735565778}}