{"mean":{"confidence_interval":{"confidence_level":0.95,"lower_bound":0.1835900307921157,"upper_bound":0.32411845298340664},"point_estimate":0.23921454862811808,"standard_error":0.03780583422272129},"median":{"confidence_interval":{"confidence_level":0.95,"lower_bound":0.16708787171818895,"upper_bound":0.21563544321854677},"point_estimate":0.19936390839783358,"standard_error":0.012013541310497096}}