{"mean":{"confidence_interval":{"confidence_level":0.95,"lower_bound":949185723.8325001,"upper_bound":959578398.3},"point_estimate":953557714.3,"standard_error":2693590.137383553},"median":{"confidence_interval":{"confidence_level":0.95,"lower_bound":949912593.0,"upper_bound":953871002.0},"point_estimate":952088374.0,"standard_error":1318025.1967377993},"median_abs_dev":{"confidence_interval":{"confidence_level":0.95,"lower_bound":565799.438855052,"upper_bound":8784065.328651667},"point_estimate":2888912.024411559,"standard_error":1933075.6466788372},"slope":null,"std_dev":{"confidence_interval":{"confidence_level":0.95,"lower_bound":1514953.7934595342,"upper_bound":13319452.076514369},"point_estimate":8968886.513049223,"standard_error":3584172.4783476247}}