{"mean":{"confidence_interval":{"confidence_level":0.95,"lower_bound":1086434496.5175002,"upper_bound":1095480722.5},"point_estimate":1089779468.8,"standard_error":2595793.1643988416},"median":{"confidence_interval":{"confidence_level":0.95,"lower_bound":1086093320.0,"upper_bound":1089126039.0},"point_estimate":1086973622.0,"standard_error":966613.1697941718},"median_abs_dev":{"confidence_interval":{"confidence_level":0.95,"lower_bound":449212.2247248888,"upper_bound":3574032.5917482376},"point_estimate":1639531.6982924938,"standard_error":1050263.1000907505},"slope":null,"std_dev":{"confidence_interval":{"confidence_level":0.95,"lower_bound":929221.7004200304,"upper_bound":13302765.100035628},"point_estimate":8661034.227790259,"standard_error":4333098.959728632}}