{"mean":{"confidence_interval":{"confidence_level":0.95,"lower_bound":582532082.9,"upper_bound":583323245.8},"point_estimate":582867320.6,"standard_error":204611.7022690263},"median":{"confidence_interval":{"confidence_level":0.95,"lower_bound":582609396.5,"upper_bound":582929045.5},"point_estimate":582722220.5,"standard_error":105172.19077479209},"median_abs_dev":{"confidence_interval":{"confidence_level":0.95,"lower_bound":39867.854592204094,"upper_bound":712761.4199459553},"point_estimate":212343.8986301422,"standard_error":153677.9903718161},"slope":null,"std_dev":{"confidence_interval":{"confidence_level":0.95,"lower_bound":127123.68316127757,"upper_bound":1007144.0216535347},"point_estimate":681446.8541500014,"standard_error":263674.49823408766}}