{"mean":{"confidence_interval":{"confidence_level":0.95,"lower_bound":1102742388.035,"upper_bound":1107741545.4725},"point_estimate":1105320519.0,"standard_error":1281946.9041971883},"median":{"confidence_interval":{"confidence_level":0.95,"lower_bound":1100945717.0,"upper_bound":1109272485.0},"point_estimate":1105977587.5,"standard_error":2129399.9064358273},"median_abs_dev":{"confidence_interval":{"confidence_level":0.95,"lower_bound":774584.3562483788,"upper_bound":7092636.7008805275},"point_estimate":4905164.963015914,"standard_error":1766216.2664272608},"slope":null,"std_dev":{"confidence_interval":{"confidence_level":0.95,"lower_bound":2334703.4587805225,"upper_bound":5029516.243527943},"point_estimate":4263877.427274616,"standard_error":647490.3548577678}}