{"mean":{"confidence_interval":{"confidence_level":0.95,"lower_bound":0.005235482685388726,"upper_bound":0.00934909694354465},"point_estimate":0.007413982600162905,"standard_error":0.0010540143245357867},"median":{"confidence_interval":{"confidence_level":0.95,"lower_bound":0.004724350164675206,"upper_bound":0.010244920376546451},"point_estimate":0.008217182988857763,"standard_error":0.0013983060110869703}}