{"mean":{"confidence_interval":{"confidence_level":0.95,"lower_bound":0.013765551373609259,"upper_bound":0.022595261312194026},"point_estimate":0.01828130491705937,"standard_error":0.002239089259409492},"median":{"confidence_interval":{"confidence_level":0.95,"lower_bound":0.011363038602759667,"upper_bound":0.023961760642240204},"point_estimate":0.01781323938443302,"standard_error":0.00309741220097418}}