{"mean":{"confidence_interval":{"confidence_level":0.95,"lower_bound":0.008008656622613125,"upper_bound":0.010824889107104546},"point_estimate":0.00941337398657538,"standard_error":0.0007182221194675659},"median":{"confidence_interval":{"confidence_level":0.95,"lower_bound":0.007495840861347691,"upper_bound":0.01149580490407942},"point_estimate":0.00951644120806261,"standard_error":0.0009873550008972726}}