{"mean":{"confidence_interval":{"confidence_level":0.95,"lower_bound":1039193023.4,"upper_bound":1043567323.2},"point_estimate":1041230349.0,"standard_error":1126536.016288887},"median":{"confidence_interval":{"confidence_level":0.95,"lower_bound":1038419392.0,"upper_bound":1044145217.5},"point_estimate":1039327742.5,"standard_error":1589340.0504764693},"median_abs_dev":{"confidence_interval":{"confidence_level":0.95,"lower_bound":422632.9136967659,"upper_bound":5942813.704293966},"point_estimate":1967940.9358620644,"standard_error":1542409.0861994969},"slope":null,"std_dev":{"confidence_interval":{"confidence_level":0.95,"lower_bound":1352370.2432253591,"upper_bound":4569138.134614164},"point_estimate":3760749.553694878,"standard_error":769370.1020281324}}