{"mean":{"confidence_interval":{"confidence_level":0.95,"lower_bound":838741212.3399999,"upper_bound":842968213.1},"point_estimate":840843844.6,"standard_error":1089319.906497446},"median":{"confidence_interval":{"confidence_level":0.95,"lower_bound":837612743.5,"upper_bound":844814821.0},"point_estimate":840086000.0,"standard_error":2157586.2467093244},"median_abs_dev":{"confidence_interval":{"confidence_level":0.95,"lower_bound":276248.4052956104,"upper_bound":5821918.054640293},"point_estimate":4675797.851487994,"standard_error":1485076.3660281296},"slope":null,"std_dev":{"confidence_interval":{"confidence_level":0.95,"lower_bound":2419534.867415936,"upper_bound":4150134.68471608},"point_estimate":3628205.8845306328,"standard_error":445004.3662299597}}