{"mean":{"confidence_interval":{"confidence_level":0.95,"lower_bound":0.0034597448516309305,"upper_bound":0.022275949907031477},"point_estimate":0.011752707958037512,"standard_error":0.004851167588099845},"median":{"confidence_interval":{"confidence_level":0.95,"lower_bound":0.00023005990667357423,"upper_bound":0.02144371178538762},"point_estimate":0.006789136309485633,"standard_error":0.005648844495060878}}