{"mean":{"confidence_interval":{"confidence_level":0.95,"lower_bound":0.023773638683601734,"upper_bound":0.03967872895136303},"point_estimate":0.02980734543089092,"standard_error":0.0044392656812690025},"median":{"confidence_interval":{"confidence_level":0.95,"lower_bound":0.02296124425377699,"upper_bound":0.02853522479257009},"point_estimate":0.025512209765430116,"standard_error":0.001999214886709095}}