{"mean":{"confidence_interval":{"confidence_level":0.95,"lower_bound":0.9730830700558335,"upper_bound":0.9953213659200012},"point_estimate":0.9817504759684597,"standard_error":0.005710411416733027},"median":{"confidence_interval":{"confidence_level":0.95,"lower_bound":0.9719172460962928,"upper_bound":0.9859404691048317},"point_estimate":0.9799230228721314,"standard_error":0.0038052549017586904}}