{"mean":{"confidence_interval":{"confidence_level":0.95,"lower_bound":-0.024331037043006185,"upper_bound":-0.018925548973370093},"point_estimate":-0.021477296778483757,"standard_error":0.0014033531837367571},"median":{"confidence_interval":{"confidence_level":0.95,"lower_bound":-0.0238320818096861,"upper_bound":-0.018428709869918403},"point_estimate":-0.021363657041455597,"standard_error":0.0013622779248389282}}