{"mean":{"confidence_interval":{"confidence_level":0.95,"lower_bound":0.015977146592567416,"upper_bound":0.048009950521980406},"point_estimate":0.032306052394298845,"standard_error":0.00819622609240897},"median":{"confidence_interval":{"confidence_level":0.95,"lower_bound":0.026212766670234533,"upper_bound":0.0460950676450842},"point_estimate":0.031367966713379936,"standard_error":0.005074879153269178}}