{"mean":{"confidence_interval":{"confidence_level":0.95,"lower_bound":0.08941419042721763,"upper_bound":0.24596484961082615},"point_estimate":0.14647850780229654,"standard_error":0.041221861091259096},"median":{"confidence_interval":{"confidence_level":0.95,"lower_bound":0.058337077806627,"upper_bound":0.13743726434872183},"point_estimate":0.12376686756928512,"standard_error":0.021059002289966374}}