{"mean":{"confidence_interval":{"confidence_level":0.95,"lower_bound":1109334613.875,"upper_bound":1114297648.8},"point_estimate":1111756352.4,"standard_error":1264984.6652621212},"median":{"confidence_interval":{"confidence_level":0.95,"lower_bound":1107445790.0,"upper_bound":1114558750.5},"point_estimate":1111585515.0,"standard_error":1683084.9983067883},"median_abs_dev":{"confidence_interval":{"confidence_level":0.95,"lower_bound":811922.1539855003,"upper_bound":7382406.417936087},"point_estimate":5246753.0317515135,"standard_error":1745324.976390275},"slope":null,"std_dev":{"confidence_interval":{"confidence_level":0.95,"lower_bound":2423969.0862667756,"upper_bound":5350209.735604997},"point_estimate":4208937.920716215,"standard_error":771981.5119581494}}