{"mean":{"confidence_interval":{"confidence_level":0.95,"lower_bound":889696473.6,"upper_bound":892224012.0575},"point_estimate":890906813.3,"standard_error":647895.9810931571},"median":{"confidence_interval":{"confidence_level":0.95,"lower_bound":889414024.0,"upper_bound":892878974.0},"point_estimate":890332101.0,"standard_error":758494.8211237513},"median_abs_dev":{"confidence_interval":{"confidence_level":0.95,"lower_bound":52618.9556658268,"upper_bound":3960860.7160806656},"point_estimate":1932457.1293920279,"standard_error":926144.0741784476},"slope":null,"std_dev":{"confidence_interval":{"confidence_level":0.95,"lower_bound":1032363.8369167803,"upper_bound":2712256.320587189},"point_estimate":2154983.9408864924,"standard_error":422772.8941066666}}