{"mean":{"confidence_interval":{"confidence_level":0.95,"lower_bound":-0.03136139324256232,"upper_bound":-0.025090068666421033},"point_estimate":-0.028306084387805797,"standard_error":0.0015966531399567987},"median":{"confidence_interval":{"confidence_level":0.95,"lower_bound":-0.03281880623421074,"upper_bound":-0.02369787974546045},"point_estimate":-0.028701339574728757,"standard_error":0.00239739777211217}}