{"mean":{"confidence_interval":{"confidence_level":0.95,"lower_bound":-0.023767499448569998,"upper_bound":-0.019928539836447764},"point_estimate":-0.021820402847158138,"standard_error":0.0009697169524070385},"median":{"confidence_interval":{"confidence_level":0.95,"lower_bound":-0.02438181716768184,"upper_bound":-0.01894785784500619},"point_estimate":-0.02223929568753935,"standard_error":0.0015606966869622075}}