{"mean":{"confidence_interval":{"confidence_level":0.95,"lower_bound":409328596.58,"upper_bound":410685624.2325},"point_estimate":410089036.0,"standard_error":349706.20346086146},"median":{"confidence_interval":{"confidence_level":0.95,"lower_bound":409588103.0,"upper_bound":410822050.5},"point_estimate":410442596.25,"standard_error":344709.6040245},"median_abs_dev":{"confidence_interval":{"confidence_level":0.95,"lower_bound":164704.62562590837,"upper_bound":1564035.1130828261},"point_estimate":608543.908046186,"standard_error":369720.8708219442},"slope":null,"std_dev":{"confidence_interval":{"confidence_level":0.95,"lower_bound":410506.75117212004,"upper_bound":1642949.0100634117},"point_estimate":1164403.597241452,"standard_error":353687.5365189924}}