{"mean":{"confidence_interval":{"confidence_level":0.95,"lower_bound":220781728.29333335,"upper_bound":221524672.33333337},"point_estimate":221148890.1,"standard_error":190952.51515262455},"median":{"confidence_interval":{"confidence_level":0.95,"lower_bound":220567445.5,"upper_bound":221715569.3333333},"point_estimate":221172112.0,"standard_error":364754.06724664854},"median_abs_dev":{"confidence_interval":{"confidence_level":0.95,"lower_bound":86510.94396411636,"upper_bound":1019483.6793005834},"point_estimate":805563.7768983768,"standard_error":242903.64827897388},"slope":null,"std_dev":{"confidence_interval":{"confidence_level":0.95,"lower_bound":421881.3798753291,"upper_bound":742945.6807062811},"point_estimate":635557.636154561,"standard_error":82946.63774087913}}