{"mean":{"confidence_interval":{"confidence_level":0.95,"lower_bound":508728131.9,"upper_bound":510035380.875},"point_estimate":509399508.9,"standard_error":333684.15232173726},"median":{"confidence_interval":{"confidence_level":0.95,"lower_bound":508737759.0,"upper_bound":510195001.0},"point_estimate":509299389.0,"standard_error":382992.72718334576},"median_abs_dev":{"confidence_interval":{"confidence_level":0.95,"lower_bound":158031.81379437447,"upper_bound":1935343.75154078},"point_estimate":1119946.3832169771,"standard_error":440018.4163560209},"slope":null,"std_dev":{"confidence_interval":{"confidence_level":0.95,"lower_bound":536367.6384238706,"upper_bound":1479114.3458977311},"point_estimate":1110718.3119708763,"standard_error":243066.06012594435}}