{"mean":{"confidence_interval":{"confidence_level":0.95,"lower_bound":-0.013786321629580758,"upper_bound":-0.008516913341479559},"point_estimate":-0.010887952963865244,"standard_error":0.0013546622891097047},"median":{"confidence_interval":{"confidence_level":0.95,"lower_bound":-0.013549197224457465,"upper_bound":-0.008298479284143345},"point_estimate":-0.009974911198056713,"standard_error":0.001199874001826348}}