{"mean":{"confidence_interval":{"confidence_level":0.95,"lower_bound":812359951.6375,"upper_bound":817215740.6},"point_estimate":814932450.0,"standard_error":1249734.8381772558},"median":{"confidence_interval":{"confidence_level":0.95,"lower_bound":811946435.5,"upper_bound":818406586.0},"point_estimate":815526976.0,"standard_error":1466251.5495784066},"median_abs_dev":{"confidence_interval":{"confidence_level":0.95,"lower_bound":737454.863807559,"upper_bound":6961302.80611217},"point_estimate":3669421.5914547443,"standard_error":1640787.4298515848},"slope":null,"std_dev":{"confidence_interval":{"confidence_level":0.95,"lower_bound":1882136.2169691385,"upper_bound":5354914.661433862},"point_estimate":4170843.015186951,"standard_error":896741.0554773024}}