{"mean":{"confidence_interval":{"confidence_level":0.95,"lower_bound":405716615.62875,"upper_bound":409407006.98375},"point_estimate":407750219.3,"standard_error":954164.644688319},"median":{"confidence_interval":{"confidence_level":0.95,"lower_bound":405995744.0,"upper_bound":409858252.0},"point_estimate":408521938.0,"standard_error":860609.9286793871},"median_abs_dev":{"confidence_interval":{"confidence_level":0.95,"lower_bound":603433.0152869225,"upper_bound":4586074.978230894},"point_estimate":1914028.411719203,"standard_error":1046750.4393398967},"slope":null,"std_dev":{"confidence_interval":{"confidence_level":0.95,"lower_bound":1073751.8895631838,"upper_bound":4349626.370043895},"point_estimate":3175252.6965271,"standard_error":895346.2616034428}}