{"mean":{"confidence_interval":{"confidence_level":0.95,"lower_bound":-0.018626852031716337,"upper_bound":-0.014973587068195945},"point_estimate":-0.01669160194516306,"standard_error":0.000939871643764867},"median":{"confidence_interval":{"confidence_level":0.95,"lower_bound":-0.01847127990922781,"upper_bound":-0.014271349984575354},"point_estimate":-0.01623020594108371,"standard_error":0.0011411627453663791}}