{"mean":{"confidence_interval":{"confidence_level":0.95,"lower_bound":0.07015814498381753,"upper_bound":0.27860912712577346},"point_estimate":0.15556519522266243,"standard_error":0.052801151361286804},"median":{"confidence_interval":{"confidence_level":0.95,"lower_bound":0.052048746005769086,"upper_bound":0.19283126119380345},"point_estimate":0.0683730811022234,"standard_error":0.04319129538413852}}