{"mean":{"confidence_interval":{"confidence_level":0.95,"lower_bound":0.0008226422945282546,"upper_bound":0.005654038540837919},"point_estimate":0.0034006281916658665,"standard_error":0.0012397108686256256},"median":{"confidence_interval":{"confidence_level":0.95,"lower_bound":0.0015409945572983919,"upper_bound":0.006189626871185849},"point_estimate":0.004249996309015458,"standard_error":0.0012115384229548336}}