{"mean":{"confidence_interval":{"confidence_level":0.95,"lower_bound":466214679.0,"upper_bound":470184065.4},"point_estimate":468139743.4,"standard_error":1014601.5514034418},"median":{"confidence_interval":{"confidence_level":0.95,"lower_bound":465906907.25,"upper_bound":470039585.0},"point_estimate":468031966.25,"standard_error":1046855.4776927275},"median_abs_dev":{"confidence_interval":{"confidence_level":0.95,"lower_bound":860701.9170194864,"upper_bound":5803691.711863875},"point_estimate":2694423.4479144216,"standard_error":1205770.788688173},"slope":null,"std_dev":{"confidence_interval":{"confidence_level":0.95,"lower_bound":1570036.5833945328,"upper_bound":4573512.498519072},"point_estimate":3390642.945888834,"standard_error":776774.7350776229}}