{"mean":{"confidence_interval":{"confidence_level":0.95,"lower_bound":823370172.2175,"upper_bound":829225264.845},"point_estimate":826381292.0,"standard_error":1490278.5205077266},"median":{"confidence_interval":{"confidence_level":0.95,"lower_bound":821141307.0,"upper_bound":828900618.0},"point_estimate":827767558.0,"standard_error":1903119.5296614273},"median_abs_dev":{"confidence_interval":{"confidence_level":0.95,"lower_bound":287901.64108872414,"upper_bound":9919005.245402455},"point_estimate":1938295.6080883741,"standard_error":2688565.017883684},"slope":null,"std_dev":{"confidence_interval":{"confidence_level":0.95,"lower_bound":2427013.3685709494,"upper_bound":6293106.844152032},"point_estimate":4948351.824523574,"standard_error":940852.9114664849}}