{"mean":{"confidence_interval":{"confidence_level":0.95,"lower_bound":994931370.1,"upper_bound":997380523.9675001},"point_estimate":996169438.7,"standard_error":627230.6568398727},"median":{"confidence_interval":{"confidence_level":0.95,"lower_bound":994514238.5,"upper_bound":998144723.0},"point_estimate":995828123.5,"standard_error":1010462.7699934934},"median_abs_dev":{"confidence_interval":{"confidence_level":0.95,"lower_bound":216555.96515536308,"upper_bound":3556537.1707588434},"point_estimate":3256301.0391891003,"standard_error":994382.7523065805},"slope":null,"std_dev":{"confidence_interval":{"confidence_level":0.95,"lower_bound":1289731.415058293,"upper_bound":2532029.9012025115},"point_estimate":2092139.9574168099,"standard_error":320529.3600807007}}