{"mean":{"confidence_interval":{"confidence_level":0.95,"lower_bound":0.012453732813316675,"upper_bound":0.02444547115920513},"point_estimate":0.018773425801408505,"standard_error":0.003057856870853853},"median":{"confidence_interval":{"confidence_level":0.95,"lower_bound":0.008018776932742222,"upper_bound":0.02724582955993804},"point_estimate":0.022644598832645357,"standard_error":0.004611167009725127}}