{"mean":{"confidence_interval":{"confidence_level":0.95,"lower_bound":-0.023054948170830772,"upper_bound":-0.017200462164984755},"point_estimate":-0.020072081844848433,"standard_error":0.001533916628692095},"median":{"confidence_interval":{"confidence_level":0.95,"lower_bound":-0.025272683939590368,"upper_bound":-0.01587838515855211},"point_estimate":-0.01846087589280687,"standard_error":0.0029507106686075192}}