{"mean":{"confidence_interval":{"confidence_level":0.95,"lower_bound":0.24653330872537763,"upper_bound":0.4731931045106974},"point_estimate":0.36659524517489595,"standard_error":0.058963352479104},"median":{"confidence_interval":{"confidence_level":0.95,"lower_bound":0.15567612604599423,"upper_bound":0.5545846043322722},"point_estimate":0.4119455502004341,"standard_error":0.14739248700042185}}