{"mean":{"confidence_interval":{"confidence_level":0.95,"lower_bound":-0.0014204323643198203,"upper_bound":0.0038238853078192666},"point_estimate":0.0009712188941257693,"standard_error":0.0013339391883727062},"median":{"confidence_interval":{"confidence_level":0.95,"lower_bound":-0.0010111505625070016,"upper_bound":0.002275108952205729},"point_estimate":0.0006336312005972289,"standard_error":0.0008224986705178586}}