{"mean":{"confidence_interval":{"confidence_level":0.95,"lower_bound":515101837.965,"upper_bound":517423277.9},"point_estimate":516266526.9,"standard_error":582179.3783913619},"median":{"confidence_interval":{"confidence_level":0.95,"lower_bound":515600674.0,"upper_bound":516821021.0},"point_estimate":516338130.0,"standard_error":339369.19412259717},"median_abs_dev":{"confidence_interval":{"confidence_level":0.95,"lower_bound":91931.57656788826,"upper_bound":3152403.398233652},"point_estimate":714019.4060236216,"standard_error":619467.2568874899},"slope":null,"std_dev":{"confidence_interval":{"confidence_level":0.95,"lower_bound":429197.2396829725,"upper_bound":2714501.0829192987},"point_estimate":1935560.1256027757,"standard_error":604167.8119864747}}