{"mean":{"confidence_interval":{"confidence_level":0.95,"lower_bound":-0.019257779128961032,"upper_bound":-0.010385529578346727},"point_estimate":-0.014370294737408806,"standard_error":0.0022901654195621986},"median":{"confidence_interval":{"confidence_level":0.95,"lower_bound":-0.015299395183633435,"upper_bound":-0.00958845453933721},"point_estimate":-0.014492474157904445,"standard_error":0.0012874737710041313}}