{"mean":{"confidence_interval":{"confidence_level":0.95,"lower_bound":486629052.15,"upper_bound":487897736.15},"point_estimate":487217991.65,"standard_error":326401.30898928863},"median":{"confidence_interval":{"confidence_level":0.95,"lower_bound":486475266.5,"upper_bound":488023552.75},"point_estimate":487065149.0,"standard_error":317024.33953558485},"median_abs_dev":{"confidence_interval":{"confidence_level":0.95,"lower_bound":131026.99657380581,"upper_bound":1768165.0372087955},"point_estimate":718540.9652933478,"standard_error":422154.95848828286},"slope":null,"std_dev":{"confidence_interval":{"confidence_level":0.95,"lower_bound":374445.7485551738,"upper_bound":1402083.9381927382},"point_estimate":1082984.4965747318,"standard_error":255807.38025194517}}