{"mean":{"confidence_interval":{"confidence_level":0.95,"lower_bound":0.022559471833327096,"upper_bound":0.03138147989035012},"point_estimate":0.02691774537777958,"standard_error":0.002281345077139816},"median":{"confidence_interval":{"confidence_level":0.95,"lower_bound":0.020052918003266917,"upper_bound":0.03443558217507747},"point_estimate":0.027333395937562344,"standard_error":0.0034914091542636023}}