{"mean":{"confidence_interval":{"confidence_level":0.95,"lower_bound":-0.026346106224062308,"upper_bound":-0.015362950403038879},"point_estimate":-0.020672502778469437,"standard_error":0.002822119217264498},"median":{"confidence_interval":{"confidence_level":0.95,"lower_bound":-0.026913003590407047,"upper_bound":-0.015039269107592346},"point_estimate":-0.02065156132915902,"standard_error":0.003145706061892888}}