{"mean":{"confidence_interval":{"confidence_level":0.95,"lower_bound":332787587.015,"upper_bound":334002147.15},"point_estimate":333342966.0,"standard_error":314175.1939907532},"median":{"confidence_interval":{"confidence_level":0.95,"lower_bound":332520702.0,"upper_bound":334056281.0},"point_estimate":333127632.5,"standard_error":294858.9022701695},"median_abs_dev":{"confidence_interval":{"confidence_level":0.95,"lower_bound":159400.99487006664,"upper_bound":1605069.0325543284},"point_estimate":653614.5765960217,"standard_error":389191.9057894514},"slope":null,"std_dev":{"confidence_interval":{"confidence_level":0.95,"lower_bound":372017.5948412004,"upper_bound":1378343.0749362076},"point_estimate":1045804.3495068494,"standard_error":265493.1222229091}}