{"mean":{"confidence_interval":{"confidence_level":0.95,"lower_bound":-0.014763183919019535,"upper_bound":-0.0026652834212214037},"point_estimate":-0.009599667093085795,"standard_error":0.003240381245093716},"median":{"confidence_interval":{"confidence_level":0.95,"lower_bound":-0.014756266956158743,"upper_bound":-0.009430628775631944},"point_estimate":-0.01046830074218874,"standard_error":0.0015002136340300698}}