{"mean":{"confidence_interval":{"confidence_level":0.95,"lower_bound":0.007843907338398083,"upper_bound":0.010906051725439358},"point_estimate":0.009405142021501556,"standard_error":0.0007848498149830588},"median":{"confidence_interval":{"confidence_level":0.95,"lower_bound":0.0063803638543218355,"upper_bound":0.011485054018211205},"point_estimate":0.009788031126131136,"standard_error":0.001162996445298949}}