{"mean":{"confidence_interval":{"confidence_level":0.95,"lower_bound":1265573619.3,"upper_bound":1276034142.3425},"point_estimate":1270446352.3,"standard_error":2690440.3366702516},"median":{"confidence_interval":{"confidence_level":0.95,"lower_bound":1265433689.0,"upper_bound":1276843983.0},"point_estimate":1267702633.0,"standard_error":2723070.792708718},"median_abs_dev":{"confidence_interval":{"confidence_level":0.95,"lower_bound":947966.2688702345,"upper_bound":14046080.985832214},"point_estimate":3784897.5969046354,"standard_error":3589635.268453513},"slope":null,"std_dev":{"confidence_interval":{"confidence_level":0.95,"lower_bound":2976083.4264004617,"upper_bound":11437889.811125046},"point_estimate":8982803.262196261,"standard_error":2079182.6409920373}}