{"mean":{"confidence_interval":{"confidence_level":0.95,"lower_bound":0.020571580227639268,"upper_bound":0.023196475699814412},"point_estimate":0.0218941517163751,"standard_error":0.0006689755201914391},"median":{"confidence_interval":{"confidence_level":0.95,"lower_bound":0.020177053889888885,"upper_bound":0.02417761969990062},"point_estimate":0.022312227599498247,"standard_error":0.0010638152108881146}}