{"mean":{"confidence_interval":{"confidence_level":0.95,"lower_bound":479751561.24875003,"upper_bound":482225343.4},"point_estimate":480986395.1,"standard_error":634687.8429147819},"median":{"confidence_interval":{"confidence_level":0.95,"lower_bound":478742257.5,"upper_bound":482888832.5},"point_estimate":480934130.5,"standard_error":1200007.838819102},"median_abs_dev":{"confidence_interval":{"confidence_level":0.95,"lower_bound":318796.429990232,"upper_bound":3293734.464624524},"point_estimate":2942635.88770777,"standard_error":807000.821420022},"slope":null,"std_dev":{"confidence_interval":{"confidence_level":0.95,"lower_bound":1392089.7236473032,"upper_bound":2492116.095305917},"point_estimate":2122164.433018744,"standard_error":281572.02921522124}}