{"mean":{"confidence_interval":{"confidence_level":0.95,"lower_bound":-0.0076292349051196445,"upper_bound":0.003658627633375048},"point_estimate":-0.0016336352362446016,"standard_error":0.0029020424241948356},"median":{"confidence_interval":{"confidence_level":0.95,"lower_bound":-0.008503188454303201,"upper_bound":0.0070265899452404135},"point_estimate":0.0017404715541387006,"standard_error":0.003921265199979002}}