{"mean":{"confidence_interval":{"confidence_level":0.95,"lower_bound":1022553061.1450001,"upper_bound":1023416043.255},"point_estimate":1022984201.6,"standard_error":221074.27731862708},"median":{"confidence_interval":{"confidence_level":0.95,"lower_bound":1022350349.5,"upper_bound":1023638825.0},"point_estimate":1022952929.5,"standard_error":272407.1428133613},"median_abs_dev":{"confidence_interval":{"confidence_level":0.95,"lower_bound":153990.24626612663,"upper_bound":1375491.021180153},"point_estimate":751808.6554527283,"standard_error":346554.9160813318},"slope":null,"std_dev":{"confidence_interval":{"confidence_level":0.95,"lower_bound":421550.2403524619,"upper_bound":919161.8795086943},"point_estimate":734195.6402749278,"standard_error":129648.27457873811}}