{"mean":{"confidence_interval":{"confidence_level":0.95,"lower_bound":0.006551433581700578,"upper_bound":0.01690129604620752},"point_estimate":0.011032197626752449,"standard_error":0.0026771555517138687},"median":{"confidence_interval":{"confidence_level":0.95,"lower_bound":0.006484026067711479,"upper_bound":0.012488610699102676},"point_estimate":0.008771503618978382,"standard_error":0.0014931346547780431}}