{"mean":{"confidence_interval":{"confidence_level":0.95,"lower_bound":909196517.5,"upper_bound":917660369.0250001},"point_estimate":913110938.8,"standard_error":2170025.6866538785},"median":{"confidence_interval":{"confidence_level":0.95,"lower_bound":906532407.0,"upper_bound":916480105.5},"point_estimate":912730726.0,"standard_error":2544738.326801928},"median_abs_dev":{"confidence_interval":{"confidence_level":0.95,"lower_bound":1244679.7429025173,"upper_bound":12035128.34213376},"point_estimate":6181169.819462299,"standard_error":2667492.3922618674},"slope":null,"std_dev":{"confidence_interval":{"confidence_level":0.95,"lower_bound":3481698.818791905,"upper_bound":9887225.48238807},"point_estimate":7237643.5658028275,"standard_error":1848314.6206472043}}