{"mean":{"confidence_interval":{"confidence_level":0.95,"lower_bound":631842825.2,"upper_bound":633341650.5},"point_estimate":632611523.1,"standard_error":382354.420593702},"median":{"confidence_interval":{"confidence_level":0.95,"lower_bound":631919378.0,"upper_bound":633461270.5},"point_estimate":632545657.5,"standard_error":403771.7692206049},"median_abs_dev":{"confidence_interval":{"confidence_level":0.95,"lower_bound":200331.13234341145,"upper_bound":2150503.8488209248},"point_estimate":936694.802570343,"standard_error":491365.5818355448},"slope":null,"std_dev":{"confidence_interval":{"confidence_level":0.95,"lower_bound":584442.814830575,"upper_bound":1728115.8352955708},"point_estimate":1273187.6269268624,"standard_error":297771.032489049}}