{"mean":{"confidence_interval":{"confidence_level":0.95,"lower_bound":791324098.3,"upper_bound":795071872.8425},"point_estimate":793187766.6,"standard_error":960547.1377202584},"median":{"confidence_interval":{"confidence_level":0.95,"lower_bound":790324415.0,"upper_bound":795786015.0},"point_estimate":793330555.5,"standard_error":2009755.1124985183},"median_abs_dev":{"confidence_interval":{"confidence_level":0.95,"lower_bound":303939.6663039923,"upper_bound":4530793.6436623335},"point_estimate":3892399.438396096,"standard_error":1302526.3635648044},"slope":null,"std_dev":{"confidence_interval":{"confidence_level":0.95,"lower_bound":2181150.2847256865,"upper_bound":3733290.793324981},"point_estimate":3204006.184845404,"standard_error":402122.2441319807}}