{"mean":{"confidence_interval":{"confidence_level":0.95,"lower_bound":540707667.0675,"upper_bound":541988918.505},"point_estimate":541362407.5,"standard_error":328286.81935009797},"median":{"confidence_interval":{"confidence_level":0.95,"lower_bound":540451689.0,"upper_bound":542451484.0},"point_estimate":541503771.0,"standard_error":565541.0802651339},"median_abs_dev":{"confidence_interval":{"confidence_level":0.95,"lower_bound":216318.7491595745,"upper_bound":1786931.0463756323},"point_estimate":1427362.7464592457,"standard_error":419213.2471890173},"slope":null,"std_dev":{"confidence_interval":{"confidence_level":0.95,"lower_bound":678399.3567734847,"upper_bound":1328603.7475158314},"point_estimate":1090863.5046480126,"standard_error":168789.72953269404}}