{"mean":{"confidence_interval":{"confidence_level":0.95,"lower_bound":0.026837949911518177,"upper_bound":0.03583582444767404},"point_estimate":0.031136632592536184,"standard_error":0.002297093857149908},"median":{"confidence_interval":{"confidence_level":0.95,"lower_bound":0.024053772193779688,"upper_bound":0.03884940607442866},"point_estimate":0.02887697035703507,"standard_error":0.003491315412943034}}