{"mean":{"confidence_interval":{"confidence_level":0.95,"lower_bound":244527789.52416664,"upper_bound":245066248.93333334},"point_estimate":244787832.03333336,"standard_error":138067.21567487254},"median":{"confidence_interval":{"confidence_level":0.95,"lower_bound":244411968.0,"upper_bound":245182498.83333334},"point_estimate":244698428.16666666,"standard_error":217207.513560106},"median_abs_dev":{"confidence_interval":{"confidence_level":0.95,"lower_bound":88956.4926206992,"upper_bound":796592.3173576667},"point_estimate":491433.95387528854,"standard_error":189655.2119675},"slope":null,"std_dev":{"confidence_interval":{"confidence_level":0.95,"lower_bound":251948.13860760003,"upper_bound":554698.5101991108},"point_estimate":460717.6777697714,"standard_error":75317.97189708041}}