{"mean":{"confidence_interval":{"confidence_level":0.95,"lower_bound":498147799.405,"upper_bound":502248420.76},"point_estimate":500210693.2,"standard_error":1041195.6543275502},"median":{"confidence_interval":{"confidence_level":0.95,"lower_bound":497854394.0,"upper_bound":502185623.0},"point_estimate":500944207.0,"standard_error":1080311.9654695014},"median_abs_dev":{"confidence_interval":{"confidence_level":0.95,"lower_bound":339129.9179792404,"upper_bound":6265841.103959084},"point_estimate":2564070.663678646,"standard_error":1567202.3253974444},"slope":null,"std_dev":{"confidence_interval":{"confidence_level":0.95,"lower_bound":1724537.8571320537,"upper_bound":4577523.213354582},"point_estimate":3478043.3748570248,"standard_error":731523.168245221}}