{"mean":{"confidence_interval":{"confidence_level":0.95,"lower_bound":525984868.3,"upper_bound":528854149.445},"point_estimate":527215424.3,"standard_error":749641.0853090759},"median":{"confidence_interval":{"confidence_level":0.95,"lower_bound":525634794.0,"upper_bound":528090117.0},"point_estimate":526569605.5,"standard_error":621817.6100332553},"median_abs_dev":{"confidence_interval":{"confidence_level":0.95,"lower_bound":335308.51654708385,"upper_bound":2895267.1891987324},"point_estimate":1521074.925595522,"standard_error":676922.1373083428},"slope":null,"std_dev":{"confidence_interval":{"confidence_level":0.95,"lower_bound":784162.2270596323,"upper_bound":3610004.636855157},"point_estimate":2492588.673985031,"standard_error":849326.5010923999}}