{"mean":{"confidence_interval":{"confidence_level":0.95,"lower_bound":-0.00723242773615958,"upper_bound":0.031301141514638364},"point_estimate":0.007506513905861656,"standard_error":0.01085531471676598},"median":{"confidence_interval":{"confidence_level":0.95,"lower_bound":-0.007348754175820482,"upper_bound":0.0007666702761279787},"point_estimate":-0.0011717904064044715,"standard_error":0.0019389924749255375}}