{"mean":{"confidence_interval":{"confidence_level":0.95,"lower_bound":-0.43792362974349214,"upper_bound":-0.3910247336620385},"point_estimate":-0.4143544498890137,"standard_error":0.012082097044067808},"median":{"confidence_interval":{"confidence_level":0.95,"lower_bound":-0.44638794435141504,"upper_bound":-0.38495929876908264},"point_estimate":-0.4035680696904925,"standard_error":0.014993922647581823}}