{"mean":{"confidence_interval":{"confidence_level":0.95,"lower_bound":0.0259972624509933,"upper_bound":0.036335937192428544},"point_estimate":0.03139947116472985,"standard_error":0.0026415896227367838},"median":{"confidence_interval":{"confidence_level":0.95,"lower_bound":0.024360133764511627,"upper_bound":0.03746550930840398},"point_estimate":0.03153616135085291,"standard_error":0.003298855306633536}}