{"mean":{"confidence_interval":{"confidence_level":0.95,"lower_bound":-0.006066493915656443,"upper_bound":-0.0023835960688410626},"point_estimate":-0.004291898148053752,"standard_error":0.0009385254256665232},"median":{"confidence_interval":{"confidence_level":0.95,"lower_bound":-0.006619274431858391,"upper_bound":-0.0029725488220330165},"point_estimate":-0.005101204708601426,"standard_error":0.000947483716073337}}