{"mean":{"confidence_interval":{"confidence_level":0.95,"lower_bound":12525665.311309027,"upper_bound":12555111.832500992},"point_estimate":12540915.484414682,"standard_error":7542.262010429619},"median":{"confidence_interval":{"confidence_level":0.95,"lower_bound":12517619.875,"upper_bound":12562031.75},"point_estimate":12544610.544642858,"standard_error":10890.577575543848},"median_abs_dev":{"confidence_interval":{"confidence_level":0.95,"lower_bound":4769.966836150721,"upper_bound":41123.6664105324},"point_estimate":28089.944716927213,"standard_error":9735.174873211246},"slope":{"confidence_interval":{"confidence_level":0.95,"lower_bound":12531292.28360215,"upper_bound":12554036.507861327},"point_estimate":12543848.798051948,"standard_error":5735.369430654843},"std_dev":{"confidence_interval":{"confidence_level":0.95,"lower_bound":13169.483305552161,"upper_bound":30401.120988356182},"point_estimate":25111.199739199925,"standard_error":4169.2815674648455}}