{"mean":{"confidence_interval":{"confidence_level":0.95,"lower_bound":-0.03270194151703386,"upper_bound":-0.019536100604274846},"point_estimate":-0.025944046352060157,"standard_error":0.003358926028562892},"median":{"confidence_interval":{"confidence_level":0.95,"lower_bound":-0.03559410989307643,"upper_bound":-0.018816345649037336},"point_estimate":-0.024402541286616453,"standard_error":0.004054983688069679}}