{"mean":{"confidence_interval":{"confidence_level":0.95,"lower_bound":334359726.2,"upper_bound":337048425.55},"point_estimate":335431612.1,"standard_error":727353.1291752174},"median":{"confidence_interval":{"confidence_level":0.95,"lower_bound":334099087.75,"upper_bound":335734956.0},"point_estimate":334576681.25,"standard_error":492023.39635801315},"median_abs_dev":{"confidence_interval":{"confidence_level":0.95,"lower_bound":107381.38024359941,"upper_bound":1914463.1841614842},"point_estimate":943224.9141544104,"standard_error":508494.4014276831},"slope":null,"std_dev":{"confidence_interval":{"confidence_level":0.95,"lower_bound":512896.6050198995,"upper_bound":3670093.4634259436},"point_estimate":2432715.6571396114,"standard_error":1030693.9308848273}}