{"mean":{"confidence_interval":{"confidence_level":0.95,"lower_bound":954081547.0,"upper_bound":955226145.5975},"point_estimate":954626901.1,"standard_error":293367.0727079078},"median":{"confidence_interval":{"confidence_level":0.95,"lower_bound":953766282.0,"upper_bound":955200713.0},"point_estimate":954529762.5,"standard_error":325310.9534020772},"median_abs_dev":{"confidence_interval":{"confidence_level":0.95,"lower_bound":227372.27326333523,"upper_bound":1656223.5500961542},"point_estimate":995295.3078299761,"standard_error":377824.0725225592},"slope":null,"std_dev":{"confidence_interval":{"confidence_level":0.95,"lower_bound":477199.4768595097,"upper_bound":1285772.8084208735},"point_estimate":978243.2812848699,"standard_error":213553.34544837172}}