{"mean":{"confidence_interval":{"confidence_level":0.95,"lower_bound":0.037446391430127554,"upper_bound":0.04116222186960703},"point_estimate":0.039156400705372185,"standard_error":0.0009485420062381778},"median":{"confidence_interval":{"confidence_level":0.95,"lower_bound":0.036163088620913664,"upper_bound":0.041403534935972264},"point_estimate":0.03838679224565378,"standard_error":0.0012767837347715208}}