{"mean":{"confidence_interval":{"confidence_level":0.95,"lower_bound":0.00309305170912216,"upper_bound":0.01281028450923639},"point_estimate":0.008053897465241322,"standard_error":0.00243944985243734},"median":{"confidence_interval":{"confidence_level":0.95,"lower_bound":-0.002906555854724213,"upper_bound":0.013136999180270559},"point_estimate":0.010969489756500472,"standard_error":0.003954319359439763}}