{"mean":{"confidence_interval":{"confidence_level":0.95,"lower_bound":281759316.65,"upper_bound":282843254.56374997},"point_estimate":282309398.85,"standard_error":278291.8654748119},"median":{"confidence_interval":{"confidence_level":0.95,"lower_bound":281433435.0,"upper_bound":283208961.5},"point_estimate":282443000.0,"standard_error":477222.7238912974},"median_abs_dev":{"confidence_interval":{"confidence_level":0.95,"lower_bound":248897.0303311944,"upper_bound":1506016.528312862},"point_estimate":1194099.3622004986,"standard_error":337477.92723170394},"slope":null,"std_dev":{"confidence_interval":{"confidence_level":0.95,"lower_bound":575998.4530044451,"upper_bound":1101763.3177312296},"point_estimate":924234.554651038,"standard_error":134125.43294830402}}