{"mean":{"confidence_interval":{"confidence_level":0.95,"lower_bound":1104319120.5575,"upper_bound":1105378100.605},"point_estimate":1104842997.7,"standard_error":270372.5914360253},"median":{"confidence_interval":{"confidence_level":0.95,"lower_bound":1104437615.0,"upper_bound":1105445741.5},"point_estimate":1104709971.5,"standard_error":235745.39395493915},"median_abs_dev":{"confidence_interval":{"confidence_level":0.95,"lower_bound":75442.84096062183,"upper_bound":1574983.743238449},"point_estimate":518914.43858742714,"standard_error":415473.3324567789},"slope":null,"std_dev":{"confidence_interval":{"confidence_level":0.95,"lower_bound":348407.80586407334,"upper_bound":1203332.014248169},"point_estimate":899184.1973637424,"standard_error":206768.22361929846}}