{"mean":{"confidence_interval":{"confidence_level":0.95,"lower_bound":-0.01079094894488437,"upper_bound":-0.00773600282502953},"point_estimate":-0.009185158111972735,"standard_error":0.0007788777514720866},"median":{"confidence_interval":{"confidence_level":0.95,"lower_bound":-0.010750406017466907,"upper_bound":-0.007311082412274406},"point_estimate":-0.009250765033879449,"standard_error":0.0008755445754398475}}