{"mean":{"confidence_interval":{"confidence_level":0.95,"lower_bound":-0.023602804431671235,"upper_bound":-0.02000965132998544},"point_estimate":-0.02188257052992504,"standard_error":0.0009188194554445895},"median":{"confidence_interval":{"confidence_level":0.95,"lower_bound":-0.023958562943883543,"upper_bound":-0.01996879874353541},"point_estimate":-0.023171703679022104,"standard_error":0.001091424446658236}}