{"mean":{"confidence_interval":{"confidence_level":0.95,"lower_bound":-0.048017792459144865,"upper_bound":-0.04139580459928313},"point_estimate":-0.04495904339023238,"standard_error":0.0017247286228022304},"median":{"confidence_interval":{"confidence_level":0.95,"lower_bound":-0.04898661378293956,"upper_bound":-0.04269138870570788},"point_estimate":-0.04592021680928038,"standard_error":0.0014477879009295305}}