{"mean":{"confidence_interval":{"confidence_level":0.95,"lower_bound":394683338.295,"upper_bound":395248638.6},"point_estimate":394957834.2,"standard_error":144899.23511117592},"median":{"confidence_interval":{"confidence_level":0.95,"lower_bound":394644324.75,"upper_bound":395466072.0},"point_estimate":394852134.25,"standard_error":183952.33455216806},"median_abs_dev":{"confidence_interval":{"confidence_level":0.95,"lower_bound":61771.786603331566,"upper_bound":867955.1667407155},"point_estimate":333389.66153115034,"standard_error":218323.6152098896},"slope":null,"std_dev":{"confidence_interval":{"confidence_level":0.95,"lower_bound":241816.8660285468,"upper_bound":615819.8341762616},"point_estimate":483529.5360429966,"standard_error":93668.41069945582}}