{"mean":{"confidence_interval":{"confidence_level":0.95,"lower_bound":-0.18587872428742572,"upper_bound":-0.04389370978249212},"point_estimate":-0.12013025447960268,"standard_error":0.036196827003280876},"median":{"confidence_interval":{"confidence_level":0.95,"lower_bound":-0.23989119822845872,"upper_bound":-0.007561266609174111},"point_estimate":-0.03850165949745343,"standard_error":0.08554360474657881}}