{"mean":{"confidence_interval":{"confidence_level":0.95,"lower_bound":-0.024638707650137776,"upper_bound":-0.011760379761245292},"point_estimate":-0.018605677898887785,"standard_error":0.003239390227985789},"median":{"confidence_interval":{"confidence_level":0.95,"lower_bound":-0.021794015502663133,"upper_bound":-0.017188408283624557},"point_estimate":-0.019236312462464933,"standard_error":0.0012434934615153884}}