{"mean":{"confidence_interval":{"confidence_level":0.95,"lower_bound":891164937.9,"upper_bound":1119192127.3},"point_estimate":1013282218.1,"standard_error":58591192.91593864},"median":{"confidence_interval":{"confidence_level":0.95,"lower_bound":839160912.0,"upper_bound":1153335892.0},"point_estimate":1138000774.5,"standard_error":91770415.85507508},"median_abs_dev":{"confidence_interval":{"confidence_level":0.95,"lower_bound":5680011.739459634,"upper_bound":325425385.0319445},"point_estimate":28768885.09275019,"standard_error":90619287.8000173},"slope":null,"std_dev":{"confidence_interval":{"confidence_level":0.95,"lower_bound":62136882.85681967,"upper_bound":230901622.78713045},"point_estimate":195235233.30592817,"standard_error":39115093.338117234}}