{"mean":{"confidence_interval":{"confidence_level":0.95,"lower_bound":374848940.6525,"upper_bound":376643339.65},"point_estimate":375801814.9,"standard_error":461034.6042599898},"median":{"confidence_interval":{"confidence_level":0.95,"lower_bound":374554695.0,"upper_bound":377160780.5},"point_estimate":376232748.5,"standard_error":601337.6456931063},"median_abs_dev":{"confidence_interval":{"confidence_level":0.95,"lower_bound":263279.362025857,"upper_bound":2479336.3686829805},"point_estimate":1507539.8997858167,"standard_error":603902.7555010214},"slope":null,"std_dev":{"confidence_interval":{"confidence_level":0.95,"lower_bound":687584.7430708067,"upper_bound":1941855.161991554},"point_estimate":1538788.4732454077,"standard_error":306719.91467697086}}