{"mean":{"confidence_interval":{"confidence_level":0.95,"lower_bound":1337171671.6,"upper_bound":1341911130.275},"point_estimate":1339591371.3,"standard_error":1212344.2479726875},"median":{"confidence_interval":{"confidence_level":0.95,"lower_bound":1336666925.5,"upper_bound":1343304090.0},"point_estimate":1339673118.5,"standard_error":1447361.192665794},"median_abs_dev":{"confidence_interval":{"confidence_level":0.95,"lower_bound":555719.9829339981,"upper_bound":7455471.168538928},"point_estimate":4310952.236965299,"standard_error":1925938.2521665825},"slope":null,"std_dev":{"confidence_interval":{"confidence_level":0.95,"lower_bound":2264856.504160672,"upper_bound":5073678.094454065},"point_estimate":4040510.555451737,"standard_error":734780.8320868324}}