{"mean":{"confidence_interval":{"confidence_level":0.95,"lower_bound":541771432.9,"upper_bound":544499253.4},"point_estimate":543091665.8,"standard_error":696293.0229370203},"median":{"confidence_interval":{"confidence_level":0.95,"lower_bound":541064058.0,"upper_bound":545880093.0},"point_estimate":541923391.5,"standard_error":1398340.87559004},"median_abs_dev":{"confidence_interval":{"confidence_level":0.95,"lower_bound":218177.18822658062,"upper_bound":3663622.4016577005},"point_estimate":1608217.7042484283,"standard_error":987912.2515541164},"slope":null,"std_dev":{"confidence_interval":{"confidence_level":0.95,"lower_bound":1475659.4253526267,"upper_bound":2580068.162958146},"point_estimate":2317405.7209064043,"standard_error":302057.64878935507}}