{"mean":{"confidence_interval":{"confidence_level":0.95,"lower_bound":0.04469276233764469,"upper_bound":0.060671849245465724},"point_estimate":0.05239718311451802,"standard_error":0.004085997788121711},"median":{"confidence_interval":{"confidence_level":0.95,"lower_bound":0.04389542331838592,"upper_bound":0.06109999693600221},"point_estimate":0.055965927418685224,"standard_error":0.004244438792485291}}