{"mean":{"confidence_interval":{"confidence_level":0.95,"lower_bound":-0.010374883022931663,"upper_bound":-0.004224639502452046},"point_estimate":-0.006998751873651732,"standard_error":0.0015856038336513137},"median":{"confidence_interval":{"confidence_level":0.95,"lower_bound":-0.010705367639594066,"upper_bound":-0.0030613303218606225},"point_estimate":-0.004816213902161581,"standard_error":0.0018658913697614016}}