{"mean":{"confidence_interval":{"confidence_level":0.95,"lower_bound":943582294.7125,"upper_bound":953076567.5},"point_estimate":947948453.1,"standard_error":2434163.3575743553},"median":{"confidence_interval":{"confidence_level":0.95,"lower_bound":942431797.0,"upper_bound":951725975.0},"point_estimate":947054422.0,"standard_error":2542777.855382286},"median_abs_dev":{"confidence_interval":{"confidence_level":0.95,"lower_bound":1207204.8046678305,"upper_bound":12880741.83922112},"point_estimate":6717999.254831672,"standard_error":2777067.592502284},"slope":null,"std_dev":{"confidence_interval":{"confidence_level":0.95,"lower_bound":3465220.114975047,"upper_bound":11070863.330895768},"point_estimate":8099218.406774892,"standard_error":2081876.7130950226}}