{"mean":{"confidence_interval":{"confidence_level":0.95,"lower_bound":370537595.02250004,"upper_bound":373684070.44874996},"point_estimate":371968384.3,"standard_error":811150.4107680155},"median":{"confidence_interval":{"confidence_level":0.95,"lower_bound":369986360.0,"upper_bound":373680441.25},"point_estimate":371088327.75,"standard_error":840871.0532008515},"median_abs_dev":{"confidence_interval":{"confidence_level":0.95,"lower_bound":435643.46976578236,"upper_bound":4132227.775338292},"point_estimate":1881695.8714932203,"standard_error":919233.3776692485},"slope":null,"std_dev":{"confidence_interval":{"confidence_level":0.95,"lower_bound":912390.3257880444,"upper_bound":3538002.6260648686},"point_estimate":2700948.6907727565,"standard_error":685116.5836432775}}