{"mean":{"confidence_interval":{"confidence_level":0.95,"lower_bound":1016344750.105,"upper_bound":1018218571.1},"point_estimate":1017372921.0,"standard_error":481181.90565080714},"median":{"confidence_interval":{"confidence_level":0.95,"lower_bound":1016858728.0,"upper_bound":1018776829.0},"point_estimate":1017346328.0,"standard_error":482425.83782843826},"median_abs_dev":{"confidence_interval":{"confidence_level":0.95,"lower_bound":151892.36730337143,"upper_bound":2431625.5602300167},"point_estimate":777820.8719909191,"standard_error":570726.7184522502},"slope":null,"std_dev":{"confidence_interval":{"confidence_level":0.95,"lower_bound":652681.1081531402,"upper_bound":2262741.0370744695},"point_estimate":1599408.1913073,"standard_error":475705.2701879148}}