{"mean":{"confidence_interval":{"confidence_level":0.95,"lower_bound":404381230.05,"upper_bound":406594082.4},"point_estimate":405535932.5,"standard_error":568397.6608103096},"median":{"confidence_interval":{"confidence_level":0.95,"lower_bound":404197415.5,"upper_bound":406877340.5},"point_estimate":405736353.0,"standard_error":714721.539779923},"median_abs_dev":{"confidence_interval":{"confidence_level":0.95,"lower_bound":384374.4213759899,"upper_bound":3160699.657036364},"point_estimate":1499804.4344231486,"standard_error":733292.6180960172},"slope":null,"std_dev":{"confidence_interval":{"confidence_level":0.95,"lower_bound":909575.3935992691,"upper_bound":2450901.002170904},"point_estimate":1886686.1927516663,"standard_error":397458.7378433473}}