{"mean":{"confidence_interval":{"confidence_level":0.95,"lower_bound":172660256.2116667,"upper_bound":173606749.30749997},"point_estimate":173041915.92654762,"standard_error":255991.39921276554},"median":{"confidence_interval":{"confidence_level":0.95,"lower_bound":172602721.33333334,"upper_bound":173142500.1041667},"point_estimate":172733924.76190478,"standard_error":148783.82555761078},"median_abs_dev":{"confidence_interval":{"confidence_level":0.95,"lower_bound":60503.99065582766,"upper_bound":699130.4266754464},"point_estimate":233628.30770977284,"standard_error":175465.91962069683},"slope":{"confidence_interval":{"confidence_level":0.95,"lower_bound":172682200.8031189,"upper_bound":172861773.63142857},"point_estimate":172750850.95064935,"standard_error":46047.25628739676},"std_dev":{"confidence_interval":{"confidence_level":0.95,"lower_bound":153286.62024164601,"upper_bound":1282069.6134488229},"point_estimate":853053.8684324053,"standard_error":355685.2013010821}}