{"mean":{"confidence_interval":{"confidence_level":0.95,"lower_bound":394572221.1,"upper_bound":395563604.45},"point_estimate":395023727.6,"standard_error":256468.1503419926},"median":{"confidence_interval":{"confidence_level":0.95,"lower_bound":394328624.0,"upper_bound":395493909.5},"point_estimate":394892086.75,"standard_error":315387.7527412818},"median_abs_dev":{"confidence_interval":{"confidence_level":0.95,"lower_bound":170566.08462184668,"upper_bound":1341497.2276836634},"point_estimate":778719.3275749683,"standard_error":282828.0161132481},"slope":null,"std_dev":{"confidence_interval":{"confidence_level":0.95,"lower_bound":387962.2526010834,"upper_bound":1172894.800781834},"point_estimate":851988.2213642588,"standard_error":228930.70681823348}}