{"mean":{"confidence_interval":{"confidence_level":0.95,"lower_bound":0.017183697727608638,"upper_bound":0.02049324730304765},"point_estimate":0.0187961115303672,"standard_error":0.0008478127710153917},"median":{"confidence_interval":{"confidence_level":0.95,"lower_bound":0.016266349089756327,"upper_bound":0.021439248463551497},"point_estimate":0.018110144369274828,"standard_error":0.0012995870208795982}}