{"mean":{"confidence_interval":{"confidence_level":0.95,"lower_bound":-0.06909115434027434,"upper_bound":-0.06164302491224182},"point_estimate":-0.06554307526558867,"standard_error":0.0019095365254441594},"median":{"confidence_interval":{"confidence_level":0.95,"lower_bound":-0.07056850397899672,"upper_bound":-0.06244607579315553},"point_estimate":-0.06804209053282995,"standard_error":0.002311069454353326}}