{"mean":{"confidence_interval":{"confidence_level":0.95,"lower_bound":-0.021173969378720296,"upper_bound":-0.013580449862801457},"point_estimate":-0.01707823515782847,"standard_error":0.0019330725623728337},"median":{"confidence_interval":{"confidence_level":0.95,"lower_bound":-0.018482736987471715,"upper_bound":-0.014652268612755814},"point_estimate":-0.01664897442211588,"standard_error":0.0010108831492817096}}