{"mean":{"confidence_interval":{"confidence_level":0.95,"lower_bound":0.018279186103144926,"upper_bound":0.02908599700878227},"point_estimate":0.02347961629019335,"standard_error":0.002774373807672757},"median":{"confidence_interval":{"confidence_level":0.95,"lower_bound":0.016975189125538526,"upper_bound":0.027404890556662176},"point_estimate":0.020952422197832332,"standard_error":0.0027416087078336003}}