{"mean":{"confidence_interval":{"confidence_level":0.95,"lower_bound":-0.025477506963711205,"upper_bound":-0.019463802892183153},"point_estimate":-0.022902568615498886,"standard_error":0.0015590676411163522},"median":{"confidence_interval":{"confidence_level":0.95,"lower_bound":-0.026226911161454702,"upper_bound":-0.021772598320201397},"point_estimate":-0.025270524624960045,"standard_error":0.0011131645759552727}}