{"mean":{"confidence_interval":{"confidence_level":0.95,"lower_bound":674870055.1,"upper_bound":678009382.1450001},"point_estimate":676251427.9,"standard_error":811070.3677834462},"median":{"confidence_interval":{"confidence_level":0.95,"lower_bound":674285244.0,"upper_bound":676895748.5},"point_estimate":676296988.0,"standard_error":768339.8817641173},"median_abs_dev":{"confidence_interval":{"confidence_level":0.95,"lower_bound":258168.09861660004,"upper_bound":3541343.4862285852},"point_estimate":1942722.6516097784,"standard_error":836814.8611622109},"slope":null,"std_dev":{"confidence_interval":{"confidence_level":0.95,"lower_bound":1014146.9501318227,"upper_bound":3891970.9324081675},"point_estimate":2707560.915839217,"standard_error":876071.1977007153}}