{"mean":{"confidence_interval":{"confidence_level":0.95,"lower_bound":790699360.0975,"upper_bound":795362268.1850001},"point_estimate":793085482.1,"standard_error":1197494.2332932327},"median":{"confidence_interval":{"confidence_level":0.95,"lower_bound":789040969.5,"upper_bound":796582934.5},"point_estimate":794629602.5,"standard_error":2157187.861304296},"median_abs_dev":{"confidence_interval":{"confidence_level":0.95,"lower_bound":540663.4389013052,"upper_bound":6296132.845321298},"point_estimate":4713455.89081943,"standard_error":1538959.1174464787},"slope":null,"std_dev":{"confidence_interval":{"confidence_level":0.95,"lower_bound":2505378.990306328,"upper_bound":4645308.783980244},"point_estimate":3986860.9509688322,"standard_error":541214.6873085073}}