{"mean":{"confidence_interval":{"confidence_level":0.95,"lower_bound":357328004.21125,"upper_bound":360648581.4},"point_estimate":358890866.75,"standard_error":850142.5270745672},"median":{"confidence_interval":{"confidence_level":0.95,"lower_bound":356915223.25,"upper_bound":360945832.25},"point_estimate":358493682.25,"standard_error":831180.6824477353},"median_abs_dev":{"confidence_interval":{"confidence_level":0.95,"lower_bound":501012.785205245,"upper_bound":4987287.658157945},"point_estimate":1764183.8856294751,"standard_error":1155027.9724358092},"slope":null,"std_dev":{"confidence_interval":{"confidence_level":0.95,"lower_bound":1197587.5624116221,"upper_bound":3650525.6876413147},"point_estimate":2825516.116209718,"standard_error":637012.1133307765}}