{"mean":{"confidence_interval":{"confidence_level":0.95,"lower_bound":603467473.6,"upper_bound":612970448.4},"point_estimate":607381455.0,"standard_error":2516379.5921566617},"median":{"confidence_interval":{"confidence_level":0.95,"lower_bound":602379526.0,"upper_bound":609696842.0},"point_estimate":604381100.0,"standard_error":1559747.2223934215},"median_abs_dev":{"confidence_interval":{"confidence_level":0.95,"lower_bound":408507.44244754314,"upper_bound":7502499.239704013},"point_estimate":3169618.607828021,"standard_error":1932963.7794257798},"slope":null,"std_dev":{"confidence_interval":{"confidence_level":0.95,"lower_bound":1388780.9696300365,"upper_bound":12298484.78756161},"point_estimate":8405678.29202079,"standard_error":3217621.8036064724}}