{"mean":{"confidence_interval":{"confidence_level":0.95,"lower_bound":-0.009398190242732191,"upper_bound":-0.0058672236277670905},"point_estimate":-0.007620891992956791,"standard_error":0.0009048479753018421},"median":{"confidence_interval":{"confidence_level":0.95,"lower_bound":-0.009389013972913585,"upper_bound":-0.00554571028443851},"point_estimate":-0.008366938664191137,"standard_error":0.0010549840215954734}}