{"mean":{"confidence_interval":{"confidence_level":0.95,"lower_bound":-0.016157021219836115,"upper_bound":0.0005108169328790163},"point_estimate":-0.010000945288488827,"standard_error":0.004518112667762576},"median":{"confidence_interval":{"confidence_level":0.95,"lower_bound":-0.017758417977120744,"upper_bound":-0.009586865968758462},"point_estimate":-0.014582167554217484,"standard_error":0.0030434823430691696}}