{"mean":{"confidence_interval":{"confidence_level":0.95,"lower_bound":0.00013879750357347347,"upper_bound":0.003370007719450783},"point_estimate":0.0017889394899082145,"standard_error":0.0008258689065521511},"median":{"confidence_interval":{"confidence_level":0.95,"lower_bound":0.00015452364923285167,"upper_bound":0.00406898039095327},"point_estimate":0.0026022379155425934,"standard_error":0.0009739427244870311}}