{"mean":{"confidence_interval":{"confidence_level":0.95,"lower_bound":-0.001748206617178667,"upper_bound":0.008125876334888909},"point_estimate":0.0037699350517337304,"standard_error":0.0025711661543299956},"median":{"confidence_interval":{"confidence_level":0.95,"lower_bound":0.0019986438352670444,"upper_bound":0.008824150763317176},"point_estimate":0.007087660349903935,"standard_error":0.0017751746901838944}}