{"mean":{"confidence_interval":{"confidence_level":0.95,"lower_bound":0.011682786617731906,"upper_bound":0.032069597201183624},"point_estimate":0.02328342686092233,"standard_error":0.005346843069093706},"median":{"confidence_interval":{"confidence_level":0.95,"lower_bound":0.01730644047837293,"upper_bound":0.03265964324464177},"point_estimate":0.02803810936494666,"standard_error":0.003261632017290165}}