{"mean":{"confidence_interval":{"confidence_level":0.95,"lower_bound":603872086.4,"upper_bound":605981197.2},"point_estimate":604879727.0,"standard_error":540903.8484491527},"median":{"confidence_interval":{"confidence_level":0.95,"lower_bound":603486719.5,"upper_bound":606210137.5},"point_estimate":604569797.5,"standard_error":746140.4049404588},"median_abs_dev":{"confidence_interval":{"confidence_level":0.95,"lower_bound":238807.56686031818,"upper_bound":2999459.8675489426},"point_estimate":1635213.625869155,"standard_error":698127.0590029759},"slope":null,"std_dev":{"confidence_interval":{"confidence_level":0.95,"lower_bound":926268.5815404102,"upper_bound":2277984.950917929},"point_estimate":1805300.6693506148,"standard_error":344168.5228416286}}