{"mean":{"confidence_interval":{"confidence_level":0.95,"lower_bound":-0.05779411148399433,"upper_bound":-0.04566887006600617},"point_estimate":-0.052040625486417524,"standard_error":0.003092754915844931},"median":{"confidence_interval":{"confidence_level":0.95,"lower_bound":-0.06054277754078743,"upper_bound":-0.046230050741884576},"point_estimate":-0.052960543407167826,"standard_error":0.0035152459403596}}