{"mean":{"confidence_interval":{"confidence_level":0.95,"lower_bound":-0.0401504220333227,"upper_bound":-0.023648659937104303},"point_estimate":-0.0310316301667638,"standard_error":0.004260105083102537},"median":{"confidence_interval":{"confidence_level":0.95,"lower_bound":-0.033465132764102457,"upper_bound":-0.021565687613868234},"point_estimate":-0.02497649372974231,"standard_error":0.0031970092418446877}}