{"mean":{"confidence_interval":{"confidence_level":0.95,"lower_bound":0.0223564011491188,"upper_bound":0.03873186929317987},"point_estimate":0.02913707338754956,"standard_error":0.004190906903469476},"median":{"confidence_interval":{"confidence_level":0.95,"lower_bound":0.021846493408321344,"upper_bound":0.03315912786505404},"point_estimate":0.02809096882920925,"standard_error":0.0031802845177899487}}