{"mean":{"confidence_interval":{"confidence_level":0.95,"lower_bound":-0.024066809919271463,"upper_bound":-0.014469332501924856},"point_estimate":-0.018993270749699587,"standard_error":0.0024601226972252787},"median":{"confidence_interval":{"confidence_level":0.95,"lower_bound":-0.02362624249701195,"upper_bound":-0.013590039380475316},"point_estimate":-0.016937171326099065,"standard_error":0.0024969860047186604}}