{"mean":{"confidence_interval":{"confidence_level":0.95,"lower_bound":-0.021532420046204707,"upper_bound":-0.009886524647081209},"point_estimate":-0.015235500638315802,"standard_error":0.0029922920193208996},"median":{"confidence_interval":{"confidence_level":0.95,"lower_bound":-0.01912024698115322,"upper_bound":-0.009016244599748258},"point_estimate":-0.012337101855934618,"standard_error":0.0025794914327910245}}