{"mean":{"confidence_interval":{"confidence_level":0.95,"lower_bound":1173172617.6000001,"upper_bound":1191494255.6299999},"point_estimate":1181742077.8,"standard_error":4697136.50939326},"median":{"confidence_interval":{"confidence_level":0.95,"lower_bound":1168169098.0,"upper_bound":1189066835.0},"point_estimate":1182571689.0,"standard_error":6100843.973390323},"median_abs_dev":{"confidence_interval":{"confidence_level":0.95,"lower_bound":2031949.965825677,"upper_bound":27522502.583777905},"point_estimate":14369522.772189975,"standard_error":5986714.322563134},"slope":null,"std_dev":{"confidence_interval":{"confidence_level":0.95,"lower_bound":7892967.462415017,"upper_bound":21210119.64275656},"point_estimate":15646467.315246146,"standard_error":3797721.684651915}}