{"mean":{"confidence_interval":{"confidence_level":0.95,"lower_bound":-0.029513941825701318,"upper_bound":-0.02590750345509214},"point_estimate":-0.027765389601931756,"standard_error":0.0009292043975915652},"median":{"confidence_interval":{"confidence_level":0.95,"lower_bound":-0.029852123292283483,"upper_bound":-0.02541087165956002},"point_estimate":-0.027679979049279657,"standard_error":0.0011574569257552494}}