{"mean":{"confidence_interval":{"confidence_level":0.95,"lower_bound":0.02182824828102949,"upper_bound":0.02742047133848226},"point_estimate":0.024392364099279806,"standard_error":0.0014331421142119384},"median":{"confidence_interval":{"confidence_level":0.95,"lower_bound":0.020444745466243308,"upper_bound":0.028047733083038873},"point_estimate":0.022865560731141876,"standard_error":0.0021017213321298973}}