{"mean":{"confidence_interval":{"confidence_level":0.95,"lower_bound":0.02485674815659366,"upper_bound":0.03760460633233133},"point_estimate":0.030436995688423174,"standard_error":0.0032553449162955462},"median":{"confidence_interval":{"confidence_level":0.95,"lower_bound":0.022737069244621377,"upper_bound":0.03377538795538437},"point_estimate":0.028419866609245892,"standard_error":0.0026957302882897583}}