{"mean":{"confidence_interval":{"confidence_level":0.95,"lower_bound":-0.016786602877153972,"upper_bound":-0.004364211826344317},"point_estimate":-0.009279452286578893,"standard_error":0.003105484539608619},"median":{"confidence_interval":{"confidence_level":0.95,"lower_bound":-0.017071756754617362,"upper_bound":-0.0019320320950972913},"point_estimate":-0.009030856448726365,"standard_error":0.0035688898162026883}}