{"mean":{"confidence_interval":{"confidence_level":0.95,"lower_bound":665939291.005,"upper_bound":670272013.925},"point_estimate":668164485.6,"standard_error":1109509.1593423726},"median":{"confidence_interval":{"confidence_level":0.95,"lower_bound":666105710.5,"upper_bound":670968665.0},"point_estimate":668139567.5,"standard_error":1180908.0918944916},"median_abs_dev":{"confidence_interval":{"confidence_level":0.95,"lower_bound":378428.45418155193,"upper_bound":6161313.358014822},"point_estimate":3293755.2210241556,"standard_error":1522764.2992950473},"slope":null,"std_dev":{"confidence_interval":{"confidence_level":0.95,"lower_bound":1889163.2189827547,"upper_bound":4818815.132638382},"point_estimate":3695153.8931625686,"standard_error":768554.648081782}}