{"mean":{"confidence_interval":{"confidence_level":0.95,"lower_bound":-0.011789813724459601,"upper_bound":-0.0020123974473716774},"point_estimate":-0.006503874959742362,"standard_error":0.0025115309983221134},"median":{"confidence_interval":{"confidence_level":0.95,"lower_bound":-0.01113320936684159,"upper_bound":-0.0005718770379462557},"point_estimate":-0.005010351770612376,"standard_error":0.003109056380502364}}