{"mean":{"confidence_interval":{"confidence_level":0.95,"lower_bound":0.6721758521817358,"upper_bound":0.7050258693512733},"point_estimate":0.6885347144947145,"standard_error":0.008374977010091714},"median":{"confidence_interval":{"confidence_level":0.95,"lower_bound":0.6772162219567224,"upper_bound":0.7130395097354738},"point_estimate":0.6916014682103995,"standard_error":0.008951502279205511}}