{"mean":{"confidence_interval":{"confidence_level":0.95,"lower_bound":-0.02163234223036211,"upper_bound":-0.010643229437195841},"point_estimate":-0.017026797368854263,"standard_error":0.0027948624424916795},"median":{"confidence_interval":{"confidence_level":0.95,"lower_bound":-0.02240371916863404,"upper_bound":-0.015399342784170988},"point_estimate":-0.021076253711922788,"standard_error":0.0018591450521854038}}