{"mean":{"confidence_interval":{"confidence_level":0.95,"lower_bound":-0.0003398235691798085,"upper_bound":0.004674152588850425},"point_estimate":0.0021229405119109757,"standard_error":0.0012888706679416591},"median":{"confidence_interval":{"confidence_level":0.95,"lower_bound":-0.000721296647831271,"upper_bound":0.006287214885050352},"point_estimate":0.00016523130864509739,"standard_error":0.0017364798278667588}}