{"mean":{"confidence_interval":{"confidence_level":0.95,"lower_bound":-0.02485003051853329,"upper_bound":-0.017360852677687312},"point_estimate":-0.021434617240032927,"standard_error":0.0019450392158857342},"median":{"confidence_interval":{"confidence_level":0.95,"lower_bound":-0.026352304472945787,"upper_bound":-0.018029537525743433},"point_estimate":-0.02226485741737405,"standard_error":0.002495104057241937}}