{"mean":{"confidence_interval":{"confidence_level":0.95,"lower_bound":-0.001144321453419973,"upper_bound":0.007507156979584119},"point_estimate":0.0032170991254680814,"standard_error":0.0022155362455268555},"median":{"confidence_interval":{"confidence_level":0.95,"lower_bound":-0.001568265788327805,"upper_bound":0.007940566201959154},"point_estimate":0.005728234339433591,"standard_error":0.0023820261389333433}}