{"mean":{"confidence_interval":{"confidence_level":0.95,"lower_bound":409557442.95,"upper_bound":410885068.33},"point_estimate":410102400.25,"standard_error":355145.48362618964},"median":{"confidence_interval":{"confidence_level":0.95,"lower_bound":409559166.0,"upper_bound":410222008.0},"point_estimate":409786765.25,"standard_error":181167.31192613224},"median_abs_dev":{"confidence_interval":{"confidence_level":0.95,"lower_bound":99753.40337902308,"upper_bound":999222.7151602507},"point_estimate":340220.370259881,"standard_error":247881.9044710583},"slope":null,"std_dev":{"confidence_interval":{"confidence_level":0.95,"lower_bound":241019.0878640144,"upper_bound":1787317.9301924629},"point_estimate":1189514.5824254495,"standard_error":493716.6188288564}}