{"mean":{"confidence_interval":{"confidence_level":0.95,"lower_bound":1070674935.6475,"upper_bound":1073805721.3},"point_estimate":1072238203.6,"standard_error":796830.6233558392},"median":{"confidence_interval":{"confidence_level":0.95,"lower_bound":1070402837.0,"upper_bound":1073365187.5},"point_estimate":1073056099.0,"standard_error":901983.1091394746},"median_abs_dev":{"confidence_interval":{"confidence_level":0.95,"lower_bound":140282.86820948124,"upper_bound":4608333.622285724},"point_estimate":1738470.042335987,"standard_error":1270344.169271362},"slope":null,"std_dev":{"confidence_interval":{"confidence_level":0.95,"lower_bound":1202056.3539648585,"upper_bound":3562972.3508504587},"point_estimate":2651277.0894127064,"standard_error":609815.5905305793}}