{"mean":{"confidence_interval":{"confidence_level":0.95,"lower_bound":513848907.13,"upper_bound":517933730.7775},"point_estimate":515932746.4,"standard_error":1041219.7313437383},"median":{"confidence_interval":{"confidence_level":0.95,"lower_bound":513624440.5,"upper_bound":518482015.0},"point_estimate":515867091.5,"standard_error":1438763.1879379936},"median_abs_dev":{"confidence_interval":{"confidence_level":0.95,"lower_bound":405130.82100749016,"upper_bound":6114696.708342433},"point_estimate":3256980.069977045,"standard_error":1342994.4475766427},"slope":null,"std_dev":{"confidence_interval":{"confidence_level":0.95,"lower_bound":1896979.8683920987,"upper_bound":4519489.180755407},"point_estimate":3484448.429839624,"standard_error":683638.8345914639}}