{"mean":{"confidence_interval":{"confidence_level":0.95,"lower_bound":-0.05288070637971782,"upper_bound":-0.048469252666388664},"point_estimate":-0.05049978844142278,"standard_error":0.0011344330317660718},"median":{"confidence_interval":{"confidence_level":0.95,"lower_bound":-0.052591196905655724,"upper_bound":-0.0479973026291074},"point_estimate":-0.050406115052796796,"standard_error":0.0010852472754363453}}