{"mean":{"confidence_interval":{"confidence_level":0.95,"lower_bound":-0.0029839648960502912,"upper_bound":0.01025809247853841},"point_estimate":0.0021480545474805712,"standard_error":0.0035160915345420324},"median":{"confidence_interval":{"confidence_level":0.95,"lower_bound":-0.003990359569003288,"upper_bound":0.0009826644615551494},"point_estimate":-0.0017838722629148762,"standard_error":0.0012715803273192618}}