{"mean":{"confidence_interval":{"confidence_level":0.95,"lower_bound":1257168403.7,"upper_bound":1262193757.3225},"point_estimate":1259166379.5,"standard_error":1359380.3747891963},"median":{"confidence_interval":{"confidence_level":0.95,"lower_bound":1257262485.5,"upper_bound":1259246469.5},"point_estimate":1257852714.5,"standard_error":636429.7242985481},"median_abs_dev":{"confidence_interval":{"confidence_level":0.95,"lower_bound":204690.71756601334,"upper_bound":3084988.094830513},"point_estimate":1536504.343521595,"standard_error":773127.1419211135},"slope":null,"std_dev":{"confidence_interval":{"confidence_level":0.95,"lower_bound":780514.4735291151,"upper_bound":6885714.9624837665},"point_estimate":4542274.925673019,"standard_error":2003134.0390533279}}