{"mean":{"confidence_interval":{"confidence_level":0.95,"lower_bound":683803453.2,"upper_bound":685600019.0},"point_estimate":684685916.8,"standard_error":459194.85266997776},"median":{"confidence_interval":{"confidence_level":0.95,"lower_bound":683601637.0,"upper_bound":685499455.0},"point_estimate":684859762.0,"standard_error":502500.11502948136},"median_abs_dev":{"confidence_interval":{"confidence_level":0.95,"lower_bound":208443.91939938068,"upper_bound":2779576.206752658},"point_estimate":969352.0321905613,"standard_error":637681.1884456616},"slope":null,"std_dev":{"confidence_interval":{"confidence_level":0.95,"lower_bound":719356.7723147615,"upper_bound":2068571.7087042907},"point_estimate":1538330.9267830076,"standard_error":345016.54311400646}}