{"mean":{"confidence_interval":{"confidence_level":0.95,"lower_bound":356976559.52125,"upper_bound":359890451.62125},"point_estimate":358123191.2,"standard_error":796555.7535324253},"median":{"confidence_interval":{"confidence_level":0.95,"lower_bound":356734727.5,"upper_bound":358172807.0},"point_estimate":357425716.25,"standard_error":479160.6199756101},"median_abs_dev":{"confidence_interval":{"confidence_level":0.95,"lower_bound":242181.96440041065,"upper_bound":1903097.5727632642},"point_estimate":1041304.0915131569,"standard_error":437576.43637063965},"slope":null,"std_dev":{"confidence_interval":{"confidence_level":0.95,"lower_bound":552550.235783177,"upper_bound":4039826.3640314816},"point_estimate":2656577.479188257,"standard_error":1175824.5028832126}}