{"mean":{"confidence_interval":{"confidence_level":0.95,"lower_bound":0.018454249225286122,"upper_bound":0.023822479173978686},"point_estimate":0.021073705119035724,"standard_error":0.0013662178439577779},"median":{"confidence_interval":{"confidence_level":0.95,"lower_bound":0.018209101898592817,"upper_bound":0.023516640988361814},"point_estimate":0.021227637999166937,"standard_error":0.0014254168504105262}}