{"mean":{"confidence_interval":{"confidence_level":0.95,"lower_bound":231609518.57249996,"upper_bound":232107255.36666664},"point_estimate":231849024.73333335,"standard_error":128035.20281935824},"median":{"confidence_interval":{"confidence_level":0.95,"lower_bound":231494692.83333334,"upper_bound":232133218.0},"point_estimate":231793410.6666667,"standard_error":153489.6265366554},"median_abs_dev":{"confidence_interval":{"confidence_level":0.95,"lower_bound":65058.216544993134,"upper_bound":728071.735674128},"point_estimate":377361.22930050635,"standard_error":175495.17386889816},"slope":null,"std_dev":{"confidence_interval":{"confidence_level":0.95,"lower_bound":220000.9330969682,"upper_bound":542427.4401950865},"point_estimate":426556.14752002835,"standard_error":82267.7083758557}}