{"mean":{"confidence_interval":{"confidence_level":0.95,"lower_bound":-0.017371406653416993,"upper_bound":-0.006605087321874973},"point_estimate":-0.012570873111081626,"standard_error":0.0028421228095207546},"median":{"confidence_interval":{"confidence_level":0.95,"lower_bound":-0.018896745914230184,"upper_bound":-0.010339409181465697},"point_estimate":-0.014691076349171772,"standard_error":0.002223299118878442}}