{"mean":{"confidence_interval":{"confidence_level":0.95,"lower_bound":0.45432614264447896,"upper_bound":0.6445809590576034},"point_estimate":0.55978233559912,"standard_error":0.04706381483899157},"median":{"confidence_interval":{"confidence_level":0.95,"lower_bound":0.4928995244824428,"upper_bound":0.6745982594323849},"point_estimate":0.597618056002563,"standard_error":0.035544460826793654}}