{"mean":{"confidence_interval":{"confidence_level":0.95,"lower_bound":494066683.75,"upper_bound":495507793.6},"point_estimate":494852049.9,"standard_error":369003.2771724413},"median":{"confidence_interval":{"confidence_level":0.95,"lower_bound":494355088.5,"upper_bound":495589471.5},"point_estimate":494910851.0,"standard_error":320956.7473917542},"median_abs_dev":{"confidence_interval":{"confidence_level":0.95,"lower_bound":94494.99192237854,"upper_bound":1702009.9437832832},"point_estimate":915048.1016546488,"standard_error":382486.99023969646},"slope":null,"std_dev":{"confidence_interval":{"confidence_level":0.95,"lower_bound":445751.34054261184,"upper_bound":1749195.856575653},"point_estimate":1234306.4657265095,"standard_error":367948.16350799473}}