{"mean":{"confidence_interval":{"confidence_level":0.95,"lower_bound":-0.0335343431058733,"upper_bound":-0.02459849669701104},"point_estimate":-0.028690431499621694,"standard_error":0.0022840475232967475},"median":{"confidence_interval":{"confidence_level":0.95,"lower_bound":-0.03159074335501444,"upper_bound":-0.024369302136473148},"point_estimate":-0.028826416009467337,"standard_error":0.0018107050887178954}}