{"mean":{"confidence_interval":{"confidence_level":0.95,"lower_bound":0.030204315014101146,"upper_bound":0.03415715137571396},"point_estimate":0.03220473280492708,"standard_error":0.0010127272865923073},"median":{"confidence_interval":{"confidence_level":0.95,"lower_bound":0.029398910484541352,"upper_bound":0.034978143118050475},"point_estimate":0.032750048708268586,"standard_error":0.0014029550682062625}}