{"mean":{"confidence_interval":{"confidence_level":0.95,"lower_bound":0.04192283079753533,"upper_bound":0.04578671660242299},"point_estimate":0.043874838896040824,"standard_error":0.000992427656118309},"median":{"confidence_interval":{"confidence_level":0.95,"lower_bound":0.04138328636802657,"upper_bound":0.04670168492920057},"point_estimate":0.04422298624435572,"standard_error":0.001368533754115074}}