{"mean":{"confidence_interval":{"confidence_level":0.95,"lower_bound":1.0479247761979027,"upper_bound":1.0849279741393576},"point_estimate":1.066289453925719,"standard_error":0.009545444539030752},"median":{"confidence_interval":{"confidence_level":0.95,"lower_bound":1.040355301900564,"upper_bound":1.0995589028614514},"point_estimate":1.0700943174920527,"standard_error":0.012736332342182119}}