{"mean":{"confidence_interval":{"confidence_level":0.95,"lower_bound":523700383.87,"upper_bound":524955928.1},"point_estimate":524322164.0,"standard_error":321654.9857906953},"median":{"confidence_interval":{"confidence_level":0.95,"lower_bound":523388947.0,"upper_bound":525197292.0},"point_estimate":524151283.0,"standard_error":455189.6947522236},"median_abs_dev":{"confidence_interval":{"confidence_level":0.95,"lower_bound":181329.3897807598,"upper_bound":1826426.768374443},"point_estimate":1321149.2843449116,"standard_error":445999.1027629459},"slope":null,"std_dev":{"confidence_interval":{"confidence_level":0.95,"lower_bound":621049.4519503168,"upper_bound":1331351.411632397},"point_estimate":1068451.7130880968,"standard_error":181013.96323600123}}