{"mean":{"confidence_interval":{"confidence_level":0.95,"lower_bound":541844737.2874999,"upper_bound":546942796.6724999},"point_estimate":544463236.4,"standard_error":1308788.2519780505},"median":{"confidence_interval":{"confidence_level":0.95,"lower_bound":540693758.0,"upper_bound":548272596.5},"point_estimate":545558901.5,"standard_error":2365707.799284379},"median_abs_dev":{"confidence_interval":{"confidence_level":0.95,"lower_bound":748844.9381053448,"upper_bound":6854894.382101297},"point_estimate":5479576.083818078,"standard_error":1684584.6735952985},"slope":null,"std_dev":{"confidence_interval":{"confidence_level":0.95,"lower_bound":2651454.3185741166,"upper_bound":5263779.928189149},"point_estimate":4355979.604406471,"standard_error":669895.8552407172}}