{"mean":{"confidence_interval":{"confidence_level":0.95,"lower_bound":223497263.1,"upper_bound":224236433.8},"point_estimate":223865209.7,"standard_error":189105.23279728048},"median":{"confidence_interval":{"confidence_level":0.95,"lower_bound":223180744.66666666,"upper_bound":224433598.66666666},"point_estimate":223847702.83333334,"standard_error":293430.9434539704},"median_abs_dev":{"confidence_interval":{"confidence_level":0.95,"lower_bound":100144.43912203662,"upper_bound":1117970.8187520504},"point_estimate":928740.6537115574,"standard_error":268760.9991290622},"slope":null,"std_dev":{"confidence_interval":{"confidence_level":0.95,"lower_bound":384470.3526734375,"upper_bound":753844.6398030268},"point_estimate":631317.7750532884,"standard_error":93388.32923035372}}