{"mean":{"confidence_interval":{"confidence_level":0.95,"lower_bound":864064990.9725,"upper_bound":870157268.1475},"point_estimate":867093616.4,"standard_error":1562272.501648474},"median":{"confidence_interval":{"confidence_level":0.95,"lower_bound":862824744.5,"upper_bound":872903436.0},"point_estimate":866227341.5,"standard_error":2346140.5053722947},"median_abs_dev":{"confidence_interval":{"confidence_level":0.95,"lower_bound":554138.7900620699,"upper_bound":9246468.245342374},"point_estimate":5601622.231051326,"standard_error":2223397.973995444},"slope":null,"std_dev":{"confidence_interval":{"confidence_level":0.95,"lower_bound":3152875.800081219,"upper_bound":6354902.2108104015},"point_estimate":5220489.805255,"standard_error":821083.6789607579}}