{"mean":{"confidence_interval":{"confidence_level":0.95,"lower_bound":201401823.32666668,"upper_bound":201745544.6175},"point_estimate":201577330.46666664,"standard_error":88370.9166170564},"median":{"confidence_interval":{"confidence_level":0.95,"lower_bound":201359554.3333333,"upper_bound":201862190.5},"point_estimate":201562440.0,"standard_error":140563.6470937332},"median_abs_dev":{"confidence_interval":{"confidence_level":0.95,"lower_bound":88702.96802522225,"upper_bound":517049.8220205454},"point_estimate":354601.34290458245,"standard_error":111629.9251744436},"slope":null,"std_dev":{"confidence_interval":{"confidence_level":0.95,"lower_bound":178906.46597263645,"upper_bound":365759.2350189039},"point_estimate":294745.49386657367,"standard_error":48865.99265290436}}