{"mean":{"confidence_interval":{"confidence_level":0.95,"lower_bound":0.029875549046161427,"upper_bound":0.0332671875694516},"point_estimate":0.03159460970599848,"standard_error":0.0008654381124072541},"median":{"confidence_interval":{"confidence_level":0.95,"lower_bound":0.028987355587172692,"upper_bound":0.03487535504471473},"point_estimate":0.032576600968622804,"standard_error":0.001557808775607003}}