{"mean":{"confidence_interval":{"confidence_level":0.95,"lower_bound":767995977.6899999,"upper_bound":778389497.96},"point_estimate":773372834.3,"standard_error":2673434.9761571097},"median":{"confidence_interval":{"confidence_level":0.95,"lower_bound":763203236.0,"upper_bound":781497145.0},"point_estimate":774499740.0,"standard_error":4329750.525812786},"median_abs_dev":{"confidence_interval":{"confidence_level":0.95,"lower_bound":1197512.3073399067,"upper_bound":13982974.117952585},"point_estimate":10972406.611400843,"standard_error":3835099.1229138887},"slope":null,"std_dev":{"confidence_interval":{"confidence_level":0.95,"lower_bound":4344095.803027623,"upper_bound":10520292.457896726},"point_estimate":8889341.498040825,"standard_error":1405216.997802697}}