{"mean":{"confidence_interval":{"confidence_level":0.95,"lower_bound":750229006.2,"upper_bound":1050605421.1224998},"point_estimate":892260554.9,"standard_error":77399201.89195761},"median":{"confidence_interval":{"confidence_level":0.95,"lower_bound":695192573.0,"upper_bound":1153447904.0},"point_estimate":719585319.5,"standard_error":144351965.83148405},"median_abs_dev":{"confidence_interval":{"confidence_level":0.95,"lower_bound":10614468.430155516,"upper_bound":402324118.4103191},"point_estimate":51745252.08833814,"standard_error":127793879.18591821},"slope":null,"std_dev":{"confidence_interval":{"confidence_level":0.95,"lower_bound":141350705.6458191,"upper_bound":294807113.73516685},"point_estimate":257512238.35628846,"standard_error":41452521.22652083}}