{"mean":{"confidence_interval":{"confidence_level":0.95,"lower_bound":731730735.3075,"upper_bound":740997659.5},"point_estimate":736366299.4,"standard_error":2374961.043019058},"median":{"confidence_interval":{"confidence_level":0.95,"lower_bound":729511343.5,"upper_bound":744167133.0},"point_estimate":735986105.0,"standard_error":4135414.9149006675},"median_abs_dev":{"confidence_interval":{"confidence_level":0.95,"lower_bound":1929471.1730450392,"upper_bound":13680688.291919231},"point_estimate":10352123.106113076,"standard_error":2949744.7002843604},"slope":null,"std_dev":{"confidence_interval":{"confidence_level":0.95,"lower_bound":5079900.353740805,"upper_bound":9328123.177537724},"point_estimate":7917382.415167868,"standard_error":1082985.942905329}}