{"mean":{"confidence_interval":{"confidence_level":0.95,"lower_bound":0.02771195459101432,"upper_bound":0.03795697157827504},"point_estimate":0.032824479494619085,"standard_error":0.002615551017879732},"median":{"confidence_interval":{"confidence_level":0.95,"lower_bound":0.026029114987108137,"upper_bound":0.039419125714668546},"point_estimate":0.0348830210392197,"standard_error":0.0032123880622553103}}