{"mean":{"confidence_interval":{"confidence_level":0.95,"lower_bound":-0.011246239586180217,"upper_bound":0.003932080416029972},"point_estimate":-0.0036888003443885653,"standard_error":0.0038562053352913946},"median":{"confidence_interval":{"confidence_level":0.95,"lower_bound":-0.015105979951203219,"upper_bound":0.00839992637499809},"point_estimate":-0.005720916735847292,"standard_error":0.006314026870154109}}