{"mean":{"confidence_interval":{"confidence_level":0.95,"lower_bound":0.02851536224375041,"upper_bound":0.06589321693186159},"point_estimate":0.046449461911669765,"standard_error":0.010018016401074994},"median":{"confidence_interval":{"confidence_level":0.95,"lower_bound":0.025806891431255474,"upper_bound":0.06747161115224176},"point_estimate":0.036858018630156586,"standard_error":0.010172350282197125}}