{"mean":{"confidence_interval":{"confidence_level":0.95,"lower_bound":-0.06982943892657563,"upper_bound":0.017043725389712373},"point_estimate":-0.015607444328251674,"standard_error":0.025726166155577823},"median":{"confidence_interval":{"confidence_level":0.95,"lower_bound":0.0035417532457808765,"upper_bound":0.012555500870451208},"point_estimate":0.010954192383942907,"standard_error":0.005704218640637448}}