{"mean":{"confidence_interval":{"confidence_level":0.95,"lower_bound":1408861545.9,"upper_bound":1416731687.4},"point_estimate":1411831278.2,"standard_error":2229819.5645705834},"median":{"confidence_interval":{"confidence_level":0.95,"lower_bound":1408521850.0,"upper_bound":1411407782.5},"point_estimate":1409669445.0,"standard_error":872716.5604717133},"median_abs_dev":{"confidence_interval":{"confidence_level":0.95,"lower_bound":118197.31770157814,"upper_bound":3569867.9684221745},"point_estimate":1356805.8137118816,"standard_error":1039882.7025028229},"slope":null,"std_dev":{"confidence_interval":{"confidence_level":0.95,"lower_bound":845032.2810529802,"upper_bound":11420762.551943732},"point_estimate":7456745.7760588955,"standard_error":3618030.309206142}}