{"mean":{"confidence_interval":{"confidence_level":0.95,"lower_bound":-0.18668884061672403,"upper_bound":-0.03652342562540954},"point_estimate":-0.11372592391568026,"standard_error":0.037742240099687796},"median":{"confidence_interval":{"confidence_level":0.95,"lower_bound":-0.23717231544549278,"upper_bound":-0.017622430254075283},"point_estimate":-0.031087682651968374,"standard_error":0.05851683814776062}}