{"mean":{"confidence_interval":{"confidence_level":0.95,"lower_bound":0.47859638370860175,"upper_bound":0.8852675463498807},"point_estimate":0.7043675096740605,"standard_error":0.1066067257749742},"median":{"confidence_interval":{"confidence_level":0.95,"lower_bound":0.2911722631709126,"upper_bound":0.938143652478491},"point_estimate":0.9122840001074373,"standard_error":0.16696285099673974}}