{"mean":{"confidence_interval":{"confidence_level":0.95,"lower_bound":-0.044053743685970426,"upper_bound":-0.03181600011331993},"point_estimate":-0.038031771120340396,"standard_error":0.0031466990732559774},"median":{"confidence_interval":{"confidence_level":0.95,"lower_bound":-0.047284820097027835,"upper_bound":-0.026204786110605394},"point_estimate":-0.03976188722373497,"standard_error":0.005411120767866077}}