{"mean":{"confidence_interval":{"confidence_level":0.95,"lower_bound":-0.0325587255307709,"upper_bound":-0.021099887239632416},"point_estimate":-0.02663290373786975,"standard_error":0.002926275506354801},"median":{"confidence_interval":{"confidence_level":0.95,"lower_bound":-0.028802881420007642,"upper_bound":-0.02310327393612277},"point_estimate":-0.025500043993933907,"standard_error":0.00173292405707279}}