{"mean":{"confidence_interval":{"confidence_level":0.95,"lower_bound":904359635.6925,"upper_bound":935174540.2},"point_estimate":915718089.1,"standard_error":8872159.818997275},"median":{"confidence_interval":{"confidence_level":0.95,"lower_bound":904253947.0,"upper_bound":912426084.0},"point_estimate":906424013.0,"standard_error":3017234.5105839437},"median_abs_dev":{"confidence_interval":{"confidence_level":0.95,"lower_bound":493097.18394577503,"upper_bound":11683591.28627479},"point_estimate":3247678.9790421724,"standard_error":3733721.735779473},"slope":null,"std_dev":{"confidence_interval":{"confidence_level":0.95,"lower_bound":2903913.3749097143,"upper_bound":45412442.96422156},"point_estimate":29572991.574632827,"standard_error":14910970.52785451}}