{"mean":{"confidence_interval":{"confidence_level":0.95,"lower_bound":0.05435028850711623,"upper_bound":0.06552859748517191},"point_estimate":0.05985886570819976,"standard_error":0.002866892974317563},"median":{"confidence_interval":{"confidence_level":0.95,"lower_bound":0.0511122987184216,"upper_bound":0.06772287756680417},"point_estimate":0.05693556458875482,"standard_error":0.004852860785268228}}