{"mean":{"confidence_interval":{"confidence_level":0.95,"lower_bound":525049800.1,"upper_bound":526882624.1425},"point_estimate":525897060.3,"standard_error":469557.21380378964},"median":{"confidence_interval":{"confidence_level":0.95,"lower_bound":524635344.0,"upper_bound":526588792.0},"point_estimate":526036650.0,"standard_error":505189.72018007154},"median_abs_dev":{"confidence_interval":{"confidence_level":0.95,"lower_bound":99744.13712918758,"upper_bound":2565549.5571523905},"point_estimate":1132520.3135937452,"standard_error":597422.7225142986},"slope":null,"std_dev":{"confidence_interval":{"confidence_level":0.95,"lower_bound":725396.7115166674,"upper_bound":2160401.193296498},"point_estimate":1564233.9041016605,"standard_error":407798.5104236141}}