{"mean":{"confidence_interval":{"confidence_level":0.95,"lower_bound":500236647.955,"upper_bound":502528723.8},"point_estimate":501385078.5,"standard_error":584907.6085312649},"median":{"confidence_interval":{"confidence_level":0.95,"lower_bound":499716835.5,"upper_bound":502539753.5},"point_estimate":501449229.5,"standard_error":589457.870602066},"median_abs_dev":{"confidence_interval":{"confidence_level":0.95,"lower_bound":308244.39532756805,"upper_bound":3545444.35775578},"point_estimate":1107734.9485337734,"standard_error":866580.3390994087},"slope":null,"std_dev":{"confidence_interval":{"confidence_level":0.95,"lower_bound":887383.6787758325,"upper_bound":2585794.5192078804},"point_estimate":1955663.8386184457,"standard_error":417919.2896513853}}