{"mean":{"confidence_interval":{"confidence_level":0.95,"lower_bound":-0.03859568784360976,"upper_bound":-0.025192049241567538},"point_estimate":-0.03191341856728336,"standard_error":0.0034340771528938606},"median":{"confidence_interval":{"confidence_level":0.95,"lower_bound":-0.04432902094842797,"upper_bound":-0.020989132854896453},"point_estimate":-0.03410146408869319,"standard_error":0.0061185631880567104}}