{"mean":{"confidence_interval":{"confidence_level":0.95,"lower_bound":-0.017853218839615718,"upper_bound":-0.013724930622310883},"point_estimate":-0.015705031749070453,"standard_error":0.0010571692554965434},"median":{"confidence_interval":{"confidence_level":0.95,"lower_bound":-0.01763949536370646,"upper_bound":-0.012490389994445295},"point_estimate":-0.014869321879560138,"standard_error":0.0010981010788810926}}