{"mean":{"confidence_interval":{"confidence_level":0.95,"lower_bound":-0.004560370397081373,"upper_bound":0.007355972186571942},"point_estimate":-0.00016955375648441962,"standard_error":0.003266783870427009},"median":{"confidence_interval":{"confidence_level":0.95,"lower_bound":-0.006342059710289005,"upper_bound":-0.000022303471353124493},"point_estimate":-0.001980967799736555,"standard_error":0.0017337615048456977}}