{"mean":{"confidence_interval":{"confidence_level":0.95,"lower_bound":422191182.85,"upper_bound":431531932.8},"point_estimate":426307439.3,"standard_error":2425116.5230963626},"median":{"confidence_interval":{"confidence_level":0.95,"lower_bound":420058138.5,"upper_bound":430700755.5},"point_estimate":423843315.0,"standard_error":2276774.4892202457},"median_abs_dev":{"confidence_interval":{"confidence_level":0.95,"lower_bound":469138.73902112246,"upper_bound":11101903.564801812},"point_estimate":5248764.919915795,"standard_error":2686169.8854430164},"slope":null,"std_dev":{"confidence_interval":{"confidence_level":0.95,"lower_bound":2590879.7187070125,"upper_bound":11259559.522136712},"point_estimate":8076448.966640009,"standard_error":2419327.1084007937}}