{"mean":{"confidence_interval":{"confidence_level":0.95,"lower_bound":0.028671374446959025,"upper_bound":0.034321825796490575},"point_estimate":0.03174406963294607,"standard_error":0.0014414655174496342},"median":{"confidence_interval":{"confidence_level":0.95,"lower_bound":0.029564158468934565,"upper_bound":0.0355943725617196},"point_estimate":0.03376956867749614,"standard_error":0.001663172531038316}}