{"mean":{"confidence_interval":{"confidence_level":0.95,"lower_bound":-0.022790662928967188,"upper_bound":-0.019678637680175907},"point_estimate":-0.021127672651471197,"standard_error":0.000830661159177518},"median":{"confidence_interval":{"confidence_level":0.95,"lower_bound":-0.022882402000032002,"upper_bound":-0.0192137006993347},"point_estimate":-0.021969523738402552,"standard_error":0.0008857808593665769}}