{"mean":{"confidence_interval":{"confidence_level":0.95,"lower_bound":310776087.4225,"upper_bound":347743868.7},"point_estimate":327844441.05,"standard_error":9573827.092672482},"median":{"confidence_interval":{"confidence_level":0.95,"lower_bound":306213170.0,"upper_bound":371091451.5},"point_estimate":307559985.0,"standard_error":16815285.20510455},"median_abs_dev":{"confidence_interval":{"confidence_level":0.95,"lower_bound":242883.23418796062,"upper_bound":49308748.403544724},"point_estimate":4556599.037504196,"standard_error":13438110.398189286},"slope":null,"std_dev":{"confidence_interval":{"confidence_level":0.95,"lower_bound":7574942.589125752,"upper_bound":35649105.81148509},"point_estimate":31850969.178143766,"standard_error":5897381.08387518}}