{"mean":{"confidence_interval":{"confidence_level":0.95,"lower_bound":0.03375881881544414,"upper_bound":0.04662172869711462},"point_estimate":0.03974797019817622,"standard_error":0.0033790812363218648},"median":{"confidence_interval":{"confidence_level":0.95,"lower_bound":0.03275134136593971,"upper_bound":0.04827293186172121},"point_estimate":0.03805869484695945,"standard_error":0.004373318455032909}}