{"mean":{"confidence_interval":{"confidence_level":0.95,"lower_bound":538664071.0575,"upper_bound":548062219.9},"point_estimate":542779548.3,"standard_error":2429587.7841147147},"median":{"confidence_interval":{"confidence_level":0.95,"lower_bound":537031310.0,"upper_bound":547367563.0},"point_estimate":539718067.5,"standard_error":2244548.974005184},"median_abs_dev":{"confidence_interval":{"confidence_level":0.95,"lower_bound":413361.47476136684,"upper_bound":9905016.914650798},"point_estimate":3989188.7537777424,"standard_error":2467028.753988125},"slope":null,"std_dev":{"confidence_interval":{"confidence_level":0.95,"lower_bound":1997372.015635962,"upper_bound":11070996.76902407},"point_estimate":8110749.197365776,"standard_error":2469076.005501523}}