{"mean":{"confidence_interval":{"confidence_level":0.95,"lower_bound":0.004471749133225761,"upper_bound":0.008557242639592377},"point_estimate":0.006580304825712924,"standard_error":0.0010585881643426463},"median":{"confidence_interval":{"confidence_level":0.95,"lower_bound":0.003962871343235224,"upper_bound":0.010000559545273013},"point_estimate":0.005990506032575338,"standard_error":0.0016009028263653218}}