{"mean":{"confidence_interval":{"confidence_level":0.95,"lower_bound":0.0338393971438347,"upper_bound":0.04004450325911973},"point_estimate":0.03682147404724345,"standard_error":0.0016268376640927661},"median":{"confidence_interval":{"confidence_level":0.95,"lower_bound":0.032463786460652067,"upper_bound":0.04058183622420475},"point_estimate":0.037435118311195614,"standard_error":0.002089856083340645}}