{"mean":{"confidence_interval":{"confidence_level":0.95,"lower_bound":-0.012943781950502827,"upper_bound":-0.005692379195880122},"point_estimate":-0.009503010393088318,"standard_error":0.0018404337888742429},"median":{"confidence_interval":{"confidence_level":0.95,"lower_bound":-0.016132303060034436,"upper_bound":-0.005208741757408153},"point_estimate":-0.008542684646415388,"standard_error":0.0028867526105777626}}