{"mean":{"confidence_interval":{"confidence_level":0.95,"lower_bound":726305191.2,"upper_bound":735639834.1875},"point_estimate":730151350.9,"standard_error":2458979.2630927386},"median":{"confidence_interval":{"confidence_level":0.95,"lower_bound":725403136.0,"upper_bound":732519204.0},"point_estimate":726492595.5,"standard_error":2020534.4219225678},"median_abs_dev":{"confidence_interval":{"confidence_level":0.95,"lower_bound":464250.97755789757,"upper_bound":8149529.589816928},"point_estimate":2748457.915905118,"standard_error":2232117.7907655574},"slope":null,"std_dev":{"confidence_interval":{"confidence_level":0.95,"lower_bound":1982136.0100194414,"upper_bound":12056233.609740809},"point_estimate":8173059.731271004,"standard_error":3096163.7949264226}}