{"mean":{"confidence_interval":{"confidence_level":0.95,"lower_bound":1160379366.6,"upper_bound":1162755447.7975001},"point_estimate":1161598562.3,"standard_error":605624.8504548811},"median":{"confidence_interval":{"confidence_level":0.95,"lower_bound":1160000064.0,"upper_bound":1163296182.0},"point_estimate":1161684910.5,"standard_error":917745.8345069956},"median_abs_dev":{"confidence_interval":{"confidence_level":0.95,"lower_bound":259922.0143854618,"upper_bound":3633152.748298645},"point_estimate":2181628.811368346,"standard_error":770256.5474098865},"slope":null,"std_dev":{"confidence_interval":{"confidence_level":0.95,"lower_bound":1157574.3938053926,"upper_bound":2560816.620921329},"point_estimate":2021361.3736734213,"standard_error":364152.53955554095}}