{"mean":{"confidence_interval":{"confidence_level":0.95,"lower_bound":-0.018382112375035717,"upper_bound":0.010287231251701645},"point_estimate":-0.004679441297729459,"standard_error":0.007442138812462493},"median":{"confidence_interval":{"confidence_level":0.95,"lower_bound":-0.0152720455938683,"upper_bound":-0.0061943263514576685},"point_estimate":-0.010651620556554109,"standard_error":0.004367589848052584}}