{"mean":{"confidence_interval":{"confidence_level":0.95,"lower_bound":275588042.5925,"upper_bound":277047204.05},"point_estimate":276286757.3,"standard_error":374813.56561098696},"median":{"confidence_interval":{"confidence_level":0.95,"lower_bound":275135906.0,"upper_bound":277461594.0},"point_estimate":276044459.25,"standard_error":616664.1409196771},"median_abs_dev":{"confidence_interval":{"confidence_level":0.95,"lower_bound":75788.65740448236,"upper_bound":2183125.4960417747},"point_estimate":1358848.4658256173,"standard_error":561848.8892313179},"slope":null,"std_dev":{"confidence_interval":{"confidence_level":0.95,"lower_bound":685762.5111429612,"upper_bound":1551258.2929277301},"point_estimate":1252944.2330059404,"standard_error":221154.82243045847}}