{"mean":{"confidence_interval":{"confidence_level":0.95,"lower_bound":344446782.95,"upper_bound":345006011.3},"point_estimate":344730866.7,"standard_error":143047.82738090339},"median":{"confidence_interval":{"confidence_level":0.95,"lower_bound":344397977.75,"upper_bound":345216359.0},"point_estimate":344683776.0,"standard_error":215890.06142548827},"median_abs_dev":{"confidence_interval":{"confidence_level":0.95,"lower_bound":93702.17158645391,"upper_bound":862920.6278800964},"point_estimate":527162.1422410011,"standard_error":193422.07391755912},"slope":null,"std_dev":{"confidence_interval":{"confidence_level":0.95,"lower_bound":285807.98822530266,"upper_bound":595379.9391212864},"point_estimate":475843.2285090332,"standard_error":81766.59364138928}}