{"mean":{"confidence_interval":{"confidence_level":0.95,"lower_bound":0.5885514866488379,"upper_bound":0.6259359038682404},"point_estimate":0.6065445538339074,"standard_error":0.00945801052278723},"median":{"confidence_interval":{"confidence_level":0.95,"lower_bound":0.5918977265676992,"upper_bound":0.6354658094371262},"point_estimate":0.6165479791612243,"standard_error":0.012369011265221174}}