{"mean":{"confidence_interval":{"confidence_level":0.95,"lower_bound":313292849.49875003,"upper_bound":314114667.1},"point_estimate":313702625.6,"standard_error":210295.42999052152},"median":{"confidence_interval":{"confidence_level":0.95,"lower_bound":313203036.0,"upper_bound":314160341.25},"point_estimate":313711762.75,"standard_error":215520.94852020819},"median_abs_dev":{"confidence_interval":{"confidence_level":0.95,"lower_bound":74741.20052307844,"upper_bound":1306845.1597988605},"point_estimate":590092.2100737691,"standard_error":341496.7496151221},"slope":null,"std_dev":{"confidence_interval":{"confidence_level":0.95,"lower_bound":376922.8733044,"upper_bound":894583.4395257443},"point_estimate":699050.6425678646,"standard_error":133829.2077436603}}