{"mean":{"confidence_interval":{"confidence_level":0.95,"lower_bound":-0.039035806587117555,"upper_bound":-0.02994747790189116},"point_estimate":-0.0348977565817028,"standard_error":0.0023360805899873913},"median":{"confidence_interval":{"confidence_level":0.95,"lower_bound":-0.04169339661241955,"upper_bound":-0.03070195823129851},"point_estimate":-0.03637196468664994,"standard_error":0.003200251356246324}}