{"mean":{"confidence_interval":{"confidence_level":0.95,"lower_bound":-0.020550514868092878,"upper_bound":-0.012672306995745232},"point_estimate":-0.01618707431212829,"standard_error":0.002026016783312712},"median":{"confidence_interval":{"confidence_level":0.95,"lower_bound":-0.018507694822228027,"upper_bound":-0.010950150279586568},"point_estimate":-0.016268007030640574,"standard_error":0.0023168732291661857}}