{"mean":{"confidence_interval":{"confidence_level":0.95,"lower_bound":-0.031641351567820074,"upper_bound":-0.011468474126442264},"point_estimate":-0.02007006548645618,"standard_error":0.005279606805463679},"median":{"confidence_interval":{"confidence_level":0.95,"lower_bound":-0.023755416054489054,"upper_bound":-0.00715894944977169},"point_estimate":-0.01886719907504142,"standard_error":0.004578026948922152}}