{"mean":{"confidence_interval":{"confidence_level":0.95,"lower_bound":0.03821441395475849,"upper_bound":0.0579200601935282},"point_estimate":0.049876967288189133,"standard_error":0.005264204434063379},"median":{"confidence_interval":{"confidence_level":0.95,"lower_bound":0.04881721251127491,"upper_bound":0.058785758185100345},"point_estimate":0.05316863599269661,"standard_error":0.0027364683010732325}}