{"mean":{"confidence_interval":{"confidence_level":0.95,"lower_bound":901308567.2,"upper_bound":909967979.4925001},"point_estimate":905120554.4,"standard_error":2237209.515466146},"median":{"confidence_interval":{"confidence_level":0.95,"lower_bound":901200816.5,"upper_bound":906842613.0},"point_estimate":903876645.5,"standard_error":1247354.6148056996},"median_abs_dev":{"confidence_interval":{"confidence_level":0.95,"lower_bound":510141.1532431841,"upper_bound":9062313.779843826},"point_estimate":2521442.2079354525,"standard_error":2230131.390498997},"slope":null,"std_dev":{"confidence_interval":{"confidence_level":0.95,"lower_bound":2017267.8826379988,"upper_bound":10884093.027943557},"point_estimate":7483852.514884908,"standard_error":2574321.5717116776}}