{"mean":{"confidence_interval":{"confidence_level":0.95,"lower_bound":640806914.6,"upper_bound":643602553.1},"point_estimate":642054414.4,"standard_error":718029.9774214717},"median":{"confidence_interval":{"confidence_level":0.95,"lower_bound":640120425.0,"upper_bound":643051827.5},"point_estimate":641759966.0,"standard_error":898923.2284229036},"median_abs_dev":{"confidence_interval":{"confidence_level":0.95,"lower_bound":321314.9966955185,"upper_bound":3705403.551515937},"point_estimate":2159764.168256521,"standard_error":826785.2838198168},"slope":null,"std_dev":{"confidence_interval":{"confidence_level":0.95,"lower_bound":1075697.6228068282,"upper_bound":3334590.891792483},"point_estimate":2393248.074899336,"standard_error":678117.5907460616}}