{"mean":{"confidence_interval":{"confidence_level":0.95,"lower_bound":0.02196986654446607,"upper_bound":0.030606080791869654},"point_estimate":0.02637360788310783,"standard_error":0.0022019101800990694},"median":{"confidence_interval":{"confidence_level":0.95,"lower_bound":0.021618803349783278,"upper_bound":0.03171444346993457},"point_estimate":0.02572573498453745,"standard_error":0.002408165135232763}}