{"mean":{"confidence_interval":{"confidence_level":0.95,"lower_bound":449317742.6,"upper_bound":459811348.2075},"point_estimate":453782839.65,"standard_error":2759357.29197802},"median":{"confidence_interval":{"confidence_level":0.95,"lower_bound":448653436.75,"upper_bound":457826309.75},"point_estimate":450516402.25,"standard_error":1777980.9874990955},"median_abs_dev":{"confidence_interval":{"confidence_level":0.95,"lower_bound":231680.3381368518,"upper_bound":10690912.02609837},"point_estimate":808551.0922953486,"standard_error":2477522.017141383},"slope":null,"std_dev":{"confidence_interval":{"confidence_level":0.95,"lower_bound":1176628.8340689675,"upper_bound":12762574.85921841},"point_estimate":9188174.61241078,"standard_error":3181833.72321105}}