{"mean":{"confidence_interval":{"confidence_level":0.95,"lower_bound":841986874.8725,"upper_bound":850105372.0},"point_estimate":846242594.8,"standard_error":2074929.963506629},"median":{"confidence_interval":{"confidence_level":0.95,"lower_bound":837508779.0,"upper_bound":850618911.0},"point_estimate":849119039.5,"standard_error":3226674.7284446326},"median_abs_dev":{"confidence_interval":{"confidence_level":0.95,"lower_bound":494358.8765233755,"upper_bound":10389822.658243775},"point_estimate":2751876.791444421,"standard_error":3052776.6614062786},"slope":null,"std_dev":{"confidence_interval":{"confidence_level":0.95,"lower_bound":3144735.3032728597,"upper_bound":8283696.091336725},"point_estimate":6909569.030539215,"standard_error":1193660.7678425505}}