{"mean":{"confidence_interval":{"confidence_level":0.95,"lower_bound":-0.0446665300067631,"upper_bound":-0.030721435050786877},"point_estimate":-0.03815318549182434,"standard_error":0.0035522042470620277},"median":{"confidence_interval":{"confidence_level":0.95,"lower_bound":-0.04628181583661628,"upper_bound":-0.02999446545801554},"point_estimate":-0.03955523618897261,"standard_error":0.003838720169155986}}