{"mean":{"confidence_interval":{"confidence_level":0.95,"lower_bound":1176235627.0,"upper_bound":1186163448.3174999},"point_estimate":1180842233.1,"standard_error":2546261.7971062926},"median":{"confidence_interval":{"confidence_level":0.95,"lower_bound":1175837147.5,"upper_bound":1184586602.0},"point_estimate":1179366294.5,"standard_error":3028000.6619405053},"median_abs_dev":{"confidence_interval":{"confidence_level":0.95,"lower_bound":339813.39656710625,"upper_bound":12417418.227946758},"point_estimate":5816361.269938946,"standard_error":3339674.9311020793},"slope":null,"std_dev":{"confidence_interval":{"confidence_level":0.95,"lower_bound":3672169.87040425,"upper_bound":11777602.123678714},"point_estimate":8454102.685527561,"standard_error":2286464.0235534366}}