{"mean":{"confidence_interval":{"confidence_level":0.95,"lower_bound":-0.035285123651672384,"upper_bound":-0.022180190388304044},"point_estimate":-0.028724340578237362,"standard_error":0.003349715916117432},"median":{"confidence_interval":{"confidence_level":0.95,"lower_bound":-0.03786630715049577,"upper_bound":-0.020176026997814733},"point_estimate":-0.028706362158931964,"standard_error":0.0038337192498363276}}