{"mean":{"confidence_interval":{"confidence_level":0.95,"lower_bound":514138306.5,"upper_bound":519320763.4},"point_estimate":516003831.4,"standard_error":1527947.2278292498},"median":{"confidence_interval":{"confidence_level":0.95,"lower_bound":514056105.5,"upper_bound":515048162.0},"point_estimate":514535203.5,"standard_error":448658.46001495013},"median_abs_dev":{"confidence_interval":{"confidence_level":0.95,"lower_bound":61060.87991595268,"upper_bound":1422987.5939369202},"point_estimate":627004.1309684515,"standard_error":582856.1609669564},"slope":null,"std_dev":{"confidence_interval":{"confidence_level":0.95,"lower_bound":359852.73669105873,"upper_bound":7830384.084268769},"point_estimate":5091647.332646287,"standard_error":2669322.7770052445}}