{"mean":{"confidence_interval":{"confidence_level":0.95,"lower_bound":0.002020054073933653,"upper_bound":0.017830475538302613},"point_estimate":0.009948684409596842,"standard_error":0.004052292660385672},"median":{"confidence_interval":{"confidence_level":0.95,"lower_bound":-0.0020454478494866812,"upper_bound":0.019693127649691222},"point_estimate":0.009700910520888062,"standard_error":0.005068534449655429}}