{"mean":{"confidence_interval":{"confidence_level":0.95,"lower_bound":371502422.36125,"upper_bound":372808170.95},"point_estimate":372166616.3,"standard_error":334278.92343062593},"median":{"confidence_interval":{"confidence_level":0.95,"lower_bound":371581875.5,"upper_bound":372886190.75},"point_estimate":372095150.25,"standard_error":381837.2411023562},"median_abs_dev":{"confidence_interval":{"confidence_level":0.95,"lower_bound":217882.89213180542,"upper_bound":1895204.9518033862},"point_estimate":864451.783002913,"standard_error":415581.164942243},"slope":null,"std_dev":{"confidence_interval":{"confidence_level":0.95,"lower_bound":522513.5448065863,"upper_bound":1499250.7483781665},"point_estimate":1113712.2930088663,"standard_error":252523.52022947613}}