{"mean":{"confidence_interval":{"confidence_level":0.95,"lower_bound":0.005818743559784318,"upper_bound":0.01162250588602222},"point_estimate":0.008747216440574634,"standard_error":0.0014832359748855142},"median":{"confidence_interval":{"confidence_level":0.95,"lower_bound":0.006450534369825567,"upper_bound":0.012764622372444245},"point_estimate":0.008502962005024983,"standard_error":0.0017039466980505243}}