{"mean":{"confidence_interval":{"confidence_level":0.95,"lower_bound":732094803.4,"upper_bound":733781199.3},"point_estimate":732972552.1,"standard_error":430053.7667109404},"median":{"confidence_interval":{"confidence_level":0.95,"lower_bound":731991017.0,"upper_bound":734299731.5},"point_estimate":732966984.0,"standard_error":742435.4339909499},"median_abs_dev":{"confidence_interval":{"confidence_level":0.95,"lower_bound":138681.66023790836,"upper_bound":2792832.133117318},"point_estimate":1695652.5550961494,"standard_error":668063.0450432729},"slope":null,"std_dev":{"confidence_interval":{"confidence_level":0.95,"lower_bound":843000.3736283962,"upper_bound":1823869.79313763},"point_estimate":1431075.1827306822,"standard_error":270029.53585258045}}