{"mean":{"confidence_interval":{"confidence_level":0.95,"lower_bound":-0.0024172062399676424,"upper_bound":0.0013905831744233286},"point_estimate":-0.0004539889067004532,"standard_error":0.0009725922749842411},"median":{"confidence_interval":{"confidence_level":0.95,"lower_bound":-0.0019266651976964644,"upper_bound":0.0022788267666382644},"point_estimate":0.0006562571311370391,"standard_error":0.0010289332049844455}}