{"mean":{"confidence_interval":{"confidence_level":0.95,"lower_bound":-0.04655593085679028,"upper_bound":-0.02444718324089398},"point_estimate":-0.03440369267845789,"standard_error":0.005670048903032895},"median":{"confidence_interval":{"confidence_level":0.95,"lower_bound":-0.03853132977424478,"upper_bound":-0.02577781599605078},"point_estimate":-0.03211111901767649,"standard_error":0.003257942144581513}}