{"mean":{"confidence_interval":{"confidence_level":0.95,"lower_bound":-0.011477963695305725,"upper_bound":0.0019809663975045595},"point_estimate":-0.004697367466956925,"standard_error":0.0034407537758775917},"median":{"confidence_interval":{"confidence_level":0.95,"lower_bound":-0.016430662939853735,"upper_bound":0.002424089270212537},"point_estimate":-0.0036334443512291426,"standard_error":0.004207279123852223}}