{"mean":{"confidence_interval":{"confidence_level":0.95,"lower_bound":-0.033497283032641295,"upper_bound":-0.02112848273571443},"point_estimate":-0.027141785443207223,"standard_error":0.003163976086959608},"median":{"confidence_interval":{"confidence_level":0.95,"lower_bound":-0.035603626407290534,"upper_bound":-0.01878034312766319},"point_estimate":-0.027019922508091376,"standard_error":0.004102529966369333}}