{"mean":{"confidence_interval":{"confidence_level":0.95,"lower_bound":678806246.3,"upper_bound":687195488.885},"point_estimate":681867115.7,"standard_error":2430370.852672275},"median":{"confidence_interval":{"confidence_level":0.95,"lower_bound":678709385.0,"upper_bound":681003678.5},"point_estimate":678970977.0,"standard_error":787754.9535248616},"median_abs_dev":{"confidence_interval":{"confidence_level":0.95,"lower_bound":72319.74411606789,"upper_bound":2817163.0812853575},"point_estimate":672552.5673598051,"standard_error":954564.9607573756},"slope":null,"std_dev":{"confidence_interval":{"confidence_level":0.95,"lower_bound":442032.4261457793,"upper_bound":12428471.650712099},"point_estimate":8094460.592497825,"standard_error":4112037.335303175}}