{"mean":{"confidence_interval":{"confidence_level":0.95,"lower_bound":0.0008058814768743209,"upper_bound":0.004128315194682329},"point_estimate":0.0024694277304655454,"standard_error":0.0008483773344633581},"median":{"confidence_interval":{"confidence_level":0.95,"lower_bound":0.00027453401913546394,"upper_bound":0.004353310856086479},"point_estimate":0.0033413928451273556,"standard_error":0.0011440502499585378}}