{"mean":{"confidence_interval":{"confidence_level":0.95,"lower_bound":419466310.25124997,"upper_bound":424385529.34499997},"point_estimate":421695681.75,"standard_error":1273129.9679730511},"median":{"confidence_interval":{"confidence_level":0.95,"lower_bound":417992590.0,"upper_bound":423980724.25},"point_estimate":421433316.5,"standard_error":1559978.057982769},"median_abs_dev":{"confidence_interval":{"confidence_level":0.95,"lower_bound":119261.45383268595,"upper_bound":6298338.212782145},"point_estimate":4808127.68278867,"standard_error":1890158.8093938902},"slope":null,"std_dev":{"confidence_interval":{"confidence_level":0.95,"lower_bound":1847178.3059697545,"upper_bound":5823598.098106723},"point_estimate":4248235.982956784,"standard_error":1124718.7993959668}}