{"mean":{"confidence_interval":{"confidence_level":0.95,"lower_bound":748369907.0325,"upper_bound":758109718.4},"point_estimate":752605153.8,"standard_error":2518897.498410382},"median":{"confidence_interval":{"confidence_level":0.95,"lower_bound":747706948.0,"upper_bound":753916098.5},"point_estimate":752161325.0,"standard_error":1782408.7166601578},"median_abs_dev":{"confidence_interval":{"confidence_level":0.95,"lower_bound":535125.9279996157,"upper_bound":9566398.493662477},"point_estimate":3637359.625723958,"standard_error":2250951.963506064},"slope":null,"std_dev":{"confidence_interval":{"confidence_level":0.95,"lower_bound":2384327.0753476387,"upper_bound":12323889.755737122},"point_estimate":8409314.346497035,"standard_error":2965595.0156024843}}