{"mean":{"confidence_interval":{"confidence_level":0.95,"lower_bound":0.006758216197139157,"upper_bound":0.01915614058987396},"point_estimate":0.012455487794723386,"standard_error":0.003194333479176352},"median":{"confidence_interval":{"confidence_level":0.95,"lower_bound":0.005256501473421604,"upper_bound":0.016147116703826292},"point_estimate":0.009648327225174391,"standard_error":0.0025048120908767995}}