{"mean":{"confidence_interval":{"confidence_level":0.95,"lower_bound":-0.016812531415334137,"upper_bound":-0.007573449921863432},"point_estimate":-0.012027212487979666,"standard_error":0.0023639763789602324},"median":{"confidence_interval":{"confidence_level":0.95,"lower_bound":-0.01696646380740574,"upper_bound":-0.0050028185786037405},"point_estimate":-0.0109937088470633,"standard_error":0.003048955847837682}}