{"mean":{"confidence_interval":{"confidence_level":0.95,"lower_bound":354787587.1,"upper_bound":355414884.85},"point_estimate":355088795.65,"standard_error":161158.7255978522},"median":{"confidence_interval":{"confidence_level":0.95,"lower_bound":354627892.25,"upper_bound":355582218.5},"point_estimate":354917933.25,"standard_error":277039.53379888664},"median_abs_dev":{"confidence_interval":{"confidence_level":0.95,"lower_bound":76372.43114411831,"upper_bound":885751.9261747599},"point_estimate":495831.09829723835,"standard_error":230718.92267231827},"slope":null,"std_dev":{"confidence_interval":{"confidence_level":0.95,"lower_bound":293565.6044866035,"upper_bound":631184.777831346},"point_estimate":536844.3747598373,"standard_error":84274.2295444976}}