{"mean":{"confidence_interval":{"confidence_level":0.95,"lower_bound":344715561.55,"upper_bound":346573384.58},"point_estimate":345728513.05,"standard_error":474295.2003530445},"median":{"confidence_interval":{"confidence_level":0.95,"lower_bound":345399300.0,"upper_bound":346665377.0},"point_estimate":345748591.0,"standard_error":263693.4079912385},"median_abs_dev":{"confidence_interval":{"confidence_level":0.95,"lower_bound":110959.26463007927,"upper_bound":2182532.8267022967},"point_estimate":485408.04983228445,"standard_error":533608.1267441915},"slope":null,"std_dev":{"confidence_interval":{"confidence_level":0.95,"lower_bound":285783.1924321995,"upper_bound":2294304.874406001},"point_estimate":1588564.7825058848,"standard_error":513055.3000688504}}