{"mean":{"confidence_interval":{"confidence_level":0.95,"lower_bound":-0.009558587262683995,"upper_bound":-0.005851675531200388},"point_estimate":-0.0077175245319688335,"standard_error":0.0009463021630328855},"median":{"confidence_interval":{"confidence_level":0.95,"lower_bound":-0.009617102804898803,"upper_bound":-0.006058190435259236},"point_estimate":-0.007281396312607158,"standard_error":0.0008813407242969255}}