{"mean":{"confidence_interval":{"confidence_level":0.95,"lower_bound":-0.019027758116421892,"upper_bound":-0.016007039198875226},"point_estimate":-0.01767091408568311,"standard_error":0.0007753557789601084},"median":{"confidence_interval":{"confidence_level":0.95,"lower_bound":-0.019471189967894986,"upper_bound":-0.01663405440658028},"point_estimate":-0.01816193611981487,"standard_error":0.0007069277364602269}}