{"mean":{"confidence_interval":{"confidence_level":0.95,"lower_bound":-0.008086959001568268,"upper_bound":0.00928681019842397},"point_estimate":-0.00035137256029060815,"standard_error":0.004473978375946727},"median":{"confidence_interval":{"confidence_level":0.95,"lower_bound":-0.009611577437442675,"upper_bound":0.005054860917410364},"point_estimate":-0.0036637058475124107,"standard_error":0.003927478904362756}}