{"mean":{"confidence_interval":{"confidence_level":0.95,"lower_bound":0.0025399793417708654,"upper_bound":0.005750338276283222},"point_estimate":0.00414944129866246,"standard_error":0.0008220499409863614},"median":{"confidence_interval":{"confidence_level":0.95,"lower_bound":0.0018152176081431826,"upper_bound":0.007167776192202435},"point_estimate":0.0039016808297436256,"standard_error":0.0014249157698379509}}