{"mean":{"confidence_interval":{"confidence_level":0.95,"lower_bound":430062629.9,"upper_bound":433263718.81625},"point_estimate":431665481.3,"standard_error":817833.0276239534},"median":{"confidence_interval":{"confidence_level":0.95,"lower_bound":429226347.75,"upper_bound":434225838.5},"point_estimate":431583709.75,"standard_error":1563326.2594885556},"median_abs_dev":{"confidence_interval":{"confidence_level":0.95,"lower_bound":616773.079200089,"upper_bound":4421063.825060427},"point_estimate":3473182.0643886924,"standard_error":992835.6024967191},"slope":null,"std_dev":{"confidence_interval":{"confidence_level":0.95,"lower_bound":1801494.3042486885,"upper_bound":3153267.4158935086},"point_estimate":2717075.478607715,"standard_error":345483.08781604265}}