{"mean":{"confidence_interval":{"confidence_level":0.95,"lower_bound":554906736.5,"upper_bound":558234583.2375},"point_estimate":556419870.9,"standard_error":857863.5101447612},"median":{"confidence_interval":{"confidence_level":0.95,"lower_bound":554733011.5,"upper_bound":558431705.0},"point_estimate":555492912.0,"standard_error":833896.4213559795},"median_abs_dev":{"confidence_interval":{"confidence_level":0.95,"lower_bound":181490.99317789078,"upper_bound":4433997.656580806},"point_estimate":1189589.2930805683,"standard_error":992397.5850195304},"slope":null,"std_dev":{"confidence_interval":{"confidence_level":0.95,"lower_bound":827503.618679842,"upper_bound":3682844.1812985674},"point_estimate":2852322.7753304443,"standard_error":731866.7349470262}}