{"mean":{"confidence_interval":{"confidence_level":0.95,"lower_bound":0.026265800127122308,"upper_bound":0.03373302498108264},"point_estimate":0.030123181036141977,"standard_error":0.00189849535016947},"median":{"confidence_interval":{"confidence_level":0.95,"lower_bound":0.02682787356532268,"upper_bound":0.03440141913232053},"point_estimate":0.031183150637925428,"standard_error":0.0019297702143615033}}