{"mean":{"confidence_interval":{"confidence_level":0.95,"lower_bound":-0.02419088879825696,"upper_bound":-0.008137006956271132},"point_estimate":-0.016440052440996777,"standard_error":0.003971101725203477},"median":{"confidence_interval":{"confidence_level":0.95,"lower_bound":-0.02443773588634013,"upper_bound":-0.009892221247709498},"point_estimate":-0.014133425287242263,"standard_error":0.0035940273313426344}}