{"mean":{"confidence_interval":{"confidence_level":0.95,"lower_bound":-0.036364505892014745,"upper_bound":-0.02962249525027863},"point_estimate":-0.03299689295580854,"standard_error":0.001729471316365589},"median":{"confidence_interval":{"confidence_level":0.95,"lower_bound":-0.039070744796361745,"upper_bound":-0.027615369119508015},"point_estimate":-0.034368731920289775,"standard_error":0.0027688390648945944}}