{"mean":{"confidence_interval":{"confidence_level":0.95,"lower_bound":200222980.73333332,"upper_bound":203184456.08999997},"point_estimate":201643567.1,"standard_error":762572.4143645497},"median":{"confidence_interval":{"confidence_level":0.95,"lower_bound":199552001.5,"upper_bound":204810811.33333334},"point_estimate":200630695.1666667,"standard_error":1251536.0544472982},"median_abs_dev":{"confidence_interval":{"confidence_level":0.95,"lower_bound":240439.16813135147,"upper_bound":3839159.520441323},"point_estimate":2206791.498121619,"standard_error":1007760.1447896357},"slope":null,"std_dev":{"confidence_interval":{"confidence_level":0.95,"lower_bound":1213566.5621804388,"upper_bound":2978887.1678993297},"point_estimate":2549710.7831578027,"standard_error":406204.4852315404}}