{"mean":{"confidence_interval":{"confidence_level":0.95,"lower_bound":249692143.42874998,"upper_bound":250574777.75},"point_estimate":250110584.8,"standard_error":226271.89094643455},"median":{"confidence_interval":{"confidence_level":0.95,"lower_bound":249486850.75,"upper_bound":250591794.5},"point_estimate":249975171.75,"standard_error":340512.7439939307},"median_abs_dev":{"confidence_interval":{"confidence_level":0.95,"lower_bound":149445.33604681492,"upper_bound":1403489.921683073},"point_estimate":806744.1735774279,"standard_error":290213.8872248753},"slope":null,"std_dev":{"confidence_interval":{"confidence_level":0.95,"lower_bound":409712.9123422551,"upper_bound":989400.2696635085},"point_estimate":756508.5428322523,"standard_error":160609.05303378496}}