{"mean":{"confidence_interval":{"confidence_level":0.95,"lower_bound":1005448393.3575,"upper_bound":1016292967.6},"point_estimate":1010358861.4,"standard_error":2789382.6518540857},"median":{"confidence_interval":{"confidence_level":0.95,"lower_bound":1003828803.0,"upper_bound":1014972042.0},"point_estimate":1007390280.0,"standard_error":2855097.3653388275},"median_abs_dev":{"confidence_interval":{"confidence_level":0.95,"lower_bound":1271172.32183218,"upper_bound":13791996.708843112},"point_estimate":6275740.4239833355,"standard_error":3180910.3086011973},"slope":null,"std_dev":{"confidence_interval":{"confidence_level":0.95,"lower_bound":3564093.253726638,"upper_bound":12740273.779959016},"point_estimate":9344472.609151872,"standard_error":2506867.20753693}}