{"mean":{"confidence_interval":{"confidence_level":0.95,"lower_bound":1.01908449181541,"upper_bound":1.0579584705995977},"point_estimate":1.039473382951556,"standard_error":0.009989346765594976},"median":{"confidence_interval":{"confidence_level":0.95,"lower_bound":1.0053215306776737,"upper_bound":1.0588196190430614},"point_estimate":1.0478405447322015,"standard_error":0.01318878470870826}}