{"mean":{"confidence_interval":{"confidence_level":0.95,"lower_bound":915897350.9,"upper_bound":917488521.5},"point_estimate":916683884.8,"standard_error":407309.1291806893},"median":{"confidence_interval":{"confidence_level":0.95,"lower_bound":915414355.0,"upper_bound":917560490.0},"point_estimate":916778682.0,"standard_error":515057.86612764955},"median_abs_dev":{"confidence_interval":{"confidence_level":0.95,"lower_bound":308033.12483131886,"upper_bound":2342971.270903945},"point_estimate":1453155.538201332,"standard_error":528257.7137318024},"slope":null,"std_dev":{"confidence_interval":{"confidence_level":0.95,"lower_bound":757625.7486000451,"upper_bound":1738705.3831476516},"point_estimate":1356570.2501060697,"standard_error":254599.094874466}}