{"mean":{"confidence_interval":{"confidence_level":0.95,"lower_bound":930510847.9275,"upper_bound":932159816.4},"point_estimate":931385537.7,"standard_error":424381.88672382676},"median":{"confidence_interval":{"confidence_level":0.95,"lower_bound":930156323.5,"upper_bound":932481154.0},"point_estimate":931545186.5,"standard_error":539543.2600124292},"median_abs_dev":{"confidence_interval":{"confidence_level":0.95,"lower_bound":164209.80788469315,"upper_bound":2426404.5844227076},"point_estimate":1219282.805353403,"standard_error":570472.3099467917},"slope":null,"std_dev":{"confidence_interval":{"confidence_level":0.95,"lower_bound":617860.7673436629,"upper_bound":1762654.4886855828},"point_estimate":1407581.115628119,"standard_error":293091.2512392497}}