{"mean":{"confidence_interval":{"confidence_level":0.95,"lower_bound":994922624.2,"upper_bound":997184070.3575001},"point_estimate":996000259.2,"standard_error":581573.3945654999},"median":{"confidence_interval":{"confidence_level":0.95,"lower_bound":994764143.0,"upper_bound":997407772.5},"point_estimate":995687966.0,"standard_error":524593.5096747392},"median_abs_dev":{"confidence_interval":{"confidence_level":0.95,"lower_bound":156828.6839157343,"upper_bound":3300667.102101445},"point_estimate":1243312.7857267857,"standard_error":848585.303110889},"slope":null,"std_dev":{"confidence_interval":{"confidence_level":0.95,"lower_bound":727983.4966088708,"upper_bound":2527507.429703911},"point_estimate":1941440.8834307573,"standard_error":436782.27571421774}}