{"mean":{"confidence_interval":{"confidence_level":0.95,"lower_bound":1192837427.9350002,"upper_bound":1206647535.345},"point_estimate":1200007151.6,"standard_error":3551336.6702307733},"median":{"confidence_interval":{"confidence_level":0.95,"lower_bound":1187671442.0,"upper_bound":1209760908.0},"point_estimate":1203415979.5,"standard_error":5492367.341386461},"median_abs_dev":{"confidence_interval":{"confidence_level":0.95,"lower_bound":2603271.348282695,"upper_bound":19597990.157166123},"point_estimate":11736355.536738038,"standard_error":4596575.437968123},"slope":null,"std_dev":{"confidence_interval":{"confidence_level":0.95,"lower_bound":6512674.729393499,"upper_bound":14081350.813047448},"point_estimate":11848333.722151155,"standard_error":1846483.4376794505}}