{"mean":{"confidence_interval":{"confidence_level":0.95,"lower_bound":-0.006716489699821189,"upper_bound":-0.00037075490322509714},"point_estimate":-0.003546738761856849,"standard_error":0.001603707974129921},"median":{"confidence_interval":{"confidence_level":0.95,"lower_bound":-0.008249244599320638,"upper_bound":0.00009251900750273379},"point_estimate":-0.0027807311788441424,"standard_error":0.0021067267435702012}}