{"mean":{"confidence_interval":{"confidence_level":0.95,"lower_bound":-0.023264826725581438,"upper_bound":-0.01425972920235649},"point_estimate":-0.01953374911315464,"standard_error":0.0023850221753558137},"median":{"confidence_interval":{"confidence_level":0.95,"lower_bound":-0.02452272701889291,"upper_bound":-0.01930709445352019},"point_estimate":-0.0224464891151831,"standard_error":0.0015571658701492544}}