{"mean":{"confidence_interval":{"confidence_level":0.95,"lower_bound":-0.04373517455049358,"upper_bound":-0.03802772577276675},"point_estimate":-0.04099837781726168,"standard_error":0.0014547309124996616},"median":{"confidence_interval":{"confidence_level":0.95,"lower_bound":-0.045772680508243235,"upper_bound":-0.037884200087263786},"point_estimate":-0.0418075894250407,"standard_error":0.002015785372670133}}