{"mean":{"confidence_interval":{"confidence_level":0.95,"lower_bound":1397517080.5,"upper_bound":1403154538.1},"point_estimate":1399941673.7,"standard_error":1465632.0991239925},"median":{"confidence_interval":{"confidence_level":0.95,"lower_bound":1397033026.5,"upper_bound":1401450818.0},"point_estimate":1398413588.5,"standard_error":1142934.3256595163},"median_abs_dev":{"confidence_interval":{"confidence_level":0.95,"lower_bound":252190.9968227148,"upper_bound":5500984.08613801},"point_estimate":3245103.7028878927,"standard_error":1452869.2111125665},"slope":null,"std_dev":{"confidence_interval":{"confidence_level":0.95,"lower_bound":1577239.0702374573,"upper_bound":7092080.412286056},"point_estimate":4880574.778969835,"standard_error":1681710.8727627557}}