{"mean":{"confidence_interval":{"confidence_level":0.95,"lower_bound":293720327.4,"upper_bound":295152020.6525},"point_estimate":294490300.85,"standard_error":365545.4961359817},"median":{"confidence_interval":{"confidence_level":0.95,"lower_bound":293950817.75,"upper_bound":295088267.75},"point_estimate":294671530.75,"standard_error":233663.51631688574},"median_abs_dev":{"confidence_interval":{"confidence_level":0.95,"lower_bound":87533.81439596415,"upper_bound":2024313.0933612585},"point_estimate":431449.56509023905,"standard_error":501799.3198321628},"slope":null,"std_dev":{"confidence_interval":{"confidence_level":0.95,"lower_bound":397440.8484479546,"upper_bound":1688207.7943422722},"point_estimate":1216906.4784013706,"standard_error":340080.22267918324}}