{"mean":{"confidence_interval":{"confidence_level":0.95,"lower_bound":0.019776484932575937,"upper_bound":0.0314483035981445},"point_estimate":0.0263197462457454,"standard_error":0.003025429599715353},"median":{"confidence_interval":{"confidence_level":0.95,"lower_bound":0.021902433060462467,"upper_bound":0.03242344596126623},"point_estimate":0.031266813254736237,"standard_error":0.0026188302848177644}}