{"mean":{"confidence_interval":{"confidence_level":0.95,"lower_bound":1202151051.4625,"upper_bound":1206838951.1},"point_estimate":1204486660.0,"standard_error":1199945.8280352517},"median":{"confidence_interval":{"confidence_level":0.95,"lower_bound":1201556756.5,"upper_bound":1206636591.0},"point_estimate":1205393491.5,"standard_error":1462617.8108095},"median_abs_dev":{"confidence_interval":{"confidence_level":0.95,"lower_bound":622378.4190505743,"upper_bound":7075580.129483342},"point_estimate":3453235.534992814,"standard_error":1664453.6366783348},"slope":null,"std_dev":{"confidence_interval":{"confidence_level":0.95,"lower_bound":2023379.6630650992,"upper_bound":5317170.610220417},"point_estimate":4021342.781931235,"standard_error":848806.130245004}}