{"mean":{"confidence_interval":{"confidence_level":0.95,"lower_bound":-0.013251109381544803,"upper_bound":-0.00398987192698273},"point_estimate":-0.008830273737503114,"standard_error":0.0023636108798530432},"median":{"confidence_interval":{"confidence_level":0.95,"lower_bound":-0.0160440330553826,"upper_bound":-0.004266932638585685},"point_estimate":-0.009496792907983886,"standard_error":0.002913633068100388}}