{"mean":{"confidence_interval":{"confidence_level":0.95,"lower_bound":-0.025266112139434485,"upper_bound":-0.018828560436974097},"point_estimate":-0.022139590429024802,"standard_error":0.001647844183417835},"median":{"confidence_interval":{"confidence_level":0.95,"lower_bound":-0.02700882535812732,"upper_bound":-0.017336973051420568},"point_estimate":-0.020466333836688166,"standard_error":0.0025293190455182657}}