{"mean":{"confidence_interval":{"confidence_level":0.95,"lower_bound":873646843.8,"upper_bound":883915067.12},"point_estimate":877597449.3,"standard_error":2850868.3023718926},"median":{"confidence_interval":{"confidence_level":0.95,"lower_bound":873223471.0,"upper_bound":877875884.0},"point_estimate":873873842.0,"standard_error":1368982.436599369},"median_abs_dev":{"confidence_interval":{"confidence_level":0.95,"lower_bound":104598.91074299812,"upper_bound":5557008.573943221},"point_estimate":1299730.162525177,"standard_error":1613080.6890727673},"slope":null,"std_dev":{"confidence_interval":{"confidence_level":0.95,"lower_bound":872660.2155596649,"upper_bound":14441399.610743936},"point_estimate":9493649.600384284,"standard_error":4381032.587486066}}