{"mean":{"confidence_interval":{"confidence_level":0.95,"lower_bound":0.0006472072777461656,"upper_bound":0.01257220105312527},"point_estimate":0.007082708472189392,"standard_error":0.003069154483652956},"median":{"confidence_interval":{"confidence_level":0.95,"lower_bound":0.002938982938145873,"upper_bound":0.01642199539527267},"point_estimate":0.00822914417615217,"standard_error":0.0030929354443854254}}