{"mean":{"confidence_interval":{"confidence_level":0.95,"lower_bound":826723544.4,"upper_bound":827809148.865},"point_estimate":827273976.2,"standard_error":278136.8737171507},"median":{"confidence_interval":{"confidence_level":0.95,"lower_bound":826406596.0,"upper_bound":828042842.0},"point_estimate":827493990.0,"standard_error":469327.0694680763},"median_abs_dev":{"confidence_interval":{"confidence_level":0.95,"lower_bound":238078.86897325516,"upper_bound":1533141.0654813051},"point_estimate":1140897.744745016,"standard_error":335815.1512326903},"slope":null,"std_dev":{"confidence_interval":{"confidence_level":0.95,"lower_bound":573331.8074294578,"upper_bound":1096039.8878991522},"point_estimate":927596.1142743346,"standard_error":132400.36348584422}}