{"mean":{"confidence_interval":{"confidence_level":0.95,"lower_bound":268228470.95,"upper_bound":273735896.30875},"point_estimate":271096987.5,"standard_error":1410762.069918745},"median":{"confidence_interval":{"confidence_level":0.95,"lower_bound":267741419.0,"upper_bound":275604367.5},"point_estimate":271400189.75,"standard_error":1987338.82745841},"median_abs_dev":{"confidence_interval":{"confidence_level":0.95,"lower_bound":942404.6657189727,"upper_bound":7986508.827111125},"point_estimate":5309311.337640882,"standard_error":1836093.5727878755},"slope":null,"std_dev":{"confidence_interval":{"confidence_level":0.95,"lower_bound":2516776.2550467965,"upper_bound":5917251.222958362},"point_estimate":4693606.88657899,"standard_error":884987.2616113089}}