{"mean":{"confidence_interval":{"confidence_level":0.95,"lower_bound":0.028011170394243827,"upper_bound":0.04980030042963819},"point_estimate":0.04139124067521616,"standard_error":0.0060697727599333855},"median":{"confidence_interval":{"confidence_level":0.95,"lower_bound":0.043619505163171146,"upper_bound":0.05023884601700712},"point_estimate":0.04702866720802423,"standard_error":0.0021106051550397655}}