{"mean":{"confidence_interval":{"confidence_level":0.95,"lower_bound":-0.0009714664803299107,"upper_bound":0.004217551405000867},"point_estimate":0.00165882572563536,"standard_error":0.0013258373590523515},"median":{"confidence_interval":{"confidence_level":0.95,"lower_bound":-0.0015594262297307093,"upper_bound":0.005512664479000007},"point_estimate":0.0009080009638153808,"standard_error":0.0018960085225388592}}