{"mean":{"confidence_interval":{"confidence_level":0.95,"lower_bound":-0.03495882057095043,"upper_bound":-0.02136158111632174},"point_estimate":-0.02829862551015616,"standard_error":0.0034729492481659504},"median":{"confidence_interval":{"confidence_level":0.95,"lower_bound":-0.03469507610000866,"upper_bound":-0.020071222111898157},"point_estimate":-0.029733736519146015,"standard_error":0.003460980418010309}}