{"mean":{"confidence_interval":{"confidence_level":0.95,"lower_bound":245292464.6,"upper_bound":248561380.56666666},"point_estimate":246546165.13333336,"standard_error":913365.7886991968},"median":{"confidence_interval":{"confidence_level":0.95,"lower_bound":244993718.0,"upper_bound":246441308.3333333},"point_estimate":245688596.6666667,"standard_error":391626.90017189697},"median_abs_dev":{"confidence_interval":{"confidence_level":0.95,"lower_bound":13882.571953542443,"upper_bound":1653317.4070477632},"point_estimate":902097.8379845693,"standard_error":472769.7527634538},"slope":null,"std_dev":{"confidence_interval":{"confidence_level":0.95,"lower_bound":489039.0018752083,"upper_bound":4654032.234305122},"point_estimate":3042684.2406089487,"standard_error":1433517.3153333499}}