{"mean":{"confidence_interval":{"confidence_level":0.95,"lower_bound":-0.027583247040774247,"upper_bound":-0.014097529067394043},"point_estimate":-0.020410909703481472,"standard_error":0.0034185757858236237},"median":{"confidence_interval":{"confidence_level":0.95,"lower_bound":-0.022677009561727468,"upper_bound":-0.016012410224375828},"point_estimate":-0.019910093064506418,"standard_error":0.0017782030416261937}}