{"mean":{"confidence_interval":{"confidence_level":0.95,"lower_bound":1137959573.7,"upper_bound":1141953305.145},"point_estimate":1139719287.6,"standard_error":1033140.2985511066},"median":{"confidence_interval":{"confidence_level":0.95,"lower_bound":1138128363.0,"upper_bound":1140368965.0},"point_estimate":1139098216.5,"standard_error":537637.6737683999},"median_abs_dev":{"confidence_interval":{"confidence_level":0.95,"lower_bound":240635.61262786388,"upper_bound":3953432.148912549},"point_estimate":1122185.1091772318,"standard_error":999304.734183736},"slope":null,"std_dev":{"confidence_interval":{"confidence_level":0.95,"lower_bound":828878.148976745,"upper_bound":5008955.198623318},"point_estimate":3451548.3255609344,"standard_error":1202129.2351069239}}