{"mean":{"confidence_interval":{"confidence_level":0.95,"lower_bound":0.0186746603978378,"upper_bound":0.03609713391412635},"point_estimate":0.02739286860730017,"standard_error":0.004445755056984937},"median":{"confidence_interval":{"confidence_level":0.95,"lower_bound":0.012599481030557635,"upper_bound":0.03764309593221249},"point_estimate":0.02713003928040658,"standard_error":0.006486069020471674}}