{"mean":{"confidence_interval":{"confidence_level":0.95,"lower_bound":916864318.015,"upper_bound":922618270.6},"point_estimate":919404379.6,"standard_error":1492066.5232303245},"median":{"confidence_interval":{"confidence_level":0.95,"lower_bound":916870258.0,"upper_bound":921396174.0},"point_estimate":917825637.5,"standard_error":1081351.878163276},"median_abs_dev":{"confidence_interval":{"confidence_level":0.95,"lower_bound":302045.6448376179,"upper_bound":6841423.478740454},"point_estimate":1848857.7646762133,"standard_error":1659453.1847538513},"slope":null,"std_dev":{"confidence_interval":{"confidence_level":0.95,"lower_bound":1333227.9231925684,"upper_bound":7036177.055422428},"point_estimate":4964563.539498495,"standard_error":1578322.7491157344}}