{"mean":{"confidence_interval":{"confidence_level":0.95,"lower_bound":350729196.5,"upper_bound":352143549.60375005},"point_estimate":351421528.2,"standard_error":360725.4996993375},"median":{"confidence_interval":{"confidence_level":0.95,"lower_bound":350619971.25,"upper_bound":352056171.25},"point_estimate":351491040.0,"standard_error":450388.6758099678},"median_abs_dev":{"confidence_interval":{"confidence_level":0.95,"lower_bound":187714.57721740007,"upper_bound":2058165.6692102551},"point_estimate":1046422.3972722888,"standard_error":473884.92958256486},"slope":null,"std_dev":{"confidence_interval":{"confidence_level":0.95,"lower_bound":574052.3139218756,"upper_bound":1613227.4912186037},"point_estimate":1197731.5975935557,"standard_error":274321.9590411385}}