{"mean":{"confidence_interval":{"confidence_level":0.95,"lower_bound":0.057364146185279345,"upper_bound":0.15515170639195666},"point_estimate":0.10184741775444506,"standard_error":0.027008682203091935},"median":{"confidence_interval":{"confidence_level":0.95,"lower_bound":0.039416169086329056,"upper_bound":0.15924926083540336},"point_estimate":0.07848132768981841,"standard_error":0.025430455488870605}}