{"mean":{"confidence_interval":{"confidence_level":0.95,"lower_bound":223100859.2458333,"upper_bound":224711165.10499996},"point_estimate":223896790.7333333,"standard_error":413216.8815737655},"median":{"confidence_interval":{"confidence_level":0.95,"lower_bound":222559518.0,"upper_bound":224819547.66666666},"point_estimate":224106568.83333334,"standard_error":653860.2669134766},"median_abs_dev":{"confidence_interval":{"confidence_level":0.95,"lower_bound":221397.88956939438,"upper_bound":2457179.1591763347},"point_estimate":1444239.6761596128,"standard_error":569019.6796867794},"slope":null,"std_dev":{"confidence_interval":{"confidence_level":0.95,"lower_bound":830282.9259935077,"upper_bound":1733336.6472438055},"point_estimate":1375369.043148448,"standard_error":237969.894013629}}