{"mean":{"confidence_interval":{"confidence_level":0.95,"lower_bound":0.05152843015177245,"upper_bound":0.06028147961473164},"point_estimate":0.05612442718892208,"standard_error":0.0022427147758953027},"median":{"confidence_interval":{"confidence_level":0.95,"lower_bound":0.05074021338713708,"upper_bound":0.061729072701973475},"point_estimate":0.058471592465582534,"standard_error":0.0027797824425884925}}