{"mean":{"confidence_interval":{"confidence_level":0.95,"lower_bound":-0.05749963394994999,"upper_bound":-0.052229696683180726},"point_estimate":-0.05473336416916941,"standard_error":0.0013485185720713397},"median":{"confidence_interval":{"confidence_level":0.95,"lower_bound":-0.05808066761250297,"upper_bound":-0.05165035785527439},"point_estimate":-0.05402850948004967,"standard_error":0.001659668556748541}}