{"mean":{"confidence_interval":{"confidence_level":0.95,"lower_bound":-0.00856544627270916,"upper_bound":-0.002936626249143812},"point_estimate":-0.00573204700931873,"standard_error":0.0014397662953162752},"median":{"confidence_interval":{"confidence_level":0.95,"lower_bound":-0.008417319827457304,"upper_bound":-0.001967599990958191},"point_estimate":-0.0050916277199524185,"standard_error":0.0017493120540145908}}