{"mean":{"confidence_interval":{"confidence_level":0.95,"lower_bound":-0.02826143282544522,"upper_bound":-0.023000657023938144},"point_estimate":-0.025314723818641083,"standard_error":0.0013398682239356091},"median":{"confidence_interval":{"confidence_level":0.95,"lower_bound":-0.02752107634014067,"upper_bound":-0.021955636389296207},"point_estimate":-0.023508990539742314,"standard_error":0.0013627357358636152}}