{"mean":{"confidence_interval":{"confidence_level":0.95,"lower_bound":1155799756.24,"upper_bound":1174796983.7},"point_estimate":1164981625.9,"standard_error":4832881.624037786},"median":{"confidence_interval":{"confidence_level":0.95,"lower_bound":1152165097.0,"upper_bound":1184068301.0},"point_estimate":1155059274.0,"standard_error":9971921.999879688},"median_abs_dev":{"confidence_interval":{"confidence_level":0.95,"lower_bound":1098311.5431010723,"upper_bound":24446458.273288608},"point_estimate":6622639.165824652,"standard_error":7273006.628147325},"slope":null,"std_dev":{"confidence_interval":{"confidence_level":0.95,"lower_bound":10026558.137446307,"upper_bound":17852811.711237453},"point_estimate":16127772.148500621,"standard_error":2167286.449015566}}