{"mean":{"confidence_interval":{"confidence_level":0.95,"lower_bound":458628473.42625,"upper_bound":461717958.85},"point_estimate":460068306.8,"standard_error":793919.414633355},"median":{"confidence_interval":{"confidence_level":0.95,"lower_bound":457967541.5,"upper_bound":462216912.0},"point_estimate":459199801.5,"standard_error":1103099.053793891},"median_abs_dev":{"confidence_interval":{"confidence_level":0.95,"lower_bound":569749.0851849318,"upper_bound":4271217.816370726},"point_estimate":2155457.5859829783,"standard_error":998328.2268501829},"slope":null,"std_dev":{"confidence_interval":{"confidence_level":0.95,"lower_bound":1223328.4632880525,"upper_bound":3378605.096240648},"point_estimate":2649677.54489307,"standard_error":552220.5543467372}}