{"mean":{"confidence_interval":{"confidence_level":0.95,"lower_bound":-0.008387601970351702,"upper_bound":-0.0042614398644096625},"point_estimate":-0.0064654644652697435,"standard_error":0.001037844141720186},"median":{"confidence_interval":{"confidence_level":0.95,"lower_bound":-0.009453346961439402,"upper_bound":-0.004406569773900526},"point_estimate":-0.006519209119649982,"standard_error":0.0013450708660484507}}