{"mean":{"confidence_interval":{"confidence_level":0.95,"lower_bound":337721906.05,"upper_bound":339741580.6},"point_estimate":338741265.4,"standard_error":515118.2460236184},"median":{"confidence_interval":{"confidence_level":0.95,"lower_bound":337116455.5,"upper_bound":340008434.0},"point_estimate":338902483.5,"standard_error":769404.9580375786},"median_abs_dev":{"confidence_interval":{"confidence_level":0.95,"lower_bound":14215.90984761715,"upper_bound":2961402.6381745934},"point_estimate":1645667.808933556,"standard_error":719646.6149330942},"slope":null,"std_dev":{"confidence_interval":{"confidence_level":0.95,"lower_bound":980589.3271357352,"upper_bound":2123586.9370723255},"point_estimate":1717088.097730085,"standard_error":287323.66459562856}}