{"mean":{"confidence_interval":{"confidence_level":0.95,"lower_bound":-0.019784622770015022,"upper_bound":-0.004134122141807369},"point_estimate":-0.011232249053779397,"standard_error":0.004019577523330936},"median":{"confidence_interval":{"confidence_level":0.95,"lower_bound":-0.013203789760966922,"upper_bound":-0.002565160159484492},"point_estimate":-0.005544166102030013,"standard_error":0.002808689044196374}}