{"mean":{"confidence_interval":{"confidence_level":0.95,"lower_bound":0.009616441005156151,"upper_bound":0.01735048032555412},"point_estimate":0.013231046910984645,"standard_error":0.0019619128130777186},"median":{"confidence_interval":{"confidence_level":0.95,"lower_bound":0.008382743717539378,"upper_bound":0.016601430469751488},"point_estimate":0.011957595020658518,"standard_error":0.0021444961017394906}}