{"mean":{"confidence_interval":{"confidence_level":0.95,"lower_bound":98062195.9763869,"upper_bound":102304000.23511906},"point_estimate":99567802.0584524,"standard_error":1267066.4955343097},"median":{"confidence_interval":{"confidence_level":0.95,"lower_bound":98147774.64583334,"upper_bound":98499007.57142857},"point_estimate":98459031.20833334,"standard_error":343310.68854096904},"median_abs_dev":{"confidence_interval":{"confidence_level":0.95,"lower_bound":4945.503437215543,"upper_bound":883496.1503148079},"point_estimate":123799.59968961775,"standard_error":464937.9587825062},"slope":{"confidence_interval":{"confidence_level":0.95,"lower_bound":98302394.81063607,"upper_bound":99042164.90178701},"point_estimate":98518134.48311688,"standard_error":200834.44469045202},"std_dev":{"confidence_interval":{"confidence_level":0.95,"lower_bound":135818.19218140285,"upper_bound":6457527.423786368},"point_estimate":4198426.517203749,"standard_error":2255542.0912293117}}