{"mean":{"confidence_interval":{"confidence_level":0.95,"lower_bound":1410186691.3,"upper_bound":1415060858.8},"point_estimate":1412694120.1,"standard_error":1246214.6848311618},"median":{"confidence_interval":{"confidence_level":0.95,"lower_bound":1409106072.0,"upper_bound":1416076657.5},"point_estimate":1413766393.0,"standard_error":1667708.5860623957},"median_abs_dev":{"confidence_interval":{"confidence_level":0.95,"lower_bound":725338.3155226707,"upper_bound":7103311.420691013},"point_estimate":4110525.476923585,"standard_error":1834494.151857757},"slope":null,"std_dev":{"confidence_interval":{"confidence_level":0.95,"lower_bound":2190627.228953297,"upper_bound":5107494.924666683},"point_estimate":4168692.6402563467,"standard_error":715330.5538163214}}