{"mean":{"confidence_interval":{"confidence_level":0.95,"lower_bound":0.06330659520499723,"upper_bound":0.18676738159425724},"point_estimate":0.11007623847315262,"standard_error":0.03259270648809208},"median":{"confidence_interval":{"confidence_level":0.95,"lower_bound":0.06558855245002482,"upper_bound":0.10694570444741269},"point_estimate":0.09631053407742107,"standard_error":0.012891258143252704}}