{"mean":{"confidence_interval":{"confidence_level":0.95,"lower_bound":-0.023208009851435837,"upper_bound":-0.01986665037596599},"point_estimate":-0.021485049426800518,"standard_error":0.0008551574718024305},"median":{"confidence_interval":{"confidence_level":0.95,"lower_bound":-0.023060545983869196,"upper_bound":-0.019266431016473295},"point_estimate":-0.0207944971168198,"standard_error":0.0009264533131641359}}