{"mean":{"confidence_interval":{"confidence_level":0.95,"lower_bound":-0.021168471353106132,"upper_bound":-0.01661263740720324},"point_estimate":-0.019010050943108925,"standard_error":0.001163944726270781},"median":{"confidence_interval":{"confidence_level":0.95,"lower_bound":-0.02160952660996973,"upper_bound":-0.014360337070721263},"point_estimate":-0.019516824221515572,"standard_error":0.0016274994001376475}}