{"mean":{"confidence_interval":{"confidence_level":0.95,"lower_bound":0.002424471466819095,"upper_bound":0.0050099756193446796},"point_estimate":0.0037111791999040467,"standard_error":0.0006606590117403071},"median":{"confidence_interval":{"confidence_level":0.95,"lower_bound":0.0019589872239946793,"upper_bound":0.00555864883741175},"point_estimate":0.004031583346207235,"standard_error":0.0008963687853184481}}