{"mean":{"confidence_interval":{"confidence_level":0.95,"lower_bound":181305578.39999998,"upper_bound":181663503.31833333},"point_estimate":181487861.8,"standard_error":92064.45094035522},"median":{"confidence_interval":{"confidence_level":0.95,"lower_bound":181133273.0,"upper_bound":181738440.3333333},"point_estimate":181497523.33333334,"standard_error":132770.89148640074},"median_abs_dev":{"confidence_interval":{"confidence_level":0.95,"lower_bound":2446.2899565696716,"upper_bound":540037.534612432},"point_estimate":396130.4507672492,"standard_error":141845.72623923895},"slope":null,"std_dev":{"confidence_interval":{"confidence_level":0.95,"lower_bound":175518.4282736356,"upper_bound":372529.70118859585},"point_estimate":307723.73937240563,"standard_error":48834.73902735034}}