{"mean":{"confidence_interval":{"confidence_level":0.95,"lower_bound":-0.0056236688453668885,"upper_bound":0.0010405152724659403},"point_estimate":-0.0022529755781990346,"standard_error":0.0016986788759996742},"median":{"confidence_interval":{"confidence_level":0.95,"lower_bound":-0.006481478678399766,"upper_bound":0.00230915629011319},"point_estimate":-0.002225761688520289,"standard_error":0.0024626488779031022}}