{"mean":{"confidence_interval":{"confidence_level":0.95,"lower_bound":0.04033737542293794,"upper_bound":0.04745621102458461},"point_estimate":0.04403532822512024,"standard_error":0.0018187899670957424},"median":{"confidence_interval":{"confidence_level":0.95,"lower_bound":0.038243428227219045,"upper_bound":0.047821906129052794},"point_estimate":0.046217084217374804,"standard_error":0.0025588145119390727}}