{"mean":{"confidence_interval":{"confidence_level":0.95,"lower_bound":-0.05884283627801037,"upper_bound":-0.05095646748975963},"point_estimate":-0.05483956469501072,"standard_error":0.0020022784023894565},"median":{"confidence_interval":{"confidence_level":0.95,"lower_bound":-0.06050642557353869,"upper_bound":-0.049061845416101035},"point_estimate":-0.051094983643155345,"standard_error":0.0029226321611561094}}