{"mean":{"confidence_interval":{"confidence_level":0.95,"lower_bound":470392704.2425,"upper_bound":476559185.95},"point_estimate":473024126.1,"standard_error":1603892.616204152},"median":{"confidence_interval":{"confidence_level":0.95,"lower_bound":469572991.5,"upper_bound":475550892.75},"point_estimate":470752693.75,"standard_error":1331240.167572499},"median_abs_dev":{"confidence_interval":{"confidence_level":0.95,"lower_bound":279354.4522404671,"upper_bound":5735510.645574331},"point_estimate":2082299.4315817952,"standard_error":1540761.717102178},"slope":null,"std_dev":{"confidence_interval":{"confidence_level":0.95,"lower_bound":1139551.9794849576,"upper_bound":7602450.9308173545},"point_estimate":5348262.603758397,"standard_error":1830450.61437049}}