{"mean":{"confidence_interval":{"confidence_level":0.95,"lower_bound":1371167730.305,"upper_bound":1387581561.1975},"point_estimate":1379701456.6,"standard_error":4188566.116682668},"median":{"confidence_interval":{"confidence_level":0.95,"lower_bound":1365827428.0,"upper_bound":1391644671.0},"point_estimate":1386863895.0,"standard_error":8118903.213611982},"median_abs_dev":{"confidence_interval":{"confidence_level":0.95,"lower_bound":726706.0139983892,"upper_bound":21072921.38248086},"point_estimate":7814684.385761619,"standard_error":6403806.237217423},"slope":null,"std_dev":{"confidence_interval":{"confidence_level":0.95,"lower_bound":8110857.76249113,"upper_bound":16485546.274968272},"point_estimate":13962035.870968986,"standard_error":2153811.300261295}}