{"mean":{"confidence_interval":{"confidence_level":0.95,"lower_bound":-0.04132121950284699,"upper_bound":-0.03478481454505951},"point_estimate":-0.038354161662717434,"standard_error":0.0016839052289011486},"median":{"confidence_interval":{"confidence_level":0.95,"lower_bound":-0.0420496885895133,"upper_bound":-0.034714471406276814},"point_estimate":-0.040235133274221235,"standard_error":0.0017037935466546732}}