{"mean":{"confidence_interval":{"confidence_level":0.95,"lower_bound":440987696.36125,"upper_bound":442807427.53},"point_estimate":441817816.9,"standard_error":468426.6154200631},"median":{"confidence_interval":{"confidence_level":0.95,"lower_bound":440384078.5,"upper_bound":442673428.0},"point_estimate":441625355.25,"standard_error":455375.425339661},"median_abs_dev":{"confidence_interval":{"confidence_level":0.95,"lower_bound":155279.36694324017,"upper_bound":2366168.03009212},"point_estimate":1212336.824476719,"standard_error":697247.7782759483},"slope":null,"std_dev":{"confidence_interval":{"confidence_level":0.95,"lower_bound":676686.4237949579,"upper_bound":2128494.106702391},"point_estimate":1563306.8191921075,"standard_error":408781.26833184564}}