{"mean":{"confidence_interval":{"confidence_level":0.95,"lower_bound":-0.04547805272339986,"upper_bound":-0.038968141077693426},"point_estimate":-0.042355236789350825,"standard_error":0.0016671343487626171},"median":{"confidence_interval":{"confidence_level":0.95,"lower_bound":-0.04694704611726386,"upper_bound":-0.037294501531611624},"point_estimate":-0.041079454522059855,"standard_error":0.002577564122811991}}