{"mean":{"confidence_interval":{"confidence_level":0.95,"lower_bound":444602157.06,"upper_bound":446954663.2},"point_estimate":445689553.55,"standard_error":607189.6506932917},"median":{"confidence_interval":{"confidence_level":0.95,"lower_bound":444269555.5,"upper_bound":447045508.25},"point_estimate":445075844.5,"standard_error":672874.2215356567},"median_abs_dev":{"confidence_interval":{"confidence_level":0.95,"lower_bound":329784.34904515743,"upper_bound":3254309.166124463},"point_estimate":1561139.5953342319,"standard_error":726410.8775917094},"slope":null,"std_dev":{"confidence_interval":{"confidence_level":0.95,"lower_bound":820699.2198026802,"upper_bound":2639656.1619481873},"point_estimate":2023244.1298952347,"standard_error":474301.19191806467}}