{"mean":{"confidence_interval":{"confidence_level":0.95,"lower_bound":279001013.255,"upper_bound":279736756.18125},"point_estimate":279387599.85,"standard_error":188557.63812679105},"median":{"confidence_interval":{"confidence_level":0.95,"lower_bound":278918314.0,"upper_bound":279856127.25},"point_estimate":279495485.25,"standard_error":267371.7579970368},"median_abs_dev":{"confidence_interval":{"confidence_level":0.95,"lower_bound":97530.98601847887,"upper_bound":1067849.6733918786},"point_estimate":558141.8099910021,"standard_error":245978.12177167335},"slope":null,"std_dev":{"confidence_interval":{"confidence_level":0.95,"lower_bound":324645.18015690777,"upper_bound":804840.5261649597},"point_estimate":628705.8526507292,"standard_error":124832.29927477844}}