{"mean":{"confidence_interval":{"confidence_level":0.95,"lower_bound":-0.017506535075570668,"upper_bound":-0.012818187354888738},"point_estimate":-0.015228298970278553,"standard_error":0.0011984887943941329},"median":{"confidence_interval":{"confidence_level":0.95,"lower_bound":-0.017715027275521877,"upper_bound":-0.012135369957269493},"point_estimate":-0.015229508279182014,"standard_error":0.0013997622642773363}}