{"mean":{"confidence_interval":{"confidence_level":0.95,"lower_bound":767814908.2,"upper_bound":770809862.6225001},"point_estimate":769052324.6,"standard_error":798557.0142589088},"median":{"confidence_interval":{"confidence_level":0.95,"lower_bound":767620965.0,"upper_bound":769590990.5},"point_estimate":768233331.5,"standard_error":540919.0137777706},"median_abs_dev":{"confidence_interval":{"confidence_level":0.95,"lower_bound":197551.99869275093,"upper_bound":2479214.795485139},"point_estimate":948907.7198535204,"standard_error":617192.0686593471},"slope":null,"std_dev":{"confidence_interval":{"confidence_level":0.95,"lower_bound":600865.325284503,"upper_bound":3960775.790204643},"point_estimate":2662294.444317708,"standard_error":1048480.5664354517}}