{"mean":{"confidence_interval":{"confidence_level":0.95,"lower_bound":552040019.2,"upper_bound":555319835.765},"point_estimate":553417498.0,"standard_error":863325.0648740883},"median":{"confidence_interval":{"confidence_level":0.95,"lower_bound":551633612.0,"upper_bound":554230165.0},"point_estimate":552675626.5,"standard_error":613835.1452279998},"median_abs_dev":{"confidence_interval":{"confidence_level":0.95,"lower_bound":282638.41118216515,"upper_bound":2919334.234571457},"point_estimate":1670997.6588338614,"standard_error":716100.059932125},"slope":null,"std_dev":{"confidence_interval":{"confidence_level":0.95,"lower_bound":828371.4556521932,"upper_bound":4269808.987961095},"point_estimate":2878861.4613455166,"standard_error":1087944.7563477368}}