{"mean":{"confidence_interval":{"confidence_level":0.95,"lower_bound":-0.049056771748484634,"upper_bound":-0.04248975686161208},"point_estimate":-0.0457672379491052,"standard_error":0.0016944372080791097},"median":{"confidence_interval":{"confidence_level":0.95,"lower_bound":-0.04952748826924214,"upper_bound":-0.04143271797564829},"point_estimate":-0.04391461625508464,"standard_error":0.001986792775231603}}