{"mean":{"confidence_interval":{"confidence_level":0.95,"lower_bound":0.024326365195927364,"upper_bound":0.028051387758191215},"point_estimate":0.026111334555505072,"standard_error":0.0009634281373446654},"median":{"confidence_interval":{"confidence_level":0.95,"lower_bound":0.023768516300837206,"upper_bound":0.027635716480416125},"point_estimate":0.02492403030476642,"standard_error":0.0009759215029789597}}