{"mean":{"confidence_interval":{"confidence_level":0.95,"lower_bound":310220338.1,"upper_bound":351671817.8},"point_estimate":331432074.65,"standard_error":10663858.462480873},"median":{"confidence_interval":{"confidence_level":0.95,"lower_bound":292616752.0,"upper_bound":362578226.5},"point_estimate":345436453.0,"standard_error":21712720.113733266},"median_abs_dev":{"confidence_interval":{"confidence_level":0.95,"lower_bound":4817761.24676764,"upper_bound":55227035.08582413},"point_estimate":32631711.850771308,"standard_error":14985727.87018962},"slope":null,"std_dev":{"confidence_interval":{"confidence_level":0.95,"lower_bound":22747398.787221808,"upper_bound":40291627.88817691},"point_estimate":35520293.034931645,"standard_error":4515564.931029372}}