{"mean":{"confidence_interval":{"confidence_level":0.95,"lower_bound":459178796.4425,"upper_bound":467008551.88374996},"point_estimate":463234261.95,"standard_error":2005218.0840900363},"median":{"confidence_interval":{"confidence_level":0.95,"lower_bound":458284767.5,"upper_bound":469151216.25},"point_estimate":463548465.0,"standard_error":3279487.716612331},"median_abs_dev":{"confidence_interval":{"confidence_level":0.95,"lower_bound":1101573.6336931586,"upper_bound":12009831.48008287},"point_estimate":7856426.617370546,"standard_error":2633968.5386166116},"slope":null,"std_dev":{"confidence_interval":{"confidence_level":0.95,"lower_bound":3948404.817488966,"upper_bound":8364713.934852503},"point_estimate":6680856.652770526,"standard_error":1163281.8471931962}}