{"mean":{"confidence_interval":{"confidence_level":0.95,"lower_bound":1.1041248397325558,"upper_bound":1.1280757978722757},"point_estimate":1.117143886216145,"standard_error":0.00620975990006376},"median":{"confidence_interval":{"confidence_level":0.95,"lower_bound":1.098106015114213,"upper_bound":1.1332330895562435},"point_estimate":1.125852761904678,"standard_error":0.009832284687400408}}