{"mean":{"confidence_interval":{"confidence_level":0.95,"lower_bound":-0.015814167985249695,"upper_bound":-0.01071934715972366},"point_estimate":-0.013233743079217097,"standard_error":0.00128401787908791},"median":{"confidence_interval":{"confidence_level":0.95,"lower_bound":-0.01564969483188816,"upper_bound":-0.009946430408720341},"point_estimate":-0.012350409214438862,"standard_error":0.0014881477975906257}}