{"mean":{"confidence_interval":{"confidence_level":0.95,"lower_bound":972864338.2,"upper_bound":975843640.5125},"point_estimate":974207407.3,"standard_error":769500.8695431845},"median":{"confidence_interval":{"confidence_level":0.95,"lower_bound":972881186.5,"upper_bound":975585501.5},"point_estimate":973475604.5,"standard_error":577393.5605454845},"median_abs_dev":{"confidence_interval":{"confidence_level":0.95,"lower_bound":154597.37095534801,"upper_bound":3716520.086118579},"point_estimate":1028086.7127478123,"standard_error":920181.383446014},"slope":null,"std_dev":{"confidence_interval":{"confidence_level":0.95,"lower_bound":664840.7808488716,"upper_bound":3444985.4744279003},"point_estimate":2562128.715764992,"standard_error":719340.7095087353}}