{"mean":{"confidence_interval":{"confidence_level":0.95,"lower_bound":-0.01938993583706707,"upper_bound":-0.006744450289349643},"point_estimate":-0.013010612948105127,"standard_error":0.0032231555373612446},"median":{"confidence_interval":{"confidence_level":0.95,"lower_bound":-0.01984001046052153,"upper_bound":-0.005195115233773251},"point_estimate":-0.012483010055716393,"standard_error":0.003295633735455361}}