{"mean":{"confidence_interval":{"confidence_level":0.95,"lower_bound":1.0137680822132762,"upper_bound":1.0318151520135663},"point_estimate":1.0224255052813294,"standard_error":0.004724793066821822},"median":{"confidence_interval":{"confidence_level":0.95,"lower_bound":1.0107983655764516,"upper_bound":1.032064258853901},"point_estimate":1.0252444733035424,"standard_error":0.006270662661685902}}