{"mean":{"confidence_interval":{"confidence_level":0.95,"lower_bound":-0.005371724618682355,"upper_bound":0.0028152424311178007},"point_estimate":-0.0013011865058482064,"standard_error":0.002093426653260996},"median":{"confidence_interval":{"confidence_level":0.95,"lower_bound":-0.005774504781740575,"upper_bound":0.0034648172347324646},"point_estimate":-0.0010940049695268295,"standard_error":0.0021803894142930834}}