{"mean":{"confidence_interval":{"confidence_level":0.95,"lower_bound":903837038.6,"upper_bound":920623716.925},"point_estimate":912555880.9,"standard_error":4305139.444243047},"median":{"confidence_interval":{"confidence_level":0.95,"lower_bound":898410709.0,"upper_bound":921617008.0},"point_estimate":916994576.0,"standard_error":5735705.438761789},"median_abs_dev":{"confidence_interval":{"confidence_level":0.95,"lower_bound":2110805.751925707,"upper_bound":24534583.274424076},"point_estimate":8676702.110257745,"standard_error":6165050.476477129},"slope":null,"std_dev":{"confidence_interval":{"confidence_level":0.95,"lower_bound":7228281.655950426,"upper_bound":18137180.975467775},"point_estimate":14353523.832801357,"standard_error":2723383.7755689365}}