{"mean":{"confidence_interval":{"confidence_level":0.95,"lower_bound":0.043110954620643016,"upper_bound":0.049994241398270835},"point_estimate":0.046647325616212765,"standard_error":0.0017758510150128327},"median":{"confidence_interval":{"confidence_level":0.95,"lower_bound":0.046109828482819415,"upper_bound":0.05017851285621466},"point_estimate":0.048363228650541545,"standard_error":0.0012537861820146668}}