{"mean":{"confidence_interval":{"confidence_level":0.95,"lower_bound":423864290.75,"upper_bound":425938090.65749997},"point_estimate":424689202.3,"standard_error":561929.8702432134},"median":{"confidence_interval":{"confidence_level":0.95,"lower_bound":423640684.75,"upper_bound":424897170.25},"point_estimate":423996065.0,"standard_error":395175.7227314401},"median_abs_dev":{"confidence_interval":{"confidence_level":0.95,"lower_bound":36145.787358284,"upper_bound":1510817.1870276332},"point_estimate":853645.4824447632,"standard_error":376788.28402629343},"slope":null,"std_dev":{"confidence_interval":{"confidence_level":0.95,"lower_bound":432800.0834672643,"upper_bound":2835245.0040580975},"point_estimate":1873300.60855836,"standard_error":800652.5153530224}}