{"mean":{"confidence_interval":{"confidence_level":0.95,"lower_bound":-0.0239453489144868,"upper_bound":-0.013415067104643094},"point_estimate":-0.0190489552654729,"standard_error":0.002711252358376851},"median":{"confidence_interval":{"confidence_level":0.95,"lower_bound":-0.02520836042830965,"upper_bound":-0.015069231936533423},"point_estimate":-0.022322326080407406,"standard_error":0.0026384937089786345}}