{"mean":{"confidence_interval":{"confidence_level":0.95,"lower_bound":700401028.7,"upper_bound":710562164.1},"point_estimate":704924894.8,"standard_error":2625642.2981499517},"median":{"confidence_interval":{"confidence_level":0.95,"lower_bound":699405604.5,"upper_bound":706073557.0},"point_estimate":704891858.5,"standard_error":1579649.4001276437},"median_abs_dev":{"confidence_interval":{"confidence_level":0.95,"lower_bound":488426.9940286875,"upper_bound":12186774.597841501},"point_estimate":1969268.6041384935,"standard_error":3063739.572154517},"slope":null,"std_dev":{"confidence_interval":{"confidence_level":0.95,"lower_bound":1760478.1730071236,"upper_bound":12655838.010261294},"point_estimate":8770314.339176774,"standard_error":2929249.424803775}}