{"mean":{"confidence_interval":{"confidence_level":0.95,"lower_bound":314186400.6,"upper_bound":315892073.05},"point_estimate":315053490.9,"standard_error":435354.84685746743},"median":{"confidence_interval":{"confidence_level":0.95,"lower_bound":313814439.5,"upper_bound":315971062.0},"point_estimate":315103818.0,"standard_error":487536.33240535896},"median_abs_dev":{"confidence_interval":{"confidence_level":0.95,"lower_bound":143001.95656120777,"upper_bound":2564025.444379449},"point_estimate":1537247.126108408,"standard_error":595066.2194922403},"slope":null,"std_dev":{"confidence_interval":{"confidence_level":0.95,"lower_bound":732424.3028854232,"upper_bound":1910622.6776167904},"point_estimate":1454133.794449156,"standard_error":306365.51612279617}}