{"mean":{"confidence_interval":{"confidence_level":0.95,"lower_bound":-0.007025877916608047,"upper_bound":-0.0009157639060437594},"point_estimate":-0.0041887930909702,"standard_error":0.0015760854305353735},"median":{"confidence_interval":{"confidence_level":0.95,"lower_bound":-0.007315831760059899,"upper_bound":-0.001243866321113285},"point_estimate":-0.004243076802021184,"standard_error":0.0015216177269912529}}