{"mean":{"confidence_interval":{"confidence_level":0.95,"lower_bound":377003921.95,"upper_bound":378938101.05},"point_estimate":378054120.0,"standard_error":496143.23762262415},"median":{"confidence_interval":{"confidence_level":0.95,"lower_bound":376710088.75,"upper_bound":379294558.75},"point_estimate":378757387.0,"standard_error":588602.0177199492},"median_abs_dev":{"confidence_interval":{"confidence_level":0.95,"lower_bound":228729.59353923798,"upper_bound":2604549.720109999},"point_estimate":1159185.244770348,"standard_error":608847.7613624956},"slope":null,"std_dev":{"confidence_interval":{"confidence_level":0.95,"lower_bound":579177.6302091962,"upper_bound":2084074.3621700339},"point_estimate":1648371.1282941983,"standard_error":391971.3060707587}}