{"mean":{"confidence_interval":{"confidence_level":0.95,"lower_bound":-0.021996437011932532,"upper_bound":-0.013144467167995902},"point_estimate":-0.017754155118964943,"standard_error":0.002240982170638794},"median":{"confidence_interval":{"confidence_level":0.95,"lower_bound":-0.020487655774539038,"upper_bound":-0.015519774798098296},"point_estimate":-0.018082610698316626,"standard_error":0.0013425709286970086}}