{"mean":{"confidence_interval":{"confidence_level":0.95,"lower_bound":-0.013172627987603183,"upper_bound":-0.008049190065944317},"point_estimate":-0.010797956008697818,"standard_error":0.0013111405874792325},"median":{"confidence_interval":{"confidence_level":0.95,"lower_bound":-0.015344003302938836,"upper_bound":-0.007369615692223386},"point_estimate":-0.012568020319908668,"standard_error":0.0021979563979128204}}