{"mean":{"confidence_interval":{"confidence_level":0.95,"lower_bound":-0.02786114820865958,"upper_bound":-0.012326881866225905},"point_estimate":-0.020328810525379604,"standard_error":0.003986335290097201},"median":{"confidence_interval":{"confidence_level":0.95,"lower_bound":-0.0317315953833861,"upper_bound":-0.009990060619520236},"point_estimate":-0.02691381918122626,"standard_error":0.005797413669499535}}