{"mean":{"confidence_interval":{"confidence_level":0.95,"lower_bound":369996482.4025,"upper_bound":372441569.64375},"point_estimate":371257569.5,"standard_error":624774.4592777247},"median":{"confidence_interval":{"confidence_level":0.95,"lower_bound":370000792.0,"upper_bound":372896609.5},"point_estimate":371243309.75,"standard_error":790276.2689072907},"median_abs_dev":{"confidence_interval":{"confidence_level":0.95,"lower_bound":368326.017960906,"upper_bound":3594362.7438873053},"point_estimate":1735364.3660411239,"standard_error":785378.2826845247},"slope":null,"std_dev":{"confidence_interval":{"confidence_level":0.95,"lower_bound":1042021.8926860776,"upper_bound":2773005.7524305386},"point_estimate":2075973.2572249095,"standard_error":452161.70313097665}}