{"mean":{"confidence_interval":{"confidence_level":0.95,"lower_bound":-0.024150533877097455,"upper_bound":-0.019147297873764412},"point_estimate":-0.021703942138102672,"standard_error":0.001278662909831873},"median":{"confidence_interval":{"confidence_level":0.95,"lower_bound":-0.024803099621797386,"upper_bound":-0.01894214630122426},"point_estimate":-0.022314702416436738,"standard_error":0.001325006301079912}}