{"mean":{"confidence_interval":{"confidence_level":0.95,"lower_bound":-0.0088535077372972,"upper_bound":-0.0037052068581988605},"point_estimate":-0.006259401918655039,"standard_error":0.001310022537419258},"median":{"confidence_interval":{"confidence_level":0.95,"lower_bound":-0.009698585174874874,"upper_bound":-0.002335205357550052},"point_estimate":-0.006240719573633147,"standard_error":0.0018885908119661843}}