{"mean":{"confidence_interval":{"confidence_level":0.95,"lower_bound":-0.047171753794637325,"upper_bound":-0.0379342372473274},"point_estimate":-0.042308113656327806,"standard_error":0.0023603799576663058},"median":{"confidence_interval":{"confidence_level":0.95,"lower_bound":-0.04753420637309369,"upper_bound":-0.035557230115002},"point_estimate":-0.04025599696190496,"standard_error":0.002564197954949214}}