{"mean":{"confidence_interval":{"confidence_level":0.95,"lower_bound":422076173.62125003,"upper_bound":426143337.75},"point_estimate":423963367.2,"standard_error":1043391.754912183},"median":{"confidence_interval":{"confidence_level":0.95,"lower_bound":422486936.0,"upper_bound":425744012.0},"point_estimate":423106528.0,"standard_error":731340.8190981705},"median_abs_dev":{"confidence_interval":{"confidence_level":0.95,"lower_bound":117312.20551729202,"upper_bound":5764436.912360787},"point_estimate":948528.5449102521,"standard_error":1401228.5687466294},"slope":null,"std_dev":{"confidence_interval":{"confidence_level":0.95,"lower_bound":719965.2221751604,"upper_bound":4736527.044093984},"point_estimate":3487636.765586525,"standard_error":973139.902792751}}