{"mean":{"confidence_interval":{"confidence_level":0.95,"lower_bound":-0.019921843335883274,"upper_bound":-0.01532976938617261},"point_estimate":-0.018207540222032192,"standard_error":0.0011884196905251668},"median":{"confidence_interval":{"confidence_level":0.95,"lower_bound":-0.019917429964568023,"upper_bound":-0.01783127681509089},"point_estimate":-0.019006851558468707,"standard_error":0.0005633812273926163}}