{"mean":{"confidence_interval":{"confidence_level":0.95,"lower_bound":-0.02482792191028891,"upper_bound":-0.00957642978054826},"point_estimate":-0.018419834131765178,"standard_error":0.004106458639048364},"median":{"confidence_interval":{"confidence_level":0.95,"lower_bound":-0.027991779793382077,"upper_bound":-0.018030448334990457},"point_estimate":-0.02177997764927353,"standard_error":0.002280826047500989}}