{"mean":{"confidence_interval":{"confidence_level":0.95,"lower_bound":492447412.05,"upper_bound":497787344.05},"point_estimate":495183546.5,"standard_error":1366570.2288686016},"median":{"confidence_interval":{"confidence_level":0.95,"lower_bound":492630668.25,"upper_bound":499295216.0},"point_estimate":494966971.25,"standard_error":1435334.63639995},"median_abs_dev":{"confidence_interval":{"confidence_level":0.95,"lower_bound":634155.4519414902,"upper_bound":7996804.3719783425},"point_estimate":4138431.71492815,"standard_error":2080055.9516276335},"slope":null,"std_dev":{"confidence_interval":{"confidence_level":0.95,"lower_bound":2320066.58992873,"upper_bound":5993787.099045336},"point_estimate":4541877.39712079,"standard_error":965385.9093842158}}