{"mean":{"confidence_interval":{"confidence_level":0.95,"lower_bound":284312668.64124995,"upper_bound":314881062.18999994},"point_estimate":297217447.8,"standard_error":8064829.25304626},"median":{"confidence_interval":{"confidence_level":0.95,"lower_bound":282377235.25,"upper_bound":306975776.5},"point_estimate":286249919.0,"standard_error":5340240.012594325},"median_abs_dev":{"confidence_interval":{"confidence_level":0.95,"lower_bound":663737.0279163122,"upper_bound":29981403.535723686},"point_estimate":6156524.56009984,"standard_error":6655093.088578632},"slope":null,"std_dev":{"confidence_interval":{"confidence_level":0.95,"lower_bound":3529804.4999301825,"upper_bound":38422582.94549934},"point_estimate":27035829.032668,"standard_error":9774355.817153696}}