{"mean":{"confidence_interval":{"confidence_level":0.95,"lower_bound":0.026688719781683662,"upper_bound":0.033637181171076065},"point_estimate":0.030076594242402166,"standard_error":0.0017849951658794488},"median":{"confidence_interval":{"confidence_level":0.95,"lower_bound":0.025482367506681092,"upper_bound":0.03499627432117913},"point_estimate":0.028102192401941783,"standard_error":0.002635695007083147}}