{"mean":{"confidence_interval":{"confidence_level":0.95,"lower_bound":613551733.2,"upper_bound":619152595.6149999},"point_estimate":616249084.3,"standard_error":1436935.5953602474},"median":{"confidence_interval":{"confidence_level":0.95,"lower_bound":611541248.0,"upper_bound":619378267.0},"point_estimate":616760859.0,"standard_error":2497222.358332544},"median_abs_dev":{"confidence_interval":{"confidence_level":0.95,"lower_bound":485960.68897247314,"upper_bound":9731893.715724349},"point_estimate":5597929.074516892,"standard_error":2388749.750477972},"slope":null,"std_dev":{"confidence_interval":{"confidence_level":0.95,"lower_bound":2876850.507111784,"upper_bound":6139854.478915602},"point_estimate":4795522.819555666,"standard_error":905709.2221007367}}