{"mean":{"confidence_interval":{"confidence_level":0.95,"lower_bound":0.02921736617008772,"upper_bound":0.05668430965106006},"point_estimate":0.04134140843397205,"standard_error":0.006852125791044568},"median":{"confidence_interval":{"confidence_level":0.95,"lower_bound":0.028896376239799793,"upper_bound":0.05741788721741603},"point_estimate":0.03156955267889794,"standard_error":0.008077542720629577}}