{"mean":{"confidence_interval":{"confidence_level":0.95,"lower_bound":1209455868.8,"upper_bound":1214730104.3},"point_estimate":1211349784.4,"standard_error":1558264.8847919577},"median":{"confidence_interval":{"confidence_level":0.95,"lower_bound":1209329459.5,"upper_bound":1210457632.0},"point_estimate":1209796230.0,"standard_error":467829.09346106485},"median_abs_dev":{"confidence_interval":{"confidence_level":0.95,"lower_bound":221263.2200717926,"upper_bound":1424331.5708130598},"point_estimate":628740.996837616,"standard_error":509175.48665413354},"slope":null,"std_dev":{"confidence_interval":{"confidence_level":0.95,"lower_bound":384336.042084181,"upper_bound":7982634.72033921},"point_estimate":5194789.909053883,"standard_error":2729075.680026557}}