{"mean":{"confidence_interval":{"confidence_level":0.95,"lower_bound":612190690.3,"upper_bound":811553455.125},"point_estimate":713652085.35,"standard_error":51216838.490878336},"median":{"confidence_interval":{"confidence_level":0.95,"lower_bound":508274154.5,"upper_bound":870036328.5},"point_estimate":777223299.25,"standard_error":110851792.35508834},"median_abs_dev":{"confidence_interval":{"confidence_level":0.95,"lower_bound":5811668.099722266,"upper_bound":242515114.25139606},"point_estimate":144034811.68612093,"standard_error":84018352.16753185},"slope":null,"std_dev":{"confidence_interval":{"confidence_level":0.95,"lower_bound":113521372.46854223,"upper_bound":189653165.67599347},"point_estimate":170623118.67185095,"standard_error":20807751.243503574}}