{"mean":{"confidence_interval":{"confidence_level":0.95,"lower_bound":666805771.0125,"upper_bound":684962983.0},"point_estimate":674894230.1,"standard_error":4667058.843010666},"median":{"confidence_interval":{"confidence_level":0.95,"lower_bound":665245461.5,"upper_bound":685301594.0},"point_estimate":666983137.5,"standard_error":4686346.995128186},"median_abs_dev":{"confidence_interval":{"confidence_level":0.95,"lower_bound":814200.9101450443,"upper_bound":20257366.858559847},"point_estimate":4341661.330220103,"standard_error":5132823.758999705},"slope":null,"std_dev":{"confidence_interval":{"confidence_level":0.95,"lower_bound":3072547.152653875,"upper_bound":20077679.36705998},"point_estimate":15570366.823632423,"standard_error":4426529.349903347}}