{"mean":{"confidence_interval":{"confidence_level":0.95,"lower_bound":292727299.05,"upper_bound":295826666.4},"point_estimate":294159578.25,"standard_error":778415.0834162481},"median":{"confidence_interval":{"confidence_level":0.95,"lower_bound":293362363.5,"upper_bound":294673181.75},"point_estimate":293788796.75,"standard_error":387007.97379033524},"median_abs_dev":{"confidence_interval":{"confidence_level":0.95,"lower_bound":166950.39393603802,"upper_bound":3688144.975872338},"point_estimate":722920.194965601,"standard_error":761963.78061057},"slope":null,"std_dev":{"confidence_interval":{"confidence_level":0.95,"lower_bound":479241.5909653089,"upper_bound":3863743.132251438},"point_estimate":2612243.205900962,"standard_error":896273.6239766886}}