{"mean":{"confidence_interval":{"confidence_level":0.95,"lower_bound":444677628.975,"upper_bound":449408416.55},"point_estimate":446870946.45,"standard_error":1218188.5917707768},"median":{"confidence_interval":{"confidence_level":0.95,"lower_bound":443664444.5,"upper_bound":450300400.0},"point_estimate":445360971.75,"standard_error":1664912.2643381073},"median_abs_dev":{"confidence_interval":{"confidence_level":0.95,"lower_bound":614594.7691887617,"upper_bound":6416544.426083565},"point_estimate":2537095.1278075576,"standard_error":1549145.8139096028},"slope":null,"std_dev":{"confidence_interval":{"confidence_level":0.95,"lower_bound":1399928.4662549966,"upper_bound":5041443.179198986},"point_estimate":4044813.2923039123,"standard_error":841992.734928635}}