{"mean":{"confidence_interval":{"confidence_level":0.95,"lower_bound":224568654.13333336,"upper_bound":225506087.9333333},"point_estimate":225069360.0,"standard_error":240147.860637972},"median":{"confidence_interval":{"confidence_level":0.95,"lower_bound":224472658.33333334,"upper_bound":225707745.66666666},"point_estimate":225309845.8333333,"standard_error":301968.88052226254},"median_abs_dev":{"confidence_interval":{"confidence_level":0.95,"lower_bound":87875.18303990364,"upper_bound":1378129.554933295},"point_estimate":678314.197957523,"standard_error":292976.18344124255},"slope":null,"std_dev":{"confidence_interval":{"confidence_level":0.95,"lower_bound":380573.818102466,"upper_bound":1054182.603565793},"point_estimate":800473.1029590587,"standard_error":180931.73634747483}}