{"mean":{"confidence_interval":{"confidence_level":0.95,"lower_bound":0.02970003169369991,"upper_bound":0.03950885011800742},"point_estimate":0.03467475346767168,"standard_error":0.002502986492262062},"median":{"confidence_interval":{"confidence_level":0.95,"lower_bound":0.029490952423082577,"upper_bound":0.04059281270825821},"point_estimate":0.03363647175196993,"standard_error":0.0025912879096672654}}