{"mean":{"confidence_interval":{"confidence_level":0.95,"lower_bound":-0.053940449200553804,"upper_bound":-0.03972498547399406},"point_estimate":-0.04728571551359129,"standard_error":0.0036965186454843957},"median":{"confidence_interval":{"confidence_level":0.95,"lower_bound":-0.05602171344256279,"upper_bound":-0.04341941065055698},"point_estimate":-0.05216252548558298,"standard_error":0.003041511438374566}}