{"mean":{"confidence_interval":{"confidence_level":0.95,"lower_bound":405706737.94625,"upper_bound":407750626.75},"point_estimate":406704499.65,"standard_error":523908.270778693},"median":{"confidence_interval":{"confidence_level":0.95,"lower_bound":405212889.25,"upper_bound":407645852.0},"point_estimate":406968300.75,"standard_error":624107.1024045974},"median_abs_dev":{"confidence_interval":{"confidence_level":0.95,"lower_bound":221193.5378730297,"upper_bound":3137678.956595063},"point_estimate":1593092.9606169462,"standard_error":706816.9432664288},"slope":null,"std_dev":{"confidence_interval":{"confidence_level":0.95,"lower_bound":914226.2048349672,"upper_bound":2305238.7652367884},"point_estimate":1745838.0969297788,"standard_error":367398.88916814444}}