{"mean":{"confidence_interval":{"confidence_level":0.95,"lower_bound":-0.04068389926280292,"upper_bound":-0.03467479751710319},"point_estimate":-0.03815162351548396,"standard_error":0.0015559126100190145},"median":{"confidence_interval":{"confidence_level":0.95,"lower_bound":-0.04131335009316439,"upper_bound":-0.0364603067761865},"point_estimate":-0.03928258085906777,"standard_error":0.001283657933633621}}