{"mean":{"confidence_interval":{"confidence_level":0.95,"lower_bound":0.012381217660028646,"upper_bound":0.0368605432890785},"point_estimate":0.023736441582151047,"standard_error":0.006278428983171952},"median":{"confidence_interval":{"confidence_level":0.95,"lower_bound":0.008631933632990973,"upper_bound":0.03324589466992878},"point_estimate":0.018950192637032348,"standard_error":0.006199352249745808}}