{"mean":{"confidence_interval":{"confidence_level":0.95,"lower_bound":698313447.2,"upper_bound":701091675.4},"point_estimate":699494009.7,"standard_error":727081.0131639196},"median":{"confidence_interval":{"confidence_level":0.95,"lower_bound":698188406.5,"upper_bound":700268029.5},"point_estimate":698551645.5,"standard_error":622670.6717836608},"median_abs_dev":{"confidence_interval":{"confidence_level":0.95,"lower_bound":86139.05847072601,"upper_bound":2685277.6593267918},"point_estimate":1176434.924814105,"standard_error":728337.5793156174},"slope":null,"std_dev":{"confidence_interval":{"confidence_level":0.95,"lower_bound":723999.722110206,"upper_bound":3530590.380711771},"point_estimate":2419477.1197832553,"standard_error":856581.2291978883}}