{"mean":{"confidence_interval":{"confidence_level":0.95,"lower_bound":0.00400975829439394,"upper_bound":0.011136899444169995},"point_estimate":0.007617699343073214,"standard_error":0.0017925821760060316},"median":{"confidence_interval":{"confidence_level":0.95,"lower_bound":0.004241599032951182,"upper_bound":0.012237861813769513},"point_estimate":0.008512551608221841,"standard_error":0.0018618595258889199}}