{"mean":{"confidence_interval":{"confidence_level":0.95,"lower_bound":717744997.75,"upper_bound":721347003.9325},"point_estimate":719276944.6,"standard_error":937981.793466486},"median":{"confidence_interval":{"confidence_level":0.95,"lower_bound":717178510.0,"upper_bound":720416459.0},"point_estimate":718079445.5,"standard_error":959030.3227051939},"median_abs_dev":{"confidence_interval":{"confidence_level":0.95,"lower_bound":184791.26071929932,"upper_bound":3871901.011160016},"point_estimate":1553010.1290285587,"standard_error":981843.3562603041},"slope":null,"std_dev":{"confidence_interval":{"confidence_level":0.95,"lower_bound":966887.3219588146,"upper_bound":4546998.332599271},"point_estimate":3128843.890199921,"standard_error":1082285.5501340174}}