{"mean":{"confidence_interval":{"confidence_level":0.95,"lower_bound":-0.006542954243811572,"upper_bound":-0.001447997955214697},"point_estimate":-0.004112214874008591,"standard_error":0.0012942658523908263},"median":{"confidence_interval":{"confidence_level":0.95,"lower_bound":-0.007214596773739217,"upper_bound":-0.0007247233950875565},"point_estimate":-0.0039365394622139505,"standard_error":0.001750157530262518}}