{"mean":{"confidence_interval":{"confidence_level":0.95,"lower_bound":0.014807145897823375,"upper_bound":0.028036586344295768},"point_estimate":0.02132232592912131,"standard_error":0.0033855552241189215},"median":{"confidence_interval":{"confidence_level":0.95,"lower_bound":0.01384468308307052,"upper_bound":0.029504538038709782},"point_estimate":0.018431934657868965,"standard_error":0.003872727069009706}}