{"mean":{"confidence_interval":{"confidence_level":0.95,"lower_bound":319757028.55375,"upper_bound":321370315.09250003},"point_estimate":320554732.55,"standard_error":413993.86289668357},"median":{"confidence_interval":{"confidence_level":0.95,"lower_bound":319220294.0,"upper_bound":321853931.0},"point_estimate":320460205.25,"standard_error":762925.5549446936},"median_abs_dev":{"confidence_interval":{"confidence_level":0.95,"lower_bound":262977.28228121996,"upper_bound":2253827.7235865593},"point_estimate":1883530.5889606476,"standard_error":536483.9329962409},"slope":null,"std_dev":{"confidence_interval":{"confidence_level":0.95,"lower_bound":899087.4993931412,"upper_bound":1614846.2285838756},"point_estimate":1382087.4906002884,"standard_error":183433.738801073}}