{"mean":{"confidence_interval":{"confidence_level":0.95,"lower_bound":231620413.39000002,"upper_bound":232875562.16666666},"point_estimate":232306519.6,"standard_error":322196.8623198827},"median":{"confidence_interval":{"confidence_level":0.95,"lower_bound":231943206.66666666,"upper_bound":232887049.33333334},"point_estimate":232451628.5,"standard_error":254691.4878618692},"median_abs_dev":{"confidence_interval":{"confidence_level":0.95,"lower_bound":177913.47944140434,"upper_bound":1458608.5409045662},"point_estimate":699670.5563783793,"standard_error":312639.1855264995},"slope":null,"std_dev":{"confidence_interval":{"confidence_level":0.95,"lower_bound":363564.9626638357,"upper_bound":1526052.29551611},"point_estimate":1068899.3560632467,"standard_error":328984.0505913955}}