{"mean":{"confidence_interval":{"confidence_level":0.95,"lower_bound":0.03457887132044399,"upper_bound":0.0400425139397885},"point_estimate":0.0374121216070209,"standard_error":0.0014013212062672837},"median":{"confidence_interval":{"confidence_level":0.95,"lower_bound":0.03386636203360016,"upper_bound":0.04165402150622621},"point_estimate":0.038894147387196654,"standard_error":0.001859322235310885}}