{"mean":{"confidence_interval":{"confidence_level":0.95,"lower_bound":1151714661.43,"upper_bound":1157941768.9},"point_estimate":1155303753.1,"standard_error":1629709.223881144},"median":{"confidence_interval":{"confidence_level":0.95,"lower_bound":1152753602.0,"upper_bound":1158471732.5},"point_estimate":1157171024.5,"standard_error":1418505.424895268},"median_abs_dev":{"confidence_interval":{"confidence_level":0.95,"lower_bound":254944.18497383595,"upper_bound":6560482.644528151},"point_estimate":1978421.4350759983,"standard_error":1581147.3790614868},"slope":null,"std_dev":{"confidence_interval":{"confidence_level":0.95,"lower_bound":1555293.008804893,"upper_bound":7911109.421704895},"point_estimate":5436379.163389921,"standard_error":1906625.388806442}}