{"mean":{"confidence_interval":{"confidence_level":0.95,"lower_bound":-0.027517307105423345,"upper_bound":-0.015577525100638765},"point_estimate":-0.021616318818135305,"standard_error":0.003043362490857738},"median":{"confidence_interval":{"confidence_level":0.95,"lower_bound":-0.027374362036697963,"upper_bound":-0.015538222496308207},"point_estimate":-0.023173232418071232,"standard_error":0.002716448486045796}}