{"mean":{"confidence_interval":{"confidence_level":0.95,"lower_bound":673492255.8900001,"upper_bound":677362421.6},"point_estimate":675366517.1,"standard_error":990118.7578976658},"median":{"confidence_interval":{"confidence_level":0.95,"lower_bound":672984540.5,"upper_bound":677634635.0},"point_estimate":674480196.5,"standard_error":1134840.1957621765},"median_abs_dev":{"confidence_interval":{"confidence_level":0.95,"lower_bound":283737.7590626478,"upper_bound":5423246.180418134},"point_estimate":3306392.903199792,"standard_error":1467822.3525951814},"slope":null,"std_dev":{"confidence_interval":{"confidence_level":0.95,"lower_bound":1680290.0280332856,"upper_bound":4283172.466709719},"point_estimate":3306483.4688999685,"standard_error":671715.8969967949}}