{"mean":{"confidence_interval":{"confidence_level":0.95,"lower_bound":-0.026832500500496664,"upper_bound":-0.008231926668927966},"point_estimate":-0.0176738142891254,"standard_error":0.004724592635750654},"median":{"confidence_interval":{"confidence_level":0.95,"lower_bound":-0.034958110954482424,"upper_bound":-0.006164265323370999},"point_estimate":-0.01973654328752117,"standard_error":0.00719599079918983}}