{"mean":{"confidence_interval":{"confidence_level":0.95,"lower_bound":244865670.34875,"upper_bound":247675962.66875},"point_estimate":246270855.35,"standard_error":718836.2921006221},"median":{"confidence_interval":{"confidence_level":0.95,"lower_bound":244829632.0,"upper_bound":248135972.75},"point_estimate":246017108.75,"standard_error":800877.9559891877},"median_abs_dev":{"confidence_interval":{"confidence_level":0.95,"lower_bound":487690.1418417692,"upper_bound":4125309.222561121},"point_estimate":2093305.8831363916,"standard_error":944318.2308992996},"slope":null,"std_dev":{"confidence_interval":{"confidence_level":0.95,"lower_bound":1237753.7800881718,"upper_bound":3100450.2546884646},"point_estimate":2387346.1039888468,"standard_error":475431.06396606134}}