{"mean":{"confidence_interval":{"confidence_level":0.95,"lower_bound":-0.02812788759981181,"upper_bound":-0.012268109657558044},"point_estimate":-0.021049793450316878,"standard_error":0.004182224721912889},"median":{"confidence_interval":{"confidence_level":0.95,"lower_bound":-0.027884340497187132,"upper_bound":-0.02052661115604748},"point_estimate":-0.026610980632406744,"standard_error":0.0019908772781061846}}