{"mean":{"confidence_interval":{"confidence_level":0.95,"lower_bound":150382877.82166666,"upper_bound":150946438.74316666},"point_estimate":150663207.5708333,"standard_error":144139.17548419535},"median":{"confidence_interval":{"confidence_level":0.95,"lower_bound":150402731.0208333,"upper_bound":150848014.25},"point_estimate":150705566.5,"standard_error":105126.24527284013},"median_abs_dev":{"confidence_interval":{"confidence_level":0.95,"lower_bound":59945.47053576252,"upper_bound":811002.274831827},"point_estimate":238631.70579342855,"standard_error":187976.61839636415},"slope":{"confidence_interval":{"confidence_level":0.95,"lower_bound":150115032.02116403,"upper_bound":151071705.29345372},"point_estimate":150577010.34025973,"standard_error":246393.04818985146},"std_dev":{"confidence_interval":{"confidence_level":0.95,"lower_bound":144381.56780259253,"upper_bound":666646.6671167862},"point_estimate":480920.18410156365,"standard_error":126948.56853479095}}