{"mean":{"confidence_interval":{"confidence_level":0.95,"lower_bound":-0.042252985092465944,"upper_bound":-0.03755857685649012},"point_estimate":-0.03998875735670748,"standard_error":0.0011947786545553713},"median":{"confidence_interval":{"confidence_level":0.95,"lower_bound":-0.043699376680407465,"upper_bound":-0.03709048361372391},"point_estimate":-0.04005018896267676,"standard_error":0.001902176629191395}}