{"mean":{"confidence_interval":{"confidence_level":0.95,"lower_bound":0.042411108213390156,"upper_bound":0.0484720549489567},"point_estimate":0.04508936956057408,"standard_error":0.0015502776192996013},"median":{"confidence_interval":{"confidence_level":0.95,"lower_bound":0.04156637179942524,"upper_bound":0.04762226143493953},"point_estimate":0.04366404179043326,"standard_error":0.0015222830025694914}}