{"mean":{"confidence_interval":{"confidence_level":0.95,"lower_bound":505701018.0,"upper_bound":507641291.0},"point_estimate":506702812.9,"standard_error":494125.89296607755},"median":{"confidence_interval":{"confidence_level":0.95,"lower_bound":506086270.0,"upper_bound":507570334.0},"point_estimate":506679960.5,"standard_error":346735.38235187304},"median_abs_dev":{"confidence_interval":{"confidence_level":0.95,"lower_bound":173383.3952218294,"upper_bound":2666045.372468233},"point_estimate":907029.4596970081,"standard_error":625098.7516191283},"slope":null,"std_dev":{"confidence_interval":{"confidence_level":0.95,"lower_bound":522512.3160186009,"upper_bound":2328341.9183758553},"point_estimate":1645306.6349479896,"standard_error":449697.4681848702}}