{"mean":{"confidence_interval":{"confidence_level":0.95,"lower_bound":0.004044274283342065,"upper_bound":0.009192681976005068},"point_estimate":0.006402668698204161,"standard_error":0.0013096414978434005},"median":{"confidence_interval":{"confidence_level":0.95,"lower_bound":0.004274427150371185,"upper_bound":0.008304433064206806},"point_estimate":0.006216201362973184,"standard_error":0.0010056651929821459}}