{"mean":{"confidence_interval":{"confidence_level":0.95,"lower_bound":384866047.6825,"upper_bound":388021923.85},"point_estimate":386510978.95,"standard_error":810239.201185003},"median":{"confidence_interval":{"confidence_level":0.95,"lower_bound":384315391.0,"upper_bound":388558098.25},"point_estimate":387423654.0,"standard_error":1463238.9360935863},"median_abs_dev":{"confidence_interval":{"confidence_level":0.95,"lower_bound":110795.06668299437,"upper_bound":4326916.87348187},"point_estimate":2779487.250754237,"standard_error":1200852.9097667655},"slope":null,"std_dev":{"confidence_interval":{"confidence_level":0.95,"lower_bound":1568797.0881467627,"upper_bound":3362842.3873046683},"point_estimate":2693513.085068338,"standard_error":469867.16811370855}}