{"mean":{"confidence_interval":{"confidence_level":0.95,"lower_bound":386653784.63874996,"upper_bound":389140483.51875},"point_estimate":387757506.35,"standard_error":642251.6229607502},"median":{"confidence_interval":{"confidence_level":0.95,"lower_bound":386412042.0,"upper_bound":389192795.0},"point_estimate":386752565.25,"standard_error":619576.2929772947},"median_abs_dev":{"confidence_interval":{"confidence_level":0.95,"lower_bound":111365.86767286062,"upper_bound":2579159.82491076},"point_estimate":678244.2686587572,"standard_error":676848.4804930532},"slope":null,"std_dev":{"confidence_interval":{"confidence_level":0.95,"lower_bound":454277.09980595973,"upper_bound":2813075.8213663693},"point_estimate":2146143.76244317,"standard_error":630859.6242119508}}