{"mean":{"confidence_interval":{"confidence_level":0.95,"lower_bound":-0.009348620723843641,"upper_bound":-0.0002699062667505308},"point_estimate":-0.004897714898295158,"standard_error":0.0023245439311310448},"median":{"confidence_interval":{"confidence_level":0.95,"lower_bound":-0.011282768926160314,"upper_bound":0.0015723597305532522},"point_estimate":-0.004726221074030534,"standard_error":0.0044684962722687}}