{"mean":{"confidence_interval":{"confidence_level":0.95,"lower_bound":-0.008735970649467637,"upper_bound":-0.0011744388752046337},"point_estimate":-0.005191109006379091,"standard_error":0.0019395115870576196},"median":{"confidence_interval":{"confidence_level":0.95,"lower_bound":-0.007830631350718709,"upper_bound":-0.0014524318698185823},"point_estimate":-0.006723696495421927,"standard_error":0.0014355594915143963}}