{"mean":{"confidence_interval":{"confidence_level":0.95,"lower_bound":0.030101327785160722,"upper_bound":0.04148364603270124},"point_estimate":0.03524529372968144,"standard_error":0.0028826490944847557},"median":{"confidence_interval":{"confidence_level":0.95,"lower_bound":0.027516610120040363,"upper_bound":0.03931499367221636},"point_estimate":0.03206090931869299,"standard_error":0.0030184046235832212}}