{"mean":{"confidence_interval":{"confidence_level":0.95,"lower_bound":263406226.75,"upper_bound":263909735.61625},"point_estimate":263683329.25,"standard_error":128913.70478292776},"median":{"confidence_interval":{"confidence_level":0.95,"lower_bound":263580457.25,"upper_bound":263852787.25},"point_estimate":263756812.25,"standard_error":66359.45835792621},"median_abs_dev":{"confidence_interval":{"confidence_level":0.95,"lower_bound":18092.90877878666,"upper_bound":545481.5181657672},"point_estimate":152064.71955031157,"standard_error":136981.76779374405},"slope":null,"std_dev":{"confidence_interval":{"confidence_level":0.95,"lower_bound":104773.1626311311,"upper_bound":621265.1571510729},"point_estimate":428786.88069957256,"standard_error":141815.8256694763}}