{"mean":{"confidence_interval":{"confidence_level":0.95,"lower_bound":467784037.125,"upper_bound":472137210.09125},"point_estimate":469961424.3,"standard_error":1112557.721782521},"median":{"confidence_interval":{"confidence_level":0.95,"lower_bound":467489206.5,"upper_bound":473036173.75},"point_estimate":469601004.5,"standard_error":1280059.4994650036},"median_abs_dev":{"confidence_interval":{"confidence_level":0.95,"lower_bound":721158.8661968708,"upper_bound":6429171.359409392},"point_estimate":3419879.2594850063,"standard_error":1533452.1097467449},"slope":null,"std_dev":{"confidence_interval":{"confidence_level":0.95,"lower_bound":1979830.1806506175,"upper_bound":4781946.632408243},"point_estimate":3720561.108098289,"standard_error":715272.0782698527}}