{"mean":{"confidence_interval":{"confidence_level":0.95,"lower_bound":-0.03136873578353786,"upper_bound":-0.027520347734110287},"point_estimate":-0.02950707812521891,"standard_error":0.0009841036849569627},"median":{"confidence_interval":{"confidence_level":0.95,"lower_bound":-0.031905040334169146,"upper_bound":-0.027305105545147645},"point_estimate":-0.030286736685021465,"standard_error":0.0012830710345983402}}