{"mean":{"confidence_interval":{"confidence_level":0.95,"lower_bound":-0.05494257730955809,"upper_bound":-0.045667983131398915},"point_estimate":-0.050713794304101945,"standard_error":0.00237063560759264},"median":{"confidence_interval":{"confidence_level":0.95,"lower_bound":-0.05684745170927974,"upper_bound":-0.04565903119159731},"point_estimate":-0.051864382827769506,"standard_error":0.002593121241025507}}