{"mean":{"confidence_interval":{"confidence_level":0.95,"lower_bound":0.01191396761080037,"upper_bound":0.026565541430271074},"point_estimate":0.020568624263512136,"standard_error":0.0038982286912252607},"median":{"confidence_interval":{"confidence_level":0.95,"lower_bound":0.01959238998614099,"upper_bound":0.027782361872258132},"point_estimate":0.022697143552314225,"standard_error":0.0021756124449688677}}