{"mean":{"confidence_interval":{"confidence_level":0.95,"lower_bound":1149108997.4675,"upper_bound":1157799394.1650002},"point_estimate":1153776771.7,"standard_error":2241948.818431089},"median":{"confidence_interval":{"confidence_level":0.95,"lower_bound":1147625131.5,"upper_bound":1158126298.0},"point_estimate":1155691207.0,"standard_error":2346253.2492404813},"median_abs_dev":{"confidence_interval":{"confidence_level":0.95,"lower_bound":506866.8312013149,"upper_bound":11009424.908843637},"point_estimate":3424969.025194645,"standard_error":2806309.558466986},"slope":null,"std_dev":{"confidence_interval":{"confidence_level":0.95,"lower_bound":2215528.549930875,"upper_bound":9574094.423102569},"point_estimate":7488822.463037535,"standard_error":1799087.786152153}}