{"mean":{"confidence_interval":{"confidence_level":0.95,"lower_bound":0.010397835191989868,"upper_bound":0.015997802418161462},"point_estimate":0.012874063074596709,"standard_error":0.001449897877897216},"median":{"confidence_interval":{"confidence_level":0.95,"lower_bound":0.009480970065185002,"upper_bound":0.015925388446871525},"point_estimate":0.011326743676531859,"standard_error":0.0015760159931110299}}