{"mean":{"confidence_interval":{"confidence_level":0.95,"lower_bound":-0.0059644068050188435,"upper_bound":0.002169607438009617},"point_estimate":-0.0025891067455400263,"standard_error":0.0021472302187337585},"median":{"confidence_interval":{"confidence_level":0.95,"lower_bound":-0.006003385071498779,"upper_bound":-0.0025046173636561475},"point_estimate":-0.0045308870496333364,"standard_error":0.0008831355221188133}}