{"mean":{"confidence_interval":{"confidence_level":0.95,"lower_bound":369493531.05,"upper_bound":370452709.7275},"point_estimate":369971512.45,"standard_error":246467.47176202727},"median":{"confidence_interval":{"confidence_level":0.95,"lower_bound":369196076.75,"upper_bound":370703002.0},"point_estimate":370066543.75,"standard_error":404641.2238958063},"median_abs_dev":{"confidence_interval":{"confidence_level":0.95,"lower_bound":178552.4800300598,"upper_bound":1398890.896564722},"point_estimate":1025805.3620383143,"standard_error":309659.7577420226},"slope":null,"std_dev":{"confidence_interval":{"confidence_level":0.95,"lower_bound":514461.6614068847,"upper_bound":997428.9134059184},"point_estimate":821707.7299493566,"standard_error":123936.51309495009}}