{"mean":{"confidence_interval":{"confidence_level":0.95,"lower_bound":655536465.7950001,"upper_bound":664654128.9},"point_estimate":659351931.3,"standard_error":2398958.476817473},"median":{"confidence_interval":{"confidence_level":0.95,"lower_bound":654251559.0,"upper_bound":660553158.0},"point_estimate":657700306.5,"standard_error":1637556.6319138755},"median_abs_dev":{"confidence_interval":{"confidence_level":0.95,"lower_bound":565212.3292654753,"upper_bound":7687150.3947258},"point_estimate":4395435.231265426,"standard_error":1844138.173444392},"slope":null,"std_dev":{"confidence_interval":{"confidence_level":0.95,"lower_bound":2198284.417969539,"upper_bound":11894969.513563646},"point_estimate":7996891.075436643,"standard_error":3087280.2455965453}}