{"mean":{"confidence_interval":{"confidence_level":0.95,"lower_bound":-0.014372905709749553,"upper_bound":0.0007585278835249882},"point_estimate":-0.006758521822032071,"standard_error":0.0038725992948849593},"median":{"confidence_interval":{"confidence_level":0.95,"lower_bound":-0.017787731031134957,"upper_bound":0.007533819286691834},"point_estimate":-0.002541756643322457,"standard_error":0.0065590106200389756}}