{"mean":{"confidence_interval":{"confidence_level":0.95,"lower_bound":-0.0591689167586158,"upper_bound":-0.04606650668786708},"point_estimate":-0.05240807016398319,"standard_error":0.0033024635846708263},"median":{"confidence_interval":{"confidence_level":0.95,"lower_bound":-0.056965529189395236,"upper_bound":-0.048062360352748024},"point_estimate":-0.052052500976444205,"standard_error":0.002657771034304112}}