{"mean":{"confidence_interval":{"confidence_level":0.95,"lower_bound":0.019155625627403028,"upper_bound":0.0301965365954247},"point_estimate":0.024297877213054875,"standard_error":0.0028047326207966483},"median":{"confidence_interval":{"confidence_level":0.95,"lower_bound":0.01668985555048197,"upper_bound":0.03326533067667733},"point_estimate":0.02139502456569886,"standard_error":0.004182259441775926}}