{"mean":{"confidence_interval":{"confidence_level":0.95,"lower_bound":740146330.6,"upper_bound":748477325.2},"point_estimate":743513336.5,"standard_error":2231039.5834560236},"median":{"confidence_interval":{"confidence_level":0.95,"lower_bound":739066377.0,"upper_bound":744553870.0},"point_estimate":741249027.5,"standard_error":1643041.2911551169},"median_abs_dev":{"confidence_interval":{"confidence_level":0.95,"lower_bound":539584.847420454,"upper_bound":6597558.763369918},"point_estimate":3428935.721424222,"standard_error":1688171.8960561834},"slope":null,"std_dev":{"confidence_interval":{"confidence_level":0.95,"lower_bound":1718070.0851099563,"upper_bound":11113757.038629947},"point_estimate":7410980.242944162,"standard_error":3007365.0756657696}}