{"mean":{"confidence_interval":{"confidence_level":0.95,"lower_bound":0.02155988790784071,"upper_bound":0.027459098685036976},"point_estimate":0.024633212378152303,"standard_error":0.001517392948464084},"median":{"confidence_interval":{"confidence_level":0.95,"lower_bound":0.020315619994467182,"upper_bound":0.028862812057442566},"point_estimate":0.026533927259710266,"standard_error":0.0022794382711413294}}