{"mean":{"confidence_interval":{"confidence_level":0.95,"lower_bound":708910056.2975,"upper_bound":712932918.3},"point_estimate":710967906.0,"standard_error":1033083.7244682668},"median":{"confidence_interval":{"confidence_level":0.95,"lower_bound":707687697.0,"upper_bound":713714455.0},"point_estimate":712054558.0,"standard_error":2066296.003884326},"median_abs_dev":{"confidence_interval":{"confidence_level":0.95,"lower_bound":357435.57985424995,"upper_bound":5405889.3825262785},"point_estimate":4035875.826948881,"standard_error":1435328.623098874},"slope":null,"std_dev":{"confidence_interval":{"confidence_level":0.95,"lower_bound":2222225.996142179,"upper_bound":4017211.392565212},"point_estimate":3436743.2536595846,"standard_error":457008.51960834395}}