{"mean":{"confidence_interval":{"confidence_level":0.95,"lower_bound":97927128.60515872,"upper_bound":98271224.76527777},"point_estimate":98097600.06051588,"standard_error":87455.79727733841},"median":{"confidence_interval":{"confidence_level":0.95,"lower_bound":97953698.125,"upper_bound":98226722.83333334},"point_estimate":98081335.2638889,"standard_error":64755.07886341628},"median_abs_dev":{"confidence_interval":{"confidence_level":0.95,"lower_bound":39650.07712940498,"upper_bound":489477.57959316025},"point_estimate":185108.44445116818,"standard_error":105729.19821851894},"slope":{"confidence_interval":{"confidence_level":0.95,"lower_bound":97861439.50055468,"upper_bound":98236368.5530086},"point_estimate":98059866.92987013,"standard_error":95051.68086976929},"std_dev":{"confidence_interval":{"confidence_level":0.95,"lower_bound":98091.70666186762,"upper_bound":401876.5491394833},"point_estimate":290859.0915288091,"standard_error":78046.52670965582}}