{"mean":{"confidence_interval":{"confidence_level":0.95,"lower_bound":-0.014372843081058156,"upper_bound":-0.008372024596764728},"point_estimate":-0.011383641795024602,"standard_error":0.0015491416030366774},"median":{"confidence_interval":{"confidence_level":0.95,"lower_bound":-0.016996518960293083,"upper_bound":-0.007158668402997392},"point_estimate":-0.012489720647388958,"standard_error":0.002254336987880972}}