{"mean":{"confidence_interval":{"confidence_level":0.95,"lower_bound":864523784.3325,"upper_bound":869770981.635},"point_estimate":866576815.6,"standard_error":1438567.4146151228},"median":{"confidence_interval":{"confidence_level":0.95,"lower_bound":864037009.0,"upper_bound":866506979.0},"point_estimate":865387760.5,"standard_error":652060.573471749},"median_abs_dev":{"confidence_interval":{"confidence_level":0.95,"lower_bound":275516.0009086132,"upper_bound":3061084.87675488},"point_estimate":1652138.9871686697,"standard_error":742287.3246666874},"slope":null,"std_dev":{"confidence_interval":{"confidence_level":0.95,"lower_bound":820366.9219681588,"upper_bound":7333907.124455399},"point_estimate":4809784.474970906,"standard_error":2187636.1393131795}}