{"mean":{"confidence_interval":{"confidence_level":0.95,"lower_bound":458372108.65,"upper_bound":461300260.105},"point_estimate":459910736.35,"standard_error":744633.0200396142},"median":{"confidence_interval":{"confidence_level":0.95,"lower_bound":458577494.0,"upper_bound":460905161.75},"point_estimate":460429633.5,"standard_error":523426.94870949205},"median_abs_dev":{"confidence_interval":{"confidence_level":0.95,"lower_bound":208074.01070594788,"upper_bound":4191133.696192503},"point_estimate":1124777.8058812022,"standard_error":964380.1283966248},"slope":null,"std_dev":{"confidence_interval":{"confidence_level":0.95,"lower_bound":626047.0799849365,"upper_bound":3446375.56064095},"point_estimate":2479642.2337513063,"standard_error":684626.4752073812}}