{"mean":{"confidence_interval":{"confidence_level":0.95,"lower_bound":457473176.35625005,"upper_bound":460341753.1},"point_estimate":458588738.5,"standard_error":788204.5481327649},"median":{"confidence_interval":{"confidence_level":0.95,"lower_bound":457189604.5,"upper_bound":458712942.0},"point_estimate":457800463.75,"standard_error":452437.2396387751},"median_abs_dev":{"confidence_interval":{"confidence_level":0.95,"lower_bound":91175.8212313056,"upper_bound":1781690.426118672},"point_estimate":907722.5751847029,"standard_error":460498.1029179605},"slope":null,"std_dev":{"confidence_interval":{"confidence_level":0.95,"lower_bound":448853.2230544764,"upper_bound":4011614.6181784603},"point_estimate":2631813.379586149,"standard_error":1185992.8724579208}}