{"mean":{"confidence_interval":{"confidence_level":0.95,"lower_bound":1.8722718772766203,"upper_bound":2.285632664104499},"point_estimate":2.0852282729090823,"standard_error":0.10964712353242301},"median":{"confidence_interval":{"confidence_level":0.95,"lower_bound":1.6841261782809651,"upper_bound":2.372263251253834},"point_estimate":2.036439816491444,"standard_error":0.1577381676117477}}