{"mean":{"confidence_interval":{"confidence_level":0.95,"lower_bound":-0.02456429563674986,"upper_bound":-0.012073490825280853},"point_estimate":-0.01791273059342524,"standard_error":0.003003605556910449},"median":{"confidence_interval":{"confidence_level":0.95,"lower_bound":-0.026252266194500495,"upper_bound":-0.009454802301093856},"point_estimate":-0.012604056186226176,"standard_error":0.005089917492054423}}