{"mean":{"confidence_interval":{"confidence_level":0.95,"lower_bound":0.0036333593868606373,"upper_bound":0.0116653463757451},"point_estimate":0.007759126433144026,"standard_error":0.002057776101636681},"median":{"confidence_interval":{"confidence_level":0.95,"lower_bound":0.0015490917686773464,"upper_bound":0.0115942043293642},"point_estimate":0.009730112764355647,"standard_error":0.0028806362138939193}}