{"mean":{"confidence_interval":{"confidence_level":0.95,"lower_bound":-0.06149021573908027,"upper_bound":-0.026130885443578597},"point_estimate":-0.04073861748412111,"standard_error":0.009422216902113865},"median":{"confidence_interval":{"confidence_level":0.95,"lower_bound":-0.04569549033976017,"upper_bound":-0.02020917746767703},"point_estimate":-0.032125237701706166,"standard_error":0.0069231738623765}}