{"mean":{"confidence_interval":{"confidence_level":0.95,"lower_bound":290691291.15,"upper_bound":291507346.0725},"point_estimate":291065393.6,"standard_error":209811.2640434052},"median":{"confidence_interval":{"confidence_level":0.95,"lower_bound":290586057.0,"upper_bound":291595777.75},"point_estimate":290783019.25,"standard_error":234843.47004070348},"median_abs_dev":{"confidence_interval":{"confidence_level":0.95,"lower_bound":47135.930313169956,"upper_bound":1082637.4961793423},"point_estimate":378017.77398884296,"standard_error":245420.8566211702},"slope":null,"std_dev":{"confidence_interval":{"confidence_level":0.95,"lower_bound":210065.58943054616,"upper_bound":871626.1281764373},"point_estimate":700007.4958169217,"standard_error":165878.7637999418}}