{"mean":{"confidence_interval":{"confidence_level":0.95,"lower_bound":-0.02137478626126164,"upper_bound":0.02673042219924219},"point_estimate":0.004170034185916105,"standard_error":0.012398348542372867},"median":{"confidence_interval":{"confidence_level":0.95,"lower_bound":-0.024842234321630574,"upper_bound":0.034550816302242326},"point_estimate":0.03082961947416285,"standard_error":0.016936858112763565}}