{"mean":{"confidence_interval":{"confidence_level":0.95,"lower_bound":-0.02169158006229015,"upper_bound":-0.014077594807271292},"point_estimate":-0.017772692231994958,"standard_error":0.0020248218789677315},"median":{"confidence_interval":{"confidence_level":0.95,"lower_bound":-0.02270540192593673,"upper_bound":-0.011088623972593914},"point_estimate":-0.019036950727486013,"standard_error":0.0033734506182384483}}