{"mean":{"confidence_interval":{"confidence_level":0.95,"lower_bound":-0.03657575971210518,"upper_bound":-0.024412871184401188},"point_estimate":-0.030745536765635295,"standard_error":0.0031178955232632273},"median":{"confidence_interval":{"confidence_level":0.95,"lower_bound":-0.04018228317749506,"upper_bound":-0.02055148374128113},"point_estimate":-0.036446501218639016,"standard_error":0.006028835126246976}}