{"mean":{"confidence_interval":{"confidence_level":0.95,"lower_bound":0.030476618234552433,"upper_bound":0.04013969704493201},"point_estimate":0.03513350944929394,"standard_error":0.0024655674728089076},"median":{"confidence_interval":{"confidence_level":0.95,"lower_bound":0.02855049604913451,"upper_bound":0.04107371570676843},"point_estimate":0.03424324519412614,"standard_error":0.003287549188440221}}