{"mean":{"confidence_interval":{"confidence_level":0.95,"lower_bound":-0.010048741060948942,"upper_bound":-0.00031336270726748733},"point_estimate":-0.004386074119946515,"standard_error":0.002563770168907916},"median":{"confidence_interval":{"confidence_level":0.95,"lower_bound":-0.004952009657445355,"upper_bound":-0.001107456869168466},"point_estimate":-0.0034970849003468363,"standard_error":0.0011386004284461508}}