{"mean":{"confidence_interval":{"confidence_level":0.95,"lower_bound":0.10093919030710567,"upper_bound":0.20983402732802942},"point_estimate":0.14404663802055384,"standard_error":0.030260250137821642},"median":{"confidence_interval":{"confidence_level":0.95,"lower_bound":0.09002212197712556,"upper_bound":0.14607307167234906},"point_estimate":0.12032138479091659,"standard_error":0.017804260194740247}}