{"mean":{"confidence_interval":{"confidence_level":0.95,"lower_bound":-0.0027276269644546684,"upper_bound":0.02695898440753599},"point_estimate":0.008308292478552026,"standard_error":0.008481307488792424},"median":{"confidence_interval":{"confidence_level":0.95,"lower_bound":-0.001649097887947537,"upper_bound":0.0046464141777651236},"point_estimate":0.0007676730314636337,"standard_error":0.001505997054318478}}