{"mean":{"confidence_interval":{"confidence_level":0.95,"lower_bound":-0.010285221758145953,"upper_bound":0.006842389582762446},"point_estimate":-0.0030839254446320963,"standard_error":0.004653899495316489},"median":{"confidence_interval":{"confidence_level":0.95,"lower_bound":-0.012314662300149437,"upper_bound":-0.00252778752554339},"point_estimate":-0.005376513777697878,"standard_error":0.0024042467569396204}}