{"mean":{"confidence_interval":{"confidence_level":0.95,"lower_bound":-0.017542545823439396,"upper_bound":-0.008689092773088564},"point_estimate":-0.013716414099614882,"standard_error":0.0022731405933051484},"median":{"confidence_interval":{"confidence_level":0.95,"lower_bound":-0.01913777284779994,"upper_bound":-0.00950938447382177},"point_estimate":-0.015208295948722084,"standard_error":0.0027872359076377673}}