{"mean":{"confidence_interval":{"confidence_level":0.95,"lower_bound":-0.01781632377704505,"upper_bound":-0.00777023864724014},"point_estimate":-0.013135454290963078,"standard_error":0.0025763382785754575},"median":{"confidence_interval":{"confidence_level":0.95,"lower_bound":-0.02078555170417118,"upper_bound":-0.009045020271709947},"point_estimate":-0.013904623925478199,"standard_error":0.0032145369474626544}}