{"mean":{"confidence_interval":{"confidence_level":0.95,"lower_bound":-0.00033450665842062985,"upper_bound":0.008933345440237828},"point_estimate":0.00471099809258102,"standard_error":0.002404954617728192},"median":{"confidence_interval":{"confidence_level":0.95,"lower_bound":0.004222242694652705,"upper_bound":0.01020543242353722},"point_estimate":0.007089611836266219,"standard_error":0.001498336060488356}}