{"mean":{"confidence_interval":{"confidence_level":0.95,"lower_bound":0.00022019880975464036,"upper_bound":0.011718844485496744},"point_estimate":0.0050843464342069655,"standard_error":0.0030139359039314233},"median":{"confidence_interval":{"confidence_level":0.95,"lower_bound":-0.0012395149410632245,"upper_bound":0.007720866718609054},"point_estimate":0.0024960259933484163,"standard_error":0.0023131978392932797}}