{"mean":{"confidence_interval":{"confidence_level":0.95,"lower_bound":-0.03670756112529217,"upper_bound":-0.02941230620173342},"point_estimate":-0.03269896275496209,"standard_error":0.0018761866070030261},"median":{"confidence_interval":{"confidence_level":0.95,"lower_bound":-0.03546186338329527,"upper_bound":-0.029223417925999806},"point_estimate":-0.03079726472728861,"standard_error":0.0013722027367274565}}