{"mean":{"confidence_interval":{"confidence_level":0.95,"lower_bound":658997857.06,"upper_bound":661546056.9475},"point_estimate":660258520.9,"standard_error":652492.8352164008},"median":{"confidence_interval":{"confidence_level":0.95,"lower_bound":658533968.0,"upper_bound":662192507.0},"point_estimate":660226263.5,"standard_error":934837.0400286388},"median_abs_dev":{"confidence_interval":{"confidence_level":0.95,"lower_bound":695951.7014443874,"upper_bound":3707884.682571888},"point_estimate":2712074.9125510454,"standard_error":769196.1127240129},"slope":null,"std_dev":{"confidence_interval":{"confidence_level":0.95,"lower_bound":1247050.8928205376,"upper_bound":2758968.646036831},"point_estimate":2173793.0275616525,"standard_error":389006.06843323656}}