{"mean":{"confidence_interval":{"confidence_level":0.95,"lower_bound":0.009915128341468682,"upper_bound":0.01249518551258219},"point_estimate":0.011189474600783234,"standard_error":0.0006612847703430751},"median":{"confidence_interval":{"confidence_level":0.95,"lower_bound":0.009758764163295242,"upper_bound":0.012980588262146542},"point_estimate":0.011161573821742321,"standard_error":0.0008046370617587757}}