{"mean":{"confidence_interval":{"confidence_level":0.95,"lower_bound":-0.012326915127001072,"upper_bound":-0.005279212435853073},"point_estimate":-0.008801843036639778,"standard_error":0.0017948602259176406},"median":{"confidence_interval":{"confidence_level":0.95,"lower_bound":-0.01299909453456849,"upper_bound":-0.0033505281680432653},"point_estimate":-0.007444448582888508,"standard_error":0.0029270325054763665}}