{"mean":{"confidence_interval":{"confidence_level":0.95,"lower_bound":-0.027456854318440818,"upper_bound":-0.022397154474735628},"point_estimate":-0.024617554350418347,"standard_error":0.0012977365307878556},"median":{"confidence_interval":{"confidence_level":0.95,"lower_bound":-0.025116498783225194,"upper_bound":-0.022822202192311125},"point_estimate":-0.023384248910258365,"standard_error":0.0006692069325577814}}