{"mean":{"confidence_interval":{"confidence_level":0.95,"lower_bound":-0.020228575270261232,"upper_bound":-0.0016777964220747728},"point_estimate":-0.009210554839350515,"standard_error":0.004913177478606914},"median":{"confidence_interval":{"confidence_level":0.95,"lower_bound":-0.009217440407809141,"upper_bound":-0.0022841594356146633},"point_estimate":-0.006095172415083061,"standard_error":0.001980628367383643}}