{"mean":{"confidence_interval":{"confidence_level":0.95,"lower_bound":-0.040700762046702615,"upper_bound":-0.023456187597406527},"point_estimate":-0.03152378598556449,"standard_error":0.004435646434748544},"median":{"confidence_interval":{"confidence_level":0.95,"lower_bound":-0.034553708691623775,"upper_bound":-0.024283688101871315},"point_estimate":-0.029284066983146895,"standard_error":0.0028763095362780516}}