{"mean":{"confidence_interval":{"confidence_level":0.95,"lower_bound":-0.005664858704695267,"upper_bound":-0.00007840770413300034},"point_estimate":-0.0026867906126699648,"standard_error":0.0014257719538080694},"median":{"confidence_interval":{"confidence_level":0.95,"lower_bound":-0.005298601573435313,"upper_bound":0.002110960979442522},"point_estimate":-0.0022243706887998815,"standard_error":0.0016863566744197943}}