{"mean":{"confidence_interval":{"confidence_level":0.95,"lower_bound":-0.3878367408322274,"upper_bound":-0.293774460198398},"point_estimate":-0.3469269368712987,"standard_error":0.024049836129730235},"median":{"confidence_interval":{"confidence_level":0.95,"lower_bound":-0.4098003835423002,"upper_bound":-0.29705913529738903},"point_estimate":-0.3428702091065172,"standard_error":0.026161071562424393}}