{"mean":{"confidence_interval":{"confidence_level":0.95,"lower_bound":-0.026094014960894113,"upper_bound":-0.008798153874354304},"point_estimate":-0.016485228622505455,"standard_error":0.004486786131964857},"median":{"confidence_interval":{"confidence_level":0.95,"lower_bound":-0.0253060863882254,"upper_bound":-0.00674328905773558},"point_estimate":-0.012406726137582758,"standard_error":0.0037747704163381616}}