{"mean":{"confidence_interval":{"confidence_level":0.95,"lower_bound":-0.01967503019880987,"upper_bound":-0.015714243713779538},"point_estimate":-0.017740694899300524,"standard_error":0.000990976313958485},"median":{"confidence_interval":{"confidence_level":0.95,"lower_bound":-0.020092590544094513,"upper_bound":-0.015326853943888774},"point_estimate":-0.01763488838374616,"standard_error":0.001182163142395093}}