{"mean":{"confidence_interval":{"confidence_level":0.95,"lower_bound":0.021929417142163343,"upper_bound":0.041631169537891026},"point_estimate":0.0321054072451592,"standard_error":0.005028982337961551},"median":{"confidence_interval":{"confidence_level":0.95,"lower_bound":0.02187215168289658,"upper_bound":0.043686574897122465},"point_estimate":0.030725550357018072,"standard_error":0.005158323571649147}}