{"mean":{"confidence_interval":{"confidence_level":0.95,"lower_bound":-0.05787394849725508,"upper_bound":-0.040243233908570854},"point_estimate":-0.048690302297192956,"standard_error":0.004507847160910322},"median":{"confidence_interval":{"confidence_level":0.95,"lower_bound":-0.05621409613745909,"upper_bound":-0.03827552536204759},"point_estimate":-0.04670462014060406,"standard_error":0.004134362386389752}}