{"mean":{"confidence_interval":{"confidence_level":0.95,"lower_bound":0.05454553134913344,"upper_bound":0.06491310168111335},"point_estimate":0.060058382971823976,"standard_error":0.002602930078520171},"median":{"confidence_interval":{"confidence_level":0.95,"lower_bound":0.05048211241522793,"upper_bound":0.06745029561347793},"point_estimate":0.06013262086421878,"standard_error":0.004039657660936371}}