{"mean":{"confidence_interval":{"confidence_level":0.95,"lower_bound":141887871.45130953,"upper_bound":142194549.2717014},"point_estimate":142041304.60551587,"standard_error":78145.63760024207},"median":{"confidence_interval":{"confidence_level":0.95,"lower_bound":141794519.47619048,"upper_bound":142214185.875},"point_estimate":142131204.80555555,"standard_error":131589.08087541265},"median_abs_dev":{"confidence_interval":{"confidence_level":0.95,"lower_bound":30067.86876618862,"upper_bound":453070.1310630752},"point_estimate":277189.3620789125,"standard_error":121121.97253480219},"slope":{"confidence_interval":{"confidence_level":0.95,"lower_bound":141862883.51685393,"upper_bound":142147421.45973155},"point_estimate":142039118.55844155,"standard_error":72169.88597449168},"std_dev":{"confidence_interval":{"confidence_level":0.95,"lower_bound":158556.78899975528,"upper_bound":323571.0817643953},"point_estimate":260606.30688389702,"standard_error":42342.20917302038}}