{"mean":{"confidence_interval":{"confidence_level":0.95,"lower_bound":496705762.57250005,"upper_bound":499814305.51},"point_estimate":498217727.0,"standard_error":797143.1648314334},"median":{"confidence_interval":{"confidence_level":0.95,"lower_bound":495721616.5,"upper_bound":500804431.0},"point_estimate":497568952.0,"standard_error":1536588.2599662878},"median_abs_dev":{"confidence_interval":{"confidence_level":0.95,"lower_bound":295130.79856038094,"upper_bound":4331140.80080688},"point_estimate":3102579.1435182095,"standard_error":1133343.3785744188},"slope":null,"std_dev":{"confidence_interval":{"confidence_level":0.95,"lower_bound":1685951.63585336,"upper_bound":3085393.024578629},"point_estimate":2658563.6503223563,"standard_error":357980.70960364566}}