{"mean":{"confidence_interval":{"confidence_level":0.95,"lower_bound":-0.02547434804295511,"upper_bound":-0.018716925913370625},"point_estimate":-0.02213477231936911,"standard_error":0.0017353029660295669},"median":{"confidence_interval":{"confidence_level":0.95,"lower_bound":-0.027948039438484118,"upper_bound":-0.019250692657373003},"point_estimate":-0.021785151655510537,"standard_error":0.0024154404011739873}}