{"mean":{"confidence_interval":{"confidence_level":0.95,"lower_bound":-0.018240742758792405,"upper_bound":-0.0025899380470649365},"point_estimate":-0.008740047572602827,"standard_error":0.004295785427305788},"median":{"confidence_interval":{"confidence_level":0.95,"lower_bound":-0.00885998229016871,"upper_bound":-0.0020846730151019566},"point_estimate":-0.004077309056571887,"standard_error":0.0020321513141976035}}