{"mean":{"confidence_interval":{"confidence_level":0.95,"lower_bound":389492815.9875,"upper_bound":391002266.8575},"point_estimate":390369224.0,"standard_error":397748.8764574188},"median":{"confidence_interval":{"confidence_level":0.95,"lower_bound":390019724.0,"upper_bound":391166222.0},"point_estimate":390687767.75,"standard_error":254977.6292561615},"median_abs_dev":{"confidence_interval":{"confidence_level":0.95,"lower_bound":102305.32858371735,"upper_bound":1397932.7663317323},"point_estimate":561574.028930068,"standard_error":361641.82879551913},"slope":null,"std_dev":{"confidence_interval":{"confidence_level":0.95,"lower_bound":328127.0226488517,"upper_bound":1938472.001211307},"point_estimate":1323617.1421415005,"standard_error":487975.7457752954}}