{"mean":{"confidence_interval":{"confidence_level":0.95,"lower_bound":845083540.1925,"upper_bound":846466836.5174999},"point_estimate":845733564.3,"standard_error":355346.56693070097},"median":{"confidence_interval":{"confidence_level":0.95,"lower_bound":844715774.0,"upper_bound":846544170.5},"point_estimate":845600114.0,"standard_error":491309.45705272857},"median_abs_dev":{"confidence_interval":{"confidence_level":0.95,"lower_bound":174657.68989920616,"upper_bound":1987569.818213582},"point_estimate":1179712.9533559084,"standard_error":454099.2593045054},"slope":null,"std_dev":{"confidence_interval":{"confidence_level":0.95,"lower_bound":595277.1227788395,"upper_bound":1541642.1834244512},"point_estimate":1183219.1335053376,"standard_error":256018.56540452535}}