{"mean":{"confidence_interval":{"confidence_level":0.95,"lower_bound":-0.018271685228594393,"upper_bound":-0.014022518670585344},"point_estimate":-0.016238270964575197,"standard_error":0.0010817247003324683},"median":{"confidence_interval":{"confidence_level":0.95,"lower_bound":-0.017354370956581988,"upper_bound":-0.013707422051262075},"point_estimate":-0.016078452865870507,"standard_error":0.000864359556548194}}