{"mean":{"confidence_interval":{"confidence_level":0.95,"lower_bound":524435406.9525,"upper_bound":525982404.0},"point_estimate":525134268.2,"standard_error":397633.05841072666},"median":{"confidence_interval":{"confidence_level":0.95,"lower_bound":524305724.0,"upper_bound":525831274.5},"point_estimate":524857881.0,"standard_error":329433.28002412606},"median_abs_dev":{"confidence_interval":{"confidence_level":0.95,"lower_bound":39437.9005998373,"upper_bound":1944738.9875739813},"point_estimate":774749.6661454439,"standard_error":488826.21528465947},"slope":null,"std_dev":{"confidence_interval":{"confidence_level":0.95,"lower_bound":441271.8896893187,"upper_bound":1782196.960264381},"point_estimate":1325727.457437597,"standard_error":356392.0107358006}}