{"mean":{"confidence_interval":{"confidence_level":0.95,"lower_bound":-0.05128911302976062,"upper_bound":-0.04042547188351761},"point_estimate":-0.04506150349716531,"standard_error":0.002844509315694227},"median":{"confidence_interval":{"confidence_level":0.95,"lower_bound":-0.04684210521448762,"upper_bound":-0.038503871476381124},"point_estimate":-0.04425383446531883,"standard_error":0.002445338038608578}}