{"mean":{"confidence_interval":{"confidence_level":0.95,"lower_bound":495030331.95,"upper_bound":501417398.34},"point_estimate":497489550.5,"standard_error":1786864.3671534157},"median":{"confidence_interval":{"confidence_level":0.95,"lower_bound":494581607.0,"upper_bound":497526532.5},"point_estimate":495764059.0,"standard_error":718108.502572432},"median_abs_dev":{"confidence_interval":{"confidence_level":0.95,"lower_bound":34239.90509212017,"upper_bound":3251930.705116689},"point_estimate":1498827.4010404944,"standard_error":1142286.311844787},"slope":null,"std_dev":{"confidence_interval":{"confidence_level":0.95,"lower_bound":906488.903683984,"upper_bound":9117387.649764575},"point_estimate":5949735.20582082,"standard_error":2796131.5574278645}}