{"mean":{"confidence_interval":{"confidence_level":0.95,"lower_bound":251770142.035,"upper_bound":254809769.23333335},"point_estimate":253334284.30000004,"standard_error":777105.5296765281},"median":{"confidence_interval":{"confidence_level":0.95,"lower_bound":250497687.5,"upper_bound":255493546.0},"point_estimate":254570164.0,"standard_error":1579336.8156606574},"median_abs_dev":{"confidence_interval":{"confidence_level":0.95,"lower_bound":348504.39761281013,"upper_bound":4142227.4179607704},"point_estimate":2006055.8630853966,"standard_error":1062446.4207143048},"slope":null,"std_dev":{"confidence_interval":{"confidence_level":0.95,"lower_bound":1570115.0503130336,"upper_bound":2907003.9669715986},"point_estimate":2593225.585160083,"standard_error":326055.45072069665}}