{"mean":{"confidence_interval":{"confidence_level":0.95,"lower_bound":220358818.7,"upper_bound":221000260.06666666},"point_estimate":220662244.9333333,"standard_error":165061.46010161107},"median":{"confidence_interval":{"confidence_level":0.95,"lower_bound":220293805.6666667,"upper_bound":221064349.83333334},"point_estimate":220580251.5,"standard_error":179551.3276644306},"median_abs_dev":{"confidence_interval":{"confidence_level":0.95,"lower_bound":113706.02818134392,"upper_bound":920857.9167515113},"point_estimate":393726.41490995145,"standard_error":211144.90097990437},"slope":null,"std_dev":{"confidence_interval":{"confidence_level":0.95,"lower_bound":227583.17374557556,"upper_bound":705695.205289561},"point_estimate":549948.7323483682,"standard_error":120279.33515201569}}