{"mean":{"confidence_interval":{"confidence_level":0.95,"lower_bound":1.0886899588645675,"upper_bound":1.1243323550622135},"point_estimate":1.1062254009538717,"standard_error":0.009116186434149205},"median":{"confidence_interval":{"confidence_level":0.95,"lower_bound":1.0829930025167909,"upper_bound":1.1416183024887716},"point_estimate":1.101380997671424,"standard_error":0.014658423703622981}}