{"mean":{"confidence_interval":{"confidence_level":0.95,"lower_bound":-0.05436287516061769,"upper_bound":-0.04574216999823678},"point_estimate":-0.04995147666322053,"standard_error":0.002107543574325189},"median":{"confidence_interval":{"confidence_level":0.95,"lower_bound":-0.054879581936637445,"upper_bound":-0.0463623498474639},"point_estimate":-0.04906953339124742,"standard_error":0.0021812022106577227}}