{"mean":{"confidence_interval":{"confidence_level":0.95,"lower_bound":-0.041358486967977545,"upper_bound":-0.015501836334729862},"point_estimate":-0.02698981120265942,"standard_error":0.006679564954089819},"median":{"confidence_interval":{"confidence_level":0.95,"lower_bound":-0.03904900850568471,"upper_bound":-0.015684256193942092},"point_estimate":-0.019444451778928395,"standard_error":0.005264158060241067}}