{"mean":{"confidence_interval":{"confidence_level":0.95,"lower_bound":1168103924.1,"upper_bound":1169554543.7575},"point_estimate":1168779675.0,"standard_error":372626.7444448278},"median":{"confidence_interval":{"confidence_level":0.95,"lower_bound":1167818657.5,"upper_bound":1169593133.5},"point_estimate":1168420644.0,"standard_error":442891.19980352075},"median_abs_dev":{"confidence_interval":{"confidence_level":0.95,"lower_bound":182086.99836730957,"upper_bound":2051824.9597728252},"point_estimate":1302124.561482668,"standard_error":475073.46196007804},"slope":null,"std_dev":{"confidence_interval":{"confidence_level":0.95,"lower_bound":591413.8782423016,"upper_bound":1638505.260037107},"point_estimate":1237232.8855549656,"standard_error":283693.24192651076}}