{"mean":{"confidence_interval":{"confidence_level":0.95,"lower_bound":-0.40326467089946694,"upper_bound":-0.3722551381276827},"point_estimate":-0.3882704268337863,"standard_error":0.007937120630714925},"median":{"confidence_interval":{"confidence_level":0.95,"lower_bound":-0.4085668021047134,"upper_bound":-0.36953743311831655},"point_estimate":-0.39013032901976263,"standard_error":0.008957322542053229}}