{"mean":{"confidence_interval":{"confidence_level":0.95,"lower_bound":0.022434816111722926,"upper_bound":0.027991084991721},"point_estimate":0.02507203565296745,"standard_error":0.0014249730119410494},"median":{"confidence_interval":{"confidence_level":0.95,"lower_bound":0.02120021616817347,"upper_bound":0.029265680593258514},"point_estimate":0.023038031997497432,"standard_error":0.0022260598178059803}}