{"mean":{"confidence_interval":{"confidence_level":0.95,"lower_bound":0.15392044214329692,"upper_bound":0.2919674269007987},"point_estimate":0.21568590427092205,"standard_error":0.03670476883232999},"median":{"confidence_interval":{"confidence_level":0.95,"lower_bound":0.14167412508424748,"upper_bound":0.257841892434427},"point_estimate":0.19298549692073186,"standard_error":0.025182419080978503}}