{"mean":{"confidence_interval":{"confidence_level":0.95,"lower_bound":-0.008897808642906473,"upper_bound":-0.0013205127356194061},"point_estimate":-0.005186553801176608,"standard_error":0.0019405292494086978},"median":{"confidence_interval":{"confidence_level":0.95,"lower_bound":-0.010016509157200648,"upper_bound":-0.0017114465256495848},"point_estimate":-0.007089168775559429,"standard_error":0.0020604764804077495}}