{"mean":{"confidence_interval":{"confidence_level":0.95,"lower_bound":-0.02488500445103159,"upper_bound":-0.0160095676481842},"point_estimate":-0.020464968216436508,"standard_error":0.0022667256018004548},"median":{"confidence_interval":{"confidence_level":0.95,"lower_bound":-0.02663095002613547,"upper_bound":-0.015899615270726697},"point_estimate":-0.02178242658595264,"standard_error":0.0027365222266251725}}