{"mean":{"confidence_interval":{"confidence_level":0.95,"lower_bound":0.017718974864139328,"upper_bound":0.02561418639262528},"point_estimate":0.022470481033667555,"standard_error":0.0020612754471573316},"median":{"confidence_interval":{"confidence_level":0.95,"lower_bound":0.021446991983710806,"upper_bound":0.02649502085816202},"point_estimate":0.023235458766103,"standard_error":0.0012717130823135536}}