{"mean":{"confidence_interval":{"confidence_level":0.95,"lower_bound":397847959.41375,"upper_bound":399800189.225},"point_estimate":398781324.05,"standard_error":500970.3436313872},"median":{"confidence_interval":{"confidence_level":0.95,"lower_bound":397320917.75,"upper_bound":400277698.5},"point_estimate":398643384.5,"standard_error":748827.5053963248},"median_abs_dev":{"confidence_interval":{"confidence_level":0.95,"lower_bound":407889.1982585192,"upper_bound":2858691.4478480816},"point_estimate":2164633.7678700686,"standard_error":642964.6639096749},"slope":null,"std_dev":{"confidence_interval":{"confidence_level":0.95,"lower_bound":939727.4389878339,"upper_bound":2091526.9028503227},"point_estimate":1667823.736181549,"standard_error":298489.3215174139}}