{"mean":{"confidence_interval":{"confidence_level":0.95,"lower_bound":-0.030904840762600007,"upper_bound":-0.022060239048944757},"point_estimate":-0.02702907605514926,"standard_error":0.0024027653071821867},"median":{"confidence_interval":{"confidence_level":0.95,"lower_bound":-0.03213746356148217,"upper_bound":-0.02529523869488126},"point_estimate":-0.02708767205459406,"standard_error":0.0016943560856286944}}