{"mean":{"confidence_interval":{"confidence_level":0.95,"lower_bound":399403529.72,"upper_bound":400718406.74125004},"point_estimate":400069964.6,"standard_error":335954.0555435641},"median":{"confidence_interval":{"confidence_level":0.95,"lower_bound":399076936.25,"upper_bound":400990764.25},"point_estimate":400123977.25,"standard_error":409514.0464910431},"median_abs_dev":{"confidence_interval":{"confidence_level":0.95,"lower_bound":244351.00816190243,"upper_bound":2155473.153282702},"point_estimate":880407.1532696486,"standard_error":474977.4003637997},"slope":null,"std_dev":{"confidence_interval":{"confidence_level":0.95,"lower_bound":613685.2465551326,"upper_bound":1407021.4518645613},"point_estimate":1120288.0823330865,"standard_error":203949.65247215464}}