{"mean":{"confidence_interval":{"confidence_level":0.95,"lower_bound":881061907.4,"upper_bound":882473914.6},"point_estimate":881709373.6,"standard_error":362031.0897521506},"median":{"confidence_interval":{"confidence_level":0.95,"lower_bound":880788304.0,"upper_bound":882580739.0},"point_estimate":881307028.0,"standard_error":451122.9869692959},"median_abs_dev":{"confidence_interval":{"confidence_level":0.95,"lower_bound":118591.68929457664,"upper_bound":2006995.5843687057},"point_estimate":1034461.1513346434,"standard_error":438648.3757460597},"slope":null,"std_dev":{"confidence_interval":{"confidence_level":0.95,"lower_bound":551355.5142691985,"upper_bound":1612467.234217555},"point_estimate":1200720.792105975,"standard_error":295507.336023544}}