{"mean":{"confidence_interval":{"confidence_level":0.95,"lower_bound":-0.03450341837850469,"upper_bound":-0.024465026919176423},"point_estimate":-0.028953821877253372,"standard_error":0.0025851826420174185},"median":{"confidence_interval":{"confidence_level":0.95,"lower_bound":-0.03210860395222048,"upper_bound":-0.023702605676509947},"point_estimate":-0.027751402701588712,"standard_error":0.0020943302661600633}}