{"mean":{"confidence_interval":{"confidence_level":0.95,"lower_bound":245748748.6666667,"upper_bound":246369498.18833327},"point_estimate":246043794.53333336,"standard_error":158990.39754582773},"median":{"confidence_interval":{"confidence_level":0.95,"lower_bound":245728439.1666667,"upper_bound":246257148.8333333},"point_estimate":246043666.3333333,"standard_error":123388.37975044032},"median_abs_dev":{"confidence_interval":{"confidence_level":0.95,"lower_bound":50317.71340667465,"upper_bound":839723.8686919212},"point_estimate":293857.49228299403,"standard_error":206829.48539579916},"slope":null,"std_dev":{"confidence_interval":{"confidence_level":0.95,"lower_bound":199946.43290948262,"upper_bound":735790.4454142299},"point_estimate":528434.2254907701,"standard_error":139768.5814695192}}