{"mean":{"confidence_interval":{"confidence_level":0.95,"lower_bound":0.01710990680531338,"upper_bound":0.03316937840518316},"point_estimate":0.023906522831445898,"standard_error":0.003967242876207424},"median":{"confidence_interval":{"confidence_level":0.95,"lower_bound":0.012505169725566558,"upper_bound":0.027678954563713054},"point_estimate":0.024057709883875678,"standard_error":0.0037512462362893424}}