{"mean":{"confidence_interval":{"confidence_level":0.95,"lower_bound":187673383.21416664,"upper_bound":187877061.6},"point_estimate":187770265.10000002,"standard_error":52237.4048851878},"median":{"confidence_interval":{"confidence_level":0.95,"lower_bound":187661767.33333334,"upper_bound":187905849.5},"point_estimate":187740468.5,"standard_error":45659.58705771657},"median_abs_dev":{"confidence_interval":{"confidence_level":0.95,"lower_bound":6416.939786061817,"upper_bound":292822.3904013634},"point_estimate":93076.14374756813,"standard_error":78124.34503917902},"slope":null,"std_dev":{"confidence_interval":{"confidence_level":0.95,"lower_bound":59027.13396707675,"upper_bound":227968.75273421296},"point_estimate":174284.61258442534,"standard_error":39968.63222232664}}