{"mean":{"confidence_interval":{"confidence_level":0.95,"lower_bound":983305727.5,"upper_bound":985036373.2475},"point_estimate":984119533.2,"standard_error":444565.6903261326},"median":{"confidence_interval":{"confidence_level":0.95,"lower_bound":983069901.0,"upper_bound":984986101.0},"point_estimate":983877153.0,"standard_error":602640.50563788},"median_abs_dev":{"confidence_interval":{"confidence_level":0.95,"lower_bound":160214.20095562935,"upper_bound":2473955.272078514},"point_estimate":1249825.1061111689,"standard_error":584940.3356572138},"slope":null,"std_dev":{"confidence_interval":{"confidence_level":0.95,"lower_bound":737605.5524227568,"upper_bound":1965988.0371764016},"point_estimate":1479422.9991044032,"standard_error":334747.98351902835}}