{"mean":{"confidence_interval":{"confidence_level":0.95,"lower_bound":-0.0037784440974850814,"upper_bound":0.0027998773391366416},"point_estimate":-0.00047679504078201873,"standard_error":0.0016868455007334417},"median":{"confidence_interval":{"confidence_level":0.95,"lower_bound":-0.0070194444952624835,"upper_bound":0.004203846358260321},"point_estimate":0.00046687104662779255,"standard_error":0.003385935454082582}}