{"mean":{"confidence_interval":{"confidence_level":0.95,"lower_bound":491044374.52875,"upper_bound":493743209.6175},"point_estimate":492366679.25,"standard_error":691134.5615958618},"median":{"confidence_interval":{"confidence_level":0.95,"lower_bound":490706408.0,"upper_bound":494262746.0},"point_estimate":491967212.75,"standard_error":913203.3678812652},"median_abs_dev":{"confidence_interval":{"confidence_level":0.95,"lower_bound":642745.6361889839,"upper_bound":3997686.6461768746},"point_estimate":2210615.1234537363,"standard_error":849645.0403832465},"slope":null,"std_dev":{"confidence_interval":{"confidence_level":0.95,"lower_bound":1256731.8410925188,"upper_bound":2922864.482181552},"point_estimate":2300956.121533059,"standard_error":424795.03131040436}}