{"mean":{"confidence_interval":{"confidence_level":0.95,"lower_bound":309974302.1,"upper_bound":314503001.21875},"point_estimate":311992068.65,"standard_error":1176552.6236002587},"median":{"confidence_interval":{"confidence_level":0.95,"lower_bound":309391518.5,"upper_bound":314234390.75},"point_estimate":310804470.75,"standard_error":891305.3054769748},"median_abs_dev":{"confidence_interval":{"confidence_level":0.95,"lower_bound":188557.80595242977,"upper_bound":5166341.998279095},"point_estimate":1075008.0367147923,"standard_error":1438934.2969777936},"slope":null,"std_dev":{"confidence_interval":{"confidence_level":0.95,"lower_bound":1053543.6559668693,"upper_bound":5254764.211638539},"point_estimate":3916371.930841719,"standard_error":1120559.625700131}}