{"mean":{"confidence_interval":{"confidence_level":0.95,"lower_bound":-0.03856153070048671,"upper_bound":-0.03197596825915513},"point_estimate":-0.03524844329606269,"standard_error":0.001690359874390828},"median":{"confidence_interval":{"confidence_level":0.95,"lower_bound":-0.04088905750733163,"upper_bound":-0.029792472122087688},"point_estimate":-0.0364396050543222,"standard_error":0.0024761547777845954}}