{"mean":{"confidence_interval":{"confidence_level":0.95,"lower_bound":-0.012801758684148713,"upper_bound":-0.007421682589617751},"point_estimate":-0.009956923908678417,"standard_error":0.0013777230073570592},"median":{"confidence_interval":{"confidence_level":0.95,"lower_bound":-0.015107619158280516,"upper_bound":-0.006285852915594803},"point_estimate":-0.008279490490005315,"standard_error":0.00213599741295668}}