{"mean":{"confidence_interval":{"confidence_level":0.95,"lower_bound":504325602.6,"upper_bound":512952116.005},"point_estimate":508508970.5,"standard_error":2214029.9620129997},"median":{"confidence_interval":{"confidence_level":0.95,"lower_bound":502127504.0,"upper_bound":514278220.0},"point_estimate":507605174.5,"standard_error":2771000.5122033656},"median_abs_dev":{"confidence_interval":{"confidence_level":0.95,"lower_bound":601976.3608127832,"upper_bound":12229102.085790038},"point_estimate":8304668.851062655,"standard_error":3116741.8002602872},"slope":null,"std_dev":{"confidence_interval":{"confidence_level":0.95,"lower_bound":3765164.4014463625,"upper_bound":9153732.120288884},"point_estimate":7352273.644193962,"standard_error":1342335.3762254696}}