{"mean":{"confidence_interval":{"confidence_level":0.95,"lower_bound":-0.004408157258279166,"upper_bound":0.012531643056405216},"point_estimate":0.005393706642200513,"standard_error":0.004460415221855412},"median":{"confidence_interval":{"confidence_level":0.95,"lower_bound":0.003726223821950647,"upper_bound":0.012720349333378289},"point_estimate":0.008096485626810868,"standard_error":0.002424245610209152}}