{"mean":{"confidence_interval":{"confidence_level":0.95,"lower_bound":548452874.215,"upper_bound":552757930.7},"point_estimate":550496123.4,"standard_error":1105157.5448299628},"median":{"confidence_interval":{"confidence_level":0.95,"lower_bound":547939332.5,"upper_bound":553127561.0},"point_estimate":549293682.0,"standard_error":1313404.048879759},"median_abs_dev":{"confidence_interval":{"confidence_level":0.95,"lower_bound":413037.5266671181,"upper_bound":5997816.680717468},"point_estimate":2717809.609249234,"standard_error":1474841.6381645596},"slope":null,"std_dev":{"confidence_interval":{"confidence_level":0.95,"lower_bound":1575786.2075487142,"upper_bound":4597711.2946307445},"point_estimate":3667001.3233895195,"standard_error":741326.979428166}}