{"mean":{"confidence_interval":{"confidence_level":0.95,"lower_bound":-0.022802714148828198,"upper_bound":-0.006338139536896753},"point_estimate":-0.015038299908728403,"standard_error":0.004283324118591909},"median":{"confidence_interval":{"confidence_level":0.95,"lower_bound":-0.028508757397244566,"upper_bound":-0.001645700729170696},"point_estimate":-0.02327472887878168,"standard_error":0.0069944870982161095}}