{"mean":{"confidence_interval":{"confidence_level":0.95,"lower_bound":-0.038180674426980345,"upper_bound":-0.024473193119893343},"point_estimate":-0.03088625880874607,"standard_error":0.0035026335734914776},"median":{"confidence_interval":{"confidence_level":0.95,"lower_bound":-0.038167206245734775,"upper_bound":-0.02305010317150713},"point_estimate":-0.03173208694005525,"standard_error":0.00411727393581123}}