{"mean":{"confidence_interval":{"confidence_level":0.95,"lower_bound":-0.021093001423927882,"upper_bound":-0.014174154497723817},"point_estimate":-0.017717192319325115,"standard_error":0.001769853414039026},"median":{"confidence_interval":{"confidence_level":0.95,"lower_bound":-0.02365047383684704,"upper_bound":-0.0125302531757987},"point_estimate":-0.016838718354460602,"standard_error":0.0029842096846810513}}