{"mean":{"confidence_interval":{"confidence_level":0.95,"lower_bound":362037614.02375,"upper_bound":363108919.20625},"point_estimate":362555246.35,"standard_error":275539.68859166576},"median":{"confidence_interval":{"confidence_level":0.95,"lower_bound":361799947.0,"upper_bound":363351455.5},"point_estimate":362383508.75,"standard_error":397085.29661031597},"median_abs_dev":{"confidence_interval":{"confidence_level":0.95,"lower_bound":249282.87697434425,"upper_bound":1561819.738072157},"point_estimate":989830.0736770034,"standard_error":342775.0471725684},"slope":null,"std_dev":{"confidence_interval":{"confidence_level":0.95,"lower_bound":498141.4415051797,"upper_bound":1119535.6916563583},"point_estimate":919740.1895399909,"standard_error":154676.81599381304}}