{"mean":{"confidence_interval":{"confidence_level":0.95,"lower_bound":377976725.8175,"upper_bound":378982871.0225},"point_estimate":378367540.8,"standard_error":277650.5973846541},"median":{"confidence_interval":{"confidence_level":0.95,"lower_bound":377927352.5,"upper_bound":378410907.0},"point_estimate":378021716.0,"standard_error":151129.05794474157},"median_abs_dev":{"confidence_interval":{"confidence_level":0.95,"lower_bound":45105.88029921055,"upper_bound":596341.7396128178},"point_estimate":262409.07584130764,"standard_error":163595.38935074667},"slope":null,"std_dev":{"confidence_interval":{"confidence_level":0.95,"lower_bound":151965.40935576975,"upper_bound":1406721.6647402146},"point_estimate":923303.3454505501,"standard_error":417502.0557435909}}