{"mean":{"confidence_interval":{"confidence_level":0.95,"lower_bound":685509304.8725,"upper_bound":693766252.3},"point_estimate":689528685.2,"standard_error":2125709.7606614213},"median":{"confidence_interval":{"confidence_level":0.95,"lower_bound":683417815.0,"upper_bound":696915404.0},"point_estimate":687646520.0,"standard_error":4262489.021754864},"median_abs_dev":{"confidence_interval":{"confidence_level":0.95,"lower_bound":737829.2203009129,"upper_bound":10851619.932845235},"point_estimate":8122092.594704032,"standard_error":3119559.151649888},"slope":null,"std_dev":{"confidence_interval":{"confidence_level":0.95,"lower_bound":4573823.702632717,"upper_bound":8149951.743553108},"point_estimate":7095215.205599801,"standard_error":916496.4944183822}}