{"mean":{"confidence_interval":{"confidence_level":0.95,"lower_bound":0.008044604018280232,"upper_bound":0.015495127031251577},"point_estimate":0.011642039472474996,"standard_error":0.0018960539069597688},"median":{"confidence_interval":{"confidence_level":0.95,"lower_bound":0.007265247882408898,"upper_bound":0.014664137395492993},"point_estimate":0.011827322170214538,"standard_error":0.0019937562101596334}}