{"mean":{"confidence_interval":{"confidence_level":0.95,"lower_bound":-0.01659007109278166,"upper_bound":-0.012400143152710538},"point_estimate":-0.014472194520114612,"standard_error":0.001070941157511933},"median":{"confidence_interval":{"confidence_level":0.95,"lower_bound":-0.016856161459871344,"upper_bound":-0.012567526906234527},"point_estimate":-0.014489673307084283,"standard_error":0.0010816663478618123}}