{"mean":{"confidence_interval":{"confidence_level":0.95,"lower_bound":0.09998862879859768,"upper_bound":0.18146042855883757},"point_estimate":0.13518420710454127,"standard_error":0.020713302832326252},"median":{"confidence_interval":{"confidence_level":0.95,"lower_bound":0.10494698917649492,"upper_bound":0.17716724041838594},"point_estimate":0.1205115085714672,"standard_error":0.017985684197064696}}