{"mean":{"confidence_interval":{"confidence_level":0.95,"lower_bound":0.018027868987249847,"upper_bound":0.037189917801612384},"point_estimate":0.02685342521791112,"standard_error":0.004888162685784176},"median":{"confidence_interval":{"confidence_level":0.95,"lower_bound":0.014221894610339403,"upper_bound":0.036412118449454134},"point_estimate":0.02654214832643631,"standard_error":0.005152677915058827}}