{"mean":{"confidence_interval":{"confidence_level":0.95,"lower_bound":-0.527319408921698,"upper_bound":-0.41154158723422923},"point_estimate":-0.4726942089031795,"standard_error":0.02974413005584611},"median":{"confidence_interval":{"confidence_level":0.95,"lower_bound":-0.5684775477679866,"upper_bound":-0.3844104582297967},"point_estimate":-0.4368804536060559,"standard_error":0.04594911943458732}}