{"mean":{"confidence_interval":{"confidence_level":0.95,"lower_bound":649647982.3,"upper_bound":652482058.85},"point_estimate":651089897.2,"standard_error":725084.351624056},"median":{"confidence_interval":{"confidence_level":0.95,"lower_bound":648538136.0,"upper_bound":653066128.0},"point_estimate":652023037.5,"standard_error":1411259.53428144},"median_abs_dev":{"confidence_interval":{"confidence_level":0.95,"lower_bound":307856.6954344511,"upper_bound":3716801.038813591},"point_estimate":2812398.0049699545,"standard_error":965900.093551836},"slope":null,"std_dev":{"confidence_interval":{"confidence_level":0.95,"lower_bound":1576922.5738177826,"upper_bound":2794779.5812212615},"point_estimate":2421716.5019634687,"standard_error":310803.0900802301}}