{"mean":{"confidence_interval":{"confidence_level":0.95,"lower_bound":-0.035458831938895395,"upper_bound":-0.02264763701351403},"point_estimate":-0.029188571414012432,"standard_error":0.003270205477883483},"median":{"confidence_interval":{"confidence_level":0.95,"lower_bound":-0.038997190103718826,"upper_bound":-0.024673919689172208},"point_estimate":-0.03103670396316982,"standard_error":0.0033392904575840552}}