{"mean":{"confidence_interval":{"confidence_level":0.95,"lower_bound":-0.03116760828419812,"upper_bound":-0.016471439782182667},"point_estimate":-0.023824380405135015,"standard_error":0.0037383206430195927},"median":{"confidence_interval":{"confidence_level":0.95,"lower_bound":-0.033138670841299844,"upper_bound":-0.013984242247707668},"point_estimate":-0.019761068272282523,"standard_error":0.005336313489510522}}