{"mean":{"confidence_interval":{"confidence_level":0.95,"lower_bound":343324773.82624996,"upper_bound":347552264.24249995},"point_estimate":345349404.5,"standard_error":1081667.2788468774},"median":{"confidence_interval":{"confidence_level":0.95,"lower_bound":341908514.5,"upper_bound":347298562.0},"point_estimate":345523956.5,"standard_error":1177691.800923698},"median_abs_dev":{"confidence_interval":{"confidence_level":0.95,"lower_bound":248527.86293774843,"upper_bound":6713778.663356602},"point_estimate":2631279.885685444,"standard_error":1632010.7850931592},"slope":null,"std_dev":{"confidence_interval":{"confidence_level":0.95,"lower_bound":1791430.678779735,"upper_bound":4870579.916808369},"point_estimate":3611284.140931281,"standard_error":836127.3570135686}}