{"mean":{"confidence_interval":{"confidence_level":0.95,"lower_bound":-0.012606683899839469,"upper_bound":-0.006128041332501353},"point_estimate":-0.009438289325658933,"standard_error":0.0016544656540487467},"median":{"confidence_interval":{"confidence_level":0.95,"lower_bound":-0.013807272911936175,"upper_bound":-0.0052357757796109555},"point_estimate":-0.009515853069516522,"standard_error":0.002121065289235117}}