{"mean":{"confidence_interval":{"confidence_level":0.95,"lower_bound":495673420.55,"upper_bound":498766313.65},"point_estimate":497272512.8,"standard_error":796189.6852392136},"median":{"confidence_interval":{"confidence_level":0.95,"lower_bound":494540505.0,"upper_bound":499484026.75},"point_estimate":497837054.75,"standard_error":1268782.399835235},"median_abs_dev":{"confidence_interval":{"confidence_level":0.95,"lower_bound":695644.0619498491,"upper_bound":4259198.00773412},"point_estimate":2914528.757406771,"standard_error":1011809.0104792842},"slope":null,"std_dev":{"confidence_interval":{"confidence_level":0.95,"lower_bound":1465170.7218824895,"upper_bound":3147937.663482609},"point_estimate":2655112.842028054,"standard_error":409748.8159437955}}