{"mean":{"confidence_interval":{"confidence_level":0.95,"lower_bound":-0.04137228244613684,"upper_bound":-0.011400679031987456},"point_estimate":-0.028142227310281598,"standard_error":0.008063939379478196},"median":{"confidence_interval":{"confidence_level":0.95,"lower_bound":-0.04820656713523186,"upper_bound":-0.02554793213704165},"point_estimate":-0.031371186560315456,"standard_error":0.006849100836403522}}