{"mean":{"confidence_interval":{"confidence_level":0.95,"lower_bound":0.01028882908074395,"upper_bound":0.017521498080548984},"point_estimate":0.01357631105895063,"standard_error":0.0018526889088740961},"median":{"confidence_interval":{"confidence_level":0.95,"lower_bound":0.007698721430285271,"upper_bound":0.01710308980729236},"point_estimate":0.010652864218172464,"standard_error":0.0024489322700416917}}