{"mean":{"confidence_interval":{"confidence_level":0.95,"lower_bound":535950236.6,"upper_bound":539221529.2},"point_estimate":537560045.9,"standard_error":840853.5459497106},"median":{"confidence_interval":{"confidence_level":0.95,"lower_bound":534689502.0,"upper_bound":540463325.0},"point_estimate":537290932.0,"standard_error":1406557.073137201},"median_abs_dev":{"confidence_interval":{"confidence_level":0.95,"lower_bound":382518.2062089443,"upper_bound":4703389.77829814},"point_estimate":3997873.0831235647,"standard_error":1088572.6528740462},"slope":null,"std_dev":{"confidence_interval":{"confidence_level":0.95,"lower_bound":1719981.1468711058,"upper_bound":3351859.422777652},"point_estimate":2812786.3183013406,"standard_error":410767.9368574245}}