{"mean":{"confidence_interval":{"confidence_level":0.95,"lower_bound":-0.019937899946921515,"upper_bound":-0.013617930718029523},"point_estimate":-0.016620855745410168,"standard_error":0.0016183507638384577},"median":{"confidence_interval":{"confidence_level":0.95,"lower_bound":-0.020077170531916377,"upper_bound":-0.012361912846185485},"point_estimate":-0.015637118470878786,"standard_error":0.0018919453453037983}}