{"mean":{"confidence_interval":{"confidence_level":0.95,"lower_bound":0.021144698907391332,"upper_bound":0.03625453417173421},"point_estimate":0.028998495866831675,"standard_error":0.003877244783732721},"median":{"confidence_interval":{"confidence_level":0.95,"lower_bound":0.021152578204440387,"upper_bound":0.04044054514658879},"point_estimate":0.036056539182406144,"standard_error":0.005394785600713963}}