{"mean":{"confidence_interval":{"confidence_level":0.95,"lower_bound":984432233.9475,"upper_bound":992244242.8},"point_estimate":987730920.9,"standard_error":2040315.13099423},"median":{"confidence_interval":{"confidence_level":0.95,"lower_bound":983570456.0,"upper_bound":989955198.0},"point_estimate":984990196.0,"standard_error":1700894.5277260365},"median_abs_dev":{"confidence_interval":{"confidence_level":0.95,"lower_bound":544175.7182389498,"upper_bound":8054298.487007618},"point_estimate":2238872.7376520634,"standard_error":2004777.396435882},"slope":null,"std_dev":{"confidence_interval":{"confidence_level":0.95,"lower_bound":1048630.9939538308,"upper_bound":9795462.87062712},"point_estimate":6792016.690479288,"standard_error":2382158.3474083776}}