{"mean":{"confidence_interval":{"confidence_level":0.95,"lower_bound":-0.017560479114970162,"upper_bound":-0.0028585893774220237},"point_estimate":-0.008971608303011913,"standard_error":0.0038857643145876297},"median":{"confidence_interval":{"confidence_level":0.95,"lower_bound":-0.01155533794947039,"upper_bound":-0.002274611938142712},"point_estimate":-0.004790266660785636,"standard_error":0.002600430915573197}}