{"mean":{"confidence_interval":{"confidence_level":0.95,"lower_bound":-0.0028056290285651867,"upper_bound":0.0009334179125012941},"point_estimate":-0.001083960734533096,"standard_error":0.0009524294632950412},"median":{"confidence_interval":{"confidence_level":0.95,"lower_bound":-0.002969725781004515,"upper_bound":-0.00021395816008940027},"point_estimate":-0.0012986101951254492,"standard_error":0.000611481382528285}}