{"mean":{"confidence_interval":{"confidence_level":0.95,"lower_bound":189353976.52416664,"upper_bound":190319292.01500002},"point_estimate":189822986.73333332,"standard_error":247383.06485923225},"median":{"confidence_interval":{"confidence_level":0.95,"lower_bound":189107262.66666666,"upper_bound":190275082.0},"point_estimate":189879037.1666667,"standard_error":288751.24155037425},"median_abs_dev":{"confidence_interval":{"confidence_level":0.95,"lower_bound":164712.90347575405,"upper_bound":1434028.5159409046},"point_estimate":780180.4298490065,"standard_error":322419.7932507333},"slope":null,"std_dev":{"confidence_interval":{"confidence_level":0.95,"lower_bound":436580.3805601003,"upper_bound":1084124.3285381233},"point_estimate":825592.8769445178,"standard_error":171604.63420349133}}