{"mean":{"confidence_interval":{"confidence_level":0.95,"lower_bound":284242928.3,"upper_bound":285227789.25},"point_estimate":284727070.25,"standard_error":253097.0620356149},"median":{"confidence_interval":{"confidence_level":0.95,"lower_bound":283944332.25,"upper_bound":285519522.0},"point_estimate":284637896.5,"standard_error":488197.86693959293},"median_abs_dev":{"confidence_interval":{"confidence_level":0.95,"lower_bound":147157.68428742886,"upper_bound":1329095.278903842},"point_estimate":1054573.7319275737,"standard_error":334615.0489144092},"slope":null,"std_dev":{"confidence_interval":{"confidence_level":0.95,"lower_bound":552701.6317359611,"upper_bound":977149.8164433314},"point_estimate":844103.7666192419,"standard_error":108795.1876018896}}