{"mean":{"confidence_interval":{"confidence_level":0.95,"lower_bound":-0.602756902258875,"upper_bound":-0.3616282646036962},"point_estimate":-0.5118598630818281,"standard_error":0.06220837251703647},"median":{"confidence_interval":{"confidence_level":0.95,"lower_bound":-0.6307498939118568,"upper_bound":-0.12085912228765361},"point_estimate":-0.5959981575605036,"standard_error":0.17459475045412876}}