{"mean":{"confidence_interval":{"confidence_level":0.95,"lower_bound":-0.03436529716479389,"upper_bound":-0.02554217728876931},"point_estimate":-0.029706813231378137,"standard_error":0.002257353412561583},"median":{"confidence_interval":{"confidence_level":0.95,"lower_bound":-0.032393049824797626,"upper_bound":-0.02569742636781225},"point_estimate":-0.030381631909155105,"standard_error":0.0017532753535749227}}