{"mean":{"confidence_interval":{"confidence_level":0.95,"lower_bound":-0.038339083983534625,"upper_bound":-0.025698878331906615},"point_estimate":-0.03217370152707033,"standard_error":0.003225376711964388},"median":{"confidence_interval":{"confidence_level":0.95,"lower_bound":-0.0392644148134188,"upper_bound":-0.027121612039220772},"point_estimate":-0.03425496324291977,"standard_error":0.003242162808675786}}