{"mean":{"confidence_interval":{"confidence_level":0.95,"lower_bound":0.001479827470368384,"upper_bound":0.011390938925744262},"point_estimate":0.005883427037794986,"standard_error":0.002550562189262715},"median":{"confidence_interval":{"confidence_level":0.95,"lower_bound":0.0005193831138707861,"upper_bound":0.010722538929466063},"point_estimate":0.0030471073717310837,"standard_error":0.002815228136475026}}