{"mean":{"confidence_interval":{"confidence_level":0.95,"lower_bound":0.047164751299787894,"upper_bound":0.05495633630101283},"point_estimate":0.05112010728691718,"standard_error":0.001968976868715438},"median":{"confidence_interval":{"confidence_level":0.95,"lower_bound":0.048603316656127715,"upper_bound":0.05745695061340217},"point_estimate":0.05138848871586932,"standard_error":0.0023718852768825197}}