{"mean":{"confidence_interval":{"confidence_level":0.95,"lower_bound":-0.032612417416713876,"upper_bound":-0.010095012869915487},"point_estimate":-0.018764410552328026,"standard_error":0.006285626064030955},"median":{"confidence_interval":{"confidence_level":0.95,"lower_bound":-0.017239889279564213,"upper_bound":-0.0074908263920351326},"point_estimate":-0.014695368496123073,"standard_error":0.0032235307925925234}}