{"mean":{"confidence_interval":{"confidence_level":0.95,"lower_bound":759002924.3,"upper_bound":766382481.1},"point_estimate":762552808.8,"standard_error":1886371.5266016875},"median":{"confidence_interval":{"confidence_level":0.95,"lower_bound":757006317.0,"upper_bound":768091791.0},"point_estimate":761411141.5,"standard_error":3422718.4267897597},"median_abs_dev":{"confidence_interval":{"confidence_level":0.95,"lower_bound":389060.91989278793,"upper_bound":11002192.044872046},"point_estimate":6547244.509363174,"standard_error":2851498.3739217147},"slope":null,"std_dev":{"confidence_interval":{"confidence_level":0.95,"lower_bound":3733948.5862653526,"upper_bound":7749839.495586188},"point_estimate":6281128.268549117,"standard_error":1058718.8065151407}}