{"mean":{"confidence_interval":{"confidence_level":0.95,"lower_bound":1393231583.6599998,"upper_bound":1395951637.6},"point_estimate":1394583057.2,"standard_error":692664.0016997594},"median":{"confidence_interval":{"confidence_level":0.95,"lower_bound":1392663801.0,"upper_bound":1395980759.5},"point_estimate":1394609540.0,"standard_error":725533.8020572654},"median_abs_dev":{"confidence_interval":{"confidence_level":0.95,"lower_bound":297717.19421446323,"upper_bound":4089040.3794050217},"point_estimate":2182632.5315505266,"standard_error":958348.7127496074},"slope":null,"std_dev":{"confidence_interval":{"confidence_level":0.95,"lower_bound":1133717.6737954793,"upper_bound":3073644.315870478},"point_estimate":2314379.6585941557,"standard_error":497249.40694528574}}