{"mean":{"confidence_interval":{"confidence_level":0.95,"lower_bound":0.003116855897795796,"upper_bound":0.010604183447289564},"point_estimate":0.007263261948802668,"standard_error":0.0019324110748017416},"median":{"confidence_interval":{"confidence_level":0.95,"lower_bound":0.005469685865884033,"upper_bound":0.012368806708122904},"point_estimate":0.00796974106144721,"standard_error":0.001633353604318164}}