{"mean":{"confidence_interval":{"confidence_level":0.95,"lower_bound":-0.013448297305171575,"upper_bound":-0.0033134598379363457},"point_estimate":-0.008332338884727397,"standard_error":0.002576334163069364},"median":{"confidence_interval":{"confidence_level":0.95,"lower_bound":-0.01571776393347446,"upper_bound":0.0005464690013732287},"point_estimate":-0.0057203873512696735,"standard_error":0.004274693874110307}}