{"mean":{"confidence_interval":{"confidence_level":0.95,"lower_bound":744314075.4075,"upper_bound":753862384.975},"point_estimate":748943851.2,"standard_error":2448572.836716758},"median":{"confidence_interval":{"confidence_level":0.95,"lower_bound":742714678.0,"upper_bound":758542206.0},"point_estimate":746610710.5,"standard_error":3401462.8518518554},"median_abs_dev":{"confidence_interval":{"confidence_level":0.95,"lower_bound":424977.6455551386,"upper_bound":14420556.087183952},"point_estimate":5832281.428456306,"standard_error":3758312.10184701},"slope":null,"std_dev":{"confidence_interval":{"confidence_level":0.95,"lower_bound":4238805.2542562885,"upper_bound":10065787.167256309},"point_estimate":8194049.065055916,"standard_error":1422410.978384443}}