{"mean":{"confidence_interval":{"confidence_level":0.95,"lower_bound":-0.0237759120840747,"upper_bound":-0.008113559969291823},"point_estimate":-0.014734175536528449,"standard_error":0.0040979875909089285},"median":{"confidence_interval":{"confidence_level":0.95,"lower_bound":-0.01762389801346398,"upper_bound":-0.008365152100740292},"point_estimate":-0.01202203346809827,"standard_error":0.0022511426748843873}}