{"mean":{"confidence_interval":{"confidence_level":0.95,"lower_bound":1247414414.3474998,"upper_bound":1254440568.4775002},"point_estimate":1250756254.8,"standard_error":1798570.1566187087},"median":{"confidence_interval":{"confidence_level":0.95,"lower_bound":1246484296.0,"upper_bound":1254015056.0},"point_estimate":1250298451.5,"standard_error":1802193.4564135645},"median_abs_dev":{"confidence_interval":{"confidence_level":0.95,"lower_bound":1318983.2057833672,"upper_bound":9925226.976191998},"point_estimate":4850491.123786569,"standard_error":2178816.1644718265},"slope":null,"std_dev":{"confidence_interval":{"confidence_level":0.95,"lower_bound":2762403.829959594,"upper_bound":8050320.549916247},"point_estimate":5961497.520614222,"standard_error":1402676.6201118627}}