{"mean":{"confidence_interval":{"confidence_level":0.95,"lower_bound":579354608.7625,"upper_bound":581361082.235},"point_estimate":580474772.1,"standard_error":518098.1689372917},"median":{"confidence_interval":{"confidence_level":0.95,"lower_bound":579649489.0,"upper_bound":581538187.0},"point_estimate":580927484.0,"standard_error":435810.3326379646},"median_abs_dev":{"confidence_interval":{"confidence_level":0.95,"lower_bound":134158.247718215,"upper_bound":2201417.0732170343},"point_estimate":1112092.3098564148,"standard_error":555291.1769130827},"slope":null,"std_dev":{"confidence_interval":{"confidence_level":0.95,"lower_bound":612723.6864082465,"upper_bound":2457421.2185496534},"point_estimate":1729427.4880488596,"standard_error":544659.9866957715}}