{"mean":{"confidence_interval":{"confidence_level":0.95,"lower_bound":-0.017767541726467412,"upper_bound":-0.003629819149260343},"point_estimate":-0.01074763515636934,"standard_error":0.0036172235559636173},"median":{"confidence_interval":{"confidence_level":0.95,"lower_bound":-0.022311681028946206,"upper_bound":0.001168171778227034},"point_estimate":-0.010136921854876246,"standard_error":0.006707523926733255}}