{"mean":{"confidence_interval":{"confidence_level":0.95,"lower_bound":1291600893.1074998,"upper_bound":1300366376.7},"point_estimate":1296043944.1,"standard_error":2244105.0994019136},"median":{"confidence_interval":{"confidence_level":0.95,"lower_bound":1287045656.0,"upper_bound":1301844031.5},"point_estimate":1297852361.5,"standard_error":3302669.4342220947},"median_abs_dev":{"confidence_interval":{"confidence_level":0.95,"lower_bound":1069750.737208128,"upper_bound":13227129.825371504},"point_estimate":7337597.798931599,"standard_error":3560167.9804462274},"slope":null,"std_dev":{"confidence_interval":{"confidence_level":0.95,"lower_bound":4199379.907472427,"upper_bound":9045320.740073929},"point_estimate":7465142.417409351,"standard_error":1196206.614305143}}