{"mean":{"confidence_interval":{"confidence_level":0.95,"lower_bound":-0.023875403510120196,"upper_bound":-0.012533757570047563},"point_estimate":-0.019175443853856167,"standard_error":0.0028732152183754676},"median":{"confidence_interval":{"confidence_level":0.95,"lower_bound":-0.025134379424748388,"upper_bound":-0.016264518453554366},"point_estimate":-0.02086268390953605,"standard_error":0.0024493870494406767}}