{"mean":{"confidence_interval":{"confidence_level":0.95,"lower_bound":554264199.2425,"upper_bound":555611917.9225},"point_estimate":554958218.9,"standard_error":344335.8229400484},"median":{"confidence_interval":{"confidence_level":0.95,"lower_bound":553928120.0,"upper_bound":555943858.5},"point_estimate":555228981.5,"standard_error":548642.8107690527},"median_abs_dev":{"confidence_interval":{"confidence_level":0.95,"lower_bound":279237.32684254646,"upper_bound":1840498.8660246134},"point_estimate":1484594.8119431734,"standard_error":421708.8328652459},"slope":null,"std_dev":{"confidence_interval":{"confidence_level":0.95,"lower_bound":678521.8769514936,"upper_bound":1399476.1597041683},"point_estimate":1148894.7922365747,"standard_error":183671.69854838416}}