{"mean":{"confidence_interval":{"confidence_level":0.95,"lower_bound":-0.03467597331939156,"upper_bound":-0.021515605407367407},"point_estimate":-0.02719572146023408,"standard_error":0.0034380074015709877},"median":{"confidence_interval":{"confidence_level":0.95,"lower_bound":-0.030408996447000347,"upper_bound":-0.01947247953348763},"point_estimate":-0.022786237892950534,"standard_error":0.0028722754114996877}}