{"mean":{"confidence_interval":{"confidence_level":0.95,"lower_bound":510401252.2,"upper_bound":512940584.755},"point_estimate":511639589.1,"standard_error":648574.2273002731},"median":{"confidence_interval":{"confidence_level":0.95,"lower_bound":510138226.5,"upper_bound":513320960.0},"point_estimate":511406500.5,"standard_error":745336.3350188687},"median_abs_dev":{"confidence_interval":{"confidence_level":0.95,"lower_bound":225799.97599124908,"upper_bound":3812284.924918413},"point_estimate":2341089.851537347,"standard_error":1004785.7576915191},"slope":null,"std_dev":{"confidence_interval":{"confidence_level":0.95,"lower_bound":1151664.772067641,"upper_bound":2721790.9340187027},"point_estimate":2157732.0187720484,"standard_error":399871.37619053945}}