{"mean":{"confidence_interval":{"confidence_level":0.95,"lower_bound":0.0028959290845211208,"upper_bound":0.010566445225095762},"point_estimate":0.006612129589642413,"standard_error":0.0019196545410767856},"median":{"confidence_interval":{"confidence_level":0.95,"lower_bound":0.0018124779603094776,"upper_bound":0.008580647881624826},"point_estimate":0.004923827049015728,"standard_error":0.0017934969304572394}}