{"mean":{"confidence_interval":{"confidence_level":0.95,"lower_bound":261763543.65,"upper_bound":262645044.65},"point_estimate":262209166.35,"standard_error":225521.23947630744},"median":{"confidence_interval":{"confidence_level":0.95,"lower_bound":261568978.75,"upper_bound":262833139.5},"point_estimate":262190117.25,"standard_error":356255.96306135255},"median_abs_dev":{"confidence_interval":{"confidence_level":0.95,"lower_bound":117360.39001643658,"upper_bound":1229167.2993779182},"point_estimate":909125.4854097962,"standard_error":291425.90987241914},"slope":null,"std_dev":{"confidence_interval":{"confidence_level":0.95,"lower_bound":449309.2268028384,"upper_bound":922748.6297503237},"point_estimate":752015.9523679982,"standard_error":120487.6294867769}}