{"mean":{"confidence_interval":{"confidence_level":0.95,"lower_bound":-0.02335625739471117,"upper_bound":-0.019700101527646337},"point_estimate":-0.02150936024594652,"standard_error":0.00093646317841157},"median":{"confidence_interval":{"confidence_level":0.95,"lower_bound":-0.024850227274701875,"upper_bound":-0.019163571680016145},"point_estimate":-0.021248452462926615,"standard_error":0.0013652087043387732}}