{"mean":{"confidence_interval":{"confidence_level":0.95,"lower_bound":-0.39516509300456576,"upper_bound":-0.34999873329135817},"point_estimate":-0.3743076992547859,"standard_error":0.011523200211316899},"median":{"confidence_interval":{"confidence_level":0.95,"lower_bound":-0.399470329435202,"upper_bound":-0.35107485452604403},"point_estimate":-0.37704269698397397,"standard_error":0.009816407778584514}}