{"mean":{"confidence_interval":{"confidence_level":0.95,"lower_bound":358191218.92375,"upper_bound":361463217.25},"point_estimate":359931033.85,"standard_error":843382.5517201576},"median":{"confidence_interval":{"confidence_level":0.95,"lower_bound":357051951.0,"upper_bound":361987682.5},"point_estimate":360994292.5,"standard_error":1204806.6806475162},"median_abs_dev":{"confidence_interval":{"confidence_level":0.95,"lower_bound":380823.5944390297,"upper_bound":4281418.511904463},"point_estimate":1702230.480529368,"standard_error":1033784.785980887},"slope":null,"std_dev":{"confidence_interval":{"confidence_level":0.95,"lower_bound":988303.6069906654,"upper_bound":3410778.121026017},"point_estimate":2811734.527732689,"standard_error":536679.971331377}}