{"mean":{"confidence_interval":{"confidence_level":0.95,"lower_bound":-0.05756111427293099,"upper_bound":-0.05153966018473021},"point_estimate":-0.05463674833461318,"standard_error":0.0015400106050703745},"median":{"confidence_interval":{"confidence_level":0.95,"lower_bound":-0.05995794696377332,"upper_bound":-0.05052093346265785},"point_estimate":-0.05540918844452414,"standard_error":0.0023605500477761297}}