{"mean":{"confidence_interval":{"confidence_level":0.95,"lower_bound":0.041039517274719176,"upper_bound":0.05371062961804635},"point_estimate":0.04675791313668043,"standard_error":0.003290942094590908},"median":{"confidence_interval":{"confidence_level":0.95,"lower_bound":0.03846318170506913,"upper_bound":0.0509119684922843},"point_estimate":0.04325969494011628,"standard_error":0.0031260001627072486}}