{"mean":{"confidence_interval":{"confidence_level":0.95,"lower_bound":-0.016744445146104684,"upper_bound":-0.009441105905697461},"point_estimate":-0.013082390373802322,"standard_error":0.0018652175113658528},"median":{"confidence_interval":{"confidence_level":0.95,"lower_bound":-0.018722395626310617,"upper_bound":-0.008198999608638347},"point_estimate":-0.013907083734881365,"standard_error":0.0023944600847529856}}