{"mean":{"confidence_interval":{"confidence_level":0.95,"lower_bound":1339303493.0,"upper_bound":1341733258.8},"point_estimate":1340355486.7,"standard_error":632426.1881366203},"median":{"confidence_interval":{"confidence_level":0.95,"lower_bound":1338898903.0,"upper_bound":1340915570.5},"point_estimate":1340145114.0,"standard_error":680691.0457337587},"median_abs_dev":{"confidence_interval":{"confidence_level":0.95,"lower_bound":72524.34291243553,"upper_bound":2705776.086562872},"point_estimate":1631461.1653357744,"standard_error":641796.4850081016},"slope":null,"std_dev":{"confidence_interval":{"confidence_level":0.95,"lower_bound":795247.0738309112,"upper_bound":3056937.849215009},"point_estimate":2107416.5903175306,"standard_error":708721.797059184}}