{"mean":{"confidence_interval":{"confidence_level":0.95,"lower_bound":-0.017959996845527834,"upper_bound":-0.005211497410434382},"point_estimate":-0.01234746607166004,"standard_error":0.0031697554301063587},"median":{"confidence_interval":{"confidence_level":0.95,"lower_bound":-0.020409592335221105,"upper_bound":-0.007963288349010722},"point_estimate":-0.01427032992779409,"standard_error":0.0030751539608904273}}