{"mean":{"confidence_interval":{"confidence_level":0.95,"lower_bound":-0.05500502945521804,"upper_bound":-0.050445777736787795},"point_estimate":-0.05281122858829501,"standard_error":0.0011538856395674978},"median":{"confidence_interval":{"confidence_level":0.95,"lower_bound":-0.05566609175681758,"upper_bound":-0.050071904225513886},"point_estimate":-0.05336689088201574,"standard_error":0.0014688032977630923}}