{"mean":{"confidence_interval":{"confidence_level":0.95,"lower_bound":1323057418.1,"upper_bound":1329379848.1},"point_estimate":1326101901.6,"standard_error":1610542.7738436689},"median":{"confidence_interval":{"confidence_level":0.95,"lower_bound":1323230196.5,"upper_bound":1327996341.0},"point_estimate":1326103136.5,"standard_error":1092028.7318111043},"median_abs_dev":{"confidence_interval":{"confidence_level":0.95,"lower_bound":603120.1866924763,"upper_bound":8298951.945564151},"point_estimate":2309795.131292939,"standard_error":1893897.8419428074},"slope":null,"std_dev":{"confidence_interval":{"confidence_level":0.95,"lower_bound":1683420.2226978827,"upper_bound":7618659.005991939},"point_estimate":5382079.90806221,"standard_error":1522955.2471734136}}