{"mean":{"confidence_interval":{"confidence_level":0.95,"lower_bound":1353536996.5,"upper_bound":1363904458.01},"point_estimate":1358140551.7,"standard_error":2680616.389713694},"median":{"confidence_interval":{"confidence_level":0.95,"lower_bound":1351977047.0,"upper_bound":1362825747.0},"point_estimate":1355087352.0,"standard_error":2556428.8672419884},"median_abs_dev":{"confidence_interval":{"confidence_level":0.95,"lower_bound":656097.1902519464,"upper_bound":12663234.044882655},"point_estimate":4675367.156195641,"standard_error":3203392.7153823012},"slope":null,"std_dev":{"confidence_interval":{"confidence_level":0.95,"lower_bound":2563970.8073482877,"upper_bound":12364471.45911319},"point_estimate":8960366.589430628,"standard_error":2607089.647319715}}