{"mean":{"confidence_interval":{"confidence_level":0.95,"lower_bound":244944156.55166668,"upper_bound":245448966.46666664},"point_estimate":245204261.03333336,"standard_error":129794.51739548302},"median":{"confidence_interval":{"confidence_level":0.95,"lower_bound":244649739.33333334,"upper_bound":245579423.5},"point_estimate":245315458.8333333,"standard_error":240883.9171031213},"median_abs_dev":{"confidence_interval":{"confidence_level":0.95,"lower_bound":29814.097070708696,"upper_bound":734525.4933595731},"point_estimate":413340.71836175746,"standard_error":200038.01862973688},"slope":null,"std_dev":{"confidence_interval":{"confidence_level":0.95,"lower_bound":241456.42394459757,"upper_bound":498858.128099455},"point_estimate":433225.2277037262,"standard_error":61252.48223847129}}