{"mean":{"confidence_interval":{"confidence_level":0.95,"lower_bound":159872986.34827778,"upper_bound":161930831.7827778},"point_estimate":160634875.66444445,"standard_error":590371.0313611223},"median":{"confidence_interval":{"confidence_level":0.95,"lower_bound":159792425.875,"upper_bound":160373646.3888889},"point_estimate":160115190.3,"standard_error":231417.52121119268},"median_abs_dev":{"confidence_interval":{"confidence_level":0.95,"lower_bound":35260.180974014016,"upper_bound":807613.4713620095},"point_estimate":443004.22857677925,"standard_error":240618.71522756582},"slope":{"confidence_interval":{"confidence_level":0.95,"lower_bound":159883688.89268294,"upper_bound":161157798.28902325},"point_estimate":160323381.55064934,"standard_error":332026.9102267977},"std_dev":{"confidence_interval":{"confidence_level":0.95,"lower_bound":232667.29025409222,"upper_bound":3032246.0112584345},"point_estimate":1971367.3482459032,"standard_error":988835.4445437813}}