{"mean":{"confidence_interval":{"confidence_level":0.95,"lower_bound":791106441.7,"upper_bound":794679948.4},"point_estimate":792706128.2,"standard_error":921070.1742092487},"median":{"confidence_interval":{"confidence_level":0.95,"lower_bound":790933590.0,"upper_bound":793444479.5},"point_estimate":792532899.0,"standard_error":623169.0573884258},"median_abs_dev":{"confidence_interval":{"confidence_level":0.95,"lower_bound":169926.71338319778,"upper_bound":4046694.358956814},"point_estimate":1690328.5385906696,"standard_error":1010414.6620253403},"slope":null,"std_dev":{"confidence_interval":{"confidence_level":0.95,"lower_bound":1024980.3383953817,"upper_bound":4406128.355733513},"point_estimate":3077801.628075461,"standard_error":972899.8184244853}}