{"mean":{"confidence_interval":{"confidence_level":0.95,"lower_bound":479351113.03625,"upper_bound":492707538.5025},"point_estimate":485558489.65,"standard_error":3439201.3953271355},"median":{"confidence_interval":{"confidence_level":0.95,"lower_bound":477975846.75,"upper_bound":493526691.25},"point_estimate":483024521.75,"standard_error":3654908.5126628433},"median_abs_dev":{"confidence_interval":{"confidence_level":0.95,"lower_bound":1335066.079647839,"upper_bound":18352723.30467403},"point_estimate":7470084.044529498,"standard_error":4275617.1952096755},"slope":null,"std_dev":{"confidence_interval":{"confidence_level":0.95,"lower_bound":4321399.158050567,"upper_bound":14936683.53635301},"point_estimate":11434655.462515907,"standard_error":2720187.1392252543}}