{"mean":{"confidence_interval":{"confidence_level":0.95,"lower_bound":0.004187687598251727,"upper_bound":0.00790379674545183},"point_estimate":0.006059207928948096,"standard_error":0.0009584434499254065},"median":{"confidence_interval":{"confidence_level":0.95,"lower_bound":0.0027461676255424727,"upper_bound":0.00888240497251691},"point_estimate":0.005995867628675322,"standard_error":0.0016181170515908883}}