{"mean":{"confidence_interval":{"confidence_level":0.95,"lower_bound":695835752.96,"upper_bound":705015692.9},"point_estimate":699696880.6,"standard_error":2410859.3152888236},"median":{"confidence_interval":{"confidence_level":0.95,"lower_bound":695954849.0,"upper_bound":702323888.0},"point_estimate":696808310.0,"standard_error":1453573.9044022867},"median_abs_dev":{"confidence_interval":{"confidence_level":0.95,"lower_bound":330691.7002290487,"upper_bound":8774249.775525928},"point_estimate":1750976.5144139528,"standard_error":2244051.076951126},"slope":null,"std_dev":{"confidence_interval":{"confidence_level":0.95,"lower_bound":1223866.8866443152,"upper_bound":11659670.545638772},"point_estimate":8050124.781477534,"standard_error":2932661.0336745083}}