{"mean":{"confidence_interval":{"confidence_level":0.95,"lower_bound":0.02639898026231261,"upper_bound":0.048760049117859715},"point_estimate":0.03499353261221394,"standard_error":0.006014393644745186},"median":{"confidence_interval":{"confidence_level":0.95,"lower_bound":0.02569950267887866,"upper_bound":0.031862426282113665},"point_estimate":0.029859696444331396,"standard_error":0.0016324404413001652}}