{"mean":{"confidence_interval":{"confidence_level":0.95,"lower_bound":947494900.7625,"upper_bound":949167627.7},"point_estimate":948299382.4,"standard_error":428476.2417645574},"median":{"confidence_interval":{"confidence_level":0.95,"lower_bound":947077030.0,"upper_bound":949766170.0},"point_estimate":947894630.5,"standard_error":684753.3297398663},"median_abs_dev":{"confidence_interval":{"confidence_level":0.95,"lower_bound":289242.6527649164,"upper_bound":2435108.9288681746},"point_estimate":1759525.1858621836,"standard_error":565889.543006523},"slope":null,"std_dev":{"confidence_interval":{"confidence_level":0.95,"lower_bound":785890.4378267792,"upper_bound":1721972.095410903},"point_estimate":1430718.8884092267,"standard_error":233948.73122868373}}