{"mean":{"confidence_interval":{"confidence_level":0.95,"lower_bound":-0.5345830344205742,"upper_bound":-0.43494731928003244},"point_estimate":-0.48603503458861375,"standard_error":0.02558593750661036},"median":{"confidence_interval":{"confidence_level":0.95,"lower_bound":-0.5682563954842483,"upper_bound":-0.4136607170369082},"point_estimate":-0.44386858010800256,"standard_error":0.039794300903453976}}