{"mean":{"confidence_interval":{"confidence_level":0.95,"lower_bound":594847900.0,"upper_bound":599059465.2},"point_estimate":596834918.1,"standard_error":1082739.9001055765},"median":{"confidence_interval":{"confidence_level":0.95,"lower_bound":593947253.5,"upper_bound":599566815.5},"point_estimate":596260375.5,"standard_error":1184638.6742082331},"median_abs_dev":{"confidence_interval":{"confidence_level":0.95,"lower_bound":400866.1221832037,"upper_bound":6419980.351522565},"point_estimate":2029464.3869698048,"standard_error":1489619.684197845},"slope":null,"std_dev":{"confidence_interval":{"confidence_level":0.95,"lower_bound":1546627.319060747,"upper_bound":4626409.300424424},"point_estimate":3613908.226602283,"standard_error":792035.8853281562}}