{"mean":{"confidence_interval":{"confidence_level":0.95,"lower_bound":0.029221537853096974,"upper_bound":0.034690214824538025},"point_estimate":0.03206976832921593,"standard_error":0.001393970949843926},"median":{"confidence_interval":{"confidence_level":0.95,"lower_bound":0.029519634419839402,"upper_bound":0.03504375680360061},"point_estimate":0.03222533380924997,"standard_error":0.001386979659555375}}