{"mean":{"confidence_interval":{"confidence_level":0.95,"lower_bound":1019721916.2,"upper_bound":1021452661.3575},"point_estimate":1020629303.2,"standard_error":444356.9572753785},"median":{"confidence_interval":{"confidence_level":0.95,"lower_bound":1019568837.5,"upper_bound":1022021812.0},"point_estimate":1020798016.0,"standard_error":640580.6207341996},"median_abs_dev":{"confidence_interval":{"confidence_level":0.95,"lower_bound":260136.9913816452,"upper_bound":2519714.978966117},"point_estimate":1737118.652459979,"standard_error":585789.3420918158},"slope":null,"std_dev":{"confidence_interval":{"confidence_level":0.95,"lower_bound":795499.2896331672,"upper_bound":1872530.988883682},"point_estimate":1482741.6910094323,"standard_error":282382.88644073735}}