{"mean":{"confidence_interval":{"confidence_level":0.95,"lower_bound":725835800.35,"upper_bound":728684910.365},"point_estimate":727084392.1,"standard_error":736775.7514743577},"median":{"confidence_interval":{"confidence_level":0.95,"lower_bound":725588695.0,"upper_bound":728680374.5},"point_estimate":725995149.5,"standard_error":676301.4632343294},"median_abs_dev":{"confidence_interval":{"confidence_level":0.95,"lower_bound":121041.68575108051,"upper_bound":3365776.962545514},"point_estimate":654273.5922843218,"standard_error":702781.1751278713},"slope":null,"std_dev":{"confidence_interval":{"confidence_level":0.95,"lower_bound":382268.29466791794,"upper_bound":3154289.5976537885},"point_estimate":2444241.141758246,"standard_error":741138.6382075896}}