{"mean":{"confidence_interval":{"confidence_level":0.95,"lower_bound":-0.011661068887403517,"upper_bound":-0.006754251529086892},"point_estimate":-0.008820468140840254,"standard_error":0.0012927841862003452},"median":{"confidence_interval":{"confidence_level":0.95,"lower_bound":-0.009486518031015412,"upper_bound":-0.006385510534281269},"point_estimate":-0.00770035702784333,"standard_error":0.0007932855607718025}}