{"mean":{"confidence_interval":{"confidence_level":0.95,"lower_bound":0.01864602823394862,"upper_bound":0.02308893296630758},"point_estimate":0.0207453269526503,"standard_error":0.0011354422635866802},"median":{"confidence_interval":{"confidence_level":0.95,"lower_bound":0.01776259449376183,"upper_bound":0.024722994887396155},"point_estimate":0.019708447339802815,"standard_error":0.0016177939112097647}}