{"mean":{"confidence_interval":{"confidence_level":0.95,"lower_bound":1430650702.9,"upper_bound":1438091544.01},"point_estimate":1434306434.7,"standard_error":1905926.2926527627},"median":{"confidence_interval":{"confidence_level":0.95,"lower_bound":1428393446.0,"upper_bound":1441103605.0},"point_estimate":1433284411.5,"standard_error":3571808.4158736425},"median_abs_dev":{"confidence_interval":{"confidence_level":0.95,"lower_bound":1073394.96794343,"upper_bound":10074438.061442971},"point_estimate":7961888.0306482315,"standard_error":2560971.729884516},"slope":null,"std_dev":{"confidence_interval":{"confidence_level":0.95,"lower_bound":4038157.6039930964,"upper_bound":7309904.523050287},"point_estimate":6348861.9601257155,"standard_error":831308.5202796651}}