{"mean":{"confidence_interval":{"confidence_level":0.95,"lower_bound":-0.023375086485466323,"upper_bound":-0.018473299348663246},"point_estimate":-0.020772008643439088,"standard_error":0.0012539578989728582},"median":{"confidence_interval":{"confidence_level":0.95,"lower_bound":-0.022340807697832643,"upper_bound":-0.017601656981970804},"point_estimate":-0.020768747351704087,"standard_error":0.0011727211047570718}}