{"mean":{"confidence_interval":{"confidence_level":0.95,"lower_bound":0.002576037897465333,"upper_bound":0.004543541543998652},"point_estimate":0.003580415075377319,"standard_error":0.0005056910584285054},"median":{"confidence_interval":{"confidence_level":0.95,"lower_bound":0.00233500443472745,"upper_bound":0.0054014652153284715},"point_estimate":0.004088543688372415,"standard_error":0.0009074639767003279}}