{"mean":{"confidence_interval":{"confidence_level":0.95,"lower_bound":0.048634818171571434,"upper_bound":0.05406845762774691},"point_estimate":0.05137295823887511,"standard_error":0.0013892980594991913},"median":{"confidence_interval":{"confidence_level":0.95,"lower_bound":0.046952814322180236,"upper_bound":0.05502607592454667},"point_estimate":0.05127657723849266,"standard_error":0.0021312611125275534}}