{"mean":{"confidence_interval":{"confidence_level":0.95,"lower_bound":461191150.7,"upper_bound":463469234.78125},"point_estimate":462178216.15,"standard_error":590863.5162721425},"median":{"confidence_interval":{"confidence_level":0.95,"lower_bound":461137885.75,"upper_bound":462656222.25},"point_estimate":461796961.75,"standard_error":331945.74760413554},"median_abs_dev":{"confidence_interval":{"confidence_level":0.95,"lower_bound":173876.35971307755,"upper_bound":2275747.593547404},"point_estimate":672270.5027148128,"standard_error":549231.0130110898},"slope":null,"std_dev":{"confidence_interval":{"confidence_level":0.95,"lower_bound":525748.5571525819,"upper_bound":2870873.6636118214},"point_estimate":1966052.0082668217,"standard_error":695549.303169234}}