{"mean":{"confidence_interval":{"confidence_level":0.95,"lower_bound":0.14209343886597395,"upper_bound":0.5058009294286925},"point_estimate":0.31988521527415825,"standard_error":0.09119186252911347},"median":{"confidence_interval":{"confidence_level":0.95,"lower_bound":0.07481502959412367,"upper_bound":0.648053034020662},"point_estimate":0.13976461675089902,"standard_error":0.20825635965853628}}