{"mean":{"confidence_interval":{"confidence_level":0.95,"lower_bound":-0.03324272701407414,"upper_bound":-0.02220433778167236},"point_estimate":-0.02691939013952216,"standard_error":0.0028503139398782435},"median":{"confidence_interval":{"confidence_level":0.95,"lower_bound":-0.03036764454320029,"upper_bound":-0.019691370828354038},"point_estimate":-0.021755209161812172,"standard_error":0.0030218014670051964}}