{"mean":{"confidence_interval":{"confidence_level":0.95,"lower_bound":-0.017489153956845867,"upper_bound":-0.012274348776075729},"point_estimate":-0.014754354328162855,"standard_error":0.0013307232059663015},"median":{"confidence_interval":{"confidence_level":0.95,"lower_bound":-0.01716016451002933,"upper_bound":-0.011789031410272988},"point_estimate":-0.013904694917313387,"standard_error":0.001457957310583199}}