{"mean":{"confidence_interval":{"confidence_level":0.95,"lower_bound":-0.02498891498452391,"upper_bound":-0.0036356739721214106},"point_estimate":-0.01498457569557099,"standard_error":0.0054936802639995565},"median":{"confidence_interval":{"confidence_level":0.95,"lower_bound":-0.024494809574657994,"upper_bound":-0.011133688187053514},"point_estimate":-0.01828085769804677,"standard_error":0.0035214503275978145}}