{"mean":{"confidence_interval":{"confidence_level":0.95,"lower_bound":-0.02057636505804049,"upper_bound":-0.013777092038440495},"point_estimate":-0.017102420032770183,"standard_error":0.0017342441392888116},"median":{"confidence_interval":{"confidence_level":0.95,"lower_bound":-0.021895435845245226,"upper_bound":-0.012397768101467976},"point_estimate":-0.016146369520806725,"standard_error":0.0025039185602544153}}