{"mean":{"confidence_interval":{"confidence_level":0.95,"lower_bound":-0.03235962583259586,"upper_bound":-0.027554876780702467},"point_estimate":-0.029948783171401372,"standard_error":0.0012233029791975968},"median":{"confidence_interval":{"confidence_level":0.95,"lower_bound":-0.0336446851440676,"upper_bound":-0.027371547287535325},"point_estimate":-0.029345397374045068,"standard_error":0.0017413033874670632}}