{"mean":{"confidence_interval":{"confidence_level":0.95,"lower_bound":862319935.5875,"upper_bound":875456450.82},"point_estimate":869100684.8,"standard_error":3363481.153762819},"median":{"confidence_interval":{"confidence_level":0.95,"lower_bound":860358842.0,"upper_bound":878618453.0},"point_estimate":870310078.5,"standard_error":4065776.754595999},"median_abs_dev":{"confidence_interval":{"confidence_level":0.95,"lower_bound":2614974.9924749136,"upper_bound":20129279.857733846},"point_estimate":8124963.6495530605,"standard_error":4458041.337393946},"slope":null,"std_dev":{"confidence_interval":{"confidence_level":0.95,"lower_bound":5897889.985739139,"upper_bound":14392078.658870773},"point_estimate":11246632.488895735,"standard_error":2198183.7408113834}}