{"mean":{"confidence_interval":{"confidence_level":0.95,"lower_bound":540679373.5,"upper_bound":544450250.6825},"point_estimate":542609282.3,"standard_error":964158.2878184904},"median":{"confidence_interval":{"confidence_level":0.95,"lower_bound":539976889.0,"upper_bound":545303682.5},"point_estimate":543219262.5,"standard_error":1338091.0779689604},"median_abs_dev":{"confidence_interval":{"confidence_level":0.95,"lower_bound":860430.6012243032,"upper_bound":5628647.063371539},"point_estimate":3604376.2241095304,"standard_error":1273424.329126723},"slope":null,"std_dev":{"confidence_interval":{"confidence_level":0.95,"lower_bound":1773344.8091128233,"upper_bound":3935840.1900546458},"point_estimate":3222271.2903943686,"standard_error":539288.9424209847}}