{"mean":{"confidence_interval":{"confidence_level":0.95,"lower_bound":907014500.2650001,"upper_bound":914095658.81},"point_estimate":910280341.6,"standard_error":1821571.3127092074},"median":{"confidence_interval":{"confidence_level":0.95,"lower_bound":905930371.0,"upper_bound":914435760.0},"point_estimate":907431916.0,"standard_error":2384289.0246179025},"median_abs_dev":{"confidence_interval":{"confidence_level":0.95,"lower_bound":478392.01610684395,"upper_bound":9114492.384785414},"point_estimate":2488311.287623644,"standard_error":2421873.1299562394},"slope":null,"std_dev":{"confidence_interval":{"confidence_level":0.95,"lower_bound":1514993.4405681093,"upper_bound":7474036.636458379},"point_estimate":6074295.965785778,"standard_error":1379391.7388896546}}