{"mean":{"confidence_interval":{"confidence_level":0.95,"lower_bound":-0.009367130093326974,"upper_bound":-0.004520468209577618},"point_estimate":-0.006894035425976441,"standard_error":0.0012438417913641056},"median":{"confidence_interval":{"confidence_level":0.95,"lower_bound":-0.010187627096811203,"upper_bound":-0.0028230390922701076},"point_estimate":-0.006845556993105961,"standard_error":0.0021047352514361106}}