{"mean":{"confidence_interval":{"confidence_level":0.95,"lower_bound":1426388339.115,"upper_bound":1439049373.6125},"point_estimate":1431989762.8,"standard_error":3270068.825881638},"median":{"confidence_interval":{"confidence_level":0.95,"lower_bound":1425695799.0,"upper_bound":1436002182.5},"point_estimate":1429784018.0,"standard_error":2515273.3030082155},"median_abs_dev":{"confidence_interval":{"confidence_level":0.95,"lower_bound":1345048.7959206104,"upper_bound":14252338.07027042},"point_estimate":5141829.43161428,"standard_error":3236615.9962485554},"slope":null,"std_dev":{"confidence_interval":{"confidence_level":0.95,"lower_bound":3386140.8840616266,"upper_bound":15558733.031365246},"point_estimate":10911817.858579453,"standard_error":3511982.4838516503}}