{"mean":{"confidence_interval":{"confidence_level":0.95,"lower_bound":1449497047.1750002,"upper_bound":1467582410.0},"point_estimate":1457351966.9,"standard_error":4683876.369366994},"median":{"confidence_interval":{"confidence_level":0.95,"lower_bound":1448116478.5,"upper_bound":1466137114.0},"point_estimate":1452195118.0,"standard_error":4489274.507166675},"median_abs_dev":{"confidence_interval":{"confidence_level":0.95,"lower_bound":524367.441290617,"upper_bound":21447443.927031755},"point_estimate":6207435.560595989,"standard_error":5258122.341594355},"slope":null,"std_dev":{"confidence_interval":{"confidence_level":0.95,"lower_bound":4641221.916855689,"upper_bound":22185922.261557646},"point_estimate":15606302.801790247,"standard_error":4976992.237925098}}