{"mean":{"confidence_interval":{"confidence_level":0.95,"lower_bound":-0.02246324478607454,"upper_bound":-0.005586893370129637},"point_estimate":-0.013008299827129366,"standard_error":0.004413116591728423},"median":{"confidence_interval":{"confidence_level":0.95,"lower_bound":-0.01504431250986904,"upper_bound":-0.004232170240180078},"point_estimate":-0.012200655691900653,"standard_error":0.0030313759252328046}}