{"mean":{"confidence_interval":{"confidence_level":0.95,"lower_bound":609781114.2924999,"upper_bound":611465392.8},"point_estimate":610583348.5,"standard_error":433614.8898967195},"median":{"confidence_interval":{"confidence_level":0.95,"lower_bound":609578936.0,"upper_bound":611746236.0},"point_estimate":610382853.5,"standard_error":480963.3502238488},"median_abs_dev":{"confidence_interval":{"confidence_level":0.95,"lower_bound":214378.76709401608,"upper_bound":2586638.8004779816},"point_estimate":1162895.0805544853,"standard_error":570031.4814609545},"slope":null,"std_dev":{"confidence_interval":{"confidence_level":0.95,"lower_bound":619715.9850211313,"upper_bound":1838045.5303056892},"point_estimate":1447919.6204394044,"standard_error":301205.08088703203}}