{"mean":{"confidence_interval":{"confidence_level":0.95,"lower_bound":1304203456.47,"upper_bound":1319594086.365},"point_estimate":1312191475.7,"standard_error":3937014.791784913},"median":{"confidence_interval":{"confidence_level":0.95,"lower_bound":1301969472.0,"upper_bound":1323508249.0},"point_estimate":1312176383.5,"standard_error":5411474.6933136},"median_abs_dev":{"confidence_interval":{"confidence_level":0.95,"lower_bound":2675128.521206975,"upper_bound":21941502.57706046},"point_estimate":15966695.106634498,"standard_error":4839191.735788859},"slope":null,"std_dev":{"confidence_interval":{"confidence_level":0.95,"lower_bound":7190765.452522429,"upper_bound":16772962.269344248},"point_estimate":13113063.323434731,"standard_error":2524452.370309633}}