{"mean":{"confidence_interval":{"confidence_level":0.95,"lower_bound":278968585.5,"upper_bound":279355689.85},"point_estimate":279152268.65,"standard_error":99145.26456518903},"median":{"confidence_interval":{"confidence_level":0.95,"lower_bound":278910719.5,"upper_bound":279376745.5},"point_estimate":279118034.25,"standard_error":106281.4761656324},"median_abs_dev":{"confidence_interval":{"confidence_level":0.95,"lower_bound":28464.436894655228,"upper_bound":559108.4373750886},"point_estimate":181638.14122527838,"standard_error":132911.61462086462},"slope":null,"std_dev":{"confidence_interval":{"confidence_level":0.95,"lower_bound":154594.80151811076,"upper_bound":437236.1445695659},"point_estimate":331648.6036201109,"standard_error":74079.3621923048}}