{"mean":{"confidence_interval":{"confidence_level":0.95,"lower_bound":818744705.2975,"upper_bound":820441826.8},"point_estimate":819523679.3,"standard_error":437691.8154819398},"median":{"confidence_interval":{"confidence_level":0.95,"lower_bound":818546208.0,"upper_bound":820307374.0},"point_estimate":819082486.5,"standard_error":449824.122552804},"median_abs_dev":{"confidence_interval":{"confidence_level":0.95,"lower_bound":132282.75875151157,"upper_bound":2255086.4509642124},"point_estimate":1123662.5200510025,"standard_error":542958.1301588069},"slope":null,"std_dev":{"confidence_interval":{"confidence_level":0.95,"lower_bound":590799.2120955402,"upper_bound":1956987.7226758245},"point_estimate":1463668.5795602053,"standard_error":366736.23300652165}}