{"mean":{"confidence_interval":{"confidence_level":0.95,"lower_bound":-0.0006340890481429486,"upper_bound":0.009786177751956634},"point_estimate":0.00375895505524948,"standard_error":0.0026286849429023474},"median":{"confidence_interval":{"confidence_level":0.95,"lower_bound":-0.003185516484557671,"upper_bound":0.007418154853553904},"point_estimate":0.0037750950717130305,"standard_error":0.0026777212970640206}}