{"mean":{"confidence_interval":{"confidence_level":0.95,"lower_bound":0.03321090624873998,"upper_bound":0.0410942465139438},"point_estimate":0.037448532566614734,"standard_error":0.0020255944427795356},"median":{"confidence_interval":{"confidence_level":0.95,"lower_bound":0.035264493133935426,"upper_bound":0.042215320240060805},"point_estimate":0.040055105771364286,"standard_error":0.002103225325085361}}