{"mean":{"confidence_interval":{"confidence_level":0.95,"lower_bound":-0.015057386047668484,"upper_bound":-0.010957890861966598},"point_estimate":-0.013028477629627111,"standard_error":0.0010466853121891661},"median":{"confidence_interval":{"confidence_level":0.95,"lower_bound":-0.0158512304954751,"upper_bound":-0.010329518971403218},"point_estimate":-0.013887662078605478,"standard_error":0.001442019553790587}}