{"mean":{"confidence_interval":{"confidence_level":0.95,"lower_bound":273445230.72,"upper_bound":274963338.25},"point_estimate":274087088.4,"standard_error":397530.3499398796},"median":{"confidence_interval":{"confidence_level":0.95,"lower_bound":273228705.0,"upper_bound":274641867.0},"point_estimate":273623030.0,"standard_error":324448.8105603702},"median_abs_dev":{"confidence_interval":{"confidence_level":0.95,"lower_bound":70043.58250647783,"upper_bound":1537551.059103012},"point_estimate":613677.0398050547,"standard_error":368516.05291847914},"slope":null,"std_dev":{"confidence_interval":{"confidence_level":0.95,"lower_bound":281233.527898223,"upper_bound":1933730.0353561572},"point_estimate":1328106.657864805,"standard_error":472669.93344439176}}