{"mean":{"confidence_interval":{"confidence_level":0.95,"lower_bound":0.00270663425733691,"upper_bound":0.010241106935502883},"point_estimate":0.0065682764268018,"standard_error":0.0019299809537638378},"median":{"confidence_interval":{"confidence_level":0.95,"lower_bound":0.0027918102803599076,"upper_bound":0.012402115642415446},"point_estimate":0.006839088821926964,"standard_error":0.002395525571452042}}