{"mean":{"confidence_interval":{"confidence_level":0.95,"lower_bound":795085102.015,"upper_bound":802798074.9499999},"point_estimate":798790891.6,"standard_error":1973779.5057125005},"median":{"confidence_interval":{"confidence_level":0.95,"lower_bound":792443485.0,"upper_bound":803142521.0},"point_estimate":798588693.5,"standard_error":3077478.072149758},"median_abs_dev":{"confidence_interval":{"confidence_level":0.95,"lower_bound":1262869.020679593,"upper_bound":11740105.032071471},"point_estimate":7796652.263581753,"standard_error":2579000.56447858},"slope":null,"std_dev":{"confidence_interval":{"confidence_level":0.95,"lower_bound":3831436.900179834,"upper_bound":8274857.010308775},"point_estimate":6557670.727813957,"standard_error":1191324.262316124}}