{"mean":{"confidence_interval":{"confidence_level":0.95,"lower_bound":318935796.7,"upper_bound":319553491.80875},"point_estimate":319240955.75,"standard_error":158122.55287594217},"median":{"confidence_interval":{"confidence_level":0.95,"lower_bound":318754020.5,"upper_bound":319703514.0},"point_estimate":319224480.5,"standard_error":265243.36006078235},"median_abs_dev":{"confidence_interval":{"confidence_level":0.95,"lower_bound":86357.37131685019,"upper_bound":886254.5275658369},"point_estimate":649533.7201684713,"standard_error":197009.66083953058},"slope":null,"std_dev":{"confidence_interval":{"confidence_level":0.95,"lower_bound":328131.4650472536,"upper_bound":643775.4772555188},"point_estimate":526871.7456280276,"standard_error":81371.43483283407}}