{"mean":{"confidence_interval":{"confidence_level":0.95,"lower_bound":1363629935.0,"upper_bound":1365299185.3},"point_estimate":1364478893.1,"standard_error":425985.26169744885},"median":{"confidence_interval":{"confidence_level":0.95,"lower_bound":1363930872.0,"upper_bound":1365602832.0},"point_estimate":1364253252.5,"standard_error":418108.2566134662},"median_abs_dev":{"confidence_interval":{"confidence_level":0.95,"lower_bound":64184.71806049347,"upper_bound":2556176.5601187944},"point_estimate":576228.0470699072,"standard_error":666466.3848642771},"slope":null,"std_dev":{"confidence_interval":{"confidence_level":0.95,"lower_bound":490044.3756985008,"upper_bound":1938270.8235219924},"point_estimate":1417437.0155736452,"standard_error":344671.0464279603}}