{"mean":{"confidence_interval":{"confidence_level":0.95,"lower_bound":137699932.07179168,"upper_bound":138028726.62091666},"point_estimate":137849003.13333333,"standard_error":84405.34322236055},"median":{"confidence_interval":{"confidence_level":0.95,"lower_bound":137699314.4583333,"upper_bound":138038749.46666667},"point_estimate":137744040.5416667,"standard_error":80217.76851652184},"median_abs_dev":{"confidence_interval":{"confidence_level":0.95,"lower_bound":14952.391384541988,"upper_bound":442097.5363262145},"point_estimate":73787.08566505418,"standard_error":103465.36234717075},"slope":{"confidence_interval":{"confidence_level":0.95,"lower_bound":137728911.92063493,"upper_bound":138243300.5538081},"point_estimate":138029121.02597404,"standard_error":138193.57810631},"std_dev":{"confidence_interval":{"confidence_level":0.95,"lower_bound":76557.95211448887,"upper_bound":362412.20706922986},"point_estimate":281833.17098224856,"standard_error":72471.1886348053}}