{"mean":{"confidence_interval":{"confidence_level":0.95,"lower_bound":656825361.395,"upper_bound":658382156.2},"point_estimate":657598237.4,"standard_error":397644.56929489534},"median":{"confidence_interval":{"confidence_level":0.95,"lower_bound":656591541.5,"upper_bound":658572986.0},"point_estimate":657635010.5,"standard_error":449800.19264876965},"median_abs_dev":{"confidence_interval":{"confidence_level":0.95,"lower_bound":252309.6048206091,"upper_bound":2264089.5393043756},"point_estimate":978470.0220286846,"standard_error":537397.1286847545},"slope":null,"std_dev":{"confidence_interval":{"confidence_level":0.95,"lower_bound":698950.6452127679,"upper_bound":1713678.4860353894},"point_estimate":1326651.3971912055,"standard_error":259601.93485402272}}