{"mean":{"confidence_interval":{"confidence_level":0.95,"lower_bound":-0.038481654291638724,"upper_bound":-0.028478956422650865},"point_estimate":-0.03333740735589652,"standard_error":0.0025578178712348716},"median":{"confidence_interval":{"confidence_level":0.95,"lower_bound":-0.04095879095832611,"upper_bound":-0.026429977015064554},"point_estimate":-0.02957286529452663,"standard_error":0.004332049545591352}}