{"mean":{"confidence_interval":{"confidence_level":0.95,"lower_bound":800182386.4875001,"upper_bound":807041332.1},"point_estimate":803623523.7,"standard_error":1757113.8989201116},"median":{"confidence_interval":{"confidence_level":0.95,"lower_bound":797684262.0,"upper_bound":807680067.0},"point_estimate":805605755.0,"standard_error":2958014.204342754},"median_abs_dev":{"confidence_interval":{"confidence_level":0.95,"lower_bound":409391.8133318424,"upper_bound":10035229.963839054},"point_estimate":7021629.057741165,"standard_error":2654515.7766356864},"slope":null,"std_dev":{"confidence_interval":{"confidence_level":0.95,"lower_bound":3598404.4644104126,"upper_bound":7156978.92835332},"point_estimate":5845793.35376303,"standard_error":911667.7727035251}}