{"mean":{"confidence_interval":{"confidence_level":0.95,"lower_bound":1.0832223980887747,"upper_bound":1.1161602753695434},"point_estimate":1.1002529438704745,"standard_error":0.00853244443738018},"median":{"confidence_interval":{"confidence_level":0.95,"lower_bound":1.0873318647563828,"upper_bound":1.1196860498966594},"point_estimate":1.101134153748557,"standard_error":0.00813914973511548}}