{"mean":{"confidence_interval":{"confidence_level":0.95,"lower_bound":0.010507845219535917,"upper_bound":0.04514043504459232},"point_estimate":0.024740500276348998,"standard_error":0.009155542213152838},"median":{"confidence_interval":{"confidence_level":0.95,"lower_bound":0.010149488312942314,"upper_bound":0.02860826390231508},"point_estimate":0.017954556376351904,"standard_error":0.005662042342240413}}