{"mean":{"confidence_interval":{"confidence_level":0.95,"lower_bound":1.127734633283742,"upper_bound":1.1785910939644864},"point_estimate":1.1526419870877,"standard_error":0.013096755666522113},"median":{"confidence_interval":{"confidence_level":0.95,"lower_bound":1.1258596784346073,"upper_bound":1.1852958426383826},"point_estimate":1.158563994848175,"standard_error":0.013852027481039442}}