{"mean":{"confidence_interval":{"confidence_level":0.95,"lower_bound":0.04014874387710052,"upper_bound":0.047606186724591916},"point_estimate":0.04424994592235332,"standard_error":0.0019434973278267228},"median":{"confidence_interval":{"confidence_level":0.95,"lower_bound":0.04035236591597835,"upper_bound":0.04934939509403469},"point_estimate":0.04632741253952344,"standard_error":0.0021294138368715544}}