{"mean":{"confidence_interval":{"confidence_level":0.95,"lower_bound":1081009843.0,"upper_bound":1083343941.5},"point_estimate":1082172424.9,"standard_error":595672.5925127488},"median":{"confidence_interval":{"confidence_level":0.95,"lower_bound":1080736397.5,"upper_bound":1083520734.0},"point_estimate":1082364952.0,"standard_error":727626.0716116326},"median_abs_dev":{"confidence_interval":{"confidence_level":0.95,"lower_bound":477982.81851410866,"upper_bound":3484415.3537392616},"point_estimate":1800930.4966270924,"standard_error":742221.7389899413},"slope":null,"std_dev":{"confidence_interval":{"confidence_level":0.95,"lower_bound":1026052.701873887,"upper_bound":2606615.8979280735},"point_estimate":1985001.6833446797,"standard_error":406135.45091227395}}