{"mean":{"confidence_interval":{"confidence_level":0.95,"lower_bound":-0.011424274995138957,"upper_bound":-0.006810395306581185},"point_estimate":-0.009234005341999918,"standard_error":0.0011787460326034074},"median":{"confidence_interval":{"confidence_level":0.95,"lower_bound":-0.012025684199721526,"upper_bound":-0.006102571754866504},"point_estimate":-0.010978669245418904,"standard_error":0.0015659790023494673}}