{"mean":{"confidence_interval":{"confidence_level":0.95,"lower_bound":-0.012686393264242318,"upper_bound":-0.005995557661469158},"point_estimate":-0.0096391607359122,"standard_error":0.0016674582441464443},"median":{"confidence_interval":{"confidence_level":0.95,"lower_bound":-0.013016688731921633,"upper_bound":-0.006116779069200828},"point_estimate":-0.009862600557056456,"standard_error":0.001530717195607433}}