{"mean":{"confidence_interval":{"confidence_level":0.95,"lower_bound":781915028.7525,"upper_bound":783094350.1},"point_estimate":782474505.5,"standard_error":302062.56125181715},"median":{"confidence_interval":{"confidence_level":0.95,"lower_bound":781676582.0,"upper_bound":783063254.5},"point_estimate":782393545.0,"standard_error":412800.80390622164},"median_abs_dev":{"confidence_interval":{"confidence_level":0.95,"lower_bound":93246.64274454117,"upper_bound":1690538.3264869452},"point_estimate":911168.8788235188,"standard_error":398611.4587923225},"slope":null,"std_dev":{"confidence_interval":{"confidence_level":0.95,"lower_bound":516181.09445819224,"upper_bound":1338907.9902423965},"point_estimate":1007918.0625584656,"standard_error":223187.89330173767}}