{"mean":{"confidence_interval":{"confidence_level":0.95,"lower_bound":-0.022306154562719907,"upper_bound":-0.017957975396948912},"point_estimate":-0.020289604293228236,"standard_error":0.0011051582265734852},"median":{"confidence_interval":{"confidence_level":0.95,"lower_bound":-0.022990262833171293,"upper_bound":-0.018173590881303547},"point_estimate":-0.020752564060056655,"standard_error":0.001330046475310287}}