{"mean":{"confidence_interval":{"confidence_level":0.95,"lower_bound":-0.008261798035675895,"upper_bound":0.00644850060787393},"point_estimate":0.0007356879547859574,"standard_error":0.004076715294880728},"median":{"confidence_interval":{"confidence_level":0.95,"lower_bound":0.002353455635570878,"upper_bound":0.0068602258087278045},"point_estimate":0.004346274466194622,"standard_error":0.0013575872532548573}}