{"mean":{"confidence_interval":{"confidence_level":0.95,"lower_bound":-0.38586369363645423,"upper_bound":-0.35101109102361056},"point_estimate":-0.3683500645828742,"standard_error":0.008967167275073053},"median":{"confidence_interval":{"confidence_level":0.95,"lower_bound":-0.39929959554461825,"upper_bound":-0.3383445708564683},"point_estimate":-0.35794370111997986,"standard_error":0.015566000064842588}}