{"mean":{"confidence_interval":{"confidence_level":0.95,"lower_bound":190753167.43333334,"upper_bound":193456221.98416665},"point_estimate":191943884.73333332,"standard_error":700540.8072590692},"median":{"confidence_interval":{"confidence_level":0.95,"lower_bound":190548542.66666666,"upper_bound":192735106.33333334},"point_estimate":191521150.3333333,"standard_error":481157.0617322633},"median_abs_dev":{"confidence_interval":{"confidence_level":0.95,"lower_bound":146608.38099718094,"upper_bound":3230987.621438518},"point_estimate":1246636.0335677862,"standard_error":787780.6291577141},"slope":null,"std_dev":{"confidence_interval":{"confidence_level":0.95,"lower_bound":764384.001344887,"upper_bound":3313977.455666233},"point_estimate":2334222.0529994424,"standard_error":740332.7535966209}}