{"mean":{"confidence_interval":{"confidence_level":0.95,"lower_bound":-0.027769749657724645,"upper_bound":-0.01967906886281576},"point_estimate":-0.02291706546480754,"standard_error":0.0021806848116207346},"median":{"confidence_interval":{"confidence_level":0.95,"lower_bound":-0.023892799482484017,"upper_bound":-0.01873424390664391},"point_estimate":-0.02058339772024187,"standard_error":0.0015929234395893985}}