{"mean":{"confidence_interval":{"confidence_level":0.95,"lower_bound":-0.026932753030522914,"upper_bound":-0.021261190849100425},"point_estimate":-0.023977438129960005,"standard_error":0.0014441156903460626},"median":{"confidence_interval":{"confidence_level":0.95,"lower_bound":-0.026725995639660494,"upper_bound":-0.020475656307115564},"point_estimate":-0.023798458376700138,"standard_error":0.0015526109879523866}}