{"mean":{"confidence_interval":{"confidence_level":0.95,"lower_bound":0.005604264856340952,"upper_bound":0.014744863049323563},"point_estimate":0.01002796403221895,"standard_error":0.00233127938663158},"median":{"confidence_interval":{"confidence_level":0.95,"lower_bound":0.004371511109173998,"upper_bound":0.015683800209154608},"point_estimate":0.00830061003094773,"standard_error":0.0029686911284552684}}