{"mean":{"confidence_interval":{"confidence_level":0.95,"lower_bound":-0.013920840642513999,"upper_bound":-0.006790440834529016},"point_estimate":-0.010287103719381574,"standard_error":0.0018208387164688415},"median":{"confidence_interval":{"confidence_level":0.95,"lower_bound":-0.0158820388541151,"upper_bound":-0.005982656432787947},"point_estimate":-0.008928574052030736,"standard_error":0.002730685984933648}}