{"mean":{"confidence_interval":{"confidence_level":0.95,"lower_bound":-0.033278559723027415,"upper_bound":-0.022144396534457714},"point_estimate":-0.028237210037618476,"standard_error":0.0028016010743279972},"median":{"confidence_interval":{"confidence_level":0.95,"lower_bound":-0.03266426718486004,"upper_bound":-0.025939570923611432},"point_estimate":-0.029922875927128056,"standard_error":0.001668705556728103}}