{"mean":{"confidence_interval":{"confidence_level":0.95,"lower_bound":295541974.55,"upper_bound":297827156.935},"point_estimate":296692471.5,"standard_error":586443.0273912577},"median":{"confidence_interval":{"confidence_level":0.95,"lower_bound":295102092.25,"upper_bound":298428456.0},"point_estimate":296686550.5,"standard_error":916640.5970457764},"median_abs_dev":{"confidence_interval":{"confidence_level":0.95,"lower_bound":490194.25319731236,"upper_bound":3181703.280213475},"point_estimate":2225742.4616351724,"standard_error":695225.2783165195},"slope":null,"std_dev":{"confidence_interval":{"confidence_level":0.95,"lower_bound":1180012.1861703626,"upper_bound":2410920.427262031},"point_estimate":1951855.894783532,"standard_error":314921.5713933297}}