{"mean":{"confidence_interval":{"confidence_level":0.95,"lower_bound":-0.027864099359003473,"upper_bound":-0.02330322273833097},"point_estimate":-0.02560239871811998,"standard_error":0.0011485512452189327},"median":{"confidence_interval":{"confidence_level":0.95,"lower_bound":-0.029726191486110394,"upper_bound":-0.022827208185506653},"point_estimate":-0.02444591471242541,"standard_error":0.001711632904738169}}