{"mean":{"confidence_interval":{"confidence_level":0.95,"lower_bound":-0.018091055405420893,"upper_bound":-0.014047785002579622},"point_estimate":-0.015970574129326454,"standard_error":0.0010323358047692104},"median":{"confidence_interval":{"confidence_level":0.95,"lower_bound":-0.0172101324245284,"upper_bound":-0.013526273104007558},"point_estimate":-0.016061115660552017,"standard_error":0.0009504677735077038}}