{"mean":{"confidence_interval":{"confidence_level":0.95,"lower_bound":0.5311614149811037,"upper_bound":0.629058172030438},"point_estimate":0.5775967300440394,"standard_error":0.025345498681149967},"median":{"confidence_interval":{"confidence_level":0.95,"lower_bound":0.5151555185316861,"upper_bound":0.617039861827952},"point_estimate":0.5681451703222999,"standard_error":0.02810694116561729}}