{"mean":{"confidence_interval":{"confidence_level":0.95,"lower_bound":1212040306.0800002,"upper_bound":1216466871.5},"point_estimate":1214355445.0,"standard_error":1135959.429821613},"median":{"confidence_interval":{"confidence_level":0.95,"lower_bound":1213048571.0,"upper_bound":1216770107.0},"point_estimate":1214269489.5,"standard_error":784823.7249249478},"median_abs_dev":{"confidence_interval":{"confidence_level":0.95,"lower_bound":230189.9545133114,"upper_bound":6119388.395959139},"point_estimate":1896192.7340358496,"standard_error":1479954.9666860146},"slope":null,"std_dev":{"confidence_interval":{"confidence_level":0.95,"lower_bound":1118674.7503443337,"upper_bound":5328708.33261377},"point_estimate":3790857.7752647954,"standard_error":1051932.4867917425}}