{"mean":{"confidence_interval":{"confidence_level":0.95,"lower_bound":-0.02972930016412774,"upper_bound":-0.02024693742238333},"point_estimate":-0.025179868533749872,"standard_error":0.002425985946131242},"median":{"confidence_interval":{"confidence_level":0.95,"lower_bound":-0.03368195074492342,"upper_bound":-0.0181499565814337},"point_estimate":-0.026531292166496634,"standard_error":0.0039005048368552114}}