{"mean":{"confidence_interval":{"confidence_level":0.95,"lower_bound":0.034591328524880595,"upper_bound":0.04429271825517364},"point_estimate":0.039102878684418974,"standard_error":0.0024786868552823128},"median":{"confidence_interval":{"confidence_level":0.95,"lower_bound":0.03171121873063654,"upper_bound":0.04565270657423515},"point_estimate":0.03828451668710886,"standard_error":0.0042291357186091064}}