{"mean":{"confidence_interval":{"confidence_level":0.95,"lower_bound":-0.007463900180454249,"upper_bound":-0.0017604347858062557},"point_estimate":-0.004600831598404631,"standard_error":0.0014645806498919316},"median":{"confidence_interval":{"confidence_level":0.95,"lower_bound":-0.007903256939604364,"upper_bound":-0.0012155619350501246},"point_estimate":-0.0058080048386699445,"standard_error":0.0016867394877060544}}