{"mean":{"confidence_interval":{"confidence_level":0.95,"lower_bound":-0.024216669549896545,"upper_bound":-0.01687336410633845},"point_estimate":-0.020465312608807018,"standard_error":0.0018721533933229399},"median":{"confidence_interval":{"confidence_level":0.95,"lower_bound":-0.024864651630315926,"upper_bound":-0.015118245452862777},"point_estimate":-0.020674267483174247,"standard_error":0.0025537738315723857}}