{"mean":{"confidence_interval":{"confidence_level":0.95,"lower_bound":-0.028343492815373128,"upper_bound":-0.014857640191960808},"point_estimate":-0.022340133937837625,"standard_error":0.003411052720744171},"median":{"confidence_interval":{"confidence_level":0.95,"lower_bound":-0.03125616036763246,"upper_bound":-0.010996210319138444},"point_estimate":-0.02493109212615152,"standard_error":0.005125956798067401}}