{"mean":{"confidence_interval":{"confidence_level":0.95,"lower_bound":-0.016138873300200383,"upper_bound":-0.0007257643593027117},"point_estimate":-0.009795884403530297,"standard_error":0.0038647240620099015},"median":{"confidence_interval":{"confidence_level":0.95,"lower_bound":-0.01857323593496707,"upper_bound":0.002801669077804547},"point_estimate":-0.01483855661403699,"standard_error":0.004860416677123635}}