{"mean":{"confidence_interval":{"confidence_level":0.95,"lower_bound":462396195.6,"upper_bound":463637351.25},"point_estimate":462967329.5,"standard_error":319528.3951643543},"median":{"confidence_interval":{"confidence_level":0.95,"lower_bound":462285279.5,"upper_bound":463682719.5},"point_estimate":462742987.5,"standard_error":269369.6071124351},"median_abs_dev":{"confidence_interval":{"confidence_level":0.95,"lower_bound":61502.6947081089,"upper_bound":1690978.6586791277},"point_estimate":524154.6881943941,"standard_error":419475.86549002305},"slope":null,"std_dev":{"confidence_interval":{"confidence_level":0.95,"lower_bound":375602.3771624919,"upper_bound":1399891.8105695462},"point_estimate":1062883.5868113162,"standard_error":267362.20052063215}}