{"mean":{"confidence_interval":{"confidence_level":0.95,"lower_bound":-0.01954894338188391,"upper_bound":-0.016255129784779762},"point_estimate":-0.017961540557498434,"standard_error":0.0008474602589352023},"median":{"confidence_interval":{"confidence_level":0.95,"lower_bound":-0.019647197232692815,"upper_bound":-0.016682904408939714},"point_estimate":-0.0179728787127994,"standard_error":0.0008195568807819597}}