{"mean":{"confidence_interval":{"confidence_level":0.95,"lower_bound":0.03477154592367622,"upper_bound":0.04379304697664222},"point_estimate":0.039427525376483974,"standard_error":0.0022385408543186313},"median":{"confidence_interval":{"confidence_level":0.95,"lower_bound":0.03243416759531348,"upper_bound":0.045081072946432155},"point_estimate":0.04226289908901926,"standard_error":0.0035578563225415827}}