{"mean":{"confidence_interval":{"confidence_level":0.95,"lower_bound":-0.06888543485324135,"upper_bound":-0.057831128000470015},"point_estimate":-0.0634533377213351,"standard_error":0.0028519584008858123},"median":{"confidence_interval":{"confidence_level":0.95,"lower_bound":-0.07255734523157686,"upper_bound":-0.05473084150511498},"point_estimate":-0.06645052581345201,"standard_error":0.004514539412138347}}