{"mean":{"confidence_interval":{"confidence_level":0.95,"lower_bound":0.011912780639400825,"upper_bound":0.02772190965034635},"point_estimate":0.021447406308623185,"standard_error":0.004247142967029159},"median":{"confidence_interval":{"confidence_level":0.95,"lower_bound":0.022006182965364607,"upper_bound":0.029010689271637524},"point_estimate":0.0259219489850131,"standard_error":0.0023300491827507462}}