{"mean":{"confidence_interval":{"confidence_level":0.95,"lower_bound":-0.029327932895763558,"upper_bound":-0.0254712407973662},"point_estimate":-0.02739275176726208,"standard_error":0.0009873230471285537},"median":{"confidence_interval":{"confidence_level":0.95,"lower_bound":-0.030047899806106115,"upper_bound":-0.0239388375477374},"point_estimate":-0.027184863225824807,"standard_error":0.0016363613404941338}}