{"mean":{"confidence_interval":{"confidence_level":0.95,"lower_bound":-0.01790599097213482,"upper_bound":-0.014569065411726074},"point_estimate":-0.01615085099090574,"standard_error":0.0008553879161526178},"median":{"confidence_interval":{"confidence_level":0.95,"lower_bound":-0.017810137992370523,"upper_bound":-0.014259943163326239},"point_estimate":-0.015696291447200084,"standard_error":0.000841307488228348}}