{"mean":{"confidence_interval":{"confidence_level":0.95,"lower_bound":349693553.2925,"upper_bound":428555381.35},"point_estimate":393334856.4,"standard_error":20126544.427785076},"median":{"confidence_interval":{"confidence_level":0.95,"lower_bound":345838735.25,"upper_bound":435706736.5},"point_estimate":424045529.0,"standard_error":20701192.108691767},"median_abs_dev":{"confidence_interval":{"confidence_level":0.95,"lower_bound":3294258.934365213,"upper_bound":87115306.81669414},"point_estimate":20455018.191450834,"standard_error":20212022.656982537},"slope":null,"std_dev":{"confidence_interval":{"confidence_level":0.95,"lower_bound":9819937.468926825,"upper_bound":84061140.08967152},"point_estimate":67260781.54816279,"standard_error":18647203.061620798}}