{"mean":{"confidence_interval":{"confidence_level":0.95,"lower_bound":1341739190.3775,"upper_bound":1345078203.8375},"point_estimate":1343207482.6,"standard_error":857508.1490383936},"median":{"confidence_interval":{"confidence_level":0.95,"lower_bound":1341447156.0,"upper_bound":1343721017.0},"point_estimate":1343130954.5,"standard_error":622412.5761329989},"median_abs_dev":{"confidence_interval":{"confidence_level":0.95,"lower_bound":225563.50129544735,"upper_bound":3405122.9419469833},"point_estimate":1067809.2725425959,"standard_error":849898.4582490982},"slope":null,"std_dev":{"confidence_interval":{"confidence_level":0.95,"lower_bound":843216.1906087707,"upper_bound":4150563.8008586843},"point_estimate":2857717.2168545923,"standard_error":968489.2672592241}}