{"mean":{"confidence_interval":{"confidence_level":0.95,"lower_bound":-0.02425152297759851,"upper_bound":-0.015489890884264066},"point_estimate":-0.020585704482096956,"standard_error":0.0022812966452033807},"median":{"confidence_interval":{"confidence_level":0.95,"lower_bound":-0.025088217805522728,"upper_bound":-0.017649587554262047},"point_estimate":-0.0234106340185819,"standard_error":0.0018064002482966579}}