{"mean":{"confidence_interval":{"confidence_level":0.95,"lower_bound":-0.653946677679616,"upper_bound":-0.6317624909518309},"point_estimate":-0.6441488814119389,"standard_error":0.005715930829832987},"median":{"confidence_interval":{"confidence_level":0.95,"lower_bound":-0.6584218884989914,"upper_bound":-0.6300394784637714},"point_estimate":-0.6509518418028033,"standard_error":0.007621083340024922}}