{"mean":{"confidence_interval":{"confidence_level":0.95,"lower_bound":0.03731908669309613,"upper_bound":0.05594115176658427},"point_estimate":0.045945232217804666,"standard_error":0.004946362892077864},"median":{"confidence_interval":{"confidence_level":0.95,"lower_bound":0.03396806025144561,"upper_bound":0.06021239802258327},"point_estimate":0.042503241908803835,"standard_error":0.0058187111331626865}}