{"mean":{"confidence_interval":{"confidence_level":0.95,"lower_bound":0.014003264818265962,"upper_bound":0.02225957650208369},"point_estimate":0.018061540776944218,"standard_error":0.002109173326607318},"median":{"confidence_interval":{"confidence_level":0.95,"lower_bound":0.014349354392179547,"upper_bound":0.022729131769119615},"point_estimate":0.018665235655989987,"standard_error":0.002235865783890619}}