{"mean":{"confidence_interval":{"confidence_level":0.95,"lower_bound":-0.015516081854156698,"upper_bound":0.0027709559449806487},"point_estimate":-0.00734714446675766,"standard_error":0.004692287172751183},"median":{"confidence_interval":{"confidence_level":0.95,"lower_bound":-0.014752264931995773,"upper_bound":-0.0013426037672884528},"point_estimate":-0.01174975686214541,"standard_error":0.003633019778373845}}