{"mean":{"confidence_interval":{"confidence_level":0.95,"lower_bound":1128820210.3999999,"upper_bound":1132550832.9975},"point_estimate":1130498209.0,"standard_error":954520.9054962049},"median":{"confidence_interval":{"confidence_level":0.95,"lower_bound":1128320422.5,"upper_bound":1132754494.0},"point_estimate":1128890760.5,"standard_error":1134613.442010394},"median_abs_dev":{"confidence_interval":{"confidence_level":0.95,"lower_bound":219239.47110772133,"upper_bound":4731189.2691046},"point_estimate":1472138.7482643127,"standard_error":1291852.1138030537},"slope":null,"std_dev":{"confidence_interval":{"confidence_level":0.95,"lower_bound":1069091.527642282,"upper_bound":4219121.0329801105},"point_estimate":3180882.7086522523,"standard_error":834696.571975235}}