{"mean":{"confidence_interval":{"confidence_level":0.95,"lower_bound":285353617.30625,"upper_bound":287487320.6725},"point_estimate":286457270.65,"standard_error":548583.3661948171},"median":{"confidence_interval":{"confidence_level":0.95,"lower_bound":284678749.0,"upper_bound":287862535.75},"point_estimate":287181575.0,"standard_error":922809.2429624614},"median_abs_dev":{"confidence_interval":{"confidence_level":0.95,"lower_bound":314126.61072313786,"upper_bound":2851623.152473569},"point_estimate":1807702.2720068693,"standard_error":744331.3886990807},"slope":null,"std_dev":{"confidence_interval":{"confidence_level":0.95,"lower_bound":1061802.871925497,"upper_bound":2219764.020554594},"point_estimate":1835997.5031948052,"standard_error":296234.81147559086}}