{"mean":{"confidence_interval":{"confidence_level":0.95,"lower_bound":566329439.9,"upper_bound":576851451.24},"point_estimate":571197092.0,"standard_error":2695324.1236065337},"median":{"confidence_interval":{"confidence_level":0.95,"lower_bound":563955465.5,"upper_bound":576165387.5},"point_estimate":570497823.5,"standard_error":2839912.9817667026},"median_abs_dev":{"confidence_interval":{"confidence_level":0.95,"lower_bound":618817.9552137852,"upper_bound":14415283.961677551},"point_estimate":7086216.301694512,"standard_error":3437699.749847185},"slope":null,"std_dev":{"confidence_interval":{"confidence_level":0.95,"lower_bound":3926095.392747503,"upper_bound":11898060.472214743},"point_estimate":8977302.570728408,"standard_error":2134655.4756887443}}