{"mean":{"confidence_interval":{"confidence_level":0.95,"lower_bound":730890003.4275,"upper_bound":737913322.6},"point_estimate":734210724.4,"standard_error":1803598.9911892542},"median":{"confidence_interval":{"confidence_level":0.95,"lower_bound":729800193.0,"upper_bound":739632131.5},"point_estimate":731967021.0,"standard_error":2518595.560471879},"median_abs_dev":{"confidence_interval":{"confidence_level":0.95,"lower_bound":1085893.2857215405,"upper_bound":10156923.252278566},"point_estimate":5128155.412057042,"standard_error":2381827.2128898543},"slope":null,"std_dev":{"confidence_interval":{"confidence_level":0.95,"lower_bound":2815368.704596769,"upper_bound":7351402.123252476},"point_estimate":6001790.172181541,"standard_error":1130556.50040855}}