{"mean":{"confidence_interval":{"confidence_level":0.95,"lower_bound":-0.025833505771440404,"upper_bound":-0.019682425309055653},"point_estimate":-0.02294905358773225,"standard_error":0.0015722564864827687},"median":{"confidence_interval":{"confidence_level":0.95,"lower_bound":-0.02659572083629802,"upper_bound":-0.019224008916754576},"point_estimate":-0.023520602997469164,"standard_error":0.001939857763369655}}