{"mean":{"confidence_interval":{"confidence_level":0.95,"lower_bound":1230322695.0,"upper_bound":1241558298.5},"point_estimate":1235168771.4,"standard_error":2878139.8410486523},"median":{"confidence_interval":{"confidence_level":0.95,"lower_bound":1229987148.0,"upper_bound":1241631568.0},"point_estimate":1231462110.0,"standard_error":2360896.358890882},"median_abs_dev":{"confidence_interval":{"confidence_level":0.95,"lower_bound":288324.9233812094,"upper_bound":14147917.81282425},"point_estimate":2044956.8153947592,"standard_error":2651637.929256482},"slope":null,"std_dev":{"confidence_interval":{"confidence_level":0.95,"lower_bound":1192543.2851563923,"upper_bound":12269434.048058433},"point_estimate":9597362.57530063,"standard_error":2928853.6547804326}}