{"mean":{"confidence_interval":{"confidence_level":0.95,"lower_bound":893557425.715,"upper_bound":902559426.4475},"point_estimate":897522680.9,"standard_error":2326307.4429720733},"median":{"confidence_interval":{"confidence_level":0.95,"lower_bound":891695751.0,"upper_bound":900813180.0},"point_estimate":895910150.5,"standard_error":2384301.5892066434},"median_abs_dev":{"confidence_interval":{"confidence_level":0.95,"lower_bound":1077880.5741637945,"upper_bound":10433514.138168097},"point_estimate":6404017.938905954,"standard_error":2361787.3126092358},"slope":null,"std_dev":{"confidence_interval":{"confidence_level":0.95,"lower_bound":2889531.2152918964,"upper_bound":10985566.812228302},"point_estimate":7744889.879556174,"standard_error":2384635.6213564114}}