{"mean":{"confidence_interval":{"confidence_level":0.95,"lower_bound":627996187.5,"upper_bound":633722655.7},"point_estimate":630639772.3,"standard_error":1471731.1964073093},"median":{"confidence_interval":{"confidence_level":0.95,"lower_bound":626581552.0,"upper_bound":633372630.0},"point_estimate":630035405.0,"standard_error":1991838.688919816},"median_abs_dev":{"confidence_interval":{"confidence_level":0.95,"lower_bound":788614.1997992992,"upper_bound":8209793.572247028},"point_estimate":4654876.141959429,"standard_error":1764594.0607648522},"slope":null,"std_dev":{"confidence_interval":{"confidence_level":0.95,"lower_bound":2422125.676882467,"upper_bound":6651772.942519724},"point_estimate":4914624.961608658,"standard_error":1218649.7581296323}}