{"mean":{"confidence_interval":{"confidence_level":0.95,"lower_bound":0.016919745758451343,"upper_bound":0.03499213671700483},"point_estimate":0.025234369649318023,"standard_error":0.004541962812719171},"median":{"confidence_interval":{"confidence_level":0.95,"lower_bound":0.014400270554895345,"upper_bound":0.02990506213734645},"point_estimate":0.01948272520835026,"standard_error":0.004038497057651936}}