{"mean":{"confidence_interval":{"confidence_level":0.95,"lower_bound":1421903599.7,"upper_bound":1423424396.7925},"point_estimate":1422671827.5,"standard_error":388309.6280649712},"median":{"confidence_interval":{"confidence_level":0.95,"lower_bound":1421646934.0,"upper_bound":1423514846.5},"point_estimate":1422728343.5,"standard_error":412978.85698122},"median_abs_dev":{"confidence_interval":{"confidence_level":0.95,"lower_bound":310954.5880794525,"upper_bound":2147062.7342820168},"point_estimate":843458.5380256176,"standard_error":525212.3500622492},"slope":null,"std_dev":{"confidence_interval":{"confidence_level":0.95,"lower_bound":637706.3015711856,"upper_bound":1692253.8328483833},"point_estimate":1291077.4627048913,"standard_error":266704.56297729}}