{"mean":{"confidence_interval":{"confidence_level":0.95,"lower_bound":-0.010497604639094079,"upper_bound":0.001680640247625756},"point_estimate":-0.0052275342096367305,"standard_error":0.0031380795667477596},"median":{"confidence_interval":{"confidence_level":0.95,"lower_bound":-0.012638438410200403,"upper_bound":-0.002819367294826458},"point_estimate":-0.008935154794431521,"standard_error":0.0024760621165181734}}