{"mean":{"confidence_interval":{"confidence_level":0.95,"lower_bound":0.002026873393780849,"upper_bound":0.009045193062357886},"point_estimate":0.005581326162219291,"standard_error":0.0017926187514347874},"median":{"confidence_interval":{"confidence_level":0.95,"lower_bound":0.0010195162739010666,"upper_bound":0.010530646376425201},"point_estimate":0.006177041657978277,"standard_error":0.0029830562399210314}}