{"mean":{"confidence_interval":{"confidence_level":0.95,"lower_bound":581354530.9,"upper_bound":583193070.5625},"point_estimate":582324313.3,"standard_error":470453.3149031288},"median":{"confidence_interval":{"confidence_level":0.95,"lower_bound":581200546.5,"upper_bound":583904844.0},"point_estimate":582490786.0,"standard_error":551431.1245189178},"median_abs_dev":{"confidence_interval":{"confidence_level":0.95,"lower_bound":132029.97545599937,"upper_bound":2668278.168028593},"point_estimate":1475268.5168087482,"standard_error":707339.3635910501},"slope":null,"std_dev":{"confidence_interval":{"confidence_level":0.95,"lower_bound":739517.0347037185,"upper_bound":2018286.6172124096},"point_estimate":1564191.749485838,"standard_error":339544.5964437937}}