{"mean":{"confidence_interval":{"confidence_level":0.95,"lower_bound":-0.34266683152290006,"upper_bound":-0.28735692125259227},"point_estimate":-0.3151216891443559,"standard_error":0.014172060011862017},"median":{"confidence_interval":{"confidence_level":0.95,"lower_bound":-0.3445784281290718,"upper_bound":-0.27039319625433966},"point_estimate":-0.3141311763992507,"standard_error":0.02147007906511533}}