{"mean":{"confidence_interval":{"confidence_level":0.95,"lower_bound":1358485764.52,"upper_bound":1374992696.56},"point_estimate":1366260902.8,"standard_error":4235531.654917594},"median":{"confidence_interval":{"confidence_level":0.95,"lower_bound":1354768177.0,"upper_bound":1378851192.0},"point_estimate":1361364699.0,"standard_error":6397613.954554946},"median_abs_dev":{"confidence_interval":{"confidence_level":0.95,"lower_bound":940943.192794919,"upper_bound":22151255.6322366},"point_estimate":9832356.172540784,"standard_error":6010529.7582783485},"slope":null,"std_dev":{"confidence_interval":{"confidence_level":0.95,"lower_bound":5759357.871142519,"upper_bound":17464646.798919663},"point_estimate":14087139.865844661,"standard_error":2770349.691878355}}