{"mean":{"confidence_interval":{"confidence_level":0.95,"lower_bound":618193456.6,"upper_bound":619237988.0},"point_estimate":618717211.8,"standard_error":265784.54031854926},"median":{"confidence_interval":{"confidence_level":0.95,"lower_bound":618200642.0,"upper_bound":619235305.5},"point_estimate":618787141.5,"standard_error":319535.08411797584},"median_abs_dev":{"confidence_interval":{"confidence_level":0.95,"lower_bound":81430.32095432281,"upper_bound":1515440.3043955564},"point_estimate":759783.5607111454,"standard_error":345968.71539073926},"slope":null,"std_dev":{"confidence_interval":{"confidence_level":0.95,"lower_bound":412229.9145478164,"upper_bound":1182388.247863844},"point_estimate":882287.8217250876,"standard_error":201877.39781076674}}