{"mean":{"confidence_interval":{"confidence_level":0.95,"lower_bound":532195338.8,"upper_bound":534360308.6},"point_estimate":533320704.2,"standard_error":554973.7102546517},"median":{"confidence_interval":{"confidence_level":0.95,"lower_bound":531726884.0,"upper_bound":534882911.0},"point_estimate":533725422.0,"standard_error":858335.0750444325},"median_abs_dev":{"confidence_interval":{"confidence_level":0.95,"lower_bound":328521.9151675701,"upper_bound":3125824.828505516},"point_estimate":1840057.0512324572,"standard_error":720272.0787518298},"slope":null,"std_dev":{"confidence_interval":{"confidence_level":0.95,"lower_bound":980864.6276094245,"upper_bound":2219732.0640004915},"point_estimate":1846506.122162899,"standard_error":307167.3168220324}}