{"mean":{"confidence_interval":{"confidence_level":0.95,"lower_bound":961146834.3425,"upper_bound":967751166.5},"point_estimate":963761483.9,"standard_error":1799801.9939184382},"median":{"confidence_interval":{"confidence_level":0.95,"lower_bound":960433803.5,"upper_bound":964406944.0},"point_estimate":961470923.5,"standard_error":1228609.5846101595},"median_abs_dev":{"confidence_interval":{"confidence_level":0.95,"lower_bound":342192.9695248604,"upper_bound":4816399.478691816},"point_estimate":2103389.0455573797,"standard_error":1169377.9514966274},"slope":null,"std_dev":{"confidence_interval":{"confidence_level":0.95,"lower_bound":1284247.9800760434,"upper_bound":9111706.707692998},"point_estimate":6006160.135619715,"standard_error":2610069.204335616}}