{"mean":{"confidence_interval":{"confidence_level":0.95,"lower_bound":0.6420352886335701,"upper_bound":0.6737340372224537},"point_estimate":0.6570535668989936,"standard_error":0.008095771443077207},"median":{"confidence_interval":{"confidence_level":0.95,"lower_bound":0.6339303059085135,"upper_bound":0.6803504185721014},"point_estimate":0.6534637124516158,"standard_error":0.008941725747654687}}