{"mean":{"confidence_interval":{"confidence_level":0.95,"lower_bound":215295848.34416664,"upper_bound":216156912.34833336},"point_estimate":215713846.4,"standard_error":221374.30494712974},"median":{"confidence_interval":{"confidence_level":0.95,"lower_bound":215083293.0,"upper_bound":216313037.33333334},"point_estimate":215601161.6666667,"standard_error":321913.7521306528},"median_abs_dev":{"confidence_interval":{"confidence_level":0.95,"lower_bound":141876.16898120186,"upper_bound":1279750.6452798843},"point_estimate":772954.4846773221,"standard_error":279042.95395553776},"slope":null,"std_dev":{"confidence_interval":{"confidence_level":0.95,"lower_bound":410681.2315833937,"upper_bound":901269.6931730218},"point_estimate":739136.6835886253,"standard_error":123515.34610565097}}