{"mean":{"confidence_interval":{"confidence_level":0.95,"lower_bound":764377177.99,"upper_bound":773584852.8},"point_estimate":768695057.8,"standard_error":2371665.195554652},"median":{"confidence_interval":{"confidence_level":0.95,"lower_bound":762391478.5,"upper_bound":775919420.0},"point_estimate":765334856.0,"standard_error":3659570.3147244374},"median_abs_dev":{"confidence_interval":{"confidence_level":0.95,"lower_bound":770309.2792242765,"upper_bound":13231894.16038692},"point_estimate":5499783.18015933,"standard_error":3664199.35129988},"slope":null,"std_dev":{"confidence_interval":{"confidence_level":0.95,"lower_bound":3468862.7858813605,"upper_bound":9801884.618197113},"point_estimate":7902298.443064198,"standard_error":1586236.719204742}}