{"mean":{"confidence_interval":{"confidence_level":0.95,"lower_bound":372072322.65500003,"upper_bound":372982299.6},"point_estimate":372539822.4,"standard_error":232931.768063967},"median":{"confidence_interval":{"confidence_level":0.95,"lower_bound":372076301.5,"upper_bound":373294459.0},"point_estimate":372473811.5,"standard_error":252082.12715408966},"median_abs_dev":{"confidence_interval":{"confidence_level":0.95,"lower_bound":37752.55507975817,"upper_bound":1422654.7502428293},"point_estimate":589391.3109362125,"standard_error":414839.89372191956},"slope":null,"std_dev":{"confidence_interval":{"confidence_level":0.95,"lower_bound":414440.94874199707,"upper_bound":1013947.4305808736},"point_estimate":774216.3667910283,"standard_error":160836.04531336683}}