{"mean":{"confidence_interval":{"confidence_level":0.95,"lower_bound":-0.05578372666138447,"upper_bound":-0.05003249136161682},"point_estimate":-0.05289178531643157,"standard_error":0.0014710153632727797},"median":{"confidence_interval":{"confidence_level":0.95,"lower_bound":-0.05842472441997815,"upper_bound":-0.048918222313210746},"point_estimate":-0.052134212761043464,"standard_error":0.002341575884306609}}