{"mean":{"confidence_interval":{"confidence_level":0.95,"lower_bound":-0.027489695275869374,"upper_bound":-0.01844076783887984},"point_estimate":-0.02323024313415767,"standard_error":0.002326388429625328},"median":{"confidence_interval":{"confidence_level":0.95,"lower_bound":-0.02803885478936463,"upper_bound":-0.01841540693989563},"point_estimate":-0.022764344489985988,"standard_error":0.002321579958015844}}