{"mean":{"confidence_interval":{"confidence_level":0.95,"lower_bound":275967720.27125,"upper_bound":276778747.1375},"point_estimate":276325192.35,"standard_error":210452.25843822182},"median":{"confidence_interval":{"confidence_level":0.95,"lower_bound":275783918.5,"upper_bound":276585440.75},"point_estimate":276302102.75,"standard_error":215771.71101419788},"median_abs_dev":{"confidence_interval":{"confidence_level":0.95,"lower_bound":56839.54714089632,"upper_bound":916167.4646347761},"point_estimate":692890.5031487346,"standard_error":253655.51434756734},"slope":null,"std_dev":{"confidence_interval":{"confidence_level":0.95,"lower_bound":275974.34944947314,"upper_bound":993183.7147706125},"point_estimate":699563.9034966733,"standard_error":215998.73158607527}}