{"mean":{"confidence_interval":{"confidence_level":0.95,"lower_bound":204536130.47333336,"upper_bound":205449128.96499997},"point_estimate":204990181.5,"standard_error":234512.92449085423},"median":{"confidence_interval":{"confidence_level":0.95,"lower_bound":204276809.66666666,"upper_bound":205921139.66666666},"point_estimate":205041502.83333334,"standard_error":390742.37247597624},"median_abs_dev":{"confidence_interval":{"confidence_level":0.95,"lower_bound":74954.32426929474,"upper_bound":1354087.2195601168},"point_estimate":1193128.50631772,"standard_error":351307.9547518833},"slope":null,"std_dev":{"confidence_interval":{"confidence_level":0.95,"lower_bound":482403.3026272338,"upper_bound":927400.4879343628},"point_estimate":784391.3216135035,"standard_error":110905.66726804544}}