{"mean":{"confidence_interval":{"confidence_level":0.95,"lower_bound":290105305.5,"upper_bound":291085075.6},"point_estimate":290680183.55,"standard_error":258748.10292171172},"median":{"confidence_interval":{"confidence_level":0.95,"lower_bound":290633427.75,"upper_bound":291162897.0},"point_estimate":290818960.0,"standard_error":141514.5326104269},"median_abs_dev":{"confidence_interval":{"confidence_level":0.95,"lower_bound":41364.53926563263,"upper_bound":829288.2181271911},"point_estimate":359196.1673229933,"standard_error":207663.54950397165},"slope":null,"std_dev":{"confidence_interval":{"confidence_level":0.95,"lower_bound":216998.35050377305,"upper_bound":1297474.1099695622},"point_estimate":865651.8363097336,"standard_error":346960.06865616294}}