{"mean":{"confidence_interval":{"confidence_level":0.95,"lower_bound":1177686595.415,"upper_bound":1189601948.0124998},"point_estimate":1182944625.9,"standard_error":3074878.0615433296},"median":{"confidence_interval":{"confidence_level":0.95,"lower_bound":1176311433.0,"upper_bound":1185972376.0},"point_estimate":1181735036.0,"standard_error":2544748.893993881},"median_abs_dev":{"confidence_interval":{"confidence_level":0.95,"lower_bound":1734262.4236106873,"upper_bound":13209460.94018519},"point_estimate":6866214.77420032,"standard_error":2925318.934567869},"slope":null,"std_dev":{"confidence_interval":{"confidence_level":0.95,"lower_bound":3690997.7392483987,"upper_bound":14705724.082696486},"point_estimate":10241803.678854287,"standard_error":3309612.600485096}}