{"mean":{"confidence_interval":{"confidence_level":0.95,"lower_bound":993397623.7,"upper_bound":1004551173.3125},"point_estimate":997941826.4,"standard_error":2990342.3549110917},"median":{"confidence_interval":{"confidence_level":0.95,"lower_bound":992952820.0,"upper_bound":1000157071.0},"point_estimate":995114915.0,"standard_error":1594929.4715069316},"median_abs_dev":{"confidence_interval":{"confidence_level":0.95,"lower_bound":261803.43375205994,"upper_bound":7851218.614313006},"point_estimate":2973045.125117898,"standard_error":2196941.4646239304},"slope":null,"std_dev":{"confidence_interval":{"confidence_level":0.95,"lower_bound":1279982.8108696959,"upper_bound":14738892.557475211},"point_estimate":9951926.196415504,"standard_error":3994426.4543964653}}