{"mean":{"confidence_interval":{"confidence_level":0.95,"lower_bound":870598797.0,"upper_bound":876017129.1},"point_estimate":872947422.2,"standard_error":1411608.3953434483},"median":{"confidence_interval":{"confidence_level":0.95,"lower_bound":870738803.0,"upper_bound":874567061.0},"point_estimate":871348719.5,"standard_error":935195.7461207513},"median_abs_dev":{"confidence_interval":{"confidence_level":0.95,"lower_bound":202211.81041002274,"upper_bound":5847148.940992355},"point_estimate":1016861.9483470917,"standard_error":1522696.9927626513},"slope":null,"std_dev":{"confidence_interval":{"confidence_level":0.95,"lower_bound":1057443.1325268897,"upper_bound":6690596.272190803},"point_estimate":4701892.551779994,"standard_error":1570316.64063958}}