{"mean":{"confidence_interval":{"confidence_level":0.95,"lower_bound":1430017974.69,"upper_bound":1450059800.98},"point_estimate":1437572863.4,"standard_error":5635595.411102748},"median":{"confidence_interval":{"confidence_level":0.95,"lower_bound":1430628773.5,"upper_bound":1434500009.5},"point_estimate":1432950466.5,"standard_error":1602582.0736326938},"median_abs_dev":{"confidence_interval":{"confidence_level":0.95,"lower_bound":178445.73283195496,"upper_bound":8756045.671749115},"point_estimate":1727136.3068372011,"standard_error":2416139.8992502387},"slope":null,"std_dev":{"confidence_interval":{"confidence_level":0.95,"lower_bound":1268698.0148028792,"upper_bound":28912967.363058295},"point_estimate":18787218.08058049,"standard_error":9255821.116688296}}