{"mean":{"confidence_interval":{"confidence_level":0.95,"lower_bound":859481773.1800001,"upper_bound":862345073.7},"point_estimate":860881785.2,"standard_error":735577.7327264139},"median":{"confidence_interval":{"confidence_level":0.95,"lower_bound":858775385.0,"upper_bound":863056178.0},"point_estimate":860397316.0,"standard_error":1342496.3865050918},"median_abs_dev":{"confidence_interval":{"confidence_level":0.95,"lower_bound":381994.10711824894,"upper_bound":3942034.661614895},"point_estimate":3434720.085221529,"standard_error":920532.0890513833},"slope":null,"std_dev":{"confidence_interval":{"confidence_level":0.95,"lower_bound":1554234.1051374816,"upper_bound":2936098.3836767646},"point_estimate":2449781.411323957,"standard_error":354370.2735737098}}