{"mean":{"confidence_interval":{"confidence_level":0.95,"lower_bound":326357006.19,"upper_bound":326861706.4},"point_estimate":326589046.1,"standard_error":129572.43152136638},"median":{"confidence_interval":{"confidence_level":0.95,"lower_bound":326257597.0,"upper_bound":326825074.5},"point_estimate":326532251.25,"standard_error":152635.92133503608},"median_abs_dev":{"confidence_interval":{"confidence_level":0.95,"lower_bound":57076.021836698055,"upper_bound":667208.5357546806},"point_estimate":340571.005153656,"standard_error":146644.17571171993},"slope":null,"std_dev":{"confidence_interval":{"confidence_level":0.95,"lower_bound":197671.90856810068,"upper_bound":586840.494053233},"point_estimate":432132.51943477296,"standard_error":110400.9285117969}}