{"mean":{"confidence_interval":{"confidence_level":0.95,"lower_bound":296626078.2,"upper_bound":297678697.0675},"point_estimate":297119039.1,"standard_error":268801.35844963096},"median":{"confidence_interval":{"confidence_level":0.95,"lower_bound":296549115.75,"upper_bound":297593230.5},"point_estimate":296962171.5,"standard_error":273974.7699834734},"median_abs_dev":{"confidence_interval":{"confidence_level":0.95,"lower_bound":166240.9698486328,"upper_bound":1476943.854779005},"point_estimate":738471.9273895025,"standard_error":308790.45518296276},"slope":null,"std_dev":{"confidence_interval":{"confidence_level":0.95,"lower_bound":403634.6996146738,"upper_bound":1217556.715693948},"point_estimate":896710.7295285984,"standard_error":221127.16661146263}}