{"mean":{"confidence_interval":{"confidence_level":0.95,"lower_bound":553523632.05,"upper_bound":557897365.78},"point_estimate":555840253.9,"standard_error":1118459.720106807},"median":{"confidence_interval":{"confidence_level":0.95,"lower_bound":551453271.0,"upper_bound":558332325.0},"point_estimate":557463579.0,"standard_error":1665079.968088089},"median_abs_dev":{"confidence_interval":{"confidence_level":0.95,"lower_bound":145963.45000863075,"upper_bound":5489561.394640803},"point_estimate":1360984.5217376947,"standard_error":1473436.6011999606},"slope":null,"std_dev":{"confidence_interval":{"confidence_level":0.95,"lower_bound":1146933.2115609145,"upper_bound":4370492.0379527835},"point_estimate":3710247.2652370175,"standard_error":687411.2289389669}}