{"mean":{"confidence_interval":{"confidence_level":0.95,"lower_bound":-0.020715893905708348,"upper_bound":-0.010909340012006392},"point_estimate":-0.015178688742441993,"standard_error":0.0025420358364009947},"median":{"confidence_interval":{"confidence_level":0.95,"lower_bound":-0.016319388984539218,"upper_bound":-0.010542091280948074},"point_estimate":-0.014290692002573158,"standard_error":0.0014904348929139707}}