{"mean":{"confidence_interval":{"confidence_level":0.95,"lower_bound":-0.051913178306963785,"upper_bound":-0.04805031803728653},"point_estimate":-0.049893705461855564,"standard_error":0.0009881086436005484},"median":{"confidence_interval":{"confidence_level":0.95,"lower_bound":-0.05215645285607973,"upper_bound":-0.04689271735805611},"point_estimate":-0.04955554114595595,"standard_error":0.0012899786015370606}}