{"mean":{"confidence_interval":{"confidence_level":0.95,"lower_bound":-0.014605583662506824,"upper_bound":-0.0104101758511455},"point_estimate":-0.0125613571897496,"standard_error":0.0010809863848236523},"median":{"confidence_interval":{"confidence_level":0.95,"lower_bound":-0.015044622738039193,"upper_bound":-0.010734761474221477},"point_estimate":-0.012878454010450957,"standard_error":0.0011201769032198065}}