{"mean":{"confidence_interval":{"confidence_level":0.95,"lower_bound":0.04299645735995038,"upper_bound":0.051610496644053996},"point_estimate":0.04724018829255039,"standard_error":0.002199059512469221},"median":{"confidence_interval":{"confidence_level":0.95,"lower_bound":0.038664471549688884,"upper_bound":0.05485886548860619},"point_estimate":0.04791794224507462,"standard_error":0.00422344190477007}}