{"mean":{"confidence_interval":{"confidence_level":0.95,"lower_bound":393869389.465,"upper_bound":396241438.95},"point_estimate":395100446.25,"standard_error":607533.7462137984},"median":{"confidence_interval":{"confidence_level":0.95,"lower_bound":393472391.0,"upper_bound":396333225.0},"point_estimate":395345189.0,"standard_error":589285.7390912323},"median_abs_dev":{"confidence_interval":{"confidence_level":0.95,"lower_bound":380762.8078401089,"upper_bound":3552409.9830821157},"point_estimate":1228776.2636348605,"standard_error":869070.768220974},"slope":null,"std_dev":{"confidence_interval":{"confidence_level":0.95,"lower_bound":809716.5130353264,"upper_bound":2624428.0143747223},"point_estimate":2025240.3338829011,"standard_error":441684.5063111538}}