{"mean":{"confidence_interval":{"confidence_level":0.95,"lower_bound":-0.02807854350336764,"upper_bound":-0.019001771438643855},"point_estimate":-0.023574219146490716,"standard_error":0.0023613932709866162},"median":{"confidence_interval":{"confidence_level":0.95,"lower_bound":-0.028600986245519988,"upper_bound":-0.020492756629095332},"point_estimate":-0.024531528401690594,"standard_error":0.002023788346903407}}