{"mean":{"confidence_interval":{"confidence_level":0.95,"lower_bound":812276297.6,"upper_bound":825254490.9825001},"point_estimate":816948744.2,"standard_error":3819747.265695822},"median":{"confidence_interval":{"confidence_level":0.95,"lower_bound":812281682.0,"upper_bound":814267496.5},"point_estimate":813416886.0,"standard_error":1045766.8328941838},"median_abs_dev":{"confidence_interval":{"confidence_level":0.95,"lower_bound":134058.17221999168,"upper_bound":3448279.9445807934},"point_estimate":1294607.7796161175,"standard_error":1402227.4682053663},"slope":null,"std_dev":{"confidence_interval":{"confidence_level":0.95,"lower_bound":755571.209720341,"upper_bound":19581243.295202184},"point_estimate":12732536.99973838,"standard_error":6685835.394971445}}