{"mean":{"confidence_interval":{"confidence_level":0.95,"lower_bound":-0.036138353732902924,"upper_bound":-0.028228772594122157},"point_estimate":-0.0324731172646161,"standard_error":0.0019996224108749104},"median":{"confidence_interval":{"confidence_level":0.95,"lower_bound":-0.03710152034692027,"upper_bound":-0.026235214842345367},"point_estimate":-0.033792036108670764,"standard_error":0.0024639696710666093}}