{"mean":{"confidence_interval":{"confidence_level":0.95,"lower_bound":0.03687109804974868,"upper_bound":0.041632044044531205},"point_estimate":0.03926915199309655,"standard_error":0.0012153898237504907},"median":{"confidence_interval":{"confidence_level":0.95,"lower_bound":0.036365120807693385,"upper_bound":0.04272367904522856},"point_estimate":0.03942107575571896,"standard_error":0.0016719070526633546}}