{"mean":{"confidence_interval":{"confidence_level":0.95,"lower_bound":569387665.0425,"upper_bound":577143532.6},"point_estimate":573267113.5,"standard_error":1980312.7503791398},"median":{"confidence_interval":{"confidence_level":0.95,"lower_bound":568021092.0,"upper_bound":578867009.0},"point_estimate":573277755.5,"standard_error":2942356.1610129257},"median_abs_dev":{"confidence_interval":{"confidence_level":0.95,"lower_bound":2182600.6556510925,"upper_bound":11235196.715435386},"point_estimate":7522954.671540856,"standard_error":2284636.1300698663},"slope":null,"std_dev":{"confidence_interval":{"confidence_level":0.95,"lower_bound":3881717.867667585,"upper_bound":8264388.498182133},"point_estimate":6591760.188046947,"standard_error":1124940.2646293298}}