{"mean":{"confidence_interval":{"confidence_level":0.95,"lower_bound":0.6324201342372519,"upper_bound":0.6477750354910351},"point_estimate":0.6406126780379,"standard_error":0.0039561236903139846},"median":{"confidence_interval":{"confidence_level":0.95,"lower_bound":0.6319724713795376,"upper_bound":0.6517703524262575},"point_estimate":0.6440723973660709,"standard_error":0.0048352423954248465}}