{"mean":{"confidence_interval":{"confidence_level":0.95,"lower_bound":277262821.03625,"upper_bound":278114784.66625},"point_estimate":277712240.45,"standard_error":218754.93169938738},"median":{"confidence_interval":{"confidence_level":0.95,"lower_bound":277166406.75,"upper_bound":278257872.0},"point_estimate":277925728.75,"standard_error":292212.7100695456},"median_abs_dev":{"confidence_interval":{"confidence_level":0.95,"lower_bound":154823.467451334,"upper_bound":1243978.8437649608},"point_estimate":668452.437132597,"standard_error":269218.61128634325},"slope":null,"std_dev":{"confidence_interval":{"confidence_level":0.95,"lower_bound":355304.85723274003,"upper_bound":941909.3914425861},"point_estimate":730680.4630916707,"standard_error":153544.82071682814}}