{"mean":{"confidence_interval":{"confidence_level":0.95,"lower_bound":-0.05400202302299632,"upper_bound":-0.046197930873325896},"point_estimate":-0.05018127691053076,"standard_error":0.002014609756208583},"median":{"confidence_interval":{"confidence_level":0.95,"lower_bound":-0.05787356042310121,"upper_bound":-0.04436479894582179},"point_estimate":-0.051120787994675565,"standard_error":0.003816962973665236}}