{"mean":{"confidence_interval":{"confidence_level":0.95,"lower_bound":469700850.55,"upper_bound":475451321.15125},"point_estimate":472110837.5,"standard_error":1522800.1805398464},"median":{"confidence_interval":{"confidence_level":0.95,"lower_bound":468862458.5,"upper_bound":473504202.25},"point_estimate":470255911.25,"standard_error":1094919.964713362},"median_abs_dev":{"confidence_interval":{"confidence_level":0.95,"lower_bound":306637.9982560873,"upper_bound":5164962.80965358},"point_estimate":2203262.910184264,"standard_error":1265677.0370732062},"slope":null,"std_dev":{"confidence_interval":{"confidence_level":0.95,"lower_bound":1097179.2798301291,"upper_bound":7440191.99797472},"point_estimate":5078560.848833435,"standard_error":1890244.1935564731}}