{"mean":{"confidence_interval":{"confidence_level":0.95,"lower_bound":-0.001541213267958897,"upper_bound":0.008960049365371635},"point_estimate":0.00337143601002432,"standard_error":0.0026919798491737007},"median":{"confidence_interval":{"confidence_level":0.95,"lower_bound":-0.005230000488202324,"upper_bound":0.009041305010873968},"point_estimate":0.0005987583766529081,"standard_error":0.003590515993781326}}