{"mean":{"confidence_interval":{"confidence_level":0.95,"lower_bound":700279263.815,"upper_bound":705497534.9},"point_estimate":702833945.8,"standard_error":1341314.640567949},"median":{"confidence_interval":{"confidence_level":0.95,"lower_bound":699013345.5,"upper_bound":707793083.0},"point_estimate":700743694.0,"standard_error":2716252.1450340296},"median_abs_dev":{"confidence_interval":{"confidence_level":0.95,"lower_bound":152200.74809789658,"upper_bound":5945934.57723856},"point_estimate":4896145.56607604,"standard_error":2001882.1541182597},"slope":null,"std_dev":{"confidence_interval":{"confidence_level":0.95,"lower_bound":2945750.6878037886,"upper_bound":5087435.771956171},"point_estimate":4468734.20465855,"standard_error":553711.1470079845}}