{"mean":{"confidence_interval":{"confidence_level":0.95,"lower_bound":236412754.28416663,"upper_bound":237192859.76666665},"point_estimate":236789026.03333336,"standard_error":200499.59198712508},"median":{"confidence_interval":{"confidence_level":0.95,"lower_bound":236150329.66666666,"upper_bound":237206745.6666667},"point_estimate":236843914.1666667,"standard_error":297696.8608702592},"median_abs_dev":{"confidence_interval":{"confidence_level":0.95,"lower_bound":84889.47379289585,"upper_bound":1220574.644130483},"point_estimate":686099.8246192932,"standard_error":276393.59051118983},"slope":null,"std_dev":{"confidence_interval":{"confidence_level":0.95,"lower_bound":385014.0695305143,"upper_bound":859738.135151448},"point_estimate":669281.0356618051,"standard_error":128537.43630186442}}