{"mean":{"confidence_interval":{"confidence_level":0.95,"lower_bound":184887380.94749996,"upper_bound":186439205.33583334},"point_estimate":185640309.00000003,"standard_error":393928.26808224985},"median":{"confidence_interval":{"confidence_level":0.95,"lower_bound":184894406.33333334,"upper_bound":186170786.8333333},"point_estimate":185829883.3333333,"standard_error":349198.5253541729},"median_abs_dev":{"confidence_interval":{"confidence_level":0.95,"lower_bound":15149.453631028706,"upper_bound":2126656.7224442884},"point_estimate":1040849.4275212215,"standard_error":527812.2247854421},"slope":null,"std_dev":{"confidence_interval":{"confidence_level":0.95,"lower_bound":488153.55789447454,"upper_bound":1825598.1367480166},"point_estimate":1314702.052672282,"standard_error":351609.81502837234}}