{"mean":{"confidence_interval":{"confidence_level":0.95,"lower_bound":-0.016041462320538276,"upper_bound":-0.005397160611236491},"point_estimate":-0.010442102922442964,"standard_error":0.0027198158143963},"median":{"confidence_interval":{"confidence_level":0.95,"lower_bound":-0.015896100778705402,"upper_bound":-0.003763369153208407},"point_estimate":-0.007736518508869361,"standard_error":0.0029116324748753755}}