{"mean":{"confidence_interval":{"confidence_level":0.95,"lower_bound":202399560.82,"upper_bound":206102190.19},"point_estimate":203845318.10000002,"standard_error":1015140.6377381282},"median":{"confidence_interval":{"confidence_level":0.95,"lower_bound":202386797.16666666,"upper_bound":203649614.66666666},"point_estimate":203214059.3333333,"standard_error":423565.5532284596},"median_abs_dev":{"confidence_interval":{"confidence_level":0.95,"lower_bound":147372.41418363136,"upper_bound":2025292.3506438732},"point_estimate":815450.0006228685,"standard_error":525609.0259328282},"slope":null,"std_dev":{"confidence_interval":{"confidence_level":0.95,"lower_bound":466589.6457314744,"upper_bound":5173248.810583214},"point_estimate":3384389.7195545696,"standard_error":1564720.7997826627}}