{"mean":{"confidence_interval":{"confidence_level":0.95,"lower_bound":223212446.2,"upper_bound":223513382.6333333},"point_estimate":223364535.8333333,"standard_error":76983.23968605991},"median":{"confidence_interval":{"confidence_level":0.95,"lower_bound":223198104.33333334,"upper_bound":223612848.66666666},"point_estimate":223301705.33333334,"standard_error":124117.67234099125},"median_abs_dev":{"confidence_interval":{"confidence_level":0.95,"lower_bound":52253.494772315025,"upper_bound":458348.4999627022},"point_estimate":284513.4059488847,"standard_error":110495.10012162813},"slope":null,"std_dev":{"confidence_interval":{"confidence_level":0.95,"lower_bound":156001.9754172153,"upper_bound":320238.3330490867},"point_estimate":256238.91638074745,"standard_error":42889.38724460634}}