{"mean":{"confidence_interval":{"confidence_level":0.95,"lower_bound":0.05106635452516535,"upper_bound":0.0577214530928021},"point_estimate":0.05449614069030062,"standard_error":0.0017210440739993172},"median":{"confidence_interval":{"confidence_level":0.95,"lower_bound":0.04898626616563573,"upper_bound":0.05959431398408377},"point_estimate":0.05438339111478374,"standard_error":0.002788175815964108}}