{"mean":{"confidence_interval":{"confidence_level":0.95,"lower_bound":353364071.21000004,"upper_bound":354664350.43875},"point_estimate":353996578.45,"standard_error":332950.74896470085},"median":{"confidence_interval":{"confidence_level":0.95,"lower_bound":353054363.0,"upper_bound":354959735.0},"point_estimate":353883629.0,"standard_error":484157.80028607935},"median_abs_dev":{"confidence_interval":{"confidence_level":0.95,"lower_bound":325759.09011662006,"upper_bound":1889899.097147584},"point_estimate":1372781.1990782619,"standard_error":408712.8705662486},"slope":null,"std_dev":{"confidence_interval":{"confidence_level":0.95,"lower_bound":634782.18357036,"upper_bound":1363479.3507476014},"point_estimate":1112986.431292864,"standard_error":183235.66088938393}}