{"mean":{"confidence_interval":{"confidence_level":0.95,"lower_bound":729998672.3,"upper_bound":987244991.46},"point_estimate":852969302.5,"standard_error":64247604.274274915},"median":{"confidence_interval":{"confidence_level":0.95,"lower_bound":714121607.0,"upper_bound":1070507540.0},"point_estimate":725751932.0,"standard_error":92762423.64143716},"median_abs_dev":{"confidence_interval":{"confidence_level":0.95,"lower_bound":4292920.114785433,"upper_bound":298375668.753773},"point_estimate":22844021.226337552,"standard_error":88785386.36194994},"slope":null,"std_dev":{"confidence_interval":{"confidence_level":0.95,"lower_bound":20309045.331429224,"upper_bound":260259757.21601722},"point_estimate":214153906.96702603,"standard_error":47969060.1065752}}