{"mean":{"confidence_interval":{"confidence_level":0.95,"lower_bound":-0.25436345264074856,"upper_bound":-0.22196603811214433},"point_estimate":-0.24284912099702272,"standard_error":0.009321670864843883},"median":{"confidence_interval":{"confidence_level":0.95,"lower_bound":-0.25539217368088385,"upper_bound":-0.24836159435837246},"point_estimate":-0.25140033536579354,"standard_error":0.0030165485578302043}}