{"mean":{"confidence_interval":{"confidence_level":0.95,"lower_bound":-0.020376602088403178,"upper_bound":0.004024597812083137},"point_estimate":-0.008521403535599159,"standard_error":0.005896453625915377},"median":{"confidence_interval":{"confidence_level":0.95,"lower_bound":-0.013216877202461563,"upper_bound":-0.005897702474279121},"point_estimate":-0.0084130368791413,"standard_error":0.002023192780188564}}