{"mean":{"confidence_interval":{"confidence_level":0.95,"lower_bound":1.0655274654202684,"upper_bound":1.1014540698880504},"point_estimate":1.082303619371404,"standard_error":0.009242174416339061},"median":{"confidence_interval":{"confidence_level":0.95,"lower_bound":1.057613230587,"upper_bound":1.1101084636691585},"point_estimate":1.0810853649589998,"standard_error":0.012075031134657126}}