{"mean":{"confidence_interval":{"confidence_level":0.95,"lower_bound":603912656.7199999,"upper_bound":605825787.7},"point_estimate":604832704.4,"standard_error":487233.213852033},"median":{"confidence_interval":{"confidence_level":0.95,"lower_bound":603825357.0,"upper_bound":605700572.5},"point_estimate":604775225.0,"standard_error":440064.5219044162},"median_abs_dev":{"confidence_interval":{"confidence_level":0.95,"lower_bound":304405.9439957142,"upper_bound":2711770.2382564545},"point_estimate":1054502.1964788437,"standard_error":592658.8123627035},"slope":null,"std_dev":{"confidence_interval":{"confidence_level":0.95,"lower_bound":681781.3868684171,"upper_bound":2231985.9906855873},"point_estimate":1632326.9962662505,"standard_error":399136.20750656206}}