{"mean":{"confidence_interval":{"confidence_level":0.95,"lower_bound":-0.006003797347680156,"upper_bound":-0.0016512909113141055},"point_estimate":-0.0038982466768683333,"standard_error":0.0011155284291884313},"median":{"confidence_interval":{"confidence_level":0.95,"lower_bound":-0.006683760915463854,"upper_bound":-0.000095609661560081},"point_estimate":-0.004576671276265931,"standard_error":0.0015825709850749384}}