{"mean":{"confidence_interval":{"confidence_level":0.95,"lower_bound":-0.019995547779428555,"upper_bound":-0.005704918007794576},"point_estimate":-0.013298949236392299,"standard_error":0.0036671208898266263},"median":{"confidence_interval":{"confidence_level":0.95,"lower_bound":-0.021350976370743235,"upper_bound":-0.006732346914761322},"point_estimate":-0.015351043906411399,"standard_error":0.004036244735704736}}