{"mean":{"confidence_interval":{"confidence_level":0.95,"lower_bound":-0.015288876402048259,"upper_bound":-0.0022581835592064537},"point_estimate":-0.008542398610762558,"standard_error":0.0033242607019346782},"median":{"confidence_interval":{"confidence_level":0.95,"lower_bound":-0.015697376500721005,"upper_bound":0.002393699045580844},"point_estimate":-0.006819101587594134,"standard_error":0.0041450135589827485}}