{"mean":{"confidence_interval":{"confidence_level":0.95,"lower_bound":0.0018711530215324182,"upper_bound":0.005469208720431822},"point_estimate":0.0037529363035928576,"standard_error":0.0009154961420985342},"median":{"confidence_interval":{"confidence_level":0.95,"lower_bound":0.0022851576089046866,"upper_bound":0.005523590025057645},"point_estimate":0.004185994812152316,"standard_error":0.0007763274029699913}}