{"mean":{"confidence_interval":{"confidence_level":0.95,"lower_bound":947622467.2,"upper_bound":964177198.51},"point_estimate":955817137.9,"standard_error":4235454.041441575},"median":{"confidence_interval":{"confidence_level":0.95,"lower_bound":945329846.5,"upper_bound":965531949.5},"point_estimate":957394693.5,"standard_error":4518257.423646259},"median_abs_dev":{"confidence_interval":{"confidence_level":0.95,"lower_bound":888873.5404193401,"upper_bound":26105203.72593999},"point_estimate":10980735.116752982,"standard_error":7217602.095050499},"slope":null,"std_dev":{"confidence_interval":{"confidence_level":0.95,"lower_bound":7566957.786879043,"upper_bound":18250744.2720813},"point_estimate":14114869.862033762,"standard_error":2763251.058703759}}