{"mean":{"confidence_interval":{"confidence_level":0.95,"lower_bound":571101693.4,"upper_bound":573475039.6475},"point_estimate":572274183.5,"standard_error":607849.9546655847},"median":{"confidence_interval":{"confidence_level":0.95,"lower_bound":570375764.0,"upper_bound":574197094.0},"point_estimate":572262753.5,"standard_error":975224.1193701965},"median_abs_dev":{"confidence_interval":{"confidence_level":0.95,"lower_bound":558594.7442829609,"upper_bound":3363233.5622906685},"point_estimate":2588565.439143777,"standard_error":715629.7586028788},"slope":null,"std_dev":{"confidence_interval":{"confidence_level":0.95,"lower_bound":1241199.104439359,"upper_bound":2456405.1171905687},"point_estimate":2023339.2614609066,"standard_error":309705.19166564883}}