{"mean":{"confidence_interval":{"confidence_level":0.95,"lower_bound":201641923.14166668,"upper_bound":202487067.5},"point_estimate":202067005.63333333,"standard_error":216477.25226366127},"median":{"confidence_interval":{"confidence_level":0.95,"lower_bound":201421162.0,"upper_bound":202570042.3333333},"point_estimate":202239667.8333333,"standard_error":298796.4945386855},"median_abs_dev":{"confidence_interval":{"confidence_level":0.95,"lower_bound":77954.36531603336,"upper_bound":1191252.5231510547},"point_estimate":874406.3298761845,"standard_error":297918.39974486973},"slope":null,"std_dev":{"confidence_interval":{"confidence_level":0.95,"lower_bound":413078.7610610134,"upper_bound":909519.9137794115},"point_estimate":722990.6144007663,"standard_error":126610.88640778168}}