{"mean":{"confidence_interval":{"confidence_level":0.95,"lower_bound":-0.0261423029525217,"upper_bound":-0.01617581086474116},"point_estimate":-0.021158673296667874,"standard_error":0.0025905755991608116},"median":{"confidence_interval":{"confidence_level":0.95,"lower_bound":-0.028707078872659664,"upper_bound":-0.011672768342557704},"point_estimate":-0.02621109441919023,"standard_error":0.005342643463968687}}