{"mean":{"confidence_interval":{"confidence_level":0.95,"lower_bound":923567825.1625,"upper_bound":924511708.1075},"point_estimate":924022036.8,"standard_error":241695.35824655616},"median":{"confidence_interval":{"confidence_level":0.95,"lower_bound":923390538.0,"upper_bound":924920171.0},"point_estimate":923850231.0,"standard_error":365909.77275084733},"median_abs_dev":{"confidence_interval":{"confidence_level":0.95,"lower_bound":226149.86958503723,"upper_bound":1318536.94319129},"point_estimate":813539.6705567837,"standard_error":316551.8586595105},"slope":null,"std_dev":{"confidence_interval":{"confidence_level":0.95,"lower_bound":406673.16113187233,"upper_bound":963403.1057075398},"point_estimate":806097.9608688045,"standard_error":130705.45196581041}}