{"mean":{"confidence_interval":{"confidence_level":0.95,"lower_bound":231032628.76666668,"upper_bound":232126414.83083338},"point_estimate":231565332.36666664,"standard_error":280542.16586223},"median":{"confidence_interval":{"confidence_level":0.95,"lower_bound":230727721.0,"upper_bound":232505375.33333334},"point_estimate":231358492.6666667,"standard_error":381442.8789914523},"median_abs_dev":{"confidence_interval":{"confidence_level":0.95,"lower_bound":29886.991569421927,"upper_bound":1693406.6632360516},"point_estimate":944025.271040238,"standard_error":409150.17715036223},"slope":null,"std_dev":{"confidence_interval":{"confidence_level":0.95,"lower_bound":517525.84349350794,"upper_bound":1163148.506007358},"point_estimate":937256.0934549007,"standard_error":161842.0633813248}}