{"mean":{"confidence_interval":{"confidence_level":0.95,"lower_bound":0.0012582138851607526,"upper_bound":0.004808835490970281},"point_estimate":0.00290342430449142,"standard_error":0.000924387642565931},"median":{"confidence_interval":{"confidence_level":0.95,"lower_bound":0.0005267336974068559,"upper_bound":0.003827479659163746},"point_estimate":0.0021422466143246055,"standard_error":0.0008074848399122539}}