{"mean":{"confidence_interval":{"confidence_level":0.95,"lower_bound":-0.028817017298548568,"upper_bound":-0.021576113116465952},"point_estimate":-0.025402363048891763,"standard_error":0.0018547705526768435},"median":{"confidence_interval":{"confidence_level":0.95,"lower_bound":-0.030693491859688393,"upper_bound":-0.020319060764237618},"point_estimate":-0.027856828662814692,"standard_error":0.002773557920745937}}