{"mean":{"confidence_interval":{"confidence_level":0.95,"lower_bound":-0.042747990535966965,"upper_bound":-0.0386455546670087},"point_estimate":-0.04082436730849326,"standard_error":0.0010444632723618358},"median":{"confidence_interval":{"confidence_level":0.95,"lower_bound":-0.044311372678343175,"upper_bound":-0.038117053852359195},"point_estimate":-0.04078630239235104,"standard_error":0.0015848415757152804}}