{"mean":{"confidence_interval":{"confidence_level":0.95,"lower_bound":461169782.17625,"upper_bound":464851992.95},"point_estimate":462675137.05,"standard_error":977418.3888136423},"median":{"confidence_interval":{"confidence_level":0.95,"lower_bound":461087930.75,"upper_bound":462797022.5},"point_estimate":461971525.0,"standard_error":433753.5838781259},"median_abs_dev":{"confidence_interval":{"confidence_level":0.95,"lower_bound":115147.60955572128,"upper_bound":2741222.457383573},"point_estimate":736079.3816819787,"standard_error":698412.9626357292},"slope":null,"std_dev":{"confidence_interval":{"confidence_level":0.95,"lower_bound":603842.0964780158,"upper_bound":4922261.725136477},"point_estimate":3272747.2347299657,"standard_error":1356892.3048423976}}