{"mean":{"confidence_interval":{"confidence_level":0.95,"lower_bound":0.049976690140998876,"upper_bound":0.06156079519947988},"point_estimate":0.05547725578463569,"standard_error":0.002991199014101469},"median":{"confidence_interval":{"confidence_level":0.95,"lower_bound":0.049688242366127344,"upper_bound":0.06416415589440772},"point_estimate":0.055132206629214586,"standard_error":0.0038810134320842026}}