{"mean":{"confidence_interval":{"confidence_level":0.95,"lower_bound":0.010734001885664968,"upper_bound":0.014378431249290074},"point_estimate":0.012534115033566273,"standard_error":0.0009277022540983223},"median":{"confidence_interval":{"confidence_level":0.95,"lower_bound":0.009860579054270735,"upper_bound":0.015050034508929944},"point_estimate":0.01207600642842488,"standard_error":0.0012811276725619059}}