{"mean":{"confidence_interval":{"confidence_level":0.95,"lower_bound":-0.033825746866248,"upper_bound":-0.024517887544907156},"point_estimate":-0.02909867538688593,"standard_error":0.0023717226119570126},"median":{"confidence_interval":{"confidence_level":0.95,"lower_bound":-0.033301613544212905,"upper_bound":-0.025885492356647943},"point_estimate":-0.02826931921648368,"standard_error":0.001920008596230578}}