{"mean":{"confidence_interval":{"confidence_level":0.95,"lower_bound":-0.01262203875367787,"upper_bound":-0.008041644081453738},"point_estimate":-0.010398479832948948,"standard_error":0.001172974328215657},"median":{"confidence_interval":{"confidence_level":0.95,"lower_bound":-0.014131820024296249,"upper_bound":-0.007003807025512732},"point_estimate":-0.01159255975523199,"standard_error":0.0019760129091610547}}