{"mean":{"confidence_interval":{"confidence_level":0.95,"lower_bound":1306751339.9,"upper_bound":1310161320.2625},"point_estimate":1308305586.1,"standard_error":876251.5650774643},"median":{"confidence_interval":{"confidence_level":0.95,"lower_bound":1306514916.0,"upper_bound":1310144566.5},"point_estimate":1307494671.0,"standard_error":792434.1807620564},"median_abs_dev":{"confidence_interval":{"confidence_level":0.95,"lower_bound":351673.4550565481,"upper_bound":4530333.296370506},"point_estimate":1485907.6542198658,"standard_error":1066178.082075777},"slope":null,"std_dev":{"confidence_interval":{"confidence_level":0.95,"lower_bound":930023.1881734204,"upper_bound":3939425.9696836057},"point_estimate":2924336.1205284963,"standard_error":776984.7661387549}}