{"mean":{"confidence_interval":{"confidence_level":0.95,"lower_bound":-0.0389358491583488,"upper_bound":-0.022332725986556026},"point_estimate":-0.029758372995848603,"standard_error":0.0042836685506249545},"median":{"confidence_interval":{"confidence_level":0.95,"lower_bound":-0.03607783486081928,"upper_bound":-0.021168372915882583},"point_estimate":-0.02548008484857267,"standard_error":0.003857977877949837}}