{"mean":{"confidence_interval":{"confidence_level":0.95,"lower_bound":0.023302102982190178,"upper_bound":0.034166600837423226},"point_estimate":0.029497830945506953,"standard_error":0.002831295516199402},"median":{"confidence_interval":{"confidence_level":0.95,"lower_bound":0.02653967186361572,"upper_bound":0.03549451230129552},"point_estimate":0.03188318082961317,"standard_error":0.002340249645565627}}