{"mean":{"confidence_interval":{"confidence_level":0.95,"lower_bound":-0.05709468584477956,"upper_bound":-0.022288911458318458},"point_estimate":-0.03829863663402633,"standard_error":0.008972675371292796},"median":{"confidence_interval":{"confidence_level":0.95,"lower_bound":-0.06312859296462325,"upper_bound":-0.019654785319948798},"point_estimate":-0.023331116291744003,"standard_error":0.0109909464233128}}