{"mean":{"confidence_interval":{"confidence_level":0.95,"lower_bound":0.03725560217627235,"upper_bound":0.05763632922807472},"point_estimate":0.047074459674767644,"standard_error":0.005164446396575559},"median":{"confidence_interval":{"confidence_level":0.95,"lower_bound":0.030883656168284812,"upper_bound":0.054975182403200935},"point_estimate":0.04052314082269315,"standard_error":0.005872144169360187}}