{"mean":{"confidence_interval":{"confidence_level":0.95,"lower_bound":-0.055744812224683665,"upper_bound":-0.051153723952779895},"point_estimate":-0.05313110495423923,"standard_error":0.0011831530491640528},"median":{"confidence_interval":{"confidence_level":0.95,"lower_bound":-0.05389146697435521,"upper_bound":-0.050385595319477394},"point_estimate":-0.052485398106667636,"standard_error":0.0009272287618373192}}