{"mean":{"confidence_interval":{"confidence_level":0.95,"lower_bound":0.01158123466598817,"upper_bound":0.02417452514663514},"point_estimate":0.01795539456875317,"standard_error":0.003251327995890695},"median":{"confidence_interval":{"confidence_level":0.95,"lower_bound":0.008259830233237508,"upper_bound":0.029498443031779065},"point_estimate":0.02110576936610875,"standard_error":0.0057538494229700185}}