{"mean":{"confidence_interval":{"confidence_level":0.95,"lower_bound":993126151.4,"upper_bound":996515467.4675},"point_estimate":994905487.3,"standard_error":865540.361666467},"median":{"confidence_interval":{"confidence_level":0.95,"lower_bound":993241535.0,"upper_bound":996681897.5},"point_estimate":995230303.0,"standard_error":913815.5800016233},"median_abs_dev":{"confidence_interval":{"confidence_level":0.95,"lower_bound":665947.584477067,"upper_bound":4767443.2862609625},"point_estimate":2484843.4862852097,"standard_error":1020272.9979523751},"slope":null,"std_dev":{"confidence_interval":{"confidence_level":0.95,"lower_bound":1301285.7410501568,"upper_bound":3908982.3356185197},"point_estimate":2880899.8481270107,"standard_error":696176.4479097696}}