{"mean":{"confidence_interval":{"confidence_level":0.95,"lower_bound":-0.05177243944983183,"upper_bound":-0.038148458123897354},"point_estimate":-0.04363850083525378,"standard_error":0.0035918943298172837},"median":{"confidence_interval":{"confidence_level":0.95,"lower_bound":-0.044132503900322084,"upper_bound":-0.03684146569226898},"point_estimate":-0.03983563887150954,"standard_error":0.0019929524354368546}}