{"mean":{"confidence_interval":{"confidence_level":0.95,"lower_bound":-0.02206958871833669,"upper_bound":-0.018391386070229405},"point_estimate":-0.020287656382788843,"standard_error":0.0009380331104140013},"median":{"confidence_interval":{"confidence_level":0.95,"lower_bound":-0.022407102969241977,"upper_bound":-0.01730642303326435},"point_estimate":-0.01972860019985001,"standard_error":0.0012584865171341199}}