{"mean":{"confidence_interval":{"confidence_level":0.95,"lower_bound":746425027.285,"upper_bound":747751511.5749999},"point_estimate":747095434.2,"standard_error":340512.6054627856},"median":{"confidence_interval":{"confidence_level":0.95,"lower_bound":745940799.0,"upper_bound":748238099.0},"point_estimate":747196179.0,"standard_error":685131.5871851817},"median_abs_dev":{"confidence_interval":{"confidence_level":0.95,"lower_bound":157099.25841093063,"upper_bound":1824064.986616373},"point_estimate":1564578.115323186,"standard_error":478094.1508172895},"slope":null,"std_dev":{"confidence_interval":{"confidence_level":0.95,"lower_bound":762142.2308650794,"upper_bound":1293823.9621259875},"point_estimate":1138795.636559841,"standard_error":137232.2045258257}}