{"mean":{"confidence_interval":{"confidence_level":0.95,"lower_bound":-0.00038663772719802955,"upper_bound":0.007677118356837298},"point_estimate":0.003670828456245223,"standard_error":0.0020573372595643455},"median":{"confidence_interval":{"confidence_level":0.95,"lower_bound":-0.001733779623177556,"upper_bound":0.008665135054870321},"point_estimate":0.0031455081792022277,"standard_error":0.00261758214944891}}