{"mean":{"confidence_interval":{"confidence_level":0.95,"lower_bound":0.04759581122066151,"upper_bound":0.11882634910063657},"point_estimate":0.07710874332793116,"standard_error":0.019184616050645323},"median":{"confidence_interval":{"confidence_level":0.95,"lower_bound":0.04189251765968982,"upper_bound":0.08531032209283684},"point_estimate":0.05433929056454123,"standard_error":0.01002621273172051}}