{"mean":{"confidence_interval":{"confidence_level":0.95,"lower_bound":514778416.17,"upper_bound":517368321.1},"point_estimate":516013500.9,"standard_error":662971.4831883677},"median":{"confidence_interval":{"confidence_level":0.95,"lower_bound":515242744.0,"upper_bound":517287945.5},"point_estimate":515432901.0,"standard_error":464356.24904029595},"median_abs_dev":{"confidence_interval":{"confidence_level":0.95,"lower_bound":49165.980327129364,"upper_bound":3982322.09199965},"point_estimate":678064.8740619421,"standard_error":992201.6400578667},"slope":null,"std_dev":{"confidence_interval":{"confidence_level":0.95,"lower_bound":440614.3812520696,"upper_bound":3052823.826981591},"point_estimate":2207569.8477338003,"standard_error":594954.0978674977}}