{"mean":{"confidence_interval":{"confidence_level":0.95,"lower_bound":0.0012799068172077489,"upper_bound":0.006711460546096387},"point_estimate":0.003952107090190227,"standard_error":0.0013920698359433938},"median":{"confidence_interval":{"confidence_level":0.95,"lower_bound":0.0005447155260489556,"upper_bound":0.007506043687863462},"point_estimate":0.0035707445168833285,"standard_error":0.0019544891334053317}}