{"mean":{"confidence_interval":{"confidence_level":0.95,"lower_bound":-0.05199668680375251,"upper_bound":-0.044305863376298},"point_estimate":-0.04844124417566231,"standard_error":0.0019611485444939966},"median":{"confidence_interval":{"confidence_level":0.95,"lower_bound":-0.052775508302532415,"upper_bound":-0.04617829126639228},"point_estimate":-0.04844789827312379,"standard_error":0.0017542044505249135}}