{"mean":{"confidence_interval":{"confidence_level":0.95,"lower_bound":-0.029281787940845454,"upper_bound":-0.016717343838097462},"point_estimate":-0.022310296845719724,"standard_error":0.0032419529455455665},"median":{"confidence_interval":{"confidence_level":0.95,"lower_bound":-0.02545353787089144,"upper_bound":-0.01493791373882214},"point_estimate":-0.02135939848658397,"standard_error":0.0028509035820296074}}