{"mean":{"confidence_interval":{"confidence_level":0.95,"lower_bound":1156217105.4225001,"upper_bound":1165162541.9375},"point_estimate":1160627619.8,"standard_error":2286978.1530446587},"median":{"confidence_interval":{"confidence_level":0.95,"lower_bound":1154659401.5,"upper_bound":1167585493.5},"point_estimate":1159486392.0,"standard_error":3669128.1151400097},"median_abs_dev":{"confidence_interval":{"confidence_level":0.95,"lower_bound":1580324.0683436394,"upper_bound":12527808.915486932},"point_estimate":8232442.510744929,"standard_error":2847786.5698249256},"slope":null,"std_dev":{"confidence_interval":{"confidence_level":0.95,"lower_bound":4548864.811108699,"upper_bound":9274821.797473796},"point_estimate":7623901.324910725,"standard_error":1197168.5952338073}}