{"mean":{"confidence_interval":{"confidence_level":0.95,"lower_bound":946776824.3,"upper_bound":952655157.9925},"point_estimate":949665982.4,"standard_error":1494860.2536621594},"median":{"confidence_interval":{"confidence_level":0.95,"lower_bound":947008477.0,"upper_bound":951820141.0},"point_estimate":949687612.0,"standard_error":1303722.2006263544},"median_abs_dev":{"confidence_interval":{"confidence_level":0.95,"lower_bound":867386.2190008163,"upper_bound":8293818.443155289},"point_estimate":3566886.459875107,"standard_error":1668981.6332371838},"slope":null,"std_dev":{"confidence_interval":{"confidence_level":0.95,"lower_bound":1781488.1944282737,"upper_bound":6898939.303461707},"point_estimate":4984322.593164005,"standard_error":1344592.9933991495}}