{"mean":{"confidence_interval":{"confidence_level":0.95,"lower_bound":244046270.83833334,"upper_bound":245889876.465},"point_estimate":245071327.16666666,"standard_error":477297.4037382357},"median":{"confidence_interval":{"confidence_level":0.95,"lower_bound":244235220.3333333,"upper_bound":246241400.0},"point_estimate":245637934.3333333,"standard_error":501590.66558655933},"median_abs_dev":{"confidence_interval":{"confidence_level":0.95,"lower_bound":52124.755674585875,"upper_bound":2285580.0730228275},"point_estimate":907369.2221910056,"standard_error":571375.7803400661},"slope":null,"std_dev":{"confidence_interval":{"confidence_level":0.95,"lower_bound":442485.26540541416,"upper_bound":2152834.0338301426},"point_estimate":1589087.4906142715,"standard_error":451547.2305215763}}