{"mean":{"confidence_interval":{"confidence_level":0.95,"lower_bound":522697982.9,"upper_bound":525971491.2},"point_estimate":524152098.7,"standard_error":845180.7218529122},"median":{"confidence_interval":{"confidence_level":0.95,"lower_bound":522299709.0,"upper_bound":525681254.0},"point_estimate":522768119.0,"standard_error":915643.7451048648},"median_abs_dev":{"confidence_interval":{"confidence_level":0.95,"lower_bound":178484.2804312706,"upper_bound":4268236.307823658},"point_estimate":1105612.6066714525,"standard_error":1052343.4101305755},"slope":null,"std_dev":{"confidence_interval":{"confidence_level":0.95,"lower_bound":615514.7183046669,"upper_bound":3855753.5180603596},"point_estimate":2816318.9679396935,"standard_error":813086.0404817524}}