{"mean":{"confidence_interval":{"confidence_level":0.95,"lower_bound":-0.04414966794513439,"upper_bound":-0.029528628212227154},"point_estimate":-0.03645341162856408,"standard_error":0.0037598241262898186},"median":{"confidence_interval":{"confidence_level":0.95,"lower_bound":-0.041862956994406786,"upper_bound":-0.026681759892300743},"point_estimate":-0.0340876581732793,"standard_error":0.003476940271161233}}