{"mean":{"confidence_interval":{"confidence_level":0.95,"lower_bound":0.003270751486012847,"upper_bound":0.005804359232703881},"point_estimate":0.004537336125923996,"standard_error":0.0006478014278953074},"median":{"confidence_interval":{"confidence_level":0.95,"lower_bound":0.00269631065591569,"upper_bound":0.005721125240730762},"point_estimate":0.004870102947497568,"standard_error":0.0007576537116450411}}