{"mean":{"confidence_interval":{"confidence_level":0.95,"lower_bound":325098734.805,"upper_bound":326628803.0},"point_estimate":325777823.55,"standard_error":394316.51944973035},"median":{"confidence_interval":{"confidence_level":0.95,"lower_bound":324767658.75,"upper_bound":326368834.0},"point_estimate":325519042.75,"standard_error":450855.13150694565},"median_abs_dev":{"confidence_interval":{"confidence_level":0.95,"lower_bound":189844.33207958937,"upper_bound":1893211.5961387753},"point_estimate":1003780.9687793255,"standard_error":414598.1243072886},"slope":null,"std_dev":{"confidence_interval":{"confidence_level":0.95,"lower_bound":536626.4435471669,"upper_bound":1865414.5020351978},"point_estimate":1316813.198068783,"standard_error":396112.26429956144}}