{"mean":{"confidence_interval":{"confidence_level":0.95,"lower_bound":-0.01762432915391131,"upper_bound":-0.0027997547364033825},"point_estimate":-0.010131215868070531,"standard_error":0.0038139211869745054},"median":{"confidence_interval":{"confidence_level":0.95,"lower_bound":-0.02237756852432371,"upper_bound":-0.00012983315053782807},"point_estimate":-0.00917415916273101,"standard_error":0.005550761561105264}}