{"mean":{"confidence_interval":{"confidence_level":0.95,"lower_bound":0.038787852690478235,"upper_bound":0.04625629299273264},"point_estimate":0.04247657174477437,"standard_error":0.0018917438550616137},"median":{"confidence_interval":{"confidence_level":0.95,"lower_bound":0.03828213716907003,"upper_bound":0.04694554857592603},"point_estimate":0.04282909499720455,"standard_error":0.0020769947996300215}}