{"mean":{"confidence_interval":{"confidence_level":0.95,"lower_bound":1161781908.36,"upper_bound":1163667396.2549999},"point_estimate":1162702127.6,"standard_error":480583.1058224543},"median":{"confidence_interval":{"confidence_level":0.95,"lower_bound":1161667478.5,"upper_bound":1163815381.0},"point_estimate":1162536734.5,"standard_error":562196.2370814222},"median_abs_dev":{"confidence_interval":{"confidence_level":0.95,"lower_bound":327778.3912807703,"upper_bound":2781579.9406170845},"point_estimate":1469012.6862198114,"standard_error":619441.2263226015},"slope":null,"std_dev":{"confidence_interval":{"confidence_level":0.95,"lower_bound":828817.7629246572,"upper_bound":2085675.9842705966},"point_estimate":1603988.6004868683,"standard_error":321952.04450464726}}