{"mean":{"confidence_interval":{"confidence_level":0.95,"lower_bound":-0.04805786474680404,"upper_bound":-0.03219547982023865},"point_estimate":-0.0406482888638241,"standard_error":0.004042423209750836},"median":{"confidence_interval":{"confidence_level":0.95,"lower_bound":-0.052865567398263535,"upper_bound":-0.03288192010308022},"point_estimate":-0.04606787925931888,"standard_error":0.005526064762399493}}