{"mean":{"confidence_interval":{"confidence_level":0.95,"lower_bound":-0.5963793316943771,"upper_bound":-0.5393914784068434},"point_estimate":-0.5683702252090967,"standard_error":0.014647140298078063},"median":{"confidence_interval":{"confidence_level":0.95,"lower_bound":-0.6003206380870019,"upper_bound":-0.5208135859547687},"point_estimate":-0.5590223203090998,"standard_error":0.02568193758113184}}