{"mean":{"confidence_interval":{"confidence_level":0.95,"lower_bound":290944346.75,"upper_bound":294227619.18125004},"point_estimate":292302143.3,"standard_error":870089.0678129682},"median":{"confidence_interval":{"confidence_level":0.95,"lower_bound":290726362.75,"upper_bound":292705045.25},"point_estimate":291576969.75,"standard_error":538469.0127744477},"median_abs_dev":{"confidence_interval":{"confidence_level":0.95,"lower_bound":255868.95670741796,"upper_bound":2638176.5701130033},"point_estimate":1296365.7725349069,"standard_error":609567.5852676416},"slope":null,"std_dev":{"confidence_interval":{"confidence_level":0.95,"lower_bound":714584.5513862185,"upper_bound":4335388.611369508},"point_estimate":2900381.372037556,"standard_error":1153110.8626762321}}