{"mean":{"confidence_interval":{"confidence_level":0.95,"lower_bound":495160623.1025,"upper_bound":496648905.85},"point_estimate":495865112.05,"standard_error":386057.7264184351},"median":{"confidence_interval":{"confidence_level":0.95,"lower_bound":495240698.0,"upper_bound":496883275.75},"point_estimate":495596497.5,"standard_error":341169.608058136},"median_abs_dev":{"confidence_interval":{"confidence_level":0.95,"lower_bound":67472.38350212574,"upper_bound":1948904.7228500247},"point_estimate":481350.915004313,"standard_error":510130.99961773807},"slope":null,"std_dev":{"confidence_interval":{"confidence_level":0.95,"lower_bound":273961.26551544876,"upper_bound":1700990.789315865},"point_estimate":1291930.2785451063,"standard_error":318979.9984194813}}