{"mean":{"confidence_interval":{"confidence_level":0.95,"lower_bound":-0.002880410679589334,"upper_bound":0.006989360544065647},"point_estimate":0.002156344614344663,"standard_error":0.0025180619475745317},"median":{"confidence_interval":{"confidence_level":0.95,"lower_bound":-0.0037976133829014103,"upper_bound":0.007715869324710578},"point_estimate":0.003997035354731837,"standard_error":0.0032290252749852654}}