{"mean":{"confidence_interval":{"confidence_level":0.95,"lower_bound":372846447.8,"upper_bound":373942639.97625},"point_estimate":373337929.75,"standard_error":281819.98992809985},"median":{"confidence_interval":{"confidence_level":0.95,"lower_bound":372524106.5,"upper_bound":373601032.5},"point_estimate":373327319.5,"standard_error":249819.61785074975},"median_abs_dev":{"confidence_interval":{"confidence_level":0.95,"lower_bound":89541.62541031837,"upper_bound":1412287.6699268818},"point_estimate":461799.49850142,"standard_error":352625.06980565836},"slope":null,"std_dev":{"confidence_interval":{"confidence_level":0.95,"lower_bound":378055.5609447009,"upper_bound":1339235.8880015872},"point_estimate":942064.4051992131,"standard_error":285279.1187799609}}