{"mean":{"confidence_interval":{"confidence_level":0.95,"lower_bound":0.008267872407604437,"upper_bound":0.012347033630895437},"point_estimate":0.010052586023976628,"standard_error":0.0010440539236030153},"median":{"confidence_interval":{"confidence_level":0.95,"lower_bound":0.007182088406485709,"upper_bound":0.012030310733345928},"point_estimate":0.010111991872278958,"standard_error":0.0012670408766879385}}