{"mean":{"confidence_interval":{"confidence_level":0.95,"lower_bound":0.0007107502264051437,"upper_bound":0.005351633183423014},"point_estimate":0.003070106442562892,"standard_error":0.001191656301199663},"median":{"confidence_interval":{"confidence_level":0.95,"lower_bound":-0.0005024133417831367,"upper_bound":0.006164226864496136},"point_estimate":0.005123597413269287,"standard_error":0.002040468400878205}}