{"mean":{"confidence_interval":{"confidence_level":0.95,"lower_bound":-0.00466154029061408,"upper_bound":0.0007196364731133548},"point_estimate":-0.0021275008084357117,"standard_error":0.0013820669520591027},"median":{"confidence_interval":{"confidence_level":0.95,"lower_bound":-0.005264971467261459,"upper_bound":0.0006924165544390792},"point_estimate":-0.0032986624772242124,"standard_error":0.001447129758855214}}