{"mean":{"confidence_interval":{"confidence_level":0.95,"lower_bound":-0.03084980147191005,"upper_bound":-0.027060337132109463},"point_estimate":-0.028957603052742753,"standard_error":0.0009696433335410475},"median":{"confidence_interval":{"confidence_level":0.95,"lower_bound":-0.0319316817153773,"upper_bound":-0.026981190004802258},"point_estimate":-0.02924414376189277,"standard_error":0.0014711962415636045}}