{"mean":{"confidence_interval":{"confidence_level":0.95,"lower_bound":-0.026338378246855136,"upper_bound":-0.01593243045711708},"point_estimate":-0.021018068801645695,"standard_error":0.0026720840214464036},"median":{"confidence_interval":{"confidence_level":0.95,"lower_bound":-0.02597151020746813,"upper_bound":-0.014653590307922237},"point_estimate":-0.01822032061578438,"standard_error":0.002949757582315674}}