{"mean":{"confidence_interval":{"confidence_level":0.95,"lower_bound":354498662.6125,"upper_bound":355927580.15},"point_estimate":355210685.35,"standard_error":364923.80436061794},"median":{"confidence_interval":{"confidence_level":0.95,"lower_bound":353919000.0,"upper_bound":356028600.25},"point_estimate":355333382.25,"standard_error":532903.6572253503},"median_abs_dev":{"confidence_interval":{"confidence_level":0.95,"lower_bound":244038.17956745625,"upper_bound":2184239.299272001},"point_estimate":1227393.7391594052,"standard_error":490764.1260327769},"slope":null,"std_dev":{"confidence_interval":{"confidence_level":0.95,"lower_bound":715656.6957076062,"upper_bound":1515051.6085080164},"point_estimate":1212638.4605446334,"standard_error":205900.1858204573}}