{"mean":{"confidence_interval":{"confidence_level":0.95,"lower_bound":0.01966359247332891,"upper_bound":0.045199074922917776},"point_estimate":0.031480201277213515,"standard_error":0.00670653276977049},"median":{"confidence_interval":{"confidence_level":0.95,"lower_bound":0.016374402826734302,"upper_bound":0.04758980289566228},"point_estimate":0.026175581587821517,"standard_error":0.007200254132087984}}