{"mean":{"confidence_interval":{"confidence_level":0.95,"lower_bound":309367011.65,"upper_bound":311637275.0},"point_estimate":310466398.65,"standard_error":584412.2682114517},"median":{"confidence_interval":{"confidence_level":0.95,"lower_bound":308903273.0,"upper_bound":312773007.5},"point_estimate":309660081.0,"standard_error":1005924.8953149887},"median_abs_dev":{"confidence_interval":{"confidence_level":0.95,"lower_bound":337499.7993081808,"upper_bound":3129915.6924828887},"point_estimate":1718860.0631341338,"standard_error":812074.0039561634},"slope":null,"std_dev":{"confidence_interval":{"confidence_level":0.95,"lower_bound":1127882.0345785539,"upper_bound":2298286.818701679},"point_estimate":1945480.8235117334,"standard_error":297327.42066032137}}