{"mean":{"confidence_interval":{"confidence_level":0.95,"lower_bound":571776137.3,"upper_bound":573361515.04},"point_estimate":572552311.9,"standard_error":407845.2941225015},"median":{"confidence_interval":{"confidence_level":0.95,"lower_bound":571355749.0,"upper_bound":573499368.0},"point_estimate":572582705.0,"standard_error":445577.1845130152},"median_abs_dev":{"confidence_interval":{"confidence_level":0.95,"lower_bound":111204.63492572308,"upper_bound":2568141.1419063807},"point_estimate":1241278.6585628986,"standard_error":731339.3642163728},"slope":null,"std_dev":{"confidence_interval":{"confidence_level":0.95,"lower_bound":729236.830593057,"upper_bound":1717977.8886390524},"point_estimate":1354368.5641936983,"standard_error":259837.55307540979}}