{"mean":{"confidence_interval":{"confidence_level":0.95,"lower_bound":0.000034578602836071806,"upper_bound":0.004324108521579189},"point_estimate":0.0023587432806775332,"standard_error":0.001099023401656487},"median":{"confidence_interval":{"confidence_level":0.95,"lower_bound":-0.00040101356769650653,"upper_bound":0.005551245307539032},"point_estimate":0.002667521704874387,"standard_error":0.0013555626778900655}}