{"mean":{"confidence_interval":{"confidence_level":0.95,"lower_bound":1.0095490397396119,"upper_bound":1.0259223208853137},"point_estimate":1.0180445642737346,"standard_error":0.004213456829092216},"median":{"confidence_interval":{"confidence_level":0.95,"lower_bound":1.0106411638818673,"upper_bound":1.029024989894773},"point_estimate":1.02324238070109,"standard_error":0.004479516116648017}}