{"mean":{"confidence_interval":{"confidence_level":0.95,"lower_bound":0.04587451821903029,"upper_bound":0.0529319682488075},"point_estimate":0.049180242383751516,"standard_error":0.0017667907440134844},"median":{"confidence_interval":{"confidence_level":0.95,"lower_bound":0.04634355383811872,"upper_bound":0.051754308859233156},"point_estimate":0.048189944681211294,"standard_error":0.0015277931518788983}}