{"mean":{"confidence_interval":{"confidence_level":0.95,"lower_bound":410730426.15,"upper_bound":417797176.14374995},"point_estimate":413901262.1,"standard_error":1807909.5340661393},"median":{"confidence_interval":{"confidence_level":0.95,"lower_bound":410941671.5,"upper_bound":418374469.5},"point_estimate":412027750.25,"standard_error":1499471.2576801658},"median_abs_dev":{"confidence_interval":{"confidence_level":0.95,"lower_bound":193668.32806169987,"upper_bound":8996219.454485178},"point_estimate":1454702.2606238723,"standard_error":2057217.7291242862},"slope":null,"std_dev":{"confidence_interval":{"confidence_level":0.95,"lower_bound":831087.1958180259,"upper_bound":7722486.910376993},"point_estimate":6023706.4618608495,"standard_error":1643168.0204037887}}