{"mean":{"confidence_interval":{"confidence_level":0.95,"lower_bound":695717497.8,"upper_bound":699088246.8975},"point_estimate":697106697.0,"standard_error":895271.1464199288},"median":{"confidence_interval":{"confidence_level":0.95,"lower_bound":695575651.0,"upper_bound":697935798.5},"point_estimate":696129690.0,"standard_error":508968.9024599873},"median_abs_dev":{"confidence_interval":{"confidence_level":0.95,"lower_bound":141446.70918881893,"upper_bound":2735078.1924426556},"point_estimate":582434.9518597126,"standard_error":687109.8989238796},"slope":null,"std_dev":{"confidence_interval":{"confidence_level":0.95,"lower_bound":412964.0841544213,"upper_bound":4347004.604883623},"point_estimate":2981194.9643895407,"standard_error":1144484.28944233}}