{"mean":{"confidence_interval":{"confidence_level":0.95,"lower_bound":525462602.8,"upper_bound":528875532.1},"point_estimate":527184032.2,"standard_error":871672.397117722},"median":{"confidence_interval":{"confidence_level":0.95,"lower_bound":525004295.0,"upper_bound":529478578.5},"point_estimate":527109509.5,"standard_error":1075851.142162609},"median_abs_dev":{"confidence_interval":{"confidence_level":0.95,"lower_bound":742946.4141100645,"upper_bound":4938261.042228341},"point_estimate":2977307.600042224,"standard_error":1110724.7813548788},"slope":null,"std_dev":{"confidence_interval":{"confidence_level":0.95,"lower_bound":1556442.795846367,"upper_bound":3745854.6607197965},"point_estimate":2901570.7920105695,"standard_error":566415.7922218681}}