{"mean":{"confidence_interval":{"confidence_level":0.95,"lower_bound":-0.05233778504608584,"upper_bound":-0.04835563370314569},"point_estimate":-0.05038964317049188,"standard_error":0.0010347779163305993},"median":{"confidence_interval":{"confidence_level":0.95,"lower_bound":-0.05304589539197535,"upper_bound":-0.047549007297569834},"point_estimate":-0.050735669212472856,"standard_error":0.001202157908613132}}