{"mean":{"confidence_interval":{"confidence_level":0.95,"lower_bound":0.002188234080274126,"upper_bound":0.01551570030314364},"point_estimate":0.009030511680754971,"standard_error":0.0034103201864829824},"median":{"confidence_interval":{"confidence_level":0.95,"lower_bound":-0.0009462962873602043,"upper_bound":0.01582871620517423},"point_estimate":0.012693924668797152,"standard_error":0.003960877466736085}}