{"mean":{"confidence_interval":{"confidence_level":0.95,"lower_bound":-0.047753449709612934,"upper_bound":-0.03955317884684821},"point_estimate":-0.043939242794252986,"standard_error":0.0020946260106653935},"median":{"confidence_interval":{"confidence_level":0.95,"lower_bound":-0.05059118975294519,"upper_bound":-0.03980705145563879},"point_estimate":-0.04596484647169152,"standard_error":0.0030127873124696242}}