{"mean":{"confidence_interval":{"confidence_level":0.95,"lower_bound":-0.030182289685463964,"upper_bound":-0.024353924737630366},"point_estimate":-0.026833744432177453,"standard_error":0.0015139580603568327},"median":{"confidence_interval":{"confidence_level":0.95,"lower_bound":-0.02826045288155199,"upper_bound":-0.02352170763884831},"point_estimate":-0.02575258355948462,"standard_error":0.0012467992503194091}}