{"mean":{"confidence_interval":{"confidence_level":0.95,"lower_bound":327961384.6825,"upper_bound":328524077.15375},"point_estimate":328242659.45,"standard_error":144355.53871277295},"median":{"confidence_interval":{"confidence_level":0.95,"lower_bound":327839700.75,"upper_bound":328643464.5},"point_estimate":328220098.75,"standard_error":287343.1198293311},"median_abs_dev":{"confidence_interval":{"confidence_level":0.95,"lower_bound":19502.861353754997,"upper_bound":723843.4840992093},"point_estimate":617930.6191295385,"standard_error":203551.01416854208},"slope":null,"std_dev":{"confidence_interval":{"confidence_level":0.95,"lower_bound":317396.70153135184,"upper_bound":575864.6503065942},"point_estimate":482142.2116736726,"standard_error":66635.33718090982}}