{"mean":{"confidence_interval":{"confidence_level":0.95,"lower_bound":375059942.43375,"upper_bound":378925951.65},"point_estimate":376887270.6,"standard_error":989802.2518471167},"median":{"confidence_interval":{"confidence_level":0.95,"lower_bound":374171384.25,"upper_bound":379111591.25},"point_estimate":376762361.75,"standard_error":1120289.8681620462},"median_abs_dev":{"confidence_interval":{"confidence_level":0.95,"lower_bound":477205.19482791424,"upper_bound":5626803.45030427},"point_estimate":2808195.945994556,"standard_error":1333817.4403481553},"slope":null,"std_dev":{"confidence_interval":{"confidence_level":0.95,"lower_bound":1562750.5183695194,"upper_bound":4299351.930964964},"point_estimate":3296989.952115017,"standard_error":726974.3806169883}}