{"mean":{"confidence_interval":{"confidence_level":0.95,"lower_bound":-0.03180585425619034,"upper_bound":-0.028774150268932448},"point_estimate":-0.030219923800584136,"standard_error":0.0007644868365194736},"median":{"confidence_interval":{"confidence_level":0.95,"lower_bound":-0.03167159773097594,"upper_bound":-0.02803500638882306},"point_estimate":-0.02979411934577325,"standard_error":0.000895028621470642}}