{"mean":{"confidence_interval":{"confidence_level":0.95,"lower_bound":-0.028683138971271237,"upper_bound":-0.020653307270291216},"point_estimate":-0.024428913992465162,"standard_error":0.0020569215047844575},"median":{"confidence_interval":{"confidence_level":0.95,"lower_bound":-0.02839482395361137,"upper_bound":-0.021247009091480695},"point_estimate":-0.02338881218065758,"standard_error":0.0016183156762479077}}