{"mean":{"confidence_interval":{"confidence_level":0.95,"lower_bound":-0.012259864931321285,"upper_bound":-0.007685629688993842},"point_estimate":-0.009969847894716888,"standard_error":0.0012084157406714135},"median":{"confidence_interval":{"confidence_level":0.95,"lower_bound":-0.013393136704971775,"upper_bound":-0.0064653077206654475},"point_estimate":-0.008938925778505857,"standard_error":0.001710791711374324}}