{"mean":{"confidence_interval":{"confidence_level":0.95,"lower_bound":980963987.3,"upper_bound":1008456620.0174999},"point_estimate":995530829.5,"standard_error":7049929.829005955},"median":{"confidence_interval":{"confidence_level":0.95,"lower_bound":979336296.5,"upper_bound":1014224469.5},"point_estimate":998345122.5,"standard_error":8520598.959197814},"median_abs_dev":{"confidence_interval":{"confidence_level":0.95,"lower_bound":4633667.549335957,"upper_bound":40307621.91379666},"point_estimate":19529480.69498241,"standard_error":9158393.00289471},"slope":null,"std_dev":{"confidence_interval":{"confidence_level":0.95,"lower_bound":10754955.426986888,"upper_bound":30269440.24488135},"point_estimate":23395125.033280484,"standard_error":5136698.787589162}}