{"mean":{"confidence_interval":{"confidence_level":0.95,"lower_bound":308109574.6,"upper_bound":309010824.4425},"point_estimate":308569943.8,"standard_error":229233.7701866909},"median":{"confidence_interval":{"confidence_level":0.95,"lower_bound":308107857.0,"upper_bound":309030001.0},"point_estimate":308631328.75,"standard_error":277529.19409951515},"median_abs_dev":{"confidence_interval":{"confidence_level":0.95,"lower_bound":97575.83466768265,"upper_bound":1303506.7153081298},"point_estimate":618265.3160735965,"standard_error":300958.9555809716},"slope":null,"std_dev":{"confidence_interval":{"confidence_level":0.95,"lower_bound":365363.519334487,"upper_bound":1023815.6671226895},"point_estimate":765734.292724354,"standard_error":172220.51186998675}}