{"mean":{"confidence_interval":{"confidence_level":0.95,"lower_bound":-0.020031775268172115,"upper_bound":-0.010914058255006564},"point_estimate":-0.015380471005199792,"standard_error":0.002330255289260837},"median":{"confidence_interval":{"confidence_level":0.95,"lower_bound":-0.019578325461512947,"upper_bound":-0.009732194896188817},"point_estimate":-0.014677743127808784,"standard_error":0.002255715852631608}}