{"mean":{"confidence_interval":{"confidence_level":0.95,"lower_bound":966704634.8,"upper_bound":973413087.8},"point_estimate":970717129.1,"standard_error":1809906.7752299884},"median":{"confidence_interval":{"confidence_level":0.95,"lower_bound":969477103.0,"upper_bound":974009888.0},"point_estimate":972496336.0,"standard_error":1145174.412724628},"median_abs_dev":{"confidence_interval":{"confidence_level":0.95,"lower_bound":230192.91971325874,"upper_bound":5006478.43221724},"point_estimate":2316900.491666794,"standard_error":1266942.0601884183},"slope":null,"std_dev":{"confidence_interval":{"confidence_level":0.95,"lower_bound":1194321.2847222756,"upper_bound":9107858.518372443},"point_estimate":6046428.175499288,"standard_error":2531136.1762007754}}