{"mean":{"confidence_interval":{"confidence_level":0.95,"lower_bound":-0.015304583395925862,"upper_bound":-0.009461762876952405},"point_estimate":-0.012518094493303655,"standard_error":0.0015233788529128481},"median":{"confidence_interval":{"confidence_level":0.95,"lower_bound":-0.016696481820077214,"upper_bound":-0.007462044597363771},"point_estimate":-0.013376203831740763,"standard_error":0.0022609282491527997}}