{"mean":{"confidence_interval":{"confidence_level":0.95,"lower_bound":-0.018509020866508248,"upper_bound":-0.01116586496965224},"point_estimate":-0.014561561046245841,"standard_error":0.001893043233638863},"median":{"confidence_interval":{"confidence_level":0.95,"lower_bound":-0.01731275423167178,"upper_bound":-0.01000507786949767},"point_estimate":-0.013525420173634561,"standard_error":0.0019044860154851806}}