{"mean":{"confidence_interval":{"confidence_level":0.95,"lower_bound":342308890.63625,"upper_bound":348314776.51},"point_estimate":344960136.95,"standard_error":1553371.395759112},"median":{"confidence_interval":{"confidence_level":0.95,"lower_bound":341542206.25,"upper_bound":347360866.0},"point_estimate":344054184.75,"standard_error":1334812.9092757117},"median_abs_dev":{"confidence_interval":{"confidence_level":0.95,"lower_bound":445634.71098840237,"upper_bound":6882843.244855106},"point_estimate":4068508.5936695337,"standard_error":1663474.840993908},"slope":null,"std_dev":{"confidence_interval":{"confidence_level":0.95,"lower_bound":1922992.516575151,"upper_bound":7398723.985167841},"point_estimate":5182609.324375338,"standard_error":1630102.6062616059}}