{"mean":{"confidence_interval":{"confidence_level":0.95,"lower_bound":-0.009195681028717095,"upper_bound":-0.003398418816399096},"point_estimate":-0.006240029775713696,"standard_error":0.0014831982435894895},"median":{"confidence_interval":{"confidence_level":0.95,"lower_bound":-0.009701756636621983,"upper_bound":-0.001497492163305525},"point_estimate":-0.0057579498336334245,"standard_error":0.002293303165256596}}