{"mean":{"confidence_interval":{"confidence_level":0.95,"lower_bound":-0.014616058314889116,"upper_bound":-0.004820677235328436},"point_estimate":-0.00960307397009419,"standard_error":0.002505664008789015},"median":{"confidence_interval":{"confidence_level":0.95,"lower_bound":-0.018007198125840396,"upper_bound":0.00021545849449133847},"point_estimate":-0.009468806835343346,"standard_error":0.00445234251506422}}