{"mean":{"confidence_interval":{"confidence_level":0.95,"lower_bound":-0.018143290001335348,"upper_bound":-0.007839586951310845},"point_estimate":-0.01195082240627876,"standard_error":0.002759150520880276},"median":{"confidence_interval":{"confidence_level":0.95,"lower_bound":-0.012741328652838169,"upper_bound":-0.006700482651189943},"point_estimate":-0.00971839345129355,"standard_error":0.0015381609782748444}}