{"mean":{"confidence_interval":{"confidence_level":0.95,"lower_bound":-0.04695388488600234,"upper_bound":-0.0356711374428617},"point_estimate":-0.04169790411774732,"standard_error":0.0028786579333213397},"median":{"confidence_interval":{"confidence_level":0.95,"lower_bound":-0.04870904007759391,"upper_bound":-0.038925277140051895},"point_estimate":-0.04437496389469486,"standard_error":0.002433757256158453}}