{"mean":{"confidence_interval":{"confidence_level":0.95,"lower_bound":757677424.1,"upper_bound":759996464.0200001},"point_estimate":758791543.3,"standard_error":593884.4783189701},"median":{"confidence_interval":{"confidence_level":0.95,"lower_bound":757223607.5,"upper_bound":760885203.0},"point_estimate":758184896.0,"standard_error":996807.0049859246},"median_abs_dev":{"confidence_interval":{"confidence_level":0.95,"lower_bound":312993.9043432474,"upper_bound":3200409.244081378},"point_estimate":1650325.7674008608,"standard_error":811878.1414064671},"slope":null,"std_dev":{"confidence_interval":{"confidence_level":0.95,"lower_bound":1054412.3612027967,"upper_bound":2351557.3595985305},"point_estimate":1978071.9013026606,"standard_error":313421.2790880119}}