{"mean":{"confidence_interval":{"confidence_level":0.95,"lower_bound":1.157527682776128,"upper_bound":1.493922172821889},"point_estimate":1.331817753204421,"standard_error":0.08752882424369567},"median":{"confidence_interval":{"confidence_level":0.95,"lower_bound":1.1441961841997914,"upper_bound":1.53840820394303},"point_estimate":1.436298186643568,"standard_error":0.09483735201424234}}