{"mean":{"confidence_interval":{"confidence_level":0.95,"lower_bound":371357946.31,"upper_bound":373554076.065},"point_estimate":372456927.9,"standard_error":563573.2733737808},"median":{"confidence_interval":{"confidence_level":0.95,"lower_bound":370650822.5,"upper_bound":374014806.25},"point_estimate":372728555.5,"standard_error":808564.6983959203},"median_abs_dev":{"confidence_interval":{"confidence_level":0.95,"lower_bound":376810.5669602752,"upper_bound":3368756.6178426147},"point_estimate":2259998.675327003,"standard_error":783641.8731028532},"slope":null,"std_dev":{"confidence_interval":{"confidence_level":0.95,"lower_bound":1125894.9530794169,"upper_bound":2299887.2883547987},"point_estimate":1881392.1693627539,"standard_error":302441.30995539494}}