{"mean":{"confidence_interval":{"confidence_level":0.95,"lower_bound":898906538.75,"upper_bound":904236210.84},"point_estimate":901613940.7,"standard_error":1368292.5921092972},"median":{"confidence_interval":{"confidence_level":0.95,"lower_bound":897986876.0,"upper_bound":905554291.0},"point_estimate":901626235.5,"standard_error":1941120.2046807387},"median_abs_dev":{"confidence_interval":{"confidence_level":0.95,"lower_bound":1371579.181149602,"upper_bound":7751725.0365793705},"point_estimate":5609724.639907479,"standard_error":1614818.4735833998},"slope":null,"std_dev":{"confidence_interval":{"confidence_level":0.95,"lower_bound":2604618.9880149607,"upper_bound":5721237.324413646},"point_estimate":4541911.978651405,"standard_error":802294.8958246864}}