{"mean":{"confidence_interval":{"confidence_level":0.95,"lower_bound":293680851.5,"upper_bound":295471744.45},"point_estimate":294687049.9,"standard_error":463322.79509495414},"median":{"confidence_interval":{"confidence_level":0.95,"lower_bound":294158993.0,"upper_bound":295639000.5},"point_estimate":295126248.25,"standard_error":353991.6239051711},"median_abs_dev":{"confidence_interval":{"confidence_level":0.95,"lower_bound":122990.56341648102,"upper_bound":1965205.5389106274},"point_estimate":848216.2013411522,"standard_error":479747.01217158337},"slope":null,"std_dev":{"confidence_interval":{"confidence_level":0.95,"lower_bound":479965.54100541945,"upper_bound":2192688.186834688},"point_estimate":1543405.6082574304,"standard_error":491924.9943540765}}