{"mean":{"confidence_interval":{"confidence_level":0.95,"lower_bound":-0.011487981906911622,"upper_bound":0.001241071897275395},"point_estimate":-0.004918459992649282,"standard_error":0.00326306065637226},"median":{"confidence_interval":{"confidence_level":0.95,"lower_bound":-0.01380562490268289,"upper_bound":0.0029218110371516115},"point_estimate":-0.0037194017756237985,"standard_error":0.0049822615322587215}}