{"mean":{"confidence_interval":{"confidence_level":0.95,"lower_bound":403330292.4,"upper_bound":404221260.5},"point_estimate":403743480.55,"standard_error":229030.7791086514},"median":{"confidence_interval":{"confidence_level":0.95,"lower_bound":403240200.0,"upper_bound":404232856.5},"point_estimate":403610633.75,"standard_error":205680.36762691478},"median_abs_dev":{"confidence_interval":{"confidence_level":0.95,"lower_bound":118874.12458956242,"upper_bound":1246749.4524657726},"point_estimate":439331.43720030785,"standard_error":297397.9333258324},"slope":null,"std_dev":{"confidence_interval":{"confidence_level":0.95,"lower_bound":298617.322918778,"upper_bound":1014375.9947593726},"point_estimate":764625.8235593789,"standard_error":189698.4159331398}}