{"mean":{"confidence_interval":{"confidence_level":0.95,"lower_bound":1269267269.0,"upper_bound":1275121145.57},"point_estimate":1271829298.2,"standard_error":1483090.1088347603},"median":{"confidence_interval":{"confidence_level":0.95,"lower_bound":1270364728.5,"upper_bound":1272221061.5},"point_estimate":1270872128.5,"standard_error":639176.9962968791},"median_abs_dev":{"confidence_interval":{"confidence_level":0.95,"lower_bound":183487.314042449,"upper_bound":5812826.751601696},"point_estimate":1393950.873452425,"standard_error":1197067.28365748},"slope":null,"std_dev":{"confidence_interval":{"confidence_level":0.95,"lower_bound":743837.7033050027,"upper_bound":7316279.887149707},"point_estimate":4943539.053203614,"standard_error":1875902.0273218786}}