{"mean":{"confidence_interval":{"confidence_level":0.95,"lower_bound":362201673.905,"upper_bound":362826569.6},"point_estimate":362515383.2,"standard_error":160034.02660314858},"median":{"confidence_interval":{"confidence_level":0.95,"lower_bound":362273593.0,"upper_bound":362895920.25},"point_estimate":362484567.75,"standard_error":116898.56527455816},"median_abs_dev":{"confidence_interval":{"confidence_level":0.95,"lower_bound":22997.72014170885,"upper_bound":1029989.6298140287},"point_estimate":142762.8873154521,"standard_error":264210.7562145192},"slope":null,"std_dev":{"confidence_interval":{"confidence_level":0.95,"lower_bound":168117.2172584937,"upper_bound":723766.1066913987},"point_estimate":532596.2887239369,"standard_error":129646.81559465265}}