{"mean":{"confidence_interval":{"confidence_level":0.95,"lower_bound":-0.016563815511473845,"upper_bound":-0.005679469985641359},"point_estimate":-0.01103129050084195,"standard_error":0.0027781309472800653},"median":{"confidence_interval":{"confidence_level":0.95,"lower_bound":-0.016422923616422502,"upper_bound":-0.005943266073578424},"point_estimate":-0.011545361622214534,"standard_error":0.002767681191703719}}