{"mean":{"confidence_interval":{"confidence_level":0.95,"lower_bound":0.027058054357465017,"upper_bound":0.044660500774639705},"point_estimate":0.0357773086405182,"standard_error":0.0044742685056314326},"median":{"confidence_interval":{"confidence_level":0.95,"lower_bound":0.021244226260421106,"upper_bound":0.04686005233579493},"point_estimate":0.03461373167662707,"standard_error":0.005952335081309887}}