{"mean":{"confidence_interval":{"confidence_level":0.95,"lower_bound":-0.0247764893747708,"upper_bound":-0.021923653823373433},"point_estimate":-0.023409651761193473,"standard_error":0.0007274967589413545},"median":{"confidence_interval":{"confidence_level":0.95,"lower_bound":-0.025147981168244904,"upper_bound":-0.021748095564257164},"point_estimate":-0.02384778879181737,"standard_error":0.000873139566152901}}