{"mean":{"confidence_interval":{"confidence_level":0.95,"lower_bound":-0.018961362281273365,"upper_bound":-0.006790545719905765},"point_estimate":-0.012350971716591164,"standard_error":0.003112174521987152},"median":{"confidence_interval":{"confidence_level":0.95,"lower_bound":-0.015796526301204983,"upper_bound":-0.007514986912038779},"point_estimate":-0.011862987680962056,"standard_error":0.002261395901303148}}