{"mean":{"confidence_interval":{"confidence_level":0.95,"lower_bound":447193680.7,"upper_bound":448220950.75625},"point_estimate":447710690.2,"standard_error":262853.3885069158},"median":{"confidence_interval":{"confidence_level":0.95,"lower_bound":447110955.0,"upper_bound":448345880.5},"point_estimate":447755248.25,"standard_error":338331.52619965014},"median_abs_dev":{"confidence_interval":{"confidence_level":0.95,"lower_bound":265738.2540822029,"upper_bound":1516918.0859193206},"point_estimate":915450.2568975091,"standard_error":313866.75266895344},"slope":null,"std_dev":{"confidence_interval":{"confidence_level":0.95,"lower_bound":468424.22970433545,"upper_bound":1146206.3400321708},"point_estimate":878383.8408228995,"standard_error":174672.82790112495}}