{"mean":{"confidence_interval":{"confidence_level":0.95,"lower_bound":-0.033781986270620845,"upper_bound":-0.021790887976870184},"point_estimate":-0.027821872856576668,"standard_error":0.003066592203391196},"median":{"confidence_interval":{"confidence_level":0.95,"lower_bound":-0.03460581138248686,"upper_bound":-0.020586003598139113},"point_estimate":-0.029986234329441364,"standard_error":0.0034175218908911037}}