{"mean":{"confidence_interval":{"confidence_level":0.95,"lower_bound":-0.6180405465678561,"upper_bound":-0.5681975234374044},"point_estimate":-0.595292514171984,"standard_error":0.012804541852913673},"median":{"confidence_interval":{"confidence_level":0.95,"lower_bound":-0.6298988421038181,"upper_bound":-0.5606767404816126},"point_estimate":-0.5989568088231416,"standard_error":0.019842526207013093}}