{"mean":{"confidence_interval":{"confidence_level":0.95,"lower_bound":304977504.5,"upper_bound":306098837.89125},"point_estimate":305537642.8,"standard_error":287689.82793217595},"median":{"confidence_interval":{"confidence_level":0.95,"lower_bound":304592696.25,"upper_bound":306250210.75},"point_estimate":305785081.0,"standard_error":469362.037347713},"median_abs_dev":{"confidence_interval":{"confidence_level":0.95,"lower_bound":135828.0259385705,"upper_bound":1689690.6499519944},"point_estimate":1287026.504650712,"standard_error":422380.5143971998},"slope":null,"std_dev":{"confidence_interval":{"confidence_level":0.95,"lower_bound":602527.1551655115,"upper_bound":1173101.033767794},"point_estimate":962000.9624389156,"standard_error":147920.49589733698}}