{"mean":{"confidence_interval":{"confidence_level":0.95,"lower_bound":-0.034331956813095636,"upper_bound":-0.020886857686395113},"point_estimate":-0.02617100217551982,"standard_error":0.003664756017979762},"median":{"confidence_interval":{"confidence_level":0.95,"lower_bound":-0.025683843113880167,"upper_bound":-0.02081158572809838},"point_estimate":-0.023104235186145572,"standard_error":0.0013588137467557724}}