{"mean":{"confidence_interval":{"confidence_level":0.95,"lower_bound":416109901.47999996,"upper_bound":417597823.9},"point_estimate":416827675.3,"standard_error":378911.7256263998},"median":{"confidence_interval":{"confidence_level":0.95,"lower_bound":415882487.5,"upper_bound":417610321.75},"point_estimate":416730505.75,"standard_error":465085.28045137716},"median_abs_dev":{"confidence_interval":{"confidence_level":0.95,"lower_bound":253454.9133002758,"upper_bound":2159491.3698613644},"point_estimate":1168418.506756425,"standard_error":456127.12713164155},"slope":null,"std_dev":{"confidence_interval":{"confidence_level":0.95,"lower_bound":635041.2167222738,"upper_bound":1690891.0235325175},"point_estimate":1265494.856229267,"standard_error":280179.7917157364}}