{"mean":{"confidence_interval":{"confidence_level":0.95,"lower_bound":-0.0526283717224174,"upper_bound":-0.035713002319726496},"point_estimate":-0.04379343727282958,"standard_error":0.004320866588402006},"median":{"confidence_interval":{"confidence_level":0.95,"lower_bound":-0.0510548479899261,"upper_bound":-0.035369172652806036},"point_estimate":-0.04419537864630674,"standard_error":0.0049376088241929956}}