{"mean":{"confidence_interval":{"confidence_level":0.95,"lower_bound":764337367.115,"upper_bound":771811478.9},"point_estimate":767401740.7,"standard_error":1984759.8140828237},"median":{"confidence_interval":{"confidence_level":0.95,"lower_bound":764206472.5,"upper_bound":768877820.0},"point_estimate":764885955.0,"standard_error":1248715.1799886364},"median_abs_dev":{"confidence_interval":{"confidence_level":0.95,"lower_bound":200378.57554256916,"upper_bound":6421611.211493611},"point_estimate":1904515.3089880943,"standard_error":1677448.4160647537},"slope":null,"std_dev":{"confidence_interval":{"confidence_level":0.95,"lower_bound":1333159.524558462,"upper_bound":9802512.045102254},"point_estimate":6609036.178086451,"standard_error":2588520.5367678083}}