{"mean":{"confidence_interval":{"confidence_level":0.95,"lower_bound":-0.023699736926172325,"upper_bound":-0.016299299403615793},"point_estimate":-0.02007993152668841,"standard_error":0.0018974850360528569},"median":{"confidence_interval":{"confidence_level":0.95,"lower_bound":-0.026465030718929694,"upper_bound":-0.015450045418274216},"point_estimate":-0.019901887293971243,"standard_error":0.0028841379398058253}}