{"mean":{"confidence_interval":{"confidence_level":0.95,"lower_bound":0.03345289275741646,"upper_bound":0.043760119715338934},"point_estimate":0.037707966522082526,"standard_error":0.002654052446705289},"median":{"confidence_interval":{"confidence_level":0.95,"lower_bound":0.031089345822775005,"upper_bound":0.04267047492988718},"point_estimate":0.03448310247180686,"standard_error":0.0028459034352515764}}