{"mean":{"confidence_interval":{"confidence_level":0.95,"lower_bound":-0.01991299867062111,"upper_bound":-0.009965012755503095},"point_estimate":-0.014737562614161814,"standard_error":0.0025390108244069827},"median":{"confidence_interval":{"confidence_level":0.95,"lower_bound":-0.021019178130587735,"upper_bound":-0.007163401059503416},"point_estimate":-0.013417454275367002,"standard_error":0.0031642459236874516}}