{"mean":{"confidence_interval":{"confidence_level":0.95,"lower_bound":0.0005170558681279084,"upper_bound":0.009952287103712326},"point_estimate":0.005452009909387989,"standard_error":0.0023919133622374487},"median":{"confidence_interval":{"confidence_level":0.95,"lower_bound":0.001139692500292444,"upper_bound":0.011653606042556053},"point_estimate":0.003924265679108752,"standard_error":0.0027221634527802843}}