{"mean":{"confidence_interval":{"confidence_level":0.95,"lower_bound":0.0014233945459870838,"upper_bound":0.007002438928588327},"point_estimate":0.004109248857958159,"standard_error":0.001424045629606216},"median":{"confidence_interval":{"confidence_level":0.95,"lower_bound":0.0002110317501502479,"upper_bound":0.0067804727979809964},"point_estimate":0.0034502531779758705,"standard_error":0.0016747075830477567}}