{"mean":{"confidence_interval":{"confidence_level":0.95,"lower_bound":-0.01841695402766975,"upper_bound":-0.010616663086261593},"point_estimate":-0.014621126001875595,"standard_error":0.0019905236729494567},"median":{"confidence_interval":{"confidence_level":0.95,"lower_bound":-0.019878239263837694,"upper_bound":-0.010985056790454917},"point_estimate":-0.015001792704058992,"standard_error":0.0020226947337447843}}