{"mean":{"confidence_interval":{"confidence_level":0.95,"lower_bound":0.03600879964314985,"upper_bound":0.04321389064803764},"point_estimate":0.039596474038339435,"standard_error":0.0018454741299570986},"median":{"confidence_interval":{"confidence_level":0.95,"lower_bound":0.036595067744697785,"upper_bound":0.043917752558995105},"point_estimate":0.03949826438784765,"standard_error":0.0019160628613951241}}