{"mean":{"confidence_interval":{"confidence_level":0.95,"lower_bound":475650501.45,"upper_bound":478093674.47125},"point_estimate":476702417.2,"standard_error":633516.9469139804},"median":{"confidence_interval":{"confidence_level":0.95,"lower_bound":475286944.5,"upper_bound":477742683.75},"point_estimate":475953447.5,"standard_error":598743.2430680759},"median_abs_dev":{"confidence_interval":{"confidence_level":0.95,"lower_bound":159838.36186230183,"upper_bound":2525590.522661805},"point_estimate":1109911.775945127,"standard_error":675301.1209773853},"slope":null,"std_dev":{"confidence_interval":{"confidence_level":0.95,"lower_bound":571229.4862784472,"upper_bound":2978004.158674329},"point_estimate":2111187.571490763,"standard_error":679825.6454452926}}