{"mean":{"confidence_interval":{"confidence_level":0.95,"lower_bound":244649945.54166666,"upper_bound":246267275.63333336},"point_estimate":245393697.53333336,"standard_error":414412.7984677803},"median":{"confidence_interval":{"confidence_level":0.95,"lower_bound":244348373.0,"upper_bound":246157922.3333333},"point_estimate":245173140.0,"standard_error":515326.2491924677},"median_abs_dev":{"confidence_interval":{"confidence_level":0.95,"lower_bound":134811.33300657623,"upper_bound":2135142.630493619},"point_estimate":1201421.1821705103,"standard_error":491592.9919247749},"slope":null,"std_dev":{"confidence_interval":{"confidence_level":0.95,"lower_bound":626840.7916493418,"upper_bound":1868508.000240172},"point_estimate":1381579.2717025434,"standard_error":347596.29472098505}}