{"mean":{"confidence_interval":{"confidence_level":0.95,"lower_bound":0.02318692541149628,"upper_bound":0.029319710656357457},"point_estimate":0.026390662545159982,"standard_error":0.0015711134355634268},"median":{"confidence_interval":{"confidence_level":0.95,"lower_bound":0.022430213530847842,"upper_bound":0.030578717706328806},"point_estimate":0.02669866691210565,"standard_error":0.0018535062512906341}}