{"mean":{"confidence_interval":{"confidence_level":0.95,"lower_bound":-0.01973299170872457,"upper_bound":-0.013003642903234814},"point_estimate":-0.016435785778506906,"standard_error":0.001713561399304796},"median":{"confidence_interval":{"confidence_level":0.95,"lower_bound":-0.019644357342882834,"upper_bound":-0.014914028594238515},"point_estimate":-0.017474710795478243,"standard_error":0.0013378476957945542}}