{"mean":{"confidence_interval":{"confidence_level":0.95,"lower_bound":-0.03462380908376086,"upper_bound":-0.02954684568565035},"point_estimate":-0.03211317961948523,"standard_error":0.0012990031691274368},"median":{"confidence_interval":{"confidence_level":0.95,"lower_bound":-0.03521575954550704,"upper_bound":-0.028037154997826774},"point_estimate":-0.03117066405450486,"standard_error":0.0018014479728897072}}