{"mean":{"confidence_interval":{"confidence_level":0.95,"lower_bound":0.041191635288862535,"upper_bound":0.058538467882460476},"point_estimate":0.051320495828191204,"standard_error":0.004582820985041608},"median":{"confidence_interval":{"confidence_level":0.95,"lower_bound":0.0490337037197226,"upper_bound":0.06143825957327875},"point_estimate":0.054482332831531144,"standard_error":0.0035967787849106904}}