{"mean":{"confidence_interval":{"confidence_level":0.95,"lower_bound":318150776.71625,"upper_bound":318435212.75},"point_estimate":318293405.0,"standard_error":72795.32653174116},"median":{"confidence_interval":{"confidence_level":0.95,"lower_bound":318165813.5,"upper_bound":318492794.75},"point_estimate":318281367.5,"standard_error":83136.7321639687},"median_abs_dev":{"confidence_interval":{"confidence_level":0.95,"lower_bound":14027.249000966549,"upper_bound":410694.6480587125},"point_estimate":166275.44029802084,"standard_error":106196.7522018296},"slope":null,"std_dev":{"confidence_interval":{"confidence_level":0.95,"lower_bound":102108.02703444005,"upper_bound":323914.50116845535},"point_estimate":243202.14244567556,"standard_error":53094.37952157247}}