{"mean":{"confidence_interval":{"confidence_level":0.95,"lower_bound":327604377.15,"upper_bound":329725677.3},"point_estimate":328682757.6,"standard_error":547835.3149201976},"median":{"confidence_interval":{"confidence_level":0.95,"lower_bound":326669417.25,"upper_bound":330390380.0},"point_estimate":329359991.5,"standard_error":1164101.2226680715},"median_abs_dev":{"confidence_interval":{"confidence_level":0.95,"lower_bound":229567.6331743598,"upper_bound":2591239.308196306},"point_estimate":1856908.282533288,"standard_error":727967.446543591},"slope":null,"std_dev":{"confidence_interval":{"confidence_level":0.95,"lower_bound":1187553.1282624893,"upper_bound":2023938.6639007973},"point_estimate":1820994.9498751713,"standard_error":213377.35371872672}}