{"mean":{"confidence_interval":{"confidence_level":0.95,"lower_bound":-0.02404344350805419,"upper_bound":-0.021371674219331515},"point_estimate":-0.022694979509872093,"standard_error":0.000685887822519247},"median":{"confidence_interval":{"confidence_level":0.95,"lower_bound":-0.02530505171567987,"upper_bound":-0.02074677940244596},"point_estimate":-0.022400422886756588,"standard_error":0.0012054301415335834}}