{"mean":{"confidence_interval":{"confidence_level":0.95,"lower_bound":246317273.43333334,"upper_bound":247609948.80000004},"point_estimate":246924041.3,"standard_error":329706.4684343178},"median":{"confidence_interval":{"confidence_level":0.95,"lower_bound":246061388.66666666,"upper_bound":247455062.0},"point_estimate":246817986.33333334,"standard_error":379664.79217897705},"median_abs_dev":{"confidence_interval":{"confidence_level":0.95,"lower_bound":89564.3586099295,"upper_bound":1790393.4115141777},"point_estimate":786920.5764293744,"standard_error":411609.2698538073},"slope":null,"std_dev":{"confidence_interval":{"confidence_level":0.95,"lower_bound":505369.4788830023,"upper_bound":1498124.027269424},"point_estimate":1099647.7829717381,"standard_error":272025.81425507326}}