{"mean":{"confidence_interval":{"confidence_level":0.95,"lower_bound":-0.04222744774060073,"upper_bound":-0.010922079536860358},"point_estimate":-0.02447142981036199,"standard_error":0.008206720508872984},"median":{"confidence_interval":{"confidence_level":0.95,"lower_bound":-0.033461013711529874,"upper_bound":-0.007015211057296966},"point_estimate":-0.01680711824095027,"standard_error":0.006041666584685471}}