{"mean":{"confidence_interval":{"confidence_level":0.95,"lower_bound":306847100.05,"upper_bound":307859418.9},"point_estimate":307342496.5,"standard_error":259117.33984723344},"median":{"confidence_interval":{"confidence_level":0.95,"lower_bound":306402381.5,"upper_bound":307976897.5},"point_estimate":307525133.25,"standard_error":373423.345290046},"median_abs_dev":{"confidence_interval":{"confidence_level":0.95,"lower_bound":34200.98684281111,"upper_bound":1679490.3621330857},"point_estimate":779935.0595533848,"standard_error":383275.0737928678},"slope":null,"std_dev":{"confidence_interval":{"confidence_level":0.95,"lower_bound":503765.7230790952,"upper_bound":1098746.6030498683},"point_estimate":864128.7375570842,"standard_error":157113.56348418593}}