{"mean":{"confidence_interval":{"confidence_level":0.95,"lower_bound":-0.027143131256654286,"upper_bound":-0.0150843117721143},"point_estimate":-0.022128534977471026,"standard_error":0.003204127510504016},"median":{"confidence_interval":{"confidence_level":0.95,"lower_bound":-0.028907313252630074,"upper_bound":-0.022653239654546686},"point_estimate":-0.0261108998986036,"standard_error":0.001547932999743492}}