{"mean":{"confidence_interval":{"confidence_level":0.95,"lower_bound":401171055.9,"upper_bound":402227834.64625},"point_estimate":401690903.1,"standard_error":271134.7617820182},"median":{"confidence_interval":{"confidence_level":0.95,"lower_bound":400824921.0,"upper_bound":402383299.5},"point_estimate":401650140.75,"standard_error":365515.0014646189},"median_abs_dev":{"confidence_interval":{"confidence_level":0.95,"lower_bound":196571.62946015596,"upper_bound":1622798.7043395638},"point_estimate":1155225.9615406394,"standard_error":403493.8831063769},"slope":null,"std_dev":{"confidence_interval":{"confidence_level":0.95,"lower_bound":516878.0292679181,"upper_bound":1106656.5633116919},"point_estimate":902948.3011172591,"standard_error":149181.8414169099}}