{"mean":{"confidence_interval":{"confidence_level":0.95,"lower_bound":-0.43802082837866047,"upper_bound":-0.3624583958838335},"point_estimate":-0.40137567809277086,"standard_error":0.019306054178730676},"median":{"confidence_interval":{"confidence_level":0.95,"lower_bound":-0.4393541047834887,"upper_bound":-0.3693698587770796},"point_estimate":-0.38723292774000306,"standard_error":0.01927898189414923}}