{"mean":{"confidence_interval":{"confidence_level":0.95,"lower_bound":-0.0009857974448663513,"upper_bound":0.009039223346571507},"point_estimate":0.004118459188870771,"standard_error":0.002557852741598847},"median":{"confidence_interval":{"confidence_level":0.95,"lower_bound":-0.002856666221016879,"upper_bound":0.010892102897477107},"point_estimate":0.006336481428948382,"standard_error":0.003580423782723696}}