{"mean":{"confidence_interval":{"confidence_level":0.95,"lower_bound":332098508.75,"upper_bound":337377462.15},"point_estimate":334453856.3,"standard_error":1364537.170345366},"median":{"confidence_interval":{"confidence_level":0.95,"lower_bound":331527304.0,"upper_bound":337069549.75},"point_estimate":333026598.0,"standard_error":1064674.182694196},"median_abs_dev":{"confidence_interval":{"confidence_level":0.95,"lower_bound":265320.16088962555,"upper_bound":6141168.530872464},"point_estimate":1763369.5675939322,"standard_error":1573863.0212534263},"slope":null,"std_dev":{"confidence_interval":{"confidence_level":0.95,"lower_bound":1294367.2054278203,"upper_bound":6171767.065166167},"point_estimate":4568786.989770852,"standard_error":1320120.327699899}}