{"mean":{"confidence_interval":{"confidence_level":0.95,"lower_bound":-0.003711713533928101,"upper_bound":0.0026607581566198296},"point_estimate":-0.00045972888379153254,"standard_error":0.0016127765272794642},"median":{"confidence_interval":{"confidence_level":0.95,"lower_bound":-0.005177888190748825,"upper_bound":0.004156367463501676},"point_estimate":-0.001001596105922542,"standard_error":0.0025465661106861387}}