{"mean":{"confidence_interval":{"confidence_level":0.95,"lower_bound":-0.009110949496027915,"upper_bound":-0.00456583070210522},"point_estimate":-0.006839528487231128,"standard_error":0.0011554353142171386},"median":{"confidence_interval":{"confidence_level":0.95,"lower_bound":-0.009922973486966358,"upper_bound":-0.0037496492061518394},"point_estimate":-0.0075398075984640656,"standard_error":0.0015592002633762019}}