{"mean":{"confidence_interval":{"confidence_level":0.95,"lower_bound":-0.03029629756808215,"upper_bound":-0.028662841390127262},"point_estimate":-0.029513604648608083,"standard_error":0.000417346148539849},"median":{"confidence_interval":{"confidence_level":0.95,"lower_bound":-0.030573213203374916,"upper_bound":-0.02845783013024994},"point_estimate":-0.02996586470838758,"standard_error":0.0005520788516267303}}