{"mean":{"confidence_interval":{"confidence_level":0.95,"lower_bound":0.030233719265434823,"upper_bound":0.041633017238048846},"point_estimate":0.036025931991207294,"standard_error":0.002897135551184523},"median":{"confidence_interval":{"confidence_level":0.95,"lower_bound":0.026441043163049738,"upper_bound":0.04172345671933608},"point_estimate":0.03710549836511534,"standard_error":0.003387733907405911}}