{"mean":{"confidence_interval":{"confidence_level":0.95,"lower_bound":-0.018494424165269446,"upper_bound":-0.011659916259463514},"point_estimate":-0.014771553168409834,"standard_error":0.0017606299247990547},"median":{"confidence_interval":{"confidence_level":0.95,"lower_bound":-0.015936039233567456,"upper_bound":-0.0104309937756627},"point_estimate":-0.012677843225114782,"standard_error":0.0015407101226714807}}