{"mean":{"confidence_interval":{"confidence_level":0.95,"lower_bound":-0.03332665540458903,"upper_bound":-0.01585354895124649},"point_estimate":-0.024169303046908563,"standard_error":0.0044850404773835685},"median":{"confidence_interval":{"confidence_level":0.95,"lower_bound":-0.04113857302467305,"upper_bound":-0.013279863004334591},"point_estimate":-0.017245320658731855,"standard_error":0.006826901305772699}}