{"mean":{"confidence_interval":{"confidence_level":0.95,"lower_bound":0.003769949134827466,"upper_bound":0.0064333026478562635},"point_estimate":0.005037365518627768,"standard_error":0.0006770770510320466},"median":{"confidence_interval":{"confidence_level":0.95,"lower_bound":0.003216289873699818,"upper_bound":0.006783782164000662},"point_estimate":0.004446201738565803,"standard_error":0.0008990595735199907}}