{"mean":{"confidence_interval":{"confidence_level":0.95,"lower_bound":1220937267.175,"upper_bound":1223686086.19},"point_estimate":1222112474.2,"standard_error":714694.9971954902},"median":{"confidence_interval":{"confidence_level":0.95,"lower_bound":1220749959.0,"upper_bound":1222546558.0},"point_estimate":1221850687.5,"standard_error":547638.3267218822},"median_abs_dev":{"confidence_interval":{"confidence_level":0.95,"lower_bound":233859.3894481659,"upper_bound":2595833.885514736},"point_estimate":1167379.2041748762,"standard_error":605467.4579535632},"slope":null,"std_dev":{"confidence_interval":{"confidence_level":0.95,"lower_bound":712097.1794285412,"upper_bound":3499254.357478597},"point_estimate":2382979.791810049,"standard_error":856184.5391475348}}