{"mean":{"confidence_interval":{"confidence_level":0.95,"lower_bound":1.0938745536063905,"upper_bound":1.1237295464520534},"point_estimate":1.1099159491477186,"standard_error":0.00777237644461533},"median":{"confidence_interval":{"confidence_level":0.95,"lower_bound":1.0843749891287473,"upper_bound":1.1379674871176522},"point_estimate":1.1173893977709715,"standard_error":0.015516970136422581}}