{"mean":{"confidence_interval":{"confidence_level":0.95,"lower_bound":825098339.0,"upper_bound":828776927.035},"point_estimate":826921231.0,"standard_error":936525.4747499971},"median":{"confidence_interval":{"confidence_level":0.95,"lower_bound":824175565.0,"upper_bound":829167280.0},"point_estimate":827125375.0,"standard_error":1614757.420025283},"median_abs_dev":{"confidence_interval":{"confidence_level":0.95,"lower_bound":340470.9296554327,"upper_bound":5153019.354915619},"point_estimate":3056333.14383924,"standard_error":1420343.320296761},"slope":null,"std_dev":{"confidence_interval":{"confidence_level":0.95,"lower_bound":1912017.723706512,"upper_bound":3893076.9357928736},"point_estimate":3132770.852087937,"standard_error":510523.46611073223}}