{"mean":{"confidence_interval":{"confidence_level":0.95,"lower_bound":54588433.763611116,"upper_bound":54938404.05946429},"point_estimate":54744880.78466269,"standard_error":90294.20199661444},"median":{"confidence_interval":{"confidence_level":0.95,"lower_bound":54548068.99206349,"upper_bound":54935647.775},"point_estimate":54616443.0625,"standard_error":92758.57760157489},"median_abs_dev":{"confidence_interval":{"confidence_level":0.95,"lower_bound":21243.516089513956,"upper_bound":407503.21924037405},"point_estimate":121864.13690648034,"standard_error":100512.08434628608},"slope":{"confidence_interval":{"confidence_level":0.95,"lower_bound":54564654.03365385,"upper_bound":55133988.61057692},"point_estimate":54869588.41168831,"standard_error":149937.09631754467},"std_dev":{"confidence_interval":{"confidence_level":0.95,"lower_bound":76335.38308005201,"upper_bound":396607.4073073841},"point_estimate":302215.6514961748,"standard_error":84446.80448160839}}