{"mean":{"confidence_interval":{"confidence_level":0.95,"lower_bound":-0.04062200553478036,"upper_bound":-0.03224744249636564},"point_estimate":-0.036284634230446144,"standard_error":0.0021365016776223084},"median":{"confidence_interval":{"confidence_level":0.95,"lower_bound":-0.041133381414582226,"upper_bound":-0.030870024098055726},"point_estimate":-0.03291430734500311,"standard_error":0.002877439605452556}}