{"mean":{"confidence_interval":{"confidence_level":0.95,"lower_bound":-0.010877030740279533,"upper_bound":-0.0081332485687711},"point_estimate":-0.009579710375986594,"standard_error":0.0006930819896094538},"median":{"confidence_interval":{"confidence_level":0.95,"lower_bound":-0.011224861094922045,"upper_bound":-0.008167445244845695},"point_estimate":-0.010092165733704861,"standard_error":0.0007627181332399754}}