{"mean":{"confidence_interval":{"confidence_level":0.95,"lower_bound":-0.018327094492186103,"upper_bound":-0.01413708737492769},"point_estimate":-0.016245344047392418,"standard_error":0.001076149418161567},"median":{"confidence_interval":{"confidence_level":0.95,"lower_bound":-0.019879830792073783,"upper_bound":-0.01313496930761271},"point_estimate":-0.01637201584745729,"standard_error":0.0021329092570218002}}