{"mean":{"confidence_interval":{"confidence_level":0.95,"lower_bound":-0.02251855810857128,"upper_bound":-0.005078902451009704},"point_estimate":-0.014717461322241387,"standard_error":0.004462648104198375},"median":{"confidence_interval":{"confidence_level":0.95,"lower_bound":-0.02135900600011853,"upper_bound":-0.011952146741188385},"point_estimate":-0.014245279326624782,"standard_error":0.002663095430669897}}