{"mean":{"confidence_interval":{"confidence_level":0.95,"lower_bound":706539394.6,"upper_bound":708159244.9},"point_estimate":707337712.2,"standard_error":415631.6630483781},"median":{"confidence_interval":{"confidence_level":0.95,"lower_bound":706050883.0,"upper_bound":708668368.0},"point_estimate":707005759.0,"standard_error":717847.5255451567},"median_abs_dev":{"confidence_interval":{"confidence_level":0.95,"lower_bound":282118.01859140396,"upper_bound":2274799.100214243},"point_estimate":1776594.3593591452,"standard_error":518847.76563439175},"slope":null,"std_dev":{"confidence_interval":{"confidence_level":0.95,"lower_bound":870967.5092859792,"upper_bound":1664177.4383663542},"point_estimate":1384952.1578370538,"standard_error":203454.7802377863}}