{"mean":{"confidence_interval":{"confidence_level":0.95,"lower_bound":989357733.0775001,"upper_bound":993070958.8},"point_estimate":991167402.4,"standard_error":947230.0484667887},"median":{"confidence_interval":{"confidence_level":0.95,"lower_bound":988461175.0,"upper_bound":994430174.0},"point_estimate":990492313.5,"standard_error":1400729.4938305342},"median_abs_dev":{"confidence_interval":{"confidence_level":0.95,"lower_bound":856547.671893239,"upper_bound":5234036.771777272},"point_estimate":3101230.718842149,"standard_error":1212661.3017418245},"slope":null,"std_dev":{"confidence_interval":{"confidence_level":0.95,"lower_bound":1689075.7050649659,"upper_bound":3842498.538485134},"point_estimate":3153008.2075428013,"standard_error":527798.174359495}}