{"mean":{"confidence_interval":{"confidence_level":0.95,"lower_bound":-0.005647012267899648,"upper_bound":0.008471854293279759},"point_estimate":0.0018957964814363404,"standard_error":0.0036351551862520187},"median":{"confidence_interval":{"confidence_level":0.95,"lower_bound":-0.007265472937613815,"upper_bound":0.010191339521385956},"point_estimate":0.005092272625005112,"standard_error":0.0039214162764300235}}