{"mean":{"confidence_interval":{"confidence_level":0.95,"lower_bound":-0.021339116578078784,"upper_bound":-0.014891239837725946},"point_estimate":-0.01826392170963753,"standard_error":0.0016498652037276941},"median":{"confidence_interval":{"confidence_level":0.95,"lower_bound":-0.023050659301066423,"upper_bound":-0.016574733178509216},"point_estimate":-0.01817974419276036,"standard_error":0.0018101917229261764}}