{"mean":{"confidence_interval":{"confidence_level":0.95,"lower_bound":441232305.38624996,"upper_bound":444904509.05625},"point_estimate":443016943.4,"standard_error":941213.6626167768},"median":{"confidence_interval":{"confidence_level":0.95,"lower_bound":439602783.5,"upper_bound":446007391.5},"point_estimate":442525427.0,"standard_error":1398057.696384435},"median_abs_dev":{"confidence_interval":{"confidence_level":0.95,"lower_bound":85249.49848651886,"upper_bound":5204776.919996738},"point_estimate":4370075.358715653,"standard_error":1462267.9123447824},"slope":null,"std_dev":{"confidence_interval":{"confidence_level":0.95,"lower_bound":1666590.963933049,"upper_bound":3770196.4637490814},"point_estimate":3132162.4063575366,"standard_error":498513.6802056264}}