{"mean":{"confidence_interval":{"confidence_level":0.95,"lower_bound":-0.022531845268021666,"upper_bound":-0.007942969269837582},"point_estimate":-0.01612764600639316,"standard_error":0.003689911051583799},"median":{"confidence_interval":{"confidence_level":0.95,"lower_bound":-0.023102483658314354,"upper_bound":-0.013874561976177646},"point_estimate":-0.016716588162093204,"standard_error":0.002313406843076173}}