{"mean":{"confidence_interval":{"confidence_level":0.95,"lower_bound":337198602.42,"upper_bound":339233158.1225},"point_estimate":338172499.0,"standard_error":523465.4706819129},"median":{"confidence_interval":{"confidence_level":0.95,"lower_bound":336805289.5,"upper_bound":339524705.75},"point_estimate":337955640.0,"standard_error":630255.3685065157},"median_abs_dev":{"confidence_interval":{"confidence_level":0.95,"lower_bound":493258.787342906,"upper_bound":3125119.852218032},"point_estimate":1597394.7244405746,"standard_error":681126.3359807382},"slope":null,"std_dev":{"confidence_interval":{"confidence_level":0.95,"lower_bound":843422.520164215,"upper_bound":2204323.319066242},"point_estimate":1751250.474461844,"standard_error":343123.56042618665}}