{"mean":{"confidence_interval":{"confidence_level":0.95,"lower_bound":-0.01193591717504862,"upper_bound":0.0021603657930702896},"point_estimate":-0.005093515542914151,"standard_error":0.0036103571429191945},"median":{"confidence_interval":{"confidence_level":0.95,"lower_bound":-0.014181300768636773,"upper_bound":0.004158404938269911},"point_estimate":-0.004387604042458415,"standard_error":0.004818086873285415}}