{"mean":{"confidence_interval":{"confidence_level":0.95,"lower_bound":450866223.75,"upper_bound":454787783.51750004},"point_estimate":452862457.35,"standard_error":1001581.3835055613},"median":{"confidence_interval":{"confidence_level":0.95,"lower_bound":449960335.5,"upper_bound":455894390.5},"point_estimate":452847590.5,"standard_error":1365596.0027579353},"median_abs_dev":{"confidence_interval":{"confidence_level":0.95,"lower_bound":472550.5722105503,"upper_bound":5645746.630167961},"point_estimate":3646989.1125530005,"standard_error":1263741.809612025},"slope":null,"std_dev":{"confidence_interval":{"confidence_level":0.95,"lower_bound":1897532.692496715,"upper_bound":4205153.100699433},"point_estimate":3329474.068029948,"standard_error":597743.700331701}}