{"mean":{"confidence_interval":{"confidence_level":0.95,"lower_bound":0.02193254345219154,"upper_bound":0.03375950936973381},"point_estimate":0.02780646059919789,"standard_error":0.0029985198009901287},"median":{"confidence_interval":{"confidence_level":0.95,"lower_bound":0.02247305364298402,"upper_bound":0.0322611148890124},"point_estimate":0.02983024866069628,"standard_error":0.0025200376720410675}}