{"mean":{"confidence_interval":{"confidence_level":0.95,"lower_bound":-0.011941220326479823,"upper_bound":-0.007391328350925625},"point_estimate":-0.009797589950984786,"standard_error":0.0011693846430152505},"median":{"confidence_interval":{"confidence_level":0.95,"lower_bound":-0.012909276403900272,"upper_bound":-0.008481929198283167},"point_estimate":-0.01017269271333765,"standard_error":0.0011070683814862659}}