{"mean":{"confidence_interval":{"confidence_level":0.95,"lower_bound":857029931.5,"upper_bound":864651120.8},"point_estimate":860306350.0,"standard_error":1980034.6234702694},"median":{"confidence_interval":{"confidence_level":0.95,"lower_bound":855726183.0,"upper_bound":861470657.5},"point_estimate":859886456.0,"standard_error":1500094.9432576874},"median_abs_dev":{"confidence_interval":{"confidence_level":0.95,"lower_bound":635670.6691145897,"upper_bound":7943151.673480868},"point_estimate":3424334.4724059105,"standard_error":1826741.7649655964},"slope":null,"std_dev":{"confidence_interval":{"confidence_level":0.95,"lower_bound":2102702.6101167668,"upper_bound":9651774.070125302},"point_estimate":6590563.668115244,"standard_error":2320091.6018629028}}