{"mean":{"confidence_interval":{"confidence_level":0.95,"lower_bound":-0.028943978166775953,"upper_bound":-0.013015377934313187},"point_estimate":-0.020387431609051543,"standard_error":0.004099703938102687},"median":{"confidence_interval":{"confidence_level":0.95,"lower_bound":-0.028863459472605824,"upper_bound":-0.008830631759815355},"point_estimate":-0.01275225263412838,"standard_error":0.005722233145113889}}