{"mean":{"confidence_interval":{"confidence_level":0.95,"lower_bound":406263901.43625,"upper_bound":408407224.95},"point_estimate":407270007.45,"standard_error":548136.2102565961},"median":{"confidence_interval":{"confidence_level":0.95,"lower_bound":406225247.25,"upper_bound":408206793.25},"point_estimate":406985545.0,"standard_error":526478.4398313616},"median_abs_dev":{"confidence_interval":{"confidence_level":0.95,"lower_bound":103016.60592108965,"upper_bound":3094991.1968529224},"point_estimate":1180778.9427369833,"standard_error":746414.5908423457},"slope":null,"std_dev":{"confidence_interval":{"confidence_level":0.95,"lower_bound":757341.4431561236,"upper_bound":2434644.331991812},"point_estimate":1830171.7407120788,"standard_error":435746.7116003385}}