{"mean":{"confidence_interval":{"confidence_level":0.95,"lower_bound":-0.023788811666312665,"upper_bound":-0.009812441616609978},"point_estimate":-0.01851222298543398,"standard_error":0.0035741663273498162},"median":{"confidence_interval":{"confidence_level":0.95,"lower_bound":-0.026122855783078824,"upper_bound":-0.017051239922875272},"point_estimate":-0.02003442094003749,"standard_error":0.002619982042531286}}