{"mean":{"confidence_interval":{"confidence_level":0.95,"lower_bound":-0.026393859915069925,"upper_bound":-0.012925631734198757},"point_estimate":-0.020552163387803413,"standard_error":0.003416815182574865},"median":{"confidence_interval":{"confidence_level":0.95,"lower_bound":-0.02559963719508751,"upper_bound":-0.019729891832093727},"point_estimate":-0.022889905978392577,"standard_error":0.0016337660878618155}}