{"mean":{"confidence_interval":{"confidence_level":0.95,"lower_bound":-0.025393802575795436,"upper_bound":-0.019839363928770063},"point_estimate":-0.022576239251333896,"standard_error":0.0014196275098637072},"median":{"confidence_interval":{"confidence_level":0.95,"lower_bound":-0.026596065274173797,"upper_bound":-0.017760304976973118},"point_estimate":-0.02220635742982613,"standard_error":0.002829549076709988}}