{"mean":{"confidence_interval":{"confidence_level":0.95,"lower_bound":699957484.4,"upper_bound":705596254.1},"point_estimate":702720497.5,"standard_error":1448455.7468956762},"median":{"confidence_interval":{"confidence_level":0.95,"lower_bound":698171309.0,"upper_bound":707194138.0},"point_estimate":702915510.0,"standard_error":2273508.822366882},"median_abs_dev":{"confidence_interval":{"confidence_level":0.95,"lower_bound":662855.6222319603,"upper_bound":8191182.494777441},"point_estimate":6416915.076076984,"standard_error":2024440.7177397746},"slope":null,"std_dev":{"confidence_interval":{"confidence_level":0.95,"lower_bound":2816244.046822409,"upper_bound":5832755.596684923},"point_estimate":4821834.696341799,"standard_error":751661.9112508547}}