{"mean":{"confidence_interval":{"confidence_level":0.95,"lower_bound":185871472.64333332,"upper_bound":188130374.69916666},"point_estimate":186809245.3,"standard_error":595297.3806019324},"median":{"confidence_interval":{"confidence_level":0.95,"lower_bound":185792143.0,"upper_bound":187055172.83333334},"point_estimate":186416035.1666667,"standard_error":341281.45523747074},"median_abs_dev":{"confidence_interval":{"confidence_level":0.95,"lower_bound":206243.2468384578,"upper_bound":1859221.6326922325},"point_estimate":858166.1768645121,"standard_error":413380.08114438265},"slope":null,"std_dev":{"confidence_interval":{"confidence_level":0.95,"lower_bound":478283.95782342955,"upper_bound":2968175.2978051533},"point_estimate":1991814.9263250583,"standard_error":783097.2857693689}}