{"mean":{"confidence_interval":{"confidence_level":0.95,"lower_bound":-0.02422393483205297,"upper_bound":-0.01649156028061481},"point_estimate":-0.02041638876291596,"standard_error":0.0019457132488808827},"median":{"confidence_interval":{"confidence_level":0.95,"lower_bound":-0.024850879983192353,"upper_bound":-0.015931456531925958},"point_estimate":-0.01863914333989425,"standard_error":0.002186219226696442}}