{"mean":{"confidence_interval":{"confidence_level":0.95,"lower_bound":-0.04498427163379651,"upper_bound":-0.032979320020777414},"point_estimate":-0.038640683857482205,"standard_error":0.003068455574088705},"median":{"confidence_interval":{"confidence_level":0.95,"lower_bound":-0.04254750898399329,"upper_bound":-0.02919255911305041},"point_estimate":-0.03793614295971415,"standard_error":0.0032130368015516205}}