{"mean":{"confidence_interval":{"confidence_level":0.95,"lower_bound":-0.015793715691782156,"upper_bound":-0.010025490793026453},"point_estimate":-0.013042287104656047,"standard_error":0.0014716033849102228},"median":{"confidence_interval":{"confidence_level":0.95,"lower_bound":-0.015531009182869093,"upper_bound":-0.010734307388693298},"point_estimate":-0.013864798346689855,"standard_error":0.0012050628293786942}}