{"mean":{"confidence_interval":{"confidence_level":0.95,"lower_bound":-0.03255548489589648,"upper_bound":-0.021914185249934225},"point_estimate":-0.026591104246585062,"standard_error":0.002753439717879302},"median":{"confidence_interval":{"confidence_level":0.95,"lower_bound":-0.0294197063684839,"upper_bound":-0.021679752635080596},"point_estimate":-0.02387838502318862,"standard_error":0.0018080111969654637}}