{"mean":{"confidence_interval":{"confidence_level":0.95,"lower_bound":320230373.25,"upper_bound":321792134.3575},"point_estimate":320949300.65,"standard_error":401616.67902722117},"median":{"confidence_interval":{"confidence_level":0.95,"lower_bound":319945215.25,"upper_bound":322034220.5},"point_estimate":320650003.0,"standard_error":486340.90365468414},"median_abs_dev":{"confidence_interval":{"confidence_level":0.95,"lower_bound":90124.28719997406,"upper_bound":2037655.3811743855},"point_estimate":871534.9043771625,"standard_error":498406.418120001},"slope":null,"std_dev":{"confidence_interval":{"confidence_level":0.95,"lower_bound":512114.77937132516,"upper_bound":1694254.3376182802},"point_estimate":1339574.1406541204,"standard_error":309826.37803601613}}