{"mean":{"confidence_interval":{"confidence_level":0.95,"lower_bound":918823436.9775001,"upper_bound":933869664.61},"point_estimate":926738795.2,"standard_error":3839330.9570541475},"median":{"confidence_interval":{"confidence_level":0.95,"lower_bound":917929755.5,"upper_bound":934048302.5},"point_estimate":931859192.0,"standard_error":4813225.40914394},"median_abs_dev":{"confidence_interval":{"confidence_level":0.95,"lower_bound":704639.737290144,"upper_bound":20689143.707594275},"point_estimate":10446579.55043614,"standard_error":5974561.964842441},"slope":null,"std_dev":{"confidence_interval":{"confidence_level":0.95,"lower_bound":5961142.825063276,"upper_bound":17054450.95127961},"point_estimate":12771353.294153007,"standard_error":2972160.0604394726}}