{"mean":{"confidence_interval":{"confidence_level":0.95,"lower_bound":-0.02810924480805146,"upper_bound":-0.01732749070169152},"point_estimate":-0.021441251331840716,"standard_error":0.003039952914876666},"median":{"confidence_interval":{"confidence_level":0.95,"lower_bound":-0.01957011131040043,"upper_bound":-0.01777764526483039},"point_estimate":-0.01837760709055114,"standard_error":0.0008967836514147992}}