{"mean":{"confidence_interval":{"confidence_level":0.95,"lower_bound":-0.3459747741160244,"upper_bound":-0.279072390637741},"point_estimate":-0.3143763693823507,"standard_error":0.01712501495640173},"median":{"confidence_interval":{"confidence_level":0.95,"lower_bound":-0.35725025514915676,"upper_bound":-0.26664023859424324},"point_estimate":-0.3121441530070912,"standard_error":0.023761320409803055}}