{"mean":{"confidence_interval":{"confidence_level":0.95,"lower_bound":246488117.85749996,"upper_bound":247700921.45333332},"point_estimate":247116298.7,"standard_error":311480.07456124044},"median":{"confidence_interval":{"confidence_level":0.95,"lower_bound":246033545.33333334,"upper_bound":248023228.33333334},"point_estimate":247432855.6666667,"standard_error":520778.63849140477},"median_abs_dev":{"confidence_interval":{"confidence_level":0.95,"lower_bound":105884.32492017746,"upper_bound":1676856.6468298582},"point_estimate":883481.077215046,"standard_error":424264.38777295157},"slope":null,"std_dev":{"confidence_interval":{"confidence_level":0.95,"lower_bound":530707.9313299808,"upper_bound":1215120.1284282631},"point_estimate":1037048.6965574939,"standard_error":163795.13279442914}}