{"mean":{"confidence_interval":{"confidence_level":0.95,"lower_bound":305532773.72375,"upper_bound":309230061.95},"point_estimate":307089315.7,"standard_error":968806.0210211239},"median":{"confidence_interval":{"confidence_level":0.95,"lower_bound":305212990.0,"upper_bound":307693245.75},"point_estimate":306732595.25,"standard_error":581255.5013144764},"median_abs_dev":{"confidence_interval":{"confidence_level":0.95,"lower_bound":35629.47191745043,"upper_bound":3363142.011742294},"point_estimate":1508192.985074222,"standard_error":974227.4484173257},"slope":null,"std_dev":{"confidence_interval":{"confidence_level":0.95,"lower_bound":911256.8957949633,"upper_bound":4766955.280619566},"point_estimate":3231252.741843429,"standard_error":1203719.616620172}}