{"mean":{"confidence_interval":{"confidence_level":0.95,"lower_bound":-0.011190461985641624,"upper_bound":-0.0017989369031804407},"point_estimate":-0.006744654646203774,"standard_error":0.002411430955016403},"median":{"confidence_interval":{"confidence_level":0.95,"lower_bound":-0.012819843600928804,"upper_bound":0.0035581156232700195},"point_estimate":-0.011188952360478122,"standard_error":0.004090563853796172}}