{"mean":{"confidence_interval":{"confidence_level":0.95,"lower_bound":-0.06226663259150452,"upper_bound":-0.05420014758344006},"point_estimate":-0.05812191488384444,"standard_error":0.0020659953881106727},"median":{"confidence_interval":{"confidence_level":0.95,"lower_bound":-0.062241175244193814,"upper_bound":-0.054314976666856585},"point_estimate":-0.057568103203609944,"standard_error":0.0017167297219182333}}