{"mean":{"confidence_interval":{"confidence_level":0.95,"lower_bound":935915626.2775,"upper_bound":941096418.7225},"point_estimate":938374037.5,"standard_error":1318969.1488684295},"median":{"confidence_interval":{"confidence_level":0.95,"lower_bound":936392833.0,"upper_bound":940465426.5},"point_estimate":937613259.5,"standard_error":1008550.5767522017},"median_abs_dev":{"confidence_interval":{"confidence_level":0.95,"lower_bound":386520.4848378897,"upper_bound":6830347.715637088},"point_estimate":2538560.3072315454,"standard_error":1543564.0000527927},"slope":null,"std_dev":{"confidence_interval":{"confidence_level":0.95,"lower_bound":1483780.9769091622,"upper_bound":6162666.6321673095},"point_estimate":4390420.175101828,"standard_error":1208044.6520758902}}