{"mean":{"confidence_interval":{"confidence_level":0.95,"lower_bound":182987906.7625,"upper_bound":184842044.93333334},"point_estimate":183828532.9,"standard_error":477124.56019196816},"median":{"confidence_interval":{"confidence_level":0.95,"lower_bound":182670729.5,"upper_bound":184940918.33333334},"point_estimate":183289149.0,"standard_error":545528.7359447427},"median_abs_dev":{"confidence_interval":{"confidence_level":0.95,"lower_bound":213377.0237118153,"upper_bound":2463565.9527629614},"point_estimate":1048229.3159902096,"standard_error":572363.6505359313},"slope":null,"std_dev":{"confidence_interval":{"confidence_level":0.95,"lower_bound":561762.9568991809,"upper_bound":2078029.863387027},"point_estimate":1585293.9295317568,"standard_error":401174.2836038527}}