{"mean":{"confidence_interval":{"confidence_level":0.95,"lower_bound":-0.03890343605272683,"upper_bound":-0.031310972281899226},"point_estimate":-0.034982086740062424,"standard_error":0.0019222837403393583},"median":{"confidence_interval":{"confidence_level":0.95,"lower_bound":-0.0383293424504586,"upper_bound":-0.03083516238193356},"point_estimate":-0.03527104920563462,"standard_error":0.0019325662045773045}}