{"mean":{"confidence_interval":{"confidence_level":0.95,"lower_bound":-0.012919980840821847,"upper_bound":-0.0009597951957319413},"point_estimate":-0.007953380192015524,"standard_error":0.0029631914703654528},"median":{"confidence_interval":{"confidence_level":0.95,"lower_bound":-0.012181427106799925,"upper_bound":-0.002612464207699894},"point_estimate":-0.010914373939387767,"standard_error":0.0026153933623798346}}