{"mean":{"confidence_interval":{"confidence_level":0.95,"lower_bound":-0.008691636625272241,"upper_bound":0.0031012556016187663},"point_estimate":-0.0025651438485214673,"standard_error":0.0030178355349906637},"median":{"confidence_interval":{"confidence_level":0.95,"lower_bound":-0.012583686510758474,"upper_bound":0.006967862667995206},"point_estimate":-0.00589936979795791,"standard_error":0.004993667311054081}}