{"mean":{"confidence_interval":{"confidence_level":0.95,"lower_bound":0.9686653549947046,"upper_bound":0.9974321443309745},"point_estimate":0.9839192824367227,"standard_error":0.007596531342443271},"median":{"confidence_interval":{"confidence_level":0.95,"lower_bound":0.9656167749898832,"upper_bound":0.9978759730921398},"point_estimate":0.9825656230368016,"standard_error":0.008826904837743687}}