{"mean":{"confidence_interval":{"confidence_level":0.95,"lower_bound":0.0024227232891304187,"upper_bound":0.0049194982293839},"point_estimate":0.003689648253036637,"standard_error":0.0006367791822319486},"median":{"confidence_interval":{"confidence_level":0.95,"lower_bound":0.0024410392694333982,"upper_bound":0.00517133882263332},"point_estimate":0.004036142369243434,"standard_error":0.0007116504827854006}}