{"mean":{"confidence_interval":{"confidence_level":0.95,"lower_bound":890306001.5,"upper_bound":900303324.2},"point_estimate":895508461.9,"standard_error":2564610.4142196733},"median":{"confidence_interval":{"confidence_level":0.95,"lower_bound":888892278.0,"upper_bound":903454456.0},"point_estimate":897265213.0,"standard_error":4138169.620792514},"median_abs_dev":{"confidence_interval":{"confidence_level":0.95,"lower_bound":1057639.3780231476,"upper_bound":14414417.381992936},"point_estimate":9588727.190566063,"standard_error":3587296.595923716},"slope":null,"std_dev":{"confidence_interval":{"confidence_level":0.95,"lower_bound":4752245.450265572,"upper_bound":10409232.241638597},"point_estimate":8557582.383049244,"standard_error":1436255.7434782216}}