{"mean":{"confidence_interval":{"confidence_level":0.95,"lower_bound":976106901.7,"upper_bound":1032193246.0925},"point_estimate":1007833191.5,"standard_error":14550899.802862154},"median":{"confidence_interval":{"confidence_level":0.95,"lower_bound":992933063.5,"upper_bound":1037349406.5},"point_estimate":1021870366.5,"standard_error":11698213.066281978},"median_abs_dev":{"confidence_interval":{"confidence_level":0.95,"lower_bound":6303104.771697521,"upper_bound":57886162.64681518},"point_estimate":27342372.61737585,"standard_error":13637739.602278098},"slope":null,"std_dev":{"confidence_interval":{"confidence_level":0.95,"lower_bound":15969912.303894237,"upper_bound":69632201.57698171},"point_estimate":48434871.986834995,"standard_error":16150857.314210804}}