{"mean":{"confidence_interval":{"confidence_level":0.95,"lower_bound":1154917615.8,"upper_bound":1156187625.7825},"point_estimate":1155528644.3,"standard_error":326449.84699413186},"median":{"confidence_interval":{"confidence_level":0.95,"lower_bound":1154821273.0,"upper_bound":1156529994.0},"point_estimate":1155210626.0,"standard_error":408018.0230714197},"median_abs_dev":{"confidence_interval":{"confidence_level":0.95,"lower_bound":111857.7202141285,"upper_bound":1962646.5713560581},"point_estimate":695971.7165440321,"standard_error":471848.75453495316},"slope":null,"std_dev":{"confidence_interval":{"confidence_level":0.95,"lower_bound":548245.4127751011,"upper_bound":1400447.460517709},"point_estimate":1089423.0966559066,"standard_error":215462.84510709572}}