{"mean":{"confidence_interval":{"confidence_level":0.95,"lower_bound":-0.048429178730729446,"upper_bound":-0.04090809220714239},"point_estimate":-0.044565618132258566,"standard_error":0.0019148209551160243},"median":{"confidence_interval":{"confidence_level":0.95,"lower_bound":-0.04822681206345791,"upper_bound":-0.03938867088079823},"point_estimate":-0.042230899844629244,"standard_error":0.0024266964759497947}}