{"mean":{"confidence_interval":{"confidence_level":0.95,"lower_bound":-0.010893073453802415,"upper_bound":-0.003732566010715746},"point_estimate":-0.006875592387743046,"standard_error":0.0018508394811729634},"median":{"confidence_interval":{"confidence_level":0.95,"lower_bound":-0.008975182990890174,"upper_bound":-0.0028552824754973782},"point_estimate":-0.0037660070296469117,"standard_error":0.0016250410771794128}}