{"mean":{"confidence_interval":{"confidence_level":0.95,"lower_bound":706992430.34,"upper_bound":782133896.5},"point_estimate":736750528.4,"standard_error":20476817.883753564},"median":{"confidence_interval":{"confidence_level":0.95,"lower_bound":705727425.5,"upper_bound":729706315.0},"point_estimate":725930396.5,"standard_error":7287610.9968154915},"median_abs_dev":{"confidence_interval":{"confidence_level":0.95,"lower_bound":630600.1772046089,"upper_bound":51362090.433740616},"point_estimate":7483289.191845059,"standard_error":14232255.623587519},"slope":null,"std_dev":{"confidence_interval":{"confidence_level":0.95,"lower_bound":6327514.835938544,"upper_bound":103833357.94565849},"point_estimate":68198005.61324106,"standard_error":30475698.199280962}}