{"mean":{"confidence_interval":{"confidence_level":0.95,"lower_bound":0.05142669210548526,"upper_bound":0.055786602378154755},"point_estimate":0.05355204372047906,"standard_error":0.0011032979448062764},"median":{"confidence_interval":{"confidence_level":0.95,"lower_bound":0.05007471182948797,"upper_bound":0.05617049506409866},"point_estimate":0.052014965273489366,"standard_error":0.0016344567905266397}}