{"mean":{"confidence_interval":{"confidence_level":0.95,"lower_bound":-0.08987538014410258,"upper_bound":0.023122158863487584},"point_estimate":-0.0324951022141835,"standard_error":0.028942851094341106},"median":{"confidence_interval":{"confidence_level":0.95,"lower_bound":-0.11449186681823598,"upper_bound":0.046045016873335065},"point_estimate":0.01650625397434924,"standard_error":0.04317073803492403}}