{"mean":{"confidence_interval":{"confidence_level":0.95,"lower_bound":373813595.13125,"upper_bound":374649109.69874996},"point_estimate":374198824.85,"standard_error":214587.89386057341},"median":{"confidence_interval":{"confidence_level":0.95,"lower_bound":373664768.5,"upper_bound":374735795.0},"point_estimate":373882774.0,"standard_error":290149.1397215479},"median_abs_dev":{"confidence_interval":{"confidence_level":0.95,"lower_bound":69082.48707354069,"upper_bound":1126413.1136521697},"point_estimate":380255.7586491108,"standard_error":282042.34215165675},"slope":null,"std_dev":{"confidence_interval":{"confidence_level":0.95,"lower_bound":221420.83554305218,"upper_bound":873879.6644887353},"point_estimate":715177.9757204592,"standard_error":154033.42401483745}}