{"mean":{"confidence_interval":{"confidence_level":0.95,"lower_bound":426931455.2,"upper_bound":431031862.21750003},"point_estimate":429005450.0,"standard_error":1042902.9900900006},"median":{"confidence_interval":{"confidence_level":0.95,"lower_bound":426396762.5,"upper_bound":431041460.75},"point_estimate":429280795.5,"standard_error":1002806.5346782021},"median_abs_dev":{"confidence_interval":{"confidence_level":0.95,"lower_bound":536531.8034246564,"upper_bound":6148323.187695444},"point_estimate":2346608.459289372,"standard_error":1520431.9985002836},"slope":null,"std_dev":{"confidence_interval":{"confidence_level":0.95,"lower_bound":1634273.6827193433,"upper_bound":4582629.363462226},"point_estimate":3480943.5643620715,"standard_error":740960.0057819478}}