{"mean":{"confidence_interval":{"confidence_level":0.95,"lower_bound":0.031613915177437404,"upper_bound":0.05877378206914155},"point_estimate":0.04615875436579042,"standard_error":0.006945523392508613},"median":{"confidence_interval":{"confidence_level":0.95,"lower_bound":0.038249546525896516,"upper_bound":0.06019002208584334},"point_estimate":0.052208743684151404,"standard_error":0.006132249789696533}}