{"mean":{"confidence_interval":{"confidence_level":0.95,"lower_bound":0.052312652369674834,"upper_bound":0.06273657844497633},"point_estimate":0.05744245109597679,"standard_error":0.0026614976374242424},"median":{"confidence_interval":{"confidence_level":0.95,"lower_bound":0.05186804485599117,"upper_bound":0.06607114418400184},"point_estimate":0.05637976291796942,"standard_error":0.0032735469565122323}}