{"mean":{"confidence_interval":{"confidence_level":0.95,"lower_bound":902559234.5,"upper_bound":1036112416.7649999},"point_estimate":969080375.1,"standard_error":34228886.92055638},"median":{"confidence_interval":{"confidence_level":0.95,"lower_bound":871398661.0,"upper_bound":1067701109.0},"point_estimate":965334391.5,"standard_error":63680333.66317924},"median_abs_dev":{"confidence_interval":{"confidence_level":0.95,"lower_bound":22249557.940891385,"upper_bound":175366271.86982632},"point_estimate":145519002.11892128,"standard_error":42756596.54072559},"slope":null,"std_dev":{"confidence_interval":{"confidence_level":0.95,"lower_bound":74030009.85370123,"upper_bound":135288523.0318396},"point_estimate":113838145.63011137,"standard_error":15676336.968532471}}