{"mean":{"confidence_interval":{"confidence_level":0.95,"lower_bound":-0.08191094003700071,"upper_bound":-0.057119934145472645},"point_estimate":-0.06855649677564302,"standard_error":0.006358230193719084},"median":{"confidence_interval":{"confidence_level":0.95,"lower_bound":-0.08482757331703927,"upper_bound":-0.05306695297106967},"point_estimate":-0.06239758500177439,"standard_error":0.0069784781494706604}}