{"mean":{"confidence_interval":{"confidence_level":0.95,"lower_bound":-0.029227419775282162,"upper_bound":-0.016289549875822148},"point_estimate":-0.023084236654843937,"standard_error":0.003338400707011917},"median":{"confidence_interval":{"confidence_level":0.95,"lower_bound":-0.03153833222430713,"upper_bound":-0.010638939586891327},"point_estimate":-0.025166139347603145,"standard_error":0.004917530565214983}}