{"mean":{"confidence_interval":{"confidence_level":0.95,"lower_bound":0.04570460542241376,"upper_bound":0.05726883530775021},"point_estimate":0.05210149583709933,"standard_error":0.0029661248427058124},"median":{"confidence_interval":{"confidence_level":0.95,"lower_bound":0.04797827976810676,"upper_bound":0.05908077595268879},"point_estimate":0.053768241997624866,"standard_error":0.0025259809326061053}}