{"mean":{"confidence_interval":{"confidence_level":0.95,"lower_bound":-0.02387880972680859,"upper_bound":-0.01925700239764463},"point_estimate":-0.02133344410020488,"standard_error":0.0011806950402925877},"median":{"confidence_interval":{"confidence_level":0.95,"lower_bound":-0.023860692865137367,"upper_bound":-0.01788625205745853},"point_estimate":-0.020136638303038246,"standard_error":0.001462194784820629}}