{"mean":{"confidence_interval":{"confidence_level":0.95,"lower_bound":0.014728155450923291,"upper_bound":0.024406957913955987},"point_estimate":0.01972827790603282,"standard_error":0.002476174529080088},"median":{"confidence_interval":{"confidence_level":0.95,"lower_bound":0.011692646777935245,"upper_bound":0.0250814263293746},"point_estimate":0.02081452975016651,"standard_error":0.0033525291525907707}}