{"mean":{"confidence_interval":{"confidence_level":0.95,"lower_bound":-0.028306973072428413,"upper_bound":-0.011700401056382146},"point_estimate":-0.020328237033974572,"standard_error":0.004252902693820761},"median":{"confidence_interval":{"confidence_level":0.95,"lower_bound":-0.03341398013493768,"upper_bound":-0.011502045285415097},"point_estimate":-0.021994203215553454,"standard_error":0.007085883045979238}}