{"mean":{"confidence_interval":{"confidence_level":0.95,"lower_bound":-0.025588212509479305,"upper_bound":-0.01563716294396338},"point_estimate":-0.020465881727382507,"standard_error":0.0025251114594423613},"median":{"confidence_interval":{"confidence_level":0.95,"lower_bound":-0.02450549162685678,"upper_bound":-0.01608659089222686},"point_estimate":-0.02178481424997636,"standard_error":0.00206943717063375}}