{"mean":{"confidence_interval":{"confidence_level":0.95,"lower_bound":1153516004.4,"upper_bound":1166557269.19},"point_estimate":1159196237.2,"standard_error":3400085.0618653754},"median":{"confidence_interval":{"confidence_level":0.95,"lower_bound":1151626054.0,"upper_bound":1164802041.0},"point_estimate":1155760175.5,"standard_error":2894585.006462089},"median_abs_dev":{"confidence_interval":{"confidence_level":0.95,"lower_bound":696334.9535375834,"upper_bound":13168109.003019333},"point_estimate":5457984.23910141,"standard_error":3225976.777420361},"slope":null,"std_dev":{"confidence_interval":{"confidence_level":0.95,"lower_bound":2500590.4877131004,"upper_bound":15651564.319515115},"point_estimate":11312674.602377007,"standard_error":3640548.358293234}}