{"mean":{"confidence_interval":{"confidence_level":0.95,"lower_bound":773165041.4,"upper_bound":774635587.9375},"point_estimate":773895048.6,"standard_error":374200.7653146421},"median":{"confidence_interval":{"confidence_level":0.95,"lower_bound":772937258.0,"upper_bound":774604780.5},"point_estimate":773975964.0,"standard_error":406984.1061236936},"median_abs_dev":{"confidence_interval":{"confidence_level":0.95,"lower_bound":110840.65663218498,"upper_bound":2294950.5990564823},"point_estimate":1102660.0088238716,"standard_error":535420.4597142785},"slope":null,"std_dev":{"confidence_interval":{"confidence_level":0.95,"lower_bound":650504.7117876705,"upper_bound":1629929.590487778},"point_estimate":1245320.7043628204,"standard_error":254407.466246403}}