{"mean":{"confidence_interval":{"confidence_level":0.95,"lower_bound":1242318261.6,"upper_bound":1248905855.9150002},"point_estimate":1244957613.0,"standard_error":1767133.2899067313},"median":{"confidence_interval":{"confidence_level":0.95,"lower_bound":1241950563.0,"upper_bound":1245014880.0},"point_estimate":1244155981.0,"standard_error":1045490.3642159958},"median_abs_dev":{"confidence_interval":{"confidence_level":0.95,"lower_bound":309560.94410419464,"upper_bound":4364065.639722347},"point_estimate":2115984.473633766,"standard_error":1192542.6553423796},"slope":null,"std_dev":{"confidence_interval":{"confidence_level":0.95,"lower_bound":1229196.2727098458,"upper_bound":8864120.429536149},"point_estimate":5865668.583612954,"standard_error":2496171.113134869}}