{"mean":{"confidence_interval":{"confidence_level":0.95,"lower_bound":1379722739.015,"upper_bound":1384376461.9524999},"point_estimate":1381929684.2,"standard_error":1191668.8007864337},"median":{"confidence_interval":{"confidence_level":0.95,"lower_bound":1379407191.0,"upper_bound":1384338036.0},"point_estimate":1381365004.5,"standard_error":1019966.5817503133},"median_abs_dev":{"confidence_interval":{"confidence_level":0.95,"lower_bound":309810.02089977264,"upper_bound":6373482.105990255},"point_estimate":2786105.5770367384,"standard_error":1800546.9745653642},"slope":null,"std_dev":{"confidence_interval":{"confidence_level":0.95,"lower_bound":1689218.2207170737,"upper_bound":5409264.638689614},"point_estimate":3950338.2479249323,"standard_error":984036.3352558452}}