{"mean":{"confidence_interval":{"confidence_level":0.95,"lower_bound":-0.001510004292431472,"upper_bound":0.004437626995378873},"point_estimate":0.0016090489325906177,"standard_error":0.001522150365687785},"median":{"confidence_interval":{"confidence_level":0.95,"lower_bound":-0.0011149978601152633,"upper_bound":0.004815017408073663},"point_estimate":0.002170437811076731,"standard_error":0.0014264505842899323}}