{"mean":{"confidence_interval":{"confidence_level":0.95,"lower_bound":488864821.75,"upper_bound":492885826.65},"point_estimate":490822243.45,"standard_error":1028844.7215389214},"median":{"confidence_interval":{"confidence_level":0.95,"lower_bound":488025914.0,"upper_bound":493562346.25},"point_estimate":490323198.5,"standard_error":1815607.8452490799},"median_abs_dev":{"confidence_interval":{"confidence_level":0.95,"lower_bound":311254.443924129,"upper_bound":6218573.963548243},"point_estimate":3499614.9686694145,"standard_error":1564666.8037266012},"slope":null,"std_dev":{"confidence_interval":{"confidence_level":0.95,"lower_bound":2082441.8917994893,"upper_bound":4233078.823773621},"point_estimate":3423910.358816627,"standard_error":570126.0579478083}}