{"mean":{"confidence_interval":{"confidence_level":0.95,"lower_bound":717862470.6,"upper_bound":725510914.3},"point_estimate":721653709.8,"standard_error":1957705.4506383862},"median":{"confidence_interval":{"confidence_level":0.95,"lower_bound":716524534.0,"upper_bound":726846424.0},"point_estimate":721459309.0,"standard_error":2432626.8418071736},"median_abs_dev":{"confidence_interval":{"confidence_level":0.95,"lower_bound":1521291.385191679,"upper_bound":10954565.744617581},"point_estimate":7215866.704192758,"standard_error":2512035.9346909365},"slope":null,"std_dev":{"confidence_interval":{"confidence_level":0.95,"lower_bound":3629222.8305152007,"upper_bound":8312805.516319414},"point_estimate":6529169.084663833,"standard_error":1212157.6252548976}}