{"mean":{"confidence_interval":{"confidence_level":0.95,"lower_bound":-0.04811367794277866,"upper_bound":-0.04220937327446676},"point_estimate":-0.045404279168337336,"standard_error":0.0015095348039214545},"median":{"confidence_interval":{"confidence_level":0.95,"lower_bound":-0.04826560034093963,"upper_bound":-0.043460935414623814},"point_estimate":-0.04606823018851702,"standard_error":0.001216916673411415}}