{"mean":{"confidence_interval":{"confidence_level":0.95,"lower_bound":0.4340247097052034,"upper_bound":0.6024833691390618},"point_estimate":0.5227541093061381,"standard_error":0.04294974741051959},"median":{"confidence_interval":{"confidence_level":0.95,"lower_bound":0.39494578892261156,"upper_bound":0.6549630395662256},"point_estimate":0.5187594863404672,"standard_error":0.08164155973326966}}