{"mean":{"confidence_interval":{"confidence_level":0.95,"lower_bound":0.022411960067036035,"upper_bound":0.03153528779352535},"point_estimate":0.027074665936345443,"standard_error":0.002325552854759098},"median":{"confidence_interval":{"confidence_level":0.95,"lower_bound":0.02248987252677903,"upper_bound":0.03433671261101412},"point_estimate":0.027190837215545605,"standard_error":0.002859055038302717}}