{"mean":{"confidence_interval":{"confidence_level":0.95,"lower_bound":-0.02372148195964653,"upper_bound":-0.0033797950832884444},"point_estimate":-0.013868116541804976,"standard_error":0.005202285325087402},"median":{"confidence_interval":{"confidence_level":0.95,"lower_bound":-0.029668023780492936,"upper_bound":0.0009672335594865838},"point_estimate":-0.011646696869900608,"standard_error":0.007992097420777907}}