{"mean":{"confidence_interval":{"confidence_level":0.95,"lower_bound":897485500.5,"upper_bound":905320541.1524999},"point_estimate":901303930.2,"standard_error":1906162.6683372573},"median":{"confidence_interval":{"confidence_level":0.95,"lower_bound":900211022.5,"upper_bound":902445096.0},"point_estimate":900665450.5,"standard_error":650122.3907806786},"median_abs_dev":{"confidence_interval":{"confidence_level":0.95,"lower_bound":75668.19615662098,"upper_bound":9697925.867727399},"point_estimate":1252724.3303596973,"standard_error":2040734.69532961},"slope":null,"std_dev":{"confidence_interval":{"confidence_level":0.95,"lower_bound":754020.5310690781,"upper_bound":9208018.404814638},"point_estimate":6372069.207327149,"standard_error":2194372.221730705}}