{"mean":{"confidence_interval":{"confidence_level":0.95,"lower_bound":343471466.65,"upper_bound":346216513.52125},"point_estimate":344826784.95,"standard_error":701071.7361596376},"median":{"confidence_interval":{"confidence_level":0.95,"lower_bound":343057572.5,"upper_bound":347154137.0},"point_estimate":344359024.25,"standard_error":1179153.0479699117},"median_abs_dev":{"confidence_interval":{"confidence_level":0.95,"lower_bound":259731.5002888441,"upper_bound":3860218.8646674156},"point_estimate":2296565.5210778117,"standard_error":940591.064710073},"slope":null,"std_dev":{"confidence_interval":{"confidence_level":0.95,"lower_bound":1430416.6110149245,"upper_bound":2843661.5843160697},"point_estimate":2339279.1448238143,"standard_error":359811.6279732237}}