{"mean":{"confidence_interval":{"confidence_level":0.95,"lower_bound":230492695.16666666,"upper_bound":232523670.76666665},"point_estimate":231435842.3,"standard_error":520872.6743673433},"median":{"confidence_interval":{"confidence_level":0.95,"lower_bound":230179973.0,"upper_bound":232666472.6666667},"point_estimate":231136163.5,"standard_error":502565.88184222527},"median_abs_dev":{"confidence_interval":{"confidence_level":0.95,"lower_bound":110939.24953043461,"upper_bound":2845925.026574716},"point_estimate":1233679.839497812,"standard_error":694945.3477164182},"slope":null,"std_dev":{"confidence_interval":{"confidence_level":0.95,"lower_bound":675464.0876347163,"upper_bound":2223968.2171871904},"point_estimate":1737218.1845625676,"standard_error":396154.8679975381}}