{"mean":{"confidence_interval":{"confidence_level":0.95,"lower_bound":4008447.9050518894,"upper_bound":4020247.887215321},"point_estimate":4014136.6092805387,"standard_error":3033.6479957469905},"median":{"confidence_interval":{"confidence_level":0.95,"lower_bound":4004436.652173913,"upper_bound":4025810.362318841},"point_estimate":4012735.813043478,"standard_error":5080.906189789836},"median_abs_dev":{"confidence_interval":{"confidence_level":0.95,"lower_bound":588.9639138919226,"upper_bound":15020.1500402959},"point_estimate":12311.336137081924,"standard_error":4467.8035511123635},"slope":{"confidence_interval":{"confidence_level":0.95,"lower_bound":4007844.3721477096,"upper_bound":4021003.018455626},"point_estimate":4013481.5743647655,"standard_error":3368.0693199673283},"std_dev":{"confidence_interval":{"confidence_level":0.95,"lower_bound":4778.216981227041,"upper_bound":11808.240858430885},"point_estimate":10113.947669901072,"standard_error":1560.9946662161403}}