{"mean":{"confidence_interval":{"confidence_level":0.95,"lower_bound":-0.008477977878678883,"upper_bound":0.00903593913742534},"point_estimate":-0.0008745419508709995,"standard_error":0.0046481341519885415},"median":{"confidence_interval":{"confidence_level":0.95,"lower_bound":-0.010897012218325619,"upper_bound":0.0014503973222130817},"point_estimate":-0.004916685910586027,"standard_error":0.0031180543548299743}}