{"mean":{"confidence_interval":{"confidence_level":0.95,"lower_bound":428334473.7025,"upper_bound":430774809.95},"point_estimate":429610323.95,"standard_error":624174.6875587001},"median":{"confidence_interval":{"confidence_level":0.95,"lower_bound":428206080.25,"upper_bound":431321018.0},"point_estimate":429584901.0,"standard_error":743404.4796348185},"median_abs_dev":{"confidence_interval":{"confidence_level":0.95,"lower_bound":271894.0091729164,"upper_bound":3497331.7647099495},"point_estimate":2043217.7256256342,"standard_error":839833.7549658181},"slope":null,"std_dev":{"confidence_interval":{"confidence_level":0.95,"lower_bound":1047052.6713401413,"upper_bound":2704804.8026909735},"point_estimate":2077346.1405823433,"standard_error":435380.99622865533}}