{"mean":{"confidence_interval":{"confidence_level":0.95,"lower_bound":996927958.31,"upper_bound":1009190061.7},"point_estimate":1001892598.3,"standard_error":3287754.386731041},"median":{"confidence_interval":{"confidence_level":0.95,"lower_bound":996577691.0,"upper_bound":1002894646.0},"point_estimate":998815271.5,"standard_error":2004689.8840888867},"median_abs_dev":{"confidence_interval":{"confidence_level":0.95,"lower_bound":943486.5930497646,"upper_bound":9032465.317341685},"point_estimate":4500697.605496645,"standard_error":2189395.498344402},"slope":null,"std_dev":{"confidence_interval":{"confidence_level":0.95,"lower_bound":2420972.559776802,"upper_bound":16483026.268145164},"point_estimate":10913050.276943665,"standard_error":4565558.636037603}}