{"mean":{"confidence_interval":{"confidence_level":0.95,"lower_bound":355595123.50875,"upper_bound":356066143.9},"point_estimate":355825700.6,"standard_error":120550.43657409384},"median":{"confidence_interval":{"confidence_level":0.95,"lower_bound":355494286.0,"upper_bound":356127504.5},"point_estimate":355802324.75,"standard_error":164398.3224295137},"median_abs_dev":{"confidence_interval":{"confidence_level":0.95,"lower_bound":145569.44906562567,"upper_bound":688651.3791739941},"point_estimate":418265.9154742956,"standard_error":140972.77152666354},"slope":null,"std_dev":{"confidence_interval":{"confidence_level":0.95,"lower_bound":229688.6260462738,"upper_bound":509253.66727200605},"point_estimate":403533.05279850104,"standard_error":71952.11806866551}}