{"mean":{"confidence_interval":{"confidence_level":0.95,"lower_bound":-0.03385789299072452,"upper_bound":-0.02526442296025166},"point_estimate":-0.02907216677218072,"standard_error":0.002223793341662894},"median":{"confidence_interval":{"confidence_level":0.95,"lower_bound":-0.03201853702071722,"upper_bound":-0.024946566147689753},"point_estimate":-0.02843321854176284,"standard_error":0.0017045274995170301}}