{"mean":{"confidence_interval":{"confidence_level":0.95,"lower_bound":389908632.4325,"upper_bound":392497961.55},"point_estimate":391087876.15,"standard_error":663864.8653928156},"median":{"confidence_interval":{"confidence_level":0.95,"lower_bound":389480732.25,"upper_bound":392033910.0},"point_estimate":390885807.0,"standard_error":562948.3549360022},"median_abs_dev":{"confidence_interval":{"confidence_level":0.95,"lower_bound":267166.3685068488,"upper_bound":3147814.01001513},"point_estimate":1405251.2504518032,"standard_error":763956.3958194399},"slope":null,"std_dev":{"confidence_interval":{"confidence_level":0.95,"lower_bound":866875.6057182678,"upper_bound":3106112.1652226564},"point_estimate":2218234.6072810176,"standard_error":629121.2273913187}}