{"mean":{"confidence_interval":{"confidence_level":0.95,"lower_bound":681781160.94,"upper_bound":685051775.9449999},"point_estimate":683405862.7,"standard_error":836381.7218547325},"median":{"confidence_interval":{"confidence_level":0.95,"lower_bound":681922682.0,"upper_bound":685696516.0},"point_estimate":682997260.0,"standard_error":895609.6945103449},"median_abs_dev":{"confidence_interval":{"confidence_level":0.95,"lower_bound":464123.4739601612,"upper_bound":5022868.574926257},"point_estimate":1793520.4619586468,"standard_error":1172679.2359410455},"slope":null,"std_dev":{"confidence_interval":{"confidence_level":0.95,"lower_bound":1288973.9299684868,"upper_bound":3744106.379597722},"point_estimate":2797265.099691961,"standard_error":631230.1746731369}}