{"mean":{"confidence_interval":{"confidence_level":0.95,"lower_bound":0.010456664003937794,"upper_bound":0.021424384668897217},"point_estimate":0.01586556945724693,"standard_error":0.0027753174481654356},"median":{"confidence_interval":{"confidence_level":0.95,"lower_bound":0.01084575547166966,"upper_bound":0.02255511958185208},"point_estimate":0.014662144109513386,"standard_error":0.0024765784333047654}}