{"mean":{"confidence_interval":{"confidence_level":0.95,"lower_bound":-0.007031067117483536,"upper_bound":-0.001850423795086312},"point_estimate":-0.0044729680676233174,"standard_error":0.0013283055846307192},"median":{"confidence_interval":{"confidence_level":0.95,"lower_bound":-0.008853864912632625,"upper_bound":-0.0002444430304492373},"point_estimate":-0.005032415322111072,"standard_error":0.002248138120558431}}