{"mean":{"confidence_interval":{"confidence_level":0.95,"lower_bound":403674210.2,"upper_bound":404064120.435},"point_estimate":403871361.35,"standard_error":99615.1797686116},"median":{"confidence_interval":{"confidence_level":0.95,"lower_bound":403580836.75,"upper_bound":404154214.25},"point_estimate":403931890.5,"standard_error":144572.23014693728},"median_abs_dev":{"confidence_interval":{"confidence_level":0.95,"lower_bound":72021.37087136507,"upper_bound":560860.5276927352},"point_estimate":411857.0064380765,"standard_error":132113.9307020512},"slope":null,"std_dev":{"confidence_interval":{"confidence_level":0.95,"lower_bound":195535.4396129311,"upper_bound":410246.4306462338},"point_estimate":331737.3043771105,"standard_error":54767.642944718}}