{"mean":{"confidence_interval":{"confidence_level":0.95,"lower_bound":0.020263135182746368,"upper_bound":0.024915873801665673},"point_estimate":0.02275396694658438,"standard_error":0.0011915145604792336},"median":{"confidence_interval":{"confidence_level":0.95,"lower_bound":0.021062179117433244,"upper_bound":0.02602960594844861},"point_estimate":0.023566018871520544,"standard_error":0.001316801178513276}}