{"mean":{"confidence_interval":{"confidence_level":0.95,"lower_bound":77472134.12482144,"upper_bound":78581303.51712301},"point_estimate":77916942.65442461,"standard_error":299887.0362011318},"median":{"confidence_interval":{"confidence_level":0.95,"lower_bound":77402021.69642857,"upper_bound":78054822.94444445},"point_estimate":77505143.76875,"standard_error":216161.01562395904},"median_abs_dev":{"confidence_interval":{"confidence_level":0.95,"lower_bound":28363.050883950455,"upper_bound":845076.5479143903},"point_estimate":309960.79734583665,"standard_error":228567.07145712807},"slope":{"confidence_interval":{"confidence_level":0.95,"lower_bound":77516312.67333019,"upper_bound":78772903.63396046},"point_estimate":78065520.0987013,"standard_error":308290.80643645773},"std_dev":{"confidence_interval":{"confidence_level":0.95,"lower_bound":222122.8129728607,"upper_bound":1505621.0919641245},"point_estimate":999143.283412816,"standard_error":419097.376459411}}