{"mean":{"confidence_interval":{"confidence_level":0.95,"lower_bound":-0.028943558668985507,"upper_bound":-0.010630541137373814},"point_estimate":-0.020683418528197772,"standard_error":0.004584110912404557},"median":{"confidence_interval":{"confidence_level":0.95,"lower_bound":-0.027630327272347155,"upper_bound":-0.0090654173300041},"point_estimate":-0.02470672810179908,"standard_error":0.004031514968913497}}