{"mean":{"confidence_interval":{"confidence_level":0.95,"lower_bound":365660184.0,"upper_bound":404119737.78},"point_estimate":383857817.7,"standard_error":9848311.552626679},"median":{"confidence_interval":{"confidence_level":0.95,"lower_bound":357560358.25,"upper_bound":406397660.0},"point_estimate":378093479.0,"standard_error":12586739.33558093},"median_abs_dev":{"confidence_interval":{"confidence_level":0.95,"lower_bound":5910332.904070616,"upper_bound":55911454.01272327},"point_estimate":32523820.826786757,"standard_error":11933768.121394565},"slope":null,"std_dev":{"confidence_interval":{"confidence_level":0.95,"lower_bound":16916352.547233336,"upper_bound":42825364.26514403},"point_estimate":32774735.97931353,"standard_error":6905508.1342627425}}