{"mean":{"confidence_interval":{"confidence_level":0.95,"lower_bound":-0.02733573689768227,"upper_bound":-0.0150088945781094},"point_estimate":-0.0210056144975288,"standard_error":0.003137810486378982},"median":{"confidence_interval":{"confidence_level":0.95,"lower_bound":-0.028072706062171382,"upper_bound":-0.016348597869080717},"point_estimate":-0.019394592715084258,"standard_error":0.0028154758276607832}}