{"mean":{"confidence_interval":{"confidence_level":0.95,"lower_bound":-0.029287086113530862,"upper_bound":-0.013632629720522163},"point_estimate":-0.02199482786364715,"standard_error":0.0038939629067908763},"median":{"confidence_interval":{"confidence_level":0.95,"lower_bound":-0.030487111313085347,"upper_bound":-0.01089334519982288},"point_estimate":-0.022273953871064678,"standard_error":0.004862349669551997}}