{"mean":{"confidence_interval":{"confidence_level":0.95,"lower_bound":-0.0364231460205921,"upper_bound":-0.026950457225347092},"point_estimate":-0.03142448580982515,"standard_error":0.0024223029924322153},"median":{"confidence_interval":{"confidence_level":0.95,"lower_bound":-0.03754770019150544,"upper_bound":-0.02342351220902239},"point_estimate":-0.02862505719478592,"standard_error":0.003872084164259673}}