{"mean":{"confidence_interval":{"confidence_level":0.95,"lower_bound":1298598647.8975,"upper_bound":1301409578.89},"point_estimate":1299947707.4,"standard_error":716651.4332785477},"median":{"confidence_interval":{"confidence_level":0.95,"lower_bound":1299084002.0,"upper_bound":1301233781.0},"point_estimate":1299741864.0,"standard_error":433139.4982572437},"median_abs_dev":{"confidence_interval":{"confidence_level":0.95,"lower_bound":82118.98864209652,"upper_bound":4120298.775950074},"point_estimate":596599.7120082378,"standard_error":1071440.937297559},"slope":null,"std_dev":{"confidence_interval":{"confidence_level":0.95,"lower_bound":567091.5123983371,"upper_bound":3303130.5795245566},"point_estimate":2384903.3114776234,"standard_error":633635.1717516537}}