{"mean":{"confidence_interval":{"confidence_level":0.95,"lower_bound":851616742.2,"upper_bound":862552544.275},"point_estimate":857017839.0,"standard_error":2794236.377298401},"median":{"confidence_interval":{"confidence_level":0.95,"lower_bound":849493653.5,"upper_bound":864191159.0},"point_estimate":856869166.5,"standard_error":3999204.0035822154},"median_abs_dev":{"confidence_interval":{"confidence_level":0.95,"lower_bound":1902848.1253176928,"upper_bound":15907802.158529941},"point_estimate":9478889.512816072,"standard_error":3368675.4978571883},"slope":null,"std_dev":{"confidence_interval":{"confidence_level":0.95,"lower_bound":5279846.81712758,"upper_bound":11773064.450028813},"point_estimate":9299707.457049508,"standard_error":1665211.8557586763}}