{"mean":{"confidence_interval":{"confidence_level":0.95,"lower_bound":546263740.9,"upper_bound":551114295.53},"point_estimate":548564332.7,"standard_error":1245816.3076243827},"median":{"confidence_interval":{"confidence_level":0.95,"lower_bound":544770126.0,"upper_bound":551813376.5},"point_estimate":547560399.0,"standard_error":1797084.2243740968},"median_abs_dev":{"confidence_interval":{"confidence_level":0.95,"lower_bound":413640.94485640526,"upper_bound":6909353.244334459},"point_estimate":4343679.14878428,"standard_error":1667573.5142918818},"slope":null,"std_dev":{"confidence_interval":{"confidence_level":0.95,"lower_bound":2066180.6326593792,"upper_bound":5143016.125268415},"point_estimate":4148053.5270212125,"standard_error":785578.4097547581}}