{"mean":{"confidence_interval":{"confidence_level":0.95,"lower_bound":-0.038052134608512006,"upper_bound":-0.023632837466069104},"point_estimate":-0.030107680467991838,"standard_error":0.003724502671585834},"median":{"confidence_interval":{"confidence_level":0.95,"lower_bound":-0.03397173132516784,"upper_bound":-0.020975421479614398},"point_estimate":-0.02791690370559885,"standard_error":0.004098663142046798}}