{"mean":{"confidence_interval":{"confidence_level":0.95,"lower_bound":0.004202819857586854,"upper_bound":0.04928476520346211},"point_estimate":0.02072641878993209,"standard_error":0.01327731575158392},"median":{"confidence_interval":{"confidence_level":0.95,"lower_bound":0.00488717587273757,"upper_bound":0.013513103300756724},"point_estimate":0.008811597218223222,"standard_error":0.001813778432413499}}