{"mean":{"confidence_interval":{"confidence_level":0.95,"lower_bound":1237787010.6775,"upper_bound":1239567770.6},"point_estimate":1238678448.7,"standard_error":454550.4924903723},"median":{"confidence_interval":{"confidence_level":0.95,"lower_bound":1237590002.0,"upper_bound":1239794872.0},"point_estimate":1238648727.5,"standard_error":457181.7009153844},"median_abs_dev":{"confidence_interval":{"confidence_level":0.95,"lower_bound":230731.8448036909,"upper_bound":2539171.138420701},"point_estimate":1149813.3596867323,"standard_error":660891.7919762172},"slope":null,"std_dev":{"confidence_interval":{"confidence_level":0.95,"lower_bound":712325.9843124963,"upper_bound":1999212.121549497},"point_estimate":1513700.4891128414,"standard_error":325331.3845835801}}