{"mean":{"confidence_interval":{"confidence_level":0.95,"lower_bound":0.03219189903684,"upper_bound":0.038270505889693725},"point_estimate":0.03517107168211364,"standard_error":0.001553071970422689},"median":{"confidence_interval":{"confidence_level":0.95,"lower_bound":0.031410844327843135,"upper_bound":0.03891016725450913},"point_estimate":0.0350346276936393,"standard_error":0.0018676713581092296}}