{"mean":{"confidence_interval":{"confidence_level":0.95,"lower_bound":563546738.2724999,"upper_bound":564962660.6},"point_estimate":564251344.2,"standard_error":362151.35453258053},"median":{"confidence_interval":{"confidence_level":0.95,"lower_bound":563417721.0,"upper_bound":565132491.0},"point_estimate":564354915.5,"standard_error":431500.2052031796},"median_abs_dev":{"confidence_interval":{"confidence_level":0.95,"lower_bound":117736.2291097641,"upper_bound":2117215.7729119062},"point_estimate":997009.1933995485,"standard_error":487753.1788035521},"slope":null,"std_dev":{"confidence_interval":{"confidence_level":0.95,"lower_bound":651777.372198866,"upper_bound":1562564.893923321},"point_estimate":1208711.6170953638,"standard_error":233052.94648536443}}