{"mean":{"confidence_interval":{"confidence_level":0.95,"lower_bound":-0.03993821250969278,"upper_bound":0.0005129181043083124},"point_estimate":-0.02365413143731232,"standard_error":0.01053492370440482},"median":{"confidence_interval":{"confidence_level":0.95,"lower_bound":-0.033904338281802504,"upper_bound":-0.024271180763039468},"point_estimate":-0.0308088430723773,"standard_error":0.0027197007260700468}}