{"mean":{"confidence_interval":{"confidence_level":0.95,"lower_bound":-0.0329686488038591,"upper_bound":-0.018237055789277187},"point_estimate":-0.025782193387877905,"standard_error":0.0037592937121311825},"median":{"confidence_interval":{"confidence_level":0.95,"lower_bound":-0.03633500036248427,"upper_bound":-0.013925786677406404},"point_estimate":-0.02622550202292251,"standard_error":0.0057246789048530375}}