{"mean":{"confidence_interval":{"confidence_level":0.95,"lower_bound":-0.0069315022299345965,"upper_bound":-0.0013889695274211756},"point_estimate":-0.004295481292630354,"standard_error":0.0014374324260647512},"median":{"confidence_interval":{"confidence_level":0.95,"lower_bound":-0.008253910219924276,"upper_bound":-0.0026052343994354965},"point_estimate":-0.004188375228318608,"standard_error":0.0014773869370489755}}