{"mean":{"confidence_interval":{"confidence_level":0.95,"lower_bound":0.019400423212208806,"upper_bound":0.025105584908064398},"point_estimate":0.022307584375073075,"standard_error":0.0014548246371570215},"median":{"confidence_interval":{"confidence_level":0.95,"lower_bound":0.019051495912559835,"upper_bound":0.02417775102939923},"point_estimate":0.022675537122434086,"standard_error":0.001344951502324594}}