{"mean":{"confidence_interval":{"confidence_level":0.95,"lower_bound":408299095.77375,"upper_bound":411262136.65},"point_estimate":409938302.9,"standard_error":759473.985196489},"median":{"confidence_interval":{"confidence_level":0.95,"lower_bound":408007849.0,"upper_bound":411479426.0},"point_estimate":410912551.25,"standard_error":789459.6788567601},"median_abs_dev":{"confidence_interval":{"confidence_level":0.95,"lower_bound":144321.0998877883,"upper_bound":3448311.449830234},"point_estimate":883138.8437211514,"standard_error":788450.1053193995},"slope":null,"std_dev":{"confidence_interval":{"confidence_level":0.95,"lower_bound":633478.051712424,"upper_bound":3179473.628031492},"point_estimate":2530611.8369572186,"standard_error":667536.9022859826}}