{"mean":{"confidence_interval":{"confidence_level":0.95,"lower_bound":1460130897.5125,"upper_bound":1466809528.6},"point_estimate":1463573360.4,"standard_error":1714268.7155263019},"median":{"confidence_interval":{"confidence_level":0.95,"lower_bound":1458707125.5,"upper_bound":1468547463.0},"point_estimate":1465409669.0,"standard_error":2986695.989100348},"median_abs_dev":{"confidence_interval":{"confidence_level":0.95,"lower_bound":464795.83304822445,"upper_bound":9461615.740522742},"point_estimate":6689618.584835529,"standard_error":2274065.448640278},"slope":null,"std_dev":{"confidence_interval":{"confidence_level":0.95,"lower_bound":3389640.843855447,"upper_bound":6953523.777506372},"point_estimate":5725744.197274489,"standard_error":916506.8940085932}}