{"mean":{"confidence_interval":{"confidence_level":0.95,"lower_bound":-0.037902431461556335,"upper_bound":-0.028790945181530025},"point_estimate":-0.03363843397073596,"standard_error":0.0023170107680071275},"median":{"confidence_interval":{"confidence_level":0.95,"lower_bound":-0.03953871050571833,"upper_bound":-0.02922978974957724},"point_estimate":-0.033554786961343286,"standard_error":0.002310805133287028}}