{"mean":{"confidence_interval":{"confidence_level":0.95,"lower_bound":-0.022377892177752448,"upper_bound":-0.017941181268371877},"point_estimate":-0.02005442668963242,"standard_error":0.0011329537341767603},"median":{"confidence_interval":{"confidence_level":0.95,"lower_bound":-0.023141731638655516,"upper_bound":-0.016905096405189335},"point_estimate":-0.019812720958004237,"standard_error":0.001629489877838554}}