{"mean":{"confidence_interval":{"confidence_level":0.95,"lower_bound":290175300.5,"upper_bound":291506737.57500005},"point_estimate":290818902.05,"standard_error":341781.8530004341},"median":{"confidence_interval":{"confidence_level":0.95,"lower_bound":289842538.5,"upper_bound":291936771.0},"point_estimate":290686729.0,"standard_error":545348.7169672322},"median_abs_dev":{"confidence_interval":{"confidence_level":0.95,"lower_bound":308218.4498280287,"upper_bound":1853312.2362971306},"point_estimate":1405706.037993729,"standard_error":412515.8519241155},"slope":null,"std_dev":{"confidence_interval":{"confidence_level":0.95,"lower_bound":674892.1820794477,"upper_bound":1384235.6123209058},"point_estimate":1141235.7951470963,"standard_error":179509.80745984436}}