{"mean":{"confidence_interval":{"confidence_level":0.95,"lower_bound":780235048.1,"upper_bound":855939698.4},"point_estimate":823715283.7,"standard_error":19077791.847762253},"median":{"confidence_interval":{"confidence_level":0.95,"lower_bound":772401936.5,"upper_bound":859450407.5},"point_estimate":855129383.0,"standard_error":18250571.109305967},"median_abs_dev":{"confidence_interval":{"confidence_level":0.95,"lower_bound":1130547.7143287659,"upper_bound":96909583.15021098},"point_estimate":13303959.638607502,"standard_error":17099027.555525865},"slope":null,"std_dev":{"confidence_interval":{"confidence_level":0.95,"lower_bound":8402351.132449718,"upper_bound":79772664.48626639},"point_estimate":63725381.31672473,"standard_error":19480971.290760208}}