{"mean":{"confidence_interval":{"confidence_level":0.95,"lower_bound":724873857.975,"upper_bound":726251519.49},"point_estimate":725525915.0,"standard_error":352058.97968487075},"median":{"confidence_interval":{"confidence_level":0.95,"lower_bound":724646780.0,"upper_bound":726234711.0},"point_estimate":725552968.5,"standard_error":416603.39439845236},"median_abs_dev":{"confidence_interval":{"confidence_level":0.95,"lower_bound":74104.79448437691,"upper_bound":1892432.1192026138},"point_estimate":1219484.4389498234,"standard_error":468591.33303873596},"slope":null,"std_dev":{"confidence_interval":{"confidence_level":0.95,"lower_bound":547629.3965238631,"upper_bound":1566150.5866838698},"point_estimate":1172903.8255376648,"standard_error":271707.55007743137}}