{"mean":{"confidence_interval":{"confidence_level":0.95,"lower_bound":982793789.8,"upper_bound":986772457.0475},"point_estimate":984534473.2,"standard_error":1029883.1012515177},"median":{"confidence_interval":{"confidence_level":0.95,"lower_bound":982236544.5,"upper_bound":986056701.0},"point_estimate":983455500.0,"standard_error":1201809.309893225},"median_abs_dev":{"confidence_interval":{"confidence_level":0.95,"lower_bound":109851.02114975452,"upper_bound":4834909.7393631935},"point_estimate":2342468.669512868,"standard_error":1145683.114529665},"slope":null,"std_dev":{"confidence_interval":{"confidence_level":0.95,"lower_bound":1369057.5673940734,"upper_bound":4889312.841259235},"point_estimate":3435179.7725258307,"standard_error":1064398.2329182697}}