{"mean":{"confidence_interval":{"confidence_level":0.95,"lower_bound":1093969905.385,"upper_bound":1097155028.82},"point_estimate":1095400174.8,"standard_error":812251.7095114703},"median":{"confidence_interval":{"confidence_level":0.95,"lower_bound":1093703048.5,"upper_bound":1097548422.5},"point_estimate":1094088211.0,"standard_error":889218.697991176},"median_abs_dev":{"confidence_interval":{"confidence_level":0.95,"lower_bound":22691.192597150803,"upper_bound":3677534.3785107136},"point_estimate":1012914.5259171724,"standard_error":878534.9832478222},"slope":null,"std_dev":{"confidence_interval":{"confidence_level":0.95,"lower_bound":667556.3385533588,"upper_bound":3403490.801511002},"point_estimate":2709811.5615224694,"standard_error":727514.2050166014}}