{"mean":{"confidence_interval":{"confidence_level":0.95,"lower_bound":-0.014131406770954657,"upper_bound":-0.001193239225579836},"point_estimate":-0.006402928778519779,"standard_error":0.0034669596736735635},"median":{"confidence_interval":{"confidence_level":0.95,"lower_bound":-0.007422223950209639,"upper_bound":-2.097422282298922e-6},"point_estimate":-0.0018862826856748116,"standard_error":0.002096159568112782}}