{"mean":{"confidence_interval":{"confidence_level":0.95,"lower_bound":379669647.305,"upper_bound":381250029.09375},"point_estimate":380416062.4,"standard_error":403498.17222014273},"median":{"confidence_interval":{"confidence_level":0.95,"lower_bound":379473789.5,"upper_bound":380999821.75},"point_estimate":380391481.25,"standard_error":372623.4516718935},"median_abs_dev":{"confidence_interval":{"confidence_level":0.95,"lower_bound":146551.3008981943,"upper_bound":2298932.121285796},"point_estimate":1030287.6324087381,"standard_error":547593.7665755581},"slope":null,"std_dev":{"confidence_interval":{"confidence_level":0.95,"lower_bound":603331.6701215997,"upper_bound":1832505.0102658838},"point_estimate":1347332.5929049961,"standard_error":334793.04452904715}}