{"mean":{"confidence_interval":{"confidence_level":0.95,"lower_bound":679183212.2,"upper_bound":681609913.55},"point_estimate":680380004.1,"standard_error":609300.2414624605},"median":{"confidence_interval":{"confidence_level":0.95,"lower_bound":679677831.0,"upper_bound":680854943.0},"point_estimate":680557701.0,"standard_error":303346.01339803135},"median_abs_dev":{"confidence_interval":{"confidence_level":0.95,"lower_bound":13545.774659514427,"upper_bound":3164915.0594115257},"point_estimate":451523.5980838537,"standard_error":779345.5990582283},"slope":null,"std_dev":{"confidence_interval":{"confidence_level":0.95,"lower_bound":479442.701614293,"upper_bound":2867261.2993094395},"point_estimate":2034603.6280857942,"standard_error":633631.9703543369}}