{"mean":{"confidence_interval":{"confidence_level":0.95,"lower_bound":-0.03108651258718039,"upper_bound":-0.024419998049785493},"point_estimate":-0.027765271502806832,"standard_error":0.0017088957043064287},"median":{"confidence_interval":{"confidence_level":0.95,"lower_bound":-0.03220134667462993,"upper_bound":-0.022858108005316846},"point_estimate":-0.02871632402356994,"standard_error":0.00260197429913178}}