{"mean":{"confidence_interval":{"confidence_level":0.95,"lower_bound":216343401.8625,"upper_bound":217792500.2},"point_estimate":217039092.4,"standard_error":371731.0030054877},"median":{"confidence_interval":{"confidence_level":0.95,"lower_bound":216156727.33333334,"upper_bound":217959159.3333333},"point_estimate":216913479.0,"standard_error":466500.91058307217},"median_abs_dev":{"confidence_interval":{"confidence_level":0.95,"lower_bound":202389.2282069024,"upper_bound":2035368.1000649487},"point_estimate":1005890.4614418672,"standard_error":491726.00767106196},"slope":null,"std_dev":{"confidence_interval":{"confidence_level":0.95,"lower_bound":609780.637738291,"upper_bound":1605031.88899276},"point_estimate":1242875.9739238957,"standard_error":252643.42028627233}}