{"mean":{"confidence_interval":{"confidence_level":0.95,"lower_bound":-0.02393478572264263,"upper_bound":0.005165924683880073},"point_estimate":-0.01315121267828312,"standard_error":0.0077754299898219},"median":{"confidence_interval":{"confidence_level":0.95,"lower_bound":-0.024959046123277928,"upper_bound":-0.01563601019826566},"point_estimate":-0.019600629501855593,"standard_error":0.0022453312419641208}}