{"mean":{"confidence_interval":{"confidence_level":0.95,"lower_bound":-0.01458625691552805,"upper_bound":-0.007829043923779878},"point_estimate":-0.01123223489498515,"standard_error":0.0017072260866893764},"median":{"confidence_interval":{"confidence_level":0.95,"lower_bound":-0.016328562211419873,"upper_bound":-0.006571932139312731},"point_estimate":-0.01034525316865742,"standard_error":0.0024029320323537212}}