{"mean":{"confidence_interval":{"confidence_level":0.95,"lower_bound":0.0037313379596294388,"upper_bound":0.01711316250147375},"point_estimate":0.01061623610071738,"standard_error":0.003430662223091707},"median":{"confidence_interval":{"confidence_level":0.95,"lower_bound":0.00337451555816326,"upper_bound":0.019943758038627246},"point_estimate":0.01564636012305387,"standard_error":0.0041598445343308645}}