{"mean":{"confidence_interval":{"confidence_level":0.95,"lower_bound":305921899.60999995,"upper_bound":306893139.43875},"point_estimate":306433735.55,"standard_error":249125.34026748303},"median":{"confidence_interval":{"confidence_level":0.95,"lower_bound":305804607.75,"upper_bound":306968892.75},"point_estimate":306738864.0,"standard_error":328603.1741709391},"median_abs_dev":{"confidence_interval":{"confidence_level":0.95,"lower_bound":96334.89848971367,"upper_bound":1377341.6765972972},"point_estimate":783805.3867846727,"standard_error":348752.6049779981},"slope":null,"std_dev":{"confidence_interval":{"confidence_level":0.95,"lower_bound":406242.00304941303,"upper_bound":1073515.1538312621},"point_estimate":827226.8309148094,"standard_error":173713.20264493325}}