{"mean":{"confidence_interval":{"confidence_level":0.95,"lower_bound":0.015515365553389993,"upper_bound":0.018376608542752308},"point_estimate":0.016903084907933463,"standard_error":0.0007316253965323357},"median":{"confidence_interval":{"confidence_level":0.95,"lower_bound":0.014832285453969751,"upper_bound":0.01839030073934067},"point_estimate":0.016334972563657013,"standard_error":0.0008600505142485052}}