{"mean":{"confidence_interval":{"confidence_level":0.95,"lower_bound":-0.014038854537042313,"upper_bound":-0.008883098792074051},"point_estimate":-0.011440204484208683,"standard_error":0.0013209254718531676},"median":{"confidence_interval":{"confidence_level":0.95,"lower_bound":-0.015460065299093384,"upper_bound":-0.007531246388554735},"point_estimate":-0.010059128920031801,"standard_error":0.0021125774626797236}}