{"mean":{"confidence_interval":{"confidence_level":0.95,"lower_bound":-0.015723208504195705,"upper_bound":-0.004675786813268204},"point_estimate":-0.01026798248712879,"standard_error":0.00282995180485821},"median":{"confidence_interval":{"confidence_level":0.95,"lower_bound":-0.017721557150582323,"upper_bound":-0.005006034777981561},"point_estimate":-0.009439572703919152,"standard_error":0.0031598674997057154}}