{"mean":{"confidence_interval":{"confidence_level":0.95,"lower_bound":1313314117.1,"upper_bound":1320960523.1},"point_estimate":1316913699.0,"standard_error":1965071.1769090726},"median":{"confidence_interval":{"confidence_level":0.95,"lower_bound":1310684402.0,"upper_bound":1321746367.0},"point_estimate":1315356220.0,"standard_error":2423488.695091978},"median_abs_dev":{"confidence_interval":{"confidence_level":0.95,"lower_bound":798103.580930829,"upper_bound":10311456.871435046},"point_estimate":7073526.728519797,"standard_error":2709282.753130032},"slope":null,"std_dev":{"confidence_interval":{"confidence_level":0.95,"lower_bound":2966633.1610447066,"upper_bound":8440891.89376906},"point_estimate":6573098.589728474,"standard_error":1379106.9156905843}}