{"mean":{"confidence_interval":{"confidence_level":0.95,"lower_bound":-0.05193987619241644,"upper_bound":-0.03320274140432786},"point_estimate":-0.04256355468982209,"standard_error":0.004738236977801997},"median":{"confidence_interval":{"confidence_level":0.95,"lower_bound":-0.0476692747153743,"upper_bound":-0.039224793640686983},"point_estimate":-0.0434165896780182,"standard_error":0.0022067420494839103}}