{"mean":{"confidence_interval":{"confidence_level":0.95,"lower_bound":789253826.6725,"upper_bound":795067751.3},"point_estimate":791578164.4,"standard_error":1576647.622739975},"median":{"confidence_interval":{"confidence_level":0.95,"lower_bound":788672856.0,"upper_bound":792115911.0},"point_estimate":789961392.5,"standard_error":935298.8427873404},"median_abs_dev":{"confidence_interval":{"confidence_level":0.95,"lower_bound":408099.72745478153,"upper_bound":3842913.957774639},"point_estimate":2050274.1602003574,"standard_error":1002071.0164597023},"slope":null,"std_dev":{"confidence_interval":{"confidence_level":0.95,"lower_bound":979237.5572789572,"upper_bound":7954515.434617237},"point_estimate":5265877.35541515,"standard_error":2254721.630413473}}