{"mean":{"confidence_interval":{"confidence_level":0.95,"lower_bound":615238092.4575,"upper_bound":616885208.1},"point_estimate":616059668.7,"standard_error":421909.48310809553},"median":{"confidence_interval":{"confidence_level":0.95,"lower_bound":614917458.0,"upper_bound":617234742.5},"point_estimate":616087397.5,"standard_error":548850.8902540414},"median_abs_dev":{"confidence_interval":{"confidence_level":0.95,"lower_bound":335943.81063580513,"upper_bound":2654457.3710739613},"point_estimate":1474014.2372310162,"standard_error":590164.741548183},"slope":null,"std_dev":{"confidence_interval":{"confidence_level":0.95,"lower_bound":816270.004625757,"upper_bound":1728427.639937956},"point_estimate":1403070.6110676643,"standard_error":235422.2134585198}}