{"mean":{"confidence_interval":{"confidence_level":0.95,"lower_bound":292185858.95,"upper_bound":292760395.71125},"point_estimate":292446743.65,"standard_error":148071.9044855044},"median":{"confidence_interval":{"confidence_level":0.95,"lower_bound":292146892.5,"upper_bound":292697286.0},"point_estimate":292330209.5,"standard_error":146365.99570108324},"median_abs_dev":{"confidence_interval":{"confidence_level":0.95,"lower_bound":83456.2938183546,"upper_bound":711382.6019704342},"point_estimate":302926.6798719764,"standard_error":165162.30658073412},"slope":null,"std_dev":{"confidence_interval":{"confidence_level":0.95,"lower_bound":195717.89283948517,"upper_bound":689543.9145169425},"point_estimate":494909.20807468705,"standard_error":140468.6199208015}}