{"mean":{"confidence_interval":{"confidence_level":0.95,"lower_bound":-0.011659643003317151,"upper_bound":0.004666589784229346},"point_estimate":-0.002656271626684692,"standard_error":0.0041855900883237115},"median":{"confidence_interval":{"confidence_level":0.95,"lower_bound":-0.0085306832323091,"upper_bound":0.0067507794171237645},"point_estimate":0.0008574346181358106,"standard_error":0.004230670405366677}}