{"mean":{"confidence_interval":{"confidence_level":0.95,"lower_bound":-0.03692208151656326,"upper_bound":-0.02212617930414397},"point_estimate":-0.028423483690052764,"standard_error":0.003865752574670073},"median":{"confidence_interval":{"confidence_level":0.95,"lower_bound":-0.03124419156964575,"upper_bound":-0.020798057018235228},"point_estimate":-0.025182437772992894,"standard_error":0.0030688751137706335}}