{"mean":{"confidence_interval":{"confidence_level":0.95,"lower_bound":-0.0013680433820172611,"upper_bound":0.011460332093143505},"point_estimate":0.004765700751805824,"standard_error":0.0033074624591142507},"median":{"confidence_interval":{"confidence_level":0.95,"lower_bound":-0.004325484477137098,"upper_bound":0.011626480229223413},"point_estimate":-0.0014766110042068181,"standard_error":0.00398438585796285}}