{"mean":{"confidence_interval":{"confidence_level":0.95,"lower_bound":-0.02286139611487175,"upper_bound":-0.014987721173834165},"point_estimate":-0.01876664204570755,"standard_error":0.002053864522359762},"median":{"confidence_interval":{"confidence_level":0.95,"lower_bound":-0.025202638669274524,"upper_bound":-0.012419393243218502},"point_estimate":-0.017714663677516285,"standard_error":0.0033835535220252725}}