{"mean":{"confidence_interval":{"confidence_level":0.95,"lower_bound":-0.0702045593163488,"upper_bound":-0.05571301639435796},"point_estimate":-0.06121924929814426,"standard_error":0.004080690368909286},"median":{"confidence_interval":{"confidence_level":0.95,"lower_bound":-0.05983033451015651,"upper_bound":-0.05512186034347655},"point_estimate":-0.05699670909275889,"standard_error":0.001502588993873753}}