{"mean":{"confidence_interval":{"confidence_level":0.95,"lower_bound":-0.02726426676908522,"upper_bound":-0.01813452079693455},"point_estimate":-0.02317098682314378,"standard_error":0.0023387560753235486},"median":{"confidence_interval":{"confidence_level":0.95,"lower_bound":-0.02950470008203443,"upper_bound":-0.020920805327217296},"point_estimate":-0.02606917131453912,"standard_error":0.0020096289443705373}}