{"mean":{"confidence_interval":{"confidence_level":0.95,"lower_bound":440708743.5475,"upper_bound":443939876.6},"point_estimate":442317995.45,"standard_error":824451.7625022976},"median":{"confidence_interval":{"confidence_level":0.95,"lower_bound":440449021.75,"upper_bound":444288263.0},"point_estimate":441941074.0,"standard_error":854703.6690982025},"median_abs_dev":{"confidence_interval":{"confidence_level":0.95,"lower_bound":194707.63064324856,"upper_bound":4820042.597477138},"point_estimate":2131839.7684022784,"standard_error":1354099.1670454643},"slope":null,"std_dev":{"confidence_interval":{"confidence_level":0.95,"lower_bound":1433470.6856990664,"upper_bound":3545778.151395702},"point_estimate":2740113.0085503818,"standard_error":546432.1447322185}}