{"mean":{"confidence_interval":{"confidence_level":0.95,"lower_bound":0.9745376526597648,"upper_bound":1.0529674834615375},"point_estimate":1.0225828532209769,"standard_error":0.019102023336903064},"median":{"confidence_interval":{"confidence_level":0.95,"lower_bound":0.9914484679842519,"upper_bound":1.0581903990634514},"point_estimate":1.0415773268275244,"standard_error":0.01550516007044251}}