{"mean":{"confidence_interval":{"confidence_level":0.95,"lower_bound":-0.013114084819289875,"upper_bound":-0.008906444701347755},"point_estimate":-0.01101317392130896,"standard_error":0.001077195612787873},"median":{"confidence_interval":{"confidence_level":0.95,"lower_bound":-0.013473829154385664,"upper_bound":-0.008963284443163744},"point_estimate":-0.010592749157930514,"standard_error":0.0012237190321852927}}