{"mean":{"confidence_interval":{"confidence_level":0.95,"lower_bound":-0.016808471748713413,"upper_bound":-0.010534968615191416},"point_estimate":-0.013467295407963986,"standard_error":0.001594571464410907},"median":{"confidence_interval":{"confidence_level":0.95,"lower_bound":-0.014973560015456577,"upper_bound":-0.011496164604293702},"point_estimate":-0.013556411339902263,"standard_error":0.0009265343514625126}}