{"mean":{"confidence_interval":{"confidence_level":0.95,"lower_bound":156007375.8544821,"upper_bound":156497631.3392203},"point_estimate":156246749.21380955,"standard_error":125492.50435287274},"median":{"confidence_interval":{"confidence_level":0.95,"lower_bound":155899105.0,"upper_bound":156582194.4},"point_estimate":156200157.91071427,"standard_error":191969.4531555728},"median_abs_dev":{"confidence_interval":{"confidence_level":0.95,"lower_bound":69503.42191609705,"upper_bound":712506.523945485},"point_estimate":448444.1055635004,"standard_error":159343.06925760675},"slope":{"confidence_interval":{"confidence_level":0.95,"lower_bound":156069435.66580808,"upper_bound":156476592.07297298},"point_estimate":156318164.4077922,"standard_error":103687.14637628768},"std_dev":{"confidence_interval":{"confidence_level":0.95,"lower_bound":237963.22880396945,"upper_bound":535131.9794323206},"point_estimate":419060.5736781218,"standard_error":77634.62890301534}}