{"mean":{"confidence_interval":{"confidence_level":0.95,"lower_bound":-0.021789530201886145,"upper_bound":-0.014974084462413365},"point_estimate":-0.01838194789913239,"standard_error":0.0017537781636870948},"median":{"confidence_interval":{"confidence_level":0.95,"lower_bound":-0.02196995192331408,"upper_bound":-0.014939933895742441},"point_estimate":-0.018263062228776827,"standard_error":0.0019510067137840218}}