{"mean":{"confidence_interval":{"confidence_level":0.95,"lower_bound":-0.035136776624416895,"upper_bound":-0.021424031514863273},"point_estimate":-0.02831520720225733,"standard_error":0.003495367962185886},"median":{"confidence_interval":{"confidence_level":0.95,"lower_bound":-0.039985655536003306,"upper_bound":-0.017317634885141597},"point_estimate":-0.028627624225048165,"standard_error":0.005439524932986108}}