{"mean":{"confidence_interval":{"confidence_level":0.95,"lower_bound":540591098.09,"upper_bound":550205907.2},"point_estimate":545659771.9,"standard_error":2463172.138313467},"median":{"confidence_interval":{"confidence_level":0.95,"lower_bound":540495255.5,"upper_bound":552770226.0},"point_estimate":545999993.5,"standard_error":3617854.991103335},"median_abs_dev":{"confidence_interval":{"confidence_level":0.95,"lower_bound":912260.813704133,"upper_bound":14756584.406018257},"point_estimate":8414606.60431087,"standard_error":3283555.5387668614},"slope":null,"std_dev":{"confidence_interval":{"confidence_level":0.95,"lower_bound":4462581.77705458,"upper_bound":10775961.630704267},"point_estimate":8247080.234344023,"standard_error":1748622.2389346391}}