{"mean":{"confidence_interval":{"confidence_level":0.95,"lower_bound":812135473.6,"upper_bound":813250289.0},"point_estimate":812698691.9,"standard_error":285892.84558056487},"median":{"confidence_interval":{"confidence_level":0.95,"lower_bound":811703223.0,"upper_bound":813612125.0},"point_estimate":812817199.5,"standard_error":560558.6573895754},"median_abs_dev":{"confidence_interval":{"confidence_level":0.95,"lower_bound":187587.44426965714,"upper_bound":1519823.6112177372},"point_estimate":1230933.8172465563,"standard_error":372776.0276912096},"slope":null,"std_dev":{"confidence_interval":{"confidence_level":0.95,"lower_bound":635251.4659691511,"upper_bound":1091084.2245269201},"point_estimate":953508.9492877756,"standard_error":117438.9176147091}}