{"mean":{"confidence_interval":{"confidence_level":0.95,"lower_bound":796708892.885,"upper_bound":801618886.2},"point_estimate":798846871.9,"standard_error":1289401.7859709272},"median":{"confidence_interval":{"confidence_level":0.95,"lower_bound":796361559.5,"upper_bound":801253721.0},"point_estimate":797070268.5,"standard_error":1015087.8957918783},"median_abs_dev":{"confidence_interval":{"confidence_level":0.95,"lower_bound":257129.53733503819,"upper_bound":5585854.039031267},"point_estimate":1214921.7375308275,"standard_error":1067920.567849275},"slope":null,"std_dev":{"confidence_interval":{"confidence_level":0.95,"lower_bound":628497.545215052,"upper_bound":5815707.506225134},"point_estimate":4302744.240981342,"standard_error":1417458.879745684}}