{"mean":{"confidence_interval":{"confidence_level":0.95,"lower_bound":0.02825584104263545,"upper_bound":0.04999759479616204},"point_estimate":0.037194131806185915,"standard_error":0.005748344243104048},"median":{"confidence_interval":{"confidence_level":0.95,"lower_bound":0.0227612585719692,"upper_bound":0.04452447896982625},"point_estimate":0.03327984528488592,"standard_error":0.0054953344270492425}}