{"mean":{"confidence_interval":{"confidence_level":0.95,"lower_bound":1536365216.0825002,"upper_bound":1638365808.1674998},"point_estimate":1582013666.2,"standard_error":26275618.58848339},"median":{"confidence_interval":{"confidence_level":0.95,"lower_bound":1523292595.0,"upper_bound":1627428458.0},"point_estimate":1559202253.0,"standard_error":26682154.854519874},"median_abs_dev":{"confidence_interval":{"confidence_level":0.95,"lower_bound":14485179.654836655,"upper_bound":123398858.10583234},"point_estimate":56802554.788953066,"standard_error":28357860.30765616},"slope":null,"std_dev":{"confidence_interval":{"confidence_level":0.95,"lower_bound":34349733.45798118,"upper_bound":121832165.08048898},"point_estimate":87649092.92689975,"standard_error":24996078.324016858}}