{"mean":{"confidence_interval":{"confidence_level":0.95,"lower_bound":0.015377631308509738,"upper_bound":0.02142157834266183},"point_estimate":0.01830864114295916,"standard_error":0.0015426157499737602},"median":{"confidence_interval":{"confidence_level":0.95,"lower_bound":0.014092312198762391,"upper_bound":0.022012756828825975},"point_estimate":0.017288658397990764,"standard_error":0.0020943552501146968}}