{"mean":{"confidence_interval":{"confidence_level":0.95,"lower_bound":712886434.6,"upper_bound":718781846.4},"point_estimate":715861184.4,"standard_error":1504217.144610134},"median":{"confidence_interval":{"confidence_level":0.95,"lower_bound":712661426.5,"upper_bound":718573328.5},"point_estimate":716299802.0,"standard_error":1397686.9354730183},"median_abs_dev":{"confidence_interval":{"confidence_level":0.95,"lower_bound":825253.6929488182,"upper_bound":8669775.403180718},"point_estimate":3515446.1711883545,"standard_error":2036857.5105463907},"slope":null,"std_dev":{"confidence_interval":{"confidence_level":0.95,"lower_bound":2185573.8587922244,"upper_bound":6714462.734794474},"point_estimate":5016293.840367457,"standard_error":1130686.1183398266}}