{"mean":{"confidence_interval":{"confidence_level":0.95,"lower_bound":-0.005671566015705334,"upper_bound":0.002833306907721819},"point_estimate":-0.0014961856146074037,"standard_error":0.0021653584077355606},"median":{"confidence_interval":{"confidence_level":0.95,"lower_bound":-0.007447749761251066,"upper_bound":0.004150678617716119},"point_estimate":-0.0046725218230617704,"standard_error":0.0032755087055727538}}