{"mean":{"confidence_interval":{"confidence_level":0.95,"lower_bound":-0.6403732260260856,"upper_bound":-0.5686431658848301},"point_estimate":-0.6086342621365458,"standard_error":0.018442199911063762},"median":{"confidence_interval":{"confidence_level":0.95,"lower_bound":-0.6514011058185645,"upper_bound":-0.5327866664218387},"point_estimate":-0.6367940813921658,"standard_error":0.04052469635539403}}