{"mean":{"confidence_interval":{"confidence_level":0.95,"lower_bound":378026706.6,"upper_bound":379213457.2},"point_estimate":378603594.45,"standard_error":303087.64692082815},"median":{"confidence_interval":{"confidence_level":0.95,"lower_bound":377867655.0,"upper_bound":379362723.5},"point_estimate":378492102.5,"standard_error":418907.28735227487},"median_abs_dev":{"confidence_interval":{"confidence_level":0.95,"lower_bound":186313.1495922804,"upper_bound":1690574.6501863003},"point_estimate":999797.2226500511,"standard_error":368908.8309101464},"slope":null,"std_dev":{"confidence_interval":{"confidence_level":0.95,"lower_bound":545630.4734766037,"upper_bound":1291580.7113674153},"point_estimate":1005621.8297617993,"standard_error":193394.41499273325}}