{"mean":{"confidence_interval":{"confidence_level":0.95,"lower_bound":-0.007621289745873907,"upper_bound":-0.00262165761890292},"point_estimate":-0.005008667375695164,"standard_error":0.0012817603732294906},"median":{"confidence_interval":{"confidence_level":0.95,"lower_bound":-0.007959953870816827,"upper_bound":-0.00046703805558334643},"point_estimate":-0.005379017160998756,"standard_error":0.0020052372139934944}}