{"mean":{"confidence_interval":{"confidence_level":0.95,"lower_bound":-0.01691413226295533,"upper_bound":-0.011488141553262578},"point_estimate":-0.014266819684002452,"standard_error":0.0013884870017150926},"median":{"confidence_interval":{"confidence_level":0.95,"lower_bound":-0.017802650025339428,"upper_bound":-0.010844082427337587},"point_estimate":-0.014573477475713248,"standard_error":0.0017094113167208285}}