{"mean":{"confidence_interval":{"confidence_level":0.95,"lower_bound":798078265.4525,"upper_bound":806841737.88},"point_estimate":802374442.6,"standard_error":2236483.46382424},"median":{"confidence_interval":{"confidence_level":0.95,"lower_bound":796536318.5,"upper_bound":807380397.5},"point_estimate":802165508.0,"standard_error":3173294.9653056334},"median_abs_dev":{"confidence_interval":{"confidence_level":0.95,"lower_bound":1212647.4291712046,"upper_bound":13280673.18212092},"point_estimate":7307237.1166706085,"standard_error":2817119.3619032917},"slope":null,"std_dev":{"confidence_interval":{"confidence_level":0.95,"lower_bound":4097036.4259164245,"upper_bound":9704039.231089966},"point_estimate":7456154.980898716,"standard_error":1468894.8531547762}}