{"mean":{"confidence_interval":{"confidence_level":0.95,"lower_bound":-0.004907411180545234,"upper_bound":-0.002556994001074903},"point_estimate":-0.0037340452893125375,"standard_error":0.0005951430574072618},"median":{"confidence_interval":{"confidence_level":0.95,"lower_bound":-0.004483824967581707,"upper_bound":-0.002398669878715398},"point_estimate":-0.0037414671552558065,"standard_error":0.0005554101441190018}}