{"mean":{"confidence_interval":{"confidence_level":0.95,"lower_bound":0.02204350088995837,"upper_bound":0.025308892325043658},"point_estimate":0.023685479835040324,"standard_error":0.0008274735691985016},"median":{"confidence_interval":{"confidence_level":0.95,"lower_bound":0.02125382707420309,"upper_bound":0.02566475719194529},"point_estimate":0.023658421957865494,"standard_error":0.001095304687059256}}