{"mean":{"confidence_interval":{"confidence_level":0.95,"lower_bound":-0.026510423526326914,"upper_bound":-0.017091294713190267},"point_estimate":-0.02209181791886161,"standard_error":0.0025226087174774537},"median":{"confidence_interval":{"confidence_level":0.95,"lower_bound":-0.026318505032178918,"upper_bound":-0.01997557572677844},"point_estimate":-0.024190131573609164,"standard_error":0.0019940787182685304}}