{"mean":{"confidence_interval":{"confidence_level":0.95,"lower_bound":-0.011444156855445836,"upper_bound":-0.0009163651252258157},"point_estimate":-0.0060361185131190265,"standard_error":0.0026888248119007166},"median":{"confidence_interval":{"confidence_level":0.95,"lower_bound":-0.013533287666213423,"upper_bound":0.00038734419875519066},"point_estimate":-0.005638052013294481,"standard_error":0.003437339806863746}}