{"mean":{"confidence_interval":{"confidence_level":0.95,"lower_bound":0.0023002627643450763,"upper_bound":0.010274656727495439},"point_estimate":0.0065399455698551545,"standard_error":0.002051753379500294},"median":{"confidence_interval":{"confidence_level":0.95,"lower_bound":0.0026596372554303915,"upper_bound":0.012085270059686959},"point_estimate":0.007238953933522252,"standard_error":0.003012866894028212}}