{"mean":{"confidence_interval":{"confidence_level":0.95,"lower_bound":-0.01734644337610456,"upper_bound":-0.012206851373480094},"point_estimate":-0.014779258695530761,"standard_error":0.0013077604667022114},"median":{"confidence_interval":{"confidence_level":0.95,"lower_bound":-0.01746801533443121,"upper_bound":-0.011972574349746079},"point_estimate":-0.015280247965576699,"standard_error":0.001381301013772151}}