{"mean":{"confidence_interval":{"confidence_level":0.95,"lower_bound":-0.04438381766879135,"upper_bound":-0.03943055805610943},"point_estimate":-0.0419549995318379,"standard_error":0.001262043835992125},"median":{"confidence_interval":{"confidence_level":0.95,"lower_bound":-0.04473883954662772,"upper_bound":-0.03975750706245529},"point_estimate":-0.04215450650310515,"standard_error":0.001318827793631665}}