{"mean":{"confidence_interval":{"confidence_level":0.95,"lower_bound":1293850365.0,"upper_bound":1295813252.0375},"point_estimate":1294799311.9,"standard_error":503015.35446719953},"median":{"confidence_interval":{"confidence_level":0.95,"lower_bound":1293290728.0,"upper_bound":1296127873.5},"point_estimate":1294560840.0,"standard_error":666408.8173374318},"median_abs_dev":{"confidence_interval":{"confidence_level":0.95,"lower_bound":530048.7643897533,"upper_bound":2787043.32152009},"point_estimate":1789604.9154281616,"standard_error":622023.3818888918},"slope":null,"std_dev":{"confidence_interval":{"confidence_level":0.95,"lower_bound":896355.1474584714,"upper_bound":2130812.956940849},"point_estimate":1686687.559909557,"standard_error":316602.7736429483}}