{"mean":{"confidence_interval":{"confidence_level":0.95,"lower_bound":408260615.05,"upper_bound":413731380.9},"point_estimate":411164170.9,"standard_error":1408659.943173859},"median":{"confidence_interval":{"confidence_level":0.95,"lower_bound":406297508.5,"upper_bound":414511983.5},"point_estimate":413515167.75,"standard_error":2135317.15519111},"median_abs_dev":{"confidence_interval":{"confidence_level":0.95,"lower_bound":490587.883490324,"upper_bound":7533827.689097822},"point_estimate":2705439.9070188403,"standard_error":1878134.6597120399},"slope":null,"std_dev":{"confidence_interval":{"confidence_level":0.95,"lower_bound":1617364.6398052494,"upper_bound":5532649.284743994},"point_estimate":4699982.610526133,"standard_error":867605.632048114}}