{"mean":{"confidence_interval":{"confidence_level":0.95,"lower_bound":1059153061.5625,"upper_bound":1084501781.4},"point_estimate":1070232045.2,"standard_error":6595812.9340733625},"median":{"confidence_interval":{"confidence_level":0.95,"lower_bound":1056820304.0,"upper_bound":1082521868.5},"point_estimate":1062606627.5,"standard_error":5041879.091055828},"median_abs_dev":{"confidence_interval":{"confidence_level":0.95,"lower_bound":1366811.8809342384,"upper_bound":28321013.13840151},"point_estimate":5931511.844694614,"standard_error":5760944.415366323},"slope":null,"std_dev":{"confidence_interval":{"confidence_level":0.95,"lower_bound":3839055.180399386,"upper_bound":29613887.680140547},"point_estimate":22098784.52534484,"standard_error":6955019.42911281}}