{"mean":{"confidence_interval":{"confidence_level":0.95,"lower_bound":-0.004043755853730686,"upper_bound":0.008204038317795334},"point_estimate":0.0016422425680817643,"standard_error":0.003081228685444245},"median":{"confidence_interval":{"confidence_level":0.95,"lower_bound":-0.004322360405918602,"upper_bound":0.005915341614482372},"point_estimate":0.002416868995092747,"standard_error":0.00276665470101169}}