{"mean":{"confidence_interval":{"confidence_level":0.95,"lower_bound":349352264.9,"upper_bound":353931803.7},"point_estimate":351595363.35,"standard_error":1171302.6678021194},"median":{"confidence_interval":{"confidence_level":0.95,"lower_bound":348690878.75,"upper_bound":353146928.5},"point_estimate":351658186.75,"standard_error":962296.9151569175},"median_abs_dev":{"confidence_interval":{"confidence_level":0.95,"lower_bound":459257.9514965415,"upper_bound":6945494.583892822},"point_estimate":1794827.003185451,"standard_error":1681825.6704858863},"slope":null,"std_dev":{"confidence_interval":{"confidence_level":0.95,"lower_bound":1250065.5194439744,"upper_bound":5384265.066585056},"point_estimate":3917242.218521037,"standard_error":973421.7744393854}}