{"mean":{"confidence_interval":{"confidence_level":0.95,"lower_bound":344666302.3,"upper_bound":365876940.10375},"point_estimate":354745184.1,"standard_error":5425927.535095515},"median":{"confidence_interval":{"confidence_level":0.95,"lower_bound":341105829.5,"upper_bound":365923806.75},"point_estimate":352626802.25,"standard_error":5335705.067710595},"median_abs_dev":{"confidence_interval":{"confidence_level":0.95,"lower_bound":2172259.150184691,"upper_bound":29492075.120911002},"point_estimate":9799310.131077468,"standard_error":7462141.1404217845},"slope":null,"std_dev":{"confidence_interval":{"confidence_level":0.95,"lower_bound":8286520.361257567,"upper_bound":24060348.988964174},"point_estimate":18028495.84557887,"standard_error":4179617.2393595376}}