{"mean":{"confidence_interval":{"confidence_level":0.95,"lower_bound":-0.04682471283078165,"upper_bound":-0.030056907961433},"point_estimate":-0.038442714670319456,"standard_error":0.004248024463056114},"median":{"confidence_interval":{"confidence_level":0.95,"lower_bound":-0.045048473880693995,"upper_bound":-0.034634301073589},"point_estimate":-0.040799259915509256,"standard_error":0.0027795037468193455}}