{"mean":{"confidence_interval":{"confidence_level":0.95,"lower_bound":0.03129056279231046,"upper_bound":0.04345905752165749},"point_estimate":0.037874382248280325,"standard_error":0.0031067297615272817},"median":{"confidence_interval":{"confidence_level":0.95,"lower_bound":0.030542634058394524,"upper_bound":0.04717977896202563},"point_estimate":0.04382781159430027,"standard_error":0.004240336690538218}}