{"mean":{"confidence_interval":{"confidence_level":0.95,"lower_bound":708059279.1175001,"upper_bound":828366460.7924999},"point_estimate":762237906.5,"standard_error":30898132.34943254},"median":{"confidence_interval":{"confidence_level":0.95,"lower_bound":697455825.5,"upper_bound":839250934.0},"point_estimate":714711601.0,"standard_error":30537159.530494537},"median_abs_dev":{"confidence_interval":{"confidence_level":0.95,"lower_bound":524920.4510807991,"upper_bound":145536112.06391752},"point_estimate":48921444.73527074,"standard_error":33001221.49475599},"slope":null,"std_dev":{"confidence_interval":{"confidence_level":0.95,"lower_bound":25488602.603867378,"upper_bound":130833360.10817896},"point_estimate":103162662.02783458,"standard_error":27687917.102378547}}