{"mean":{"confidence_interval":{"confidence_level":0.95,"lower_bound":0.026838968283388158,"upper_bound":0.041162207134932016},"point_estimate":0.033935154337881634,"standard_error":0.0036743550448539533},"median":{"confidence_interval":{"confidence_level":0.95,"lower_bound":0.02410889593051846,"upper_bound":0.04582999248152708},"point_estimate":0.03136920603808213,"standard_error":0.005820769302000681}}