{"mean":{"confidence_interval":{"confidence_level":0.95,"lower_bound":0.029078936176542648,"upper_bound":0.0324154452754731},"point_estimate":0.030803554926476906,"standard_error":0.0008580119985678265},"median":{"confidence_interval":{"confidence_level":0.95,"lower_bound":0.028537262241434824,"upper_bound":0.03284364558328545},"point_estimate":0.030728080551087444,"standard_error":0.0012062303227912466}}