{"mean":{"confidence_interval":{"confidence_level":0.95,"lower_bound":468061348.09,"upper_bound":471355338.2},"point_estimate":469752752.9,"standard_error":843602.833707373},"median":{"confidence_interval":{"confidence_level":0.95,"lower_bound":467743111.75,"upper_bound":472043657.0},"point_estimate":470018496.75,"standard_error":1007161.1185989523},"median_abs_dev":{"confidence_interval":{"confidence_level":0.95,"lower_bound":577136.8808537722,"upper_bound":5224475.484547019},"point_estimate":2946993.990330398,"standard_error":1252525.0224481646},"slope":null,"std_dev":{"confidence_interval":{"confidence_level":0.95,"lower_bound":1496546.5821565613,"upper_bound":3533372.4197343006},"point_estimate":2819580.6324930643,"standard_error":519542.1850257677}}