{"mean":{"confidence_interval":{"confidence_level":0.95,"lower_bound":651243911.3075,"upper_bound":652817808.58},"point_estimate":652004473.0,"standard_error":401951.33012238576},"median":{"confidence_interval":{"confidence_level":0.95,"lower_bound":651006389.0,"upper_bound":652721030.5},"point_estimate":652023519.0,"standard_error":496292.27314144745},"median_abs_dev":{"confidence_interval":{"confidence_level":0.95,"lower_bound":249394.07197237015,"upper_bound":2307526.012033224},"point_estimate":1132160.0418001413,"standard_error":500930.7797245438},"slope":null,"std_dev":{"confidence_interval":{"confidence_level":0.95,"lower_bound":650688.3496987873,"upper_bound":1816131.6442652515},"point_estimate":1340648.6093733388,"standard_error":306881.33538888826}}