{"mean":{"confidence_interval":{"confidence_level":0.95,"lower_bound":0.02734690508495095,"upper_bound":0.042440779159183935},"point_estimate":0.0342357837927274,"standard_error":0.0041214530261151254},"median":{"confidence_interval":{"confidence_level":0.95,"lower_bound":0.02510439136368192,"upper_bound":0.03753543122401415},"point_estimate":0.031994458248875146,"standard_error":0.0031981853207690035}}