{"mean":{"confidence_interval":{"confidence_level":0.95,"lower_bound":-0.042276357710299625,"upper_bound":-0.03332834579158411},"point_estimate":-0.037932020158886415,"standard_error":0.002311659215525329},"median":{"confidence_interval":{"confidence_level":0.95,"lower_bound":-0.045230004847207295,"upper_bound":-0.029293139236342913},"point_estimate":-0.0376666999963704,"standard_error":0.0043338356722371985}}