{"mean":{"confidence_interval":{"confidence_level":0.95,"lower_bound":398443743.2,"upper_bound":400708079.41749996},"point_estimate":399604321.15,"standard_error":579779.979815138},"median":{"confidence_interval":{"confidence_level":0.95,"lower_bound":397880274.0,"upper_bound":401307327.5},"point_estimate":399950393.5,"standard_error":811560.7172665216},"median_abs_dev":{"confidence_interval":{"confidence_level":0.95,"lower_bound":584471.3029235601,"upper_bound":3211428.2977357507},"point_estimate":2020752.258874476,"standard_error":724549.8882866736},"slope":null,"std_dev":{"confidence_interval":{"confidence_level":0.95,"lower_bound":1038878.0143204405,"upper_bound":2411179.422824452},"point_estimate":1936872.987561696,"standard_error":344190.1115590623}}