{"mean":{"confidence_interval":{"confidence_level":0.95,"lower_bound":592481115.76,"upper_bound":619417520.745},"point_estimate":605361708.4,"standard_error":6930669.763882984},"median":{"confidence_interval":{"confidence_level":0.95,"lower_bound":588969858.5,"upper_bound":631112896.0},"point_estimate":598431333.0,"standard_error":10250820.783265332},"median_abs_dev":{"confidence_interval":{"confidence_level":0.95,"lower_bound":2604361.0592633486,"upper_bound":35527858.96305442},"point_estimate":15378035.458785295,"standard_error":9664879.941025153},"slope":null,"std_dev":{"confidence_interval":{"confidence_level":0.95,"lower_bound":11035638.558591364,"upper_bound":27790399.059061952},"point_estimate":23161695.750584427,"standard_error":3944318.5544023085}}