{"mean":{"confidence_interval":{"confidence_level":0.95,"lower_bound":-0.008396027823204623,"upper_bound":-0.003374226206837865},"point_estimate":-0.005814393460302103,"standard_error":0.0012800913316055199},"median":{"confidence_interval":{"confidence_level":0.95,"lower_bound":-0.009164341228947492,"upper_bound":-0.00278540769301161},"point_estimate":-0.004578071297490993,"standard_error":0.0017060936783581066}}