{"mean":{"confidence_interval":{"confidence_level":0.95,"lower_bound":494084825.7,"upper_bound":494986064.85},"point_estimate":494510546.0,"standard_error":231113.0694483072},"median":{"confidence_interval":{"confidence_level":0.95,"lower_bound":493912931.5,"upper_bound":494922285.0},"point_estimate":494459425.5,"standard_error":310041.89048883936},"median_abs_dev":{"confidence_interval":{"confidence_level":0.95,"lower_bound":63768.107467889786,"upper_bound":1353499.245120585},"point_estimate":697399.4603186846,"standard_error":300931.29490846326},"slope":null,"std_dev":{"confidence_interval":{"confidence_level":0.95,"lower_bound":391624.7853780927,"upper_bound":1033750.0639747131},"point_estimate":769470.2822845078,"standard_error":179391.13806205746}}