{"mean":{"confidence_interval":{"confidence_level":0.95,"lower_bound":630681904.375,"upper_bound":631993032.8425},"point_estimate":631308816.3,"standard_error":334809.4274070475},"median":{"confidence_interval":{"confidence_level":0.95,"lower_bound":630356380.0,"upper_bound":631942474.5},"point_estimate":631392751.0,"standard_error":400993.16483836237},"median_abs_dev":{"confidence_interval":{"confidence_level":0.95,"lower_bound":151417.93531179428,"upper_bound":1920024.787312746},"point_estimate":1191983.6920380592,"standard_error":440663.7816662324},"slope":null,"std_dev":{"confidence_interval":{"confidence_level":0.95,"lower_bound":571346.0040321548,"upper_bound":1481460.2243468547},"point_estimate":1117201.5807418153,"standard_error":245159.84021177999}}