{"mean":{"confidence_interval":{"confidence_level":0.95,"lower_bound":299555941.1,"upper_bound":300861962.05},"point_estimate":300121793.55,"standard_error":338891.09735698014},"median":{"confidence_interval":{"confidence_level":0.95,"lower_bound":299339995.25,"upper_bound":300451105.25},"point_estimate":299887265.5,"standard_error":286697.48624570464},"median_abs_dev":{"confidence_interval":{"confidence_level":0.95,"lower_bound":167108.2908332348,"upper_bound":1361785.4963734746},"point_estimate":760369.9290007353,"standard_error":321346.5022040912},"slope":null,"std_dev":{"confidence_interval":{"confidence_level":0.95,"lower_bound":377101.43306693505,"upper_bound":1620729.8072050156},"point_estimate":1128711.4586423428,"standard_error":370719.5973334555}}