{"mean":{"confidence_interval":{"confidence_level":0.95,"lower_bound":-0.008999353562382365,"upper_bound":-0.002908831255152318},"point_estimate":-0.0058005567234058475,"standard_error":0.0015512963089147572},"median":{"confidence_interval":{"confidence_level":0.95,"lower_bound":-0.00871861276889696,"upper_bound":-0.002457429851029036},"point_estimate":-0.0054007581915720415,"standard_error":0.0019787675802685357}}