{"mean":{"confidence_interval":{"confidence_level":0.95,"lower_bound":-0.03388272999582081,"upper_bound":-0.027216684639790725},"point_estimate":-0.030510966480889468,"standard_error":0.0017616314575893178},"median":{"confidence_interval":{"confidence_level":0.95,"lower_bound":-0.03656121129766854,"upper_bound":-0.024527930685579902},"point_estimate":-0.02658998091714726,"standard_error":0.0034977450439498494}}