{"mean":{"confidence_interval":{"confidence_level":0.95,"lower_bound":0.0005273008262974111,"upper_bound":0.0025852873242769854},"point_estimate":0.0015769451949880775,"standard_error":0.000530289276541101},"median":{"confidence_interval":{"confidence_level":0.95,"lower_bound":0.0007308063167563716,"upper_bound":0.0027545957958097222},"point_estimate":0.0014064282668304617,"standard_error":0.000549846367977143}}