{"mean":{"confidence_interval":{"confidence_level":0.95,"lower_bound":0.04214308155641479,"upper_bound":0.05702466766847331},"point_estimate":0.049045706278888046,"standard_error":0.0038162040244331184},"median":{"confidence_interval":{"confidence_level":0.95,"lower_bound":0.039098929637202406,"upper_bound":0.06134717300185821},"point_estimate":0.0440159652147778,"standard_error":0.0067337507804567185}}