{"mean":{"confidence_interval":{"confidence_level":0.95,"lower_bound":682747533.0,"upper_bound":694771239.0550001},"point_estimate":688683714.3,"standard_error":3075252.462285481},"median":{"confidence_interval":{"confidence_level":0.95,"lower_bound":679889632.0,"upper_bound":698455513.0},"point_estimate":685554077.5,"standard_error":4585878.842224734},"median_abs_dev":{"confidence_interval":{"confidence_level":0.95,"lower_bound":306075.3515660763,"upper_bound":17312460.73964238},"point_estimate":13130576.98468566,"standard_error":4729306.000235745},"slope":null,"std_dev":{"confidence_interval":{"confidence_level":0.95,"lower_bound":6080305.222571243,"upper_bound":12459380.179978894},"point_estimate":10253492.464672416,"standard_error":1621831.6575636712}}