{"mean":{"confidence_interval":{"confidence_level":0.95,"lower_bound":478373548.5075,"upper_bound":481414534.2375},"point_estimate":479899084.8,"standard_error":780564.508800283},"median":{"confidence_interval":{"confidence_level":0.95,"lower_bound":477261949.5,"upper_bound":482429914.5},"point_estimate":480338715.0,"standard_error":1690781.1024218139},"median_abs_dev":{"confidence_interval":{"confidence_level":0.95,"lower_bound":165653.48960906267,"upper_bound":3844257.193350792},"point_estimate":3703978.031641245,"standard_error":1092876.1729963464},"slope":null,"std_dev":{"confidence_interval":{"confidence_level":0.95,"lower_bound":1793223.4578578514,"upper_bound":2911128.3004252748},"point_estimate":2605974.0886043212,"standard_error":290014.1425930805}}