{"mean":{"confidence_interval":{"confidence_level":0.95,"lower_bound":129774900.70990278,"upper_bound":130043566.34916666},"point_estimate":129896515.1238492,"standard_error":68936.12713921574},"median":{"confidence_interval":{"confidence_level":0.95,"lower_bound":129737175.33333334,"upper_bound":129996383.52222222},"point_estimate":129856528.01785713,"standard_error":63380.36368221894},"median_abs_dev":{"confidence_interval":{"confidence_level":0.95,"lower_bound":47025.90904011954,"upper_bound":320667.2817136847},"point_estimate":149014.67164196444,"standard_error":70233.4305260345},"slope":{"confidence_interval":{"confidence_level":0.95,"lower_bound":129784973.23168479,"upper_bound":129977037.17258565},"point_estimate":129896780.94805194,"standard_error":48422.05709808391},"std_dev":{"confidence_interval":{"confidence_level":0.95,"lower_bound":91203.78230181265,"upper_bound":322683.7880819173},"point_estimate":230216.02658644697,"standard_error":67090.07753414108}}