{"mean":{"confidence_interval":{"confidence_level":0.95,"lower_bound":-0.018032404290070282,"upper_bound":-0.01011600680025984},"point_estimate":-0.013958326933042553,"standard_error":0.0020782414895033703},"median":{"confidence_interval":{"confidence_level":0.95,"lower_bound":-0.018610177612985557,"upper_bound":-0.009653709157677826},"point_estimate":-0.013670352578431078,"standard_error":0.0020651417710309916}}