{"mean":{"confidence_interval":{"confidence_level":0.95,"lower_bound":950054405.4050001,"upper_bound":952222066.755},"point_estimate":951119468.4,"standard_error":553209.0251691067},"median":{"confidence_interval":{"confidence_level":0.95,"lower_bound":949373124.5,"upper_bound":952587700.0},"point_estimate":951077710.5,"standard_error":1081622.9733873657},"median_abs_dev":{"confidence_interval":{"confidence_level":0.95,"lower_bound":318122.9589521885,"upper_bound":3088421.7963695526},"point_estimate":2261204.399755597,"standard_error":809253.6495063397},"slope":null,"std_dev":{"confidence_interval":{"confidence_level":0.95,"lower_bound":1203061.8213231901,"upper_bound":2207833.7442908855},"point_estimate":1842313.7141417945,"standard_error":263945.2685147622}}