{"mean":{"confidence_interval":{"confidence_level":0.95,"lower_bound":0.004671898753739645,"upper_bound":0.014270731024767464},"point_estimate":0.008583301455720838,"standard_error":0.002372869989975239},"median":{"confidence_interval":{"confidence_level":0.95,"lower_bound":0.003928629595312039,"upper_bound":0.012730383193240602},"point_estimate":0.0054976768976140455,"standard_error":0.002082248961492653}}