{"mean":{"confidence_interval":{"confidence_level":0.95,"lower_bound":-0.029465172889719428,"upper_bound":-0.02506670710794391},"point_estimate":-0.02742242521273819,"standard_error":0.0011250120252622973},"median":{"confidence_interval":{"confidence_level":0.95,"lower_bound":-0.03093510395379928,"upper_bound":-0.025130096249402767},"point_estimate":-0.028187271434268912,"standard_error":0.001715727278735117}}