{"mean":{"confidence_interval":{"confidence_level":0.95,"lower_bound":0.008263844874745222,"upper_bound":0.041993582992121144},"point_estimate":0.02705424933881595,"standard_error":0.008750460524724855},"median":{"confidence_interval":{"confidence_level":0.95,"lower_bound":0.0226145772713422,"upper_bound":0.04888739749214421},"point_estimate":0.03854359856835732,"standard_error":0.007000577358842448}}