{"mean":{"confidence_interval":{"confidence_level":0.95,"lower_bound":308212896.58375,"upper_bound":313747321.6075},"point_estimate":310444276.15,"standard_error":1490682.6513673814},"median":{"confidence_interval":{"confidence_level":0.95,"lower_bound":307587685.5,"upper_bound":311041337.5},"point_estimate":308793242.75,"standard_error":1035418.5893845193},"median_abs_dev":{"confidence_interval":{"confidence_level":0.95,"lower_bound":444211.78566366434,"upper_bound":4231960.792967677},"point_estimate":1926573.060746491,"standard_error":1021585.9264943997},"slope":null,"std_dev":{"confidence_interval":{"confidence_level":0.95,"lower_bound":1094430.986959073,"upper_bound":7473042.858852387},"point_estimate":4968330.3993402,"standard_error":2050394.1369300962}}