{"mean":{"confidence_interval":{"confidence_level":0.95,"lower_bound":540112366.8,"upper_bound":542868651.9},"point_estimate":541638173.8,"standard_error":710678.4694633388},"median":{"confidence_interval":{"confidence_level":0.95,"lower_bound":540415421.5,"upper_bound":543304805.5},"point_estimate":542400167.5,"standard_error":845112.9705525974},"median_abs_dev":{"confidence_interval":{"confidence_level":0.95,"lower_bound":184160.41443049908,"upper_bound":3417235.7837319374},"point_estimate":1451934.6171230078,"standard_error":891297.4872408527},"slope":null,"std_dev":{"confidence_interval":{"confidence_level":0.95,"lower_bound":898582.1544486131,"upper_bound":3240179.7378380178},"point_estimate":2358355.119459031,"standard_error":653256.8780432198}}