{"mean":{"confidence_interval":{"confidence_level":0.95,"lower_bound":-0.025993427397840576,"upper_bound":-0.018038318986049417},"point_estimate":-0.02147348848678232,"standard_error":0.0020634753780295963},"median":{"confidence_interval":{"confidence_level":0.95,"lower_bound":-0.02351888224358356,"upper_bound":-0.017263779663277967},"point_estimate":-0.020569588187542176,"standard_error":0.0017183011451791768}}