{"mean":{"confidence_interval":{"confidence_level":0.95,"lower_bound":0.001525979413223372,"upper_bound":0.007395022052229915},"point_estimate":0.004551126891077617,"standard_error":0.00150057844396976},"median":{"confidence_interval":{"confidence_level":0.95,"lower_bound":-0.0013392387059631972,"upper_bound":0.00860279849541068},"point_estimate":0.006513636595454564,"standard_error":0.0024189245935155894}}