{"mean":{"confidence_interval":{"confidence_level":0.95,"lower_bound":-0.0014931193917848945,"upper_bound":0.004072720592446339},"point_estimate":0.0012473589280164177,"standard_error":0.0014512716495962165},"median":{"confidence_interval":{"confidence_level":0.95,"lower_bound":-0.0036118270420558707,"upper_bound":0.00485301057754195},"point_estimate":-0.00019926041234641367,"standard_error":0.0027741458764336526}}