{"mean":{"confidence_interval":{"confidence_level":0.95,"lower_bound":-0.03201547177436847,"upper_bound":-0.019606528543182403},"point_estimate":-0.02586955487095166,"standard_error":0.0031658268151065266},"median":{"confidence_interval":{"confidence_level":0.95,"lower_bound":-0.0365722706011512,"upper_bound":-0.016893287894566456},"point_estimate":-0.025788032775457714,"standard_error":0.004949342190910707}}