{"mean":{"confidence_interval":{"confidence_level":0.95,"lower_bound":268272856.6875,"upper_bound":270275032.5775},"point_estimate":269155371.3,"standard_error":513656.2680704517},"median":{"confidence_interval":{"confidence_level":0.95,"lower_bound":268074854.75,"upper_bound":270376881.5},"point_estimate":268555274.0,"standard_error":461868.0673925066},"median_abs_dev":{"confidence_interval":{"confidence_level":0.95,"lower_bound":193682.0421114564,"upper_bound":2375112.555733323},"point_estimate":616459.509305656,"standard_error":492341.28852322354},"slope":null,"std_dev":{"confidence_interval":{"confidence_level":0.95,"lower_bound":372742.45782793645,"upper_bound":2177495.4271328733},"point_estimate":1707956.3416770315,"standard_error":483180.4915952992}}