{"mean":{"confidence_interval":{"confidence_level":0.95,"lower_bound":280330488.58250004,"upper_bound":282124046.33375},"point_estimate":281195662.85,"standard_error":460480.97454990726},"median":{"confidence_interval":{"confidence_level":0.95,"lower_bound":279860851.0,"upper_bound":282534068.75},"point_estimate":280822252.75,"standard_error":749466.7054156057},"median_abs_dev":{"confidence_interval":{"confidence_level":0.95,"lower_bound":175183.27158987522,"upper_bound":2520492.232002318},"point_estimate":1527005.3254902363,"standard_error":611905.4309662711},"slope":null,"std_dev":{"confidence_interval":{"confidence_level":0.95,"lower_bound":861718.02810857,"upper_bound":1839855.1772585507},"point_estimate":1534126.9294408148,"standard_error":246748.76559151764}}