{"mean":{"confidence_interval":{"confidence_level":0.95,"lower_bound":865098114.8,"upper_bound":876610704.96},"point_estimate":870313245.6,"standard_error":2964069.3466261895},"median":{"confidence_interval":{"confidence_level":0.95,"lower_bound":863554620.5,"upper_bound":873802093.0},"point_estimate":869261047.0,"standard_error":2564732.2183224307},"median_abs_dev":{"confidence_interval":{"confidence_level":0.95,"lower_bound":987014.2456769943,"upper_bound":13740123.500964046},"point_estimate":7169922.413608432,"standard_error":3251372.5374663407},"slope":null,"std_dev":{"confidence_interval":{"confidence_level":0.95,"lower_bound":3903859.4111481584,"upper_bound":13795803.022807674},"point_estimate":9868245.261507452,"standard_error":2859486.5137704816}}