{"mean":{"confidence_interval":{"confidence_level":0.95,"lower_bound":-0.04972724392969869,"upper_bound":-0.04246943741801583},"point_estimate":-0.04607631891233499,"standard_error":0.0018655746061553265},"median":{"confidence_interval":{"confidence_level":0.95,"lower_bound":-0.05055930877502734,"upper_bound":-0.04136237217729499},"point_estimate":-0.046395380893043736,"standard_error":0.0023629671661971204}}