{"mean":{"confidence_interval":{"confidence_level":0.95,"lower_bound":1273601817.9,"upper_bound":1277309767.8625},"point_estimate":1275461551.0,"standard_error":944208.9879684603},"median":{"confidence_interval":{"confidence_level":0.95,"lower_bound":1273754669.0,"upper_bound":1277819349.0},"point_estimate":1275142650.0,"standard_error":1061939.1681311561},"median_abs_dev":{"confidence_interval":{"confidence_level":0.95,"lower_bound":468963.42157423496,"upper_bound":5461713.719335198},"point_estimate":2156507.637414336,"standard_error":1237943.6722103069},"slope":null,"std_dev":{"confidence_interval":{"confidence_level":0.95,"lower_bound":1460136.1210877164,"upper_bound":4262078.716261247},"point_estimate":3156362.63233668,"standard_error":724864.344601904}}