{"mean":{"confidence_interval":{"confidence_level":0.95,"lower_bound":-0.021856387092466924,"upper_bound":-0.018160023795571176},"point_estimate":-0.02011806829453522,"standard_error":0.0009419903252874914},"median":{"confidence_interval":{"confidence_level":0.95,"lower_bound":-0.02273102410919492,"upper_bound":-0.019125199926676162},"point_estimate":-0.020707543944806894,"standard_error":0.0009597727487678648}}