{"mean":{"confidence_interval":{"confidence_level":0.95,"lower_bound":1138947671.2,"upper_bound":1148309941.8},"point_estimate":1143533523.2,"standard_error":2397279.2750308397},"median":{"confidence_interval":{"confidence_level":0.95,"lower_bound":1136907779.0,"upper_bound":1147951484.0},"point_estimate":1144754149.5,"standard_error":2931545.5443660314},"median_abs_dev":{"confidence_interval":{"confidence_level":0.95,"lower_bound":1536246.371126175,"upper_bound":14787234.936574101},"point_estimate":6381552.84280479,"standard_error":3356331.862937657},"slope":null,"std_dev":{"confidence_interval":{"confidence_level":0.95,"lower_bound":4352986.110309645,"upper_bound":10431289.595982628},"point_estimate":7979208.045104696,"standard_error":1612017.3057294006}}