{"mean":{"confidence_interval":{"confidence_level":0.95,"lower_bound":-0.04392436854823729,"upper_bound":-0.03513949230878343},"point_estimate":-0.039726282243580324,"standard_error":0.002218365364291298},"median":{"confidence_interval":{"confidence_level":0.95,"lower_bound":-0.043388914185122585,"upper_bound":-0.03762289700914645},"point_estimate":-0.04027204258023942,"standard_error":0.0015104557399302592}}