{"mean":{"confidence_interval":{"confidence_level":0.95,"lower_bound":-0.0060085375023815205,"upper_bound":0.0015725970425866536},"point_estimate":-0.002225361616714272,"standard_error":0.0019033821655761955},"median":{"confidence_interval":{"confidence_level":0.95,"lower_bound":-0.007249107713477421,"upper_bound":0.0031429301944823074},"point_estimate":-0.0006708536384067987,"standard_error":0.0026272313131266863}}