{"mean":{"confidence_interval":{"confidence_level":0.95,"lower_bound":890509566.5,"upper_bound":904304280.8024999},"point_estimate":897279926.6,"standard_error":3513086.8777391613},"median":{"confidence_interval":{"confidence_level":0.95,"lower_bound":889399660.5,"upper_bound":905560896.0},"point_estimate":896485669.0,"standard_error":3819187.1607877538},"median_abs_dev":{"confidence_interval":{"confidence_level":0.95,"lower_bound":1825545.3626900911,"upper_bound":19626289.284163713},"point_estimate":7483332.928544283,"standard_error":4622433.27770992},"slope":null,"std_dev":{"confidence_interval":{"confidence_level":0.95,"lower_bound":5733814.209858503,"upper_bound":15397047.976839956},"point_estimate":11701417.285519289,"standard_error":2459970.563699711}}