{"mean":{"confidence_interval":{"confidence_level":0.95,"lower_bound":-0.02483316420084789,"upper_bound":-0.014882830065895004},"point_estimate":-0.019003952851805117,"standard_error":0.0026101531396307788},"median":{"confidence_interval":{"confidence_level":0.95,"lower_bound":-0.020006800159187276,"upper_bound":-0.014032904412649594},"point_estimate":-0.016757040311801252,"standard_error":0.00165931392678295}}