{"mean":{"confidence_interval":{"confidence_level":0.95,"lower_bound":0.004944453038198156,"upper_bound":0.011340984636854167},"point_estimate":0.008155268038233743,"standard_error":0.0016439158715901327},"median":{"confidence_interval":{"confidence_level":0.95,"lower_bound":0.0032076938424459023,"upper_bound":0.012666030840152498},"point_estimate":0.009611153619091262,"standard_error":0.0020840791416464628}}