{"mean":{"confidence_interval":{"confidence_level":0.95,"lower_bound":950453639.5,"upper_bound":957511035.5},"point_estimate":954004968.3,"standard_error":1808931.5170828223},"median":{"confidence_interval":{"confidence_level":0.95,"lower_bound":948954952.0,"upper_bound":960645327.0},"point_estimate":952611973.5,"standard_error":3136958.1365184737},"median_abs_dev":{"confidence_interval":{"confidence_level":0.95,"lower_bound":340341.94345772266,"upper_bound":10456492.213860154},"point_estimate":8290491.488814354,"standard_error":2820382.966019378},"slope":null,"std_dev":{"confidence_interval":{"confidence_level":0.95,"lower_bound":3849409.881670788,"upper_bound":7174260.429148236},"point_estimate":6017717.9737096,"standard_error":860128.5740816502}}