{"mean":{"confidence_interval":{"confidence_level":0.95,"lower_bound":690859095.6,"upper_bound":698829399.2675},"point_estimate":694147580.1,"standard_error":2105751.1026445557},"median":{"confidence_interval":{"confidence_level":0.95,"lower_bound":689839030.0,"upper_bound":695630133.5},"point_estimate":692455966.0,"standard_error":1295438.7842343866},"median_abs_dev":{"confidence_interval":{"confidence_level":0.95,"lower_bound":402012.17196285725,"upper_bound":6977276.338228583},"point_estimate":3174995.2566325665,"standard_error":1740302.904199249},"slope":null,"std_dev":{"confidence_interval":{"confidence_level":0.95,"lower_bound":1610745.9918941357,"upper_bound":10331992.507604253},"point_estimate":7000591.256588775,"standard_error":2663185.346013054}}