{"mean":{"confidence_interval":{"confidence_level":0.95,"lower_bound":311266449.2,"upper_bound":311912486.63625},"point_estimate":311569601.75,"standard_error":165721.8722594324},"median":{"confidence_interval":{"confidence_level":0.95,"lower_bound":311138385.75,"upper_bound":312058071.75},"point_estimate":311414896.0,"standard_error":208599.86511394085},"median_abs_dev":{"confidence_interval":{"confidence_level":0.95,"lower_bound":132995.14803886414,"upper_bound":941147.0502912998},"point_estimate":473874.16333705187,"standard_error":210359.94780279082},"slope":null,"std_dev":{"confidence_interval":{"confidence_level":0.95,"lower_bound":241377.07449960255,"upper_bound":697885.0902444903},"point_estimate":554486.4304693353,"standard_error":116606.5477361399}}