{"mean":{"confidence_interval":{"confidence_level":0.95,"lower_bound":542474370.3025,"upper_bound":558222793.2},"point_estimate":548505108.1,"standard_error":4405216.329739834},"median":{"confidence_interval":{"confidence_level":0.95,"lower_bound":541164890.0,"upper_bound":548442418.0},"point_estimate":544325631.0,"standard_error":2067462.8251599872},"median_abs_dev":{"confidence_interval":{"confidence_level":0.95,"lower_bound":607386.3681167364,"upper_bound":7879016.622519493},"point_estimate":4157162.1416956186,"standard_error":2326990.879974787},"slope":null,"std_dev":{"confidence_interval":{"confidence_level":0.95,"lower_bound":1997303.1405061488,"upper_bound":22499676.108425397},"point_estimate":14733397.215937903,"standard_error":6928857.870829424}}