{"mean":{"confidence_interval":{"confidence_level":0.95,"lower_bound":486072070.43625003,"upper_bound":487538867.65},"point_estimate":486736966.9,"standard_error":377908.5572783206},"median":{"confidence_interval":{"confidence_level":0.95,"lower_bound":485901475.0,"upper_bound":487224460.0},"point_estimate":486631703.25,"standard_error":270743.6363735344},"median_abs_dev":{"confidence_interval":{"confidence_level":0.95,"lower_bound":43642.18347519636,"upper_bound":1792324.3744298816},"point_estimate":521654.6539887786,"standard_error":518914.3448323864},"slope":null,"std_dev":{"confidence_interval":{"confidence_level":0.95,"lower_bound":461067.4790559886,"upper_bound":1770992.479588408},"point_estimate":1263415.2386948331,"standard_error":373796.595109041}}