{"mean":{"confidence_interval":{"confidence_level":0.95,"lower_bound":-0.010961714417490968,"upper_bound":0.001978316607138086},"point_estimate":-0.003079928137270538,"standard_error":0.0035452326908637856},"median":{"confidence_interval":{"confidence_level":0.95,"lower_bound":-0.0018453144061369997,"upper_bound":0.002263333887044805},"point_estimate":-0.0001022044266293376,"standard_error":0.0012941508573232402}}