{"mean":{"confidence_interval":{"confidence_level":0.95,"lower_bound":450124156.35125,"upper_bound":452540530.3825},"point_estimate":451134549.65,"standard_error":636231.8414765551},"median":{"confidence_interval":{"confidence_level":0.95,"lower_bound":449879907.5,"upper_bound":451676049.25},"point_estimate":450406433.25,"standard_error":448769.9841050505},"median_abs_dev":{"confidence_interval":{"confidence_level":0.95,"lower_bound":107377.67374366522,"upper_bound":2142339.54141587},"point_estimate":1086474.4649112225,"standard_error":523669.37560657377},"slope":null,"std_dev":{"confidence_interval":{"confidence_level":0.95,"lower_bound":547356.6383896538,"upper_bound":3133055.2037518355},"point_estimate":2127835.3207170437,"standard_error":792319.8005847273}}