{"mean":{"confidence_interval":{"confidence_level":0.95,"lower_bound":-0.0269060898281444,"upper_bound":-0.019203050778942375},"point_estimate":-0.02276990605722029,"standard_error":0.0019677704708614676},"median":{"confidence_interval":{"confidence_level":0.95,"lower_bound":-0.02476635971352159,"upper_bound":-0.01907324738808036},"point_estimate":-0.02294400392038154,"standard_error":0.0016278342807597712}}