{"mean":{"confidence_interval":{"confidence_level":0.95,"lower_bound":72972345.51690476,"upper_bound":73414434.89},"point_estimate":73166032.61898808,"standard_error":114750.82331398372},"median":{"confidence_interval":{"confidence_level":0.95,"lower_bound":72910437.33333334,"upper_bound":73324174.275},"point_estimate":73055086.96875,"standard_error":115063.09325511633},"median_abs_dev":{"confidence_interval":{"confidence_level":0.95,"lower_bound":63815.05646706364,"upper_bound":490930.71487797494},"point_estimate":276322.9430092849,"standard_error":107388.25591875325},"slope":{"confidence_interval":{"confidence_level":0.95,"lower_bound":72989998.88108245,"upper_bound":73460285.35204028},"point_estimate":73186713.57922077,"standard_error":119028.46129763639},"std_dev":{"confidence_interval":{"confidence_level":0.95,"lower_bound":139980.84031598258,"upper_bound":544991.4633365392},"point_estimate":381928.40817934374,"standard_error":121110.91679653275}}