{"mean":{"confidence_interval":{"confidence_level":0.95,"lower_bound":0.0208565875479375,"upper_bound":0.04483034862908358},"point_estimate":0.031874882375870106,"standard_error":0.006272615576109736},"median":{"confidence_interval":{"confidence_level":0.95,"lower_bound":0.02001328705376859,"upper_bound":0.04677599641312136},"point_estimate":0.02720271548978892,"standard_error":0.007356731290459476}}