{"mean":{"confidence_interval":{"confidence_level":0.95,"lower_bound":0.017328519887520263,"upper_bound":0.023652328625977458},"point_estimate":0.020796197951701068,"standard_error":0.0016131932301598315},"median":{"confidence_interval":{"confidence_level":0.95,"lower_bound":0.017730581329691297,"upper_bound":0.024636415829648595},"point_estimate":0.019743926796954803,"standard_error":0.0019422632672238067}}