{"mean":{"confidence_interval":{"confidence_level":0.95,"lower_bound":-0.45027337497233766,"upper_bound":-0.3849137327722411},"point_estimate":-0.42083228042338794,"standard_error":0.016805250595422126},"median":{"confidence_interval":{"confidence_level":0.95,"lower_bound":-0.45926265801410804,"upper_bound":-0.3566767918098376},"point_estimate":-0.43922646955974287,"standard_error":0.0249947709500654}}