{"mean":{"confidence_interval":{"confidence_level":0.95,"lower_bound":925132664.6175,"upper_bound":933388588.605},"point_estimate":929189027.3,"standard_error":2127397.087996423},"median":{"confidence_interval":{"confidence_level":0.95,"lower_bound":923034090.0,"upper_bound":934049746.0},"point_estimate":927889549.5,"standard_error":4192132.542895309},"median_abs_dev":{"confidence_interval":{"confidence_level":0.95,"lower_bound":565926.9424527884,"upper_bound":13666828.947365284},"point_estimate":8115863.450914621,"standard_error":3951313.997633896},"slope":null,"std_dev":{"confidence_interval":{"confidence_level":0.95,"lower_bound":4373649.425511705,"upper_bound":8848515.537380494},"point_estimate":7066782.9002165245,"standard_error":1236195.5931839522}}