{"mean":{"confidence_interval":{"confidence_level":0.95,"lower_bound":-0.012485160271624225,"upper_bound":-0.006449813570406936},"point_estimate":-0.009148477918405562,"standard_error":0.0015497005467874853},"median":{"confidence_interval":{"confidence_level":0.95,"lower_bound":-0.01161517432206316,"upper_bound":-0.005243329309054134},"point_estimate":-0.006586285826699179,"standard_error":0.0017089578426025382}}