{"mean":{"confidence_interval":{"confidence_level":0.95,"lower_bound":-0.027611186658644732,"upper_bound":-0.023787429087493706},"point_estimate":-0.025790071643548185,"standard_error":0.0009715116422354447},"median":{"confidence_interval":{"confidence_level":0.95,"lower_bound":-0.028209020656745576,"upper_bound":-0.02373918047896506},"point_estimate":-0.02566036016087081,"standard_error":0.0011380667200879702}}