{"mean":{"confidence_interval":{"confidence_level":0.95,"lower_bound":878311077.855,"upper_bound":887979943.4},"point_estimate":882458788.9,"standard_error":2500448.0942590255},"median":{"confidence_interval":{"confidence_level":0.95,"lower_bound":877534925.5,"upper_bound":884152944.0},"point_estimate":881741385.0,"standard_error":1637557.7904723494},"median_abs_dev":{"confidence_interval":{"confidence_level":0.95,"lower_bound":405895.8425939083,"upper_bound":8813163.57703507},"point_estimate":4105912.367105484,"standard_error":2064438.7167515557},"slope":null,"std_dev":{"confidence_interval":{"confidence_level":0.95,"lower_bound":2343573.0389411706,"upper_bound":12208992.22166493},"point_estimate":8328950.106379962,"standard_error":3012741.434093936}}