{"mean":{"confidence_interval":{"confidence_level":0.95,"lower_bound":-0.03343681623005425,"upper_bound":-0.019639141507843245},"point_estimate":-0.026595114415999932,"standard_error":0.0035211890653785187},"median":{"confidence_interval":{"confidence_level":0.95,"lower_bound":-0.03747546572470151,"upper_bound":-0.017588343567383813},"point_estimate":-0.02601368373790358,"standard_error":0.004262661872615644}}