{"mean":{"confidence_interval":{"confidence_level":0.95,"lower_bound":0.004258609778936784,"upper_bound":0.01266412073186464},"point_estimate":0.008246891079910945,"standard_error":0.0021421651081369067},"median":{"confidence_interval":{"confidence_level":0.95,"lower_bound":0.002401058964292213,"upper_bound":0.012000610840050108},"point_estimate":0.008640751278991665,"standard_error":0.0026057280841021166}}