{"mean":{"confidence_interval":{"confidence_level":0.95,"lower_bound":1003507783.5,"upper_bound":1017142278.1225001},"point_estimate":1010126619.4,"standard_error":3524760.0714090397},"median":{"confidence_interval":{"confidence_level":0.95,"lower_bound":1002649179.0,"upper_bound":1024473352.0},"point_estimate":1004130834.5,"standard_error":6188828.531170892},"median_abs_dev":{"confidence_interval":{"confidence_level":0.95,"lower_bound":570704.6208679676,"upper_bound":17846294.581764936},"point_estimate":9179475.482931733,"standard_error":5919022.280254375},"slope":null,"std_dev":{"confidence_interval":{"confidence_level":0.95,"lower_bound":6919990.3347508805,"upper_bound":13996613.898894593},"point_estimate":11734838.015590834,"standard_error":1795973.1211242774}}