{"mean":{"confidence_interval":{"confidence_level":0.95,"lower_bound":381209219.95,"upper_bound":383163821.35},"point_estimate":382218149.55,"standard_error":499294.489502474},"median":{"confidence_interval":{"confidence_level":0.95,"lower_bound":381447794.0,"upper_bound":383387242.0},"point_estimate":382242154.0,"standard_error":487572.6357694878},"median_abs_dev":{"confidence_interval":{"confidence_level":0.95,"lower_bound":312452.0140528679,"upper_bound":2810943.2037457824},"point_estimate":1131413.1820634007,"standard_error":638580.3128533134},"slope":null,"std_dev":{"confidence_interval":{"confidence_level":0.95,"lower_bound":720623.0745565294,"upper_bound":2253109.225815182},"point_estimate":1657894.1353181126,"standard_error":393961.0351752564}}