{"mean":{"confidence_interval":{"confidence_level":0.95,"lower_bound":0.03577721659253025,"upper_bound":0.043428302597907135},"point_estimate":0.03972361373036515,"standard_error":0.001955690409993918},"median":{"confidence_interval":{"confidence_level":0.95,"lower_bound":0.03669459871468361,"upper_bound":0.04406455913097318},"point_estimate":0.040848837699958285,"standard_error":0.0019133418005712487}}