{"mean":{"confidence_interval":{"confidence_level":0.95,"lower_bound":0.9522253325689136,"upper_bound":0.9973950983437835},"point_estimate":0.9759367731494817,"standard_error":0.011529157270847978},"median":{"confidence_interval":{"confidence_level":0.95,"lower_bound":0.9586984364141986,"upper_bound":0.9942595012124189},"point_estimate":0.9836125193754801,"standard_error":0.011253095488344168}}