{"mean":{"confidence_interval":{"confidence_level":0.95,"lower_bound":717674133.24,"upper_bound":734876539.3925},"point_estimate":725544101.5,"standard_error":4399630.359816598},"median":{"confidence_interval":{"confidence_level":0.95,"lower_bound":714376551.0,"upper_bound":733695753.5},"point_estimate":721636910.5,"standard_error":5595266.019793864},"median_abs_dev":{"confidence_interval":{"confidence_level":0.95,"lower_bound":2109713.0757451057,"upper_bound":23446895.301434398},"point_estimate":14638398.949116468,"standard_error":5014371.10870026},"slope":null,"std_dev":{"confidence_interval":{"confidence_level":0.95,"lower_bound":6863688.724842662,"upper_bound":19951444.097533498},"point_estimate":14670442.970654085,"standard_error":3745491.9827516954}}