{"mean":{"confidence_interval":{"confidence_level":0.95,"lower_bound":265000808.6,"upper_bound":266085538.50875},"point_estimate":265516604.95,"standard_error":277116.1266326028},"median":{"confidence_interval":{"confidence_level":0.95,"lower_bound":264954027.75,"upper_bound":266150917.5},"point_estimate":265311815.0,"standard_error":320333.25550496014},"median_abs_dev":{"confidence_interval":{"confidence_level":0.95,"lower_bound":105965.12661874294,"upper_bound":1527365.087640085},"point_estimate":588944.6776941419,"standard_error":364868.87427505926},"slope":null,"std_dev":{"confidence_interval":{"confidence_level":0.95,"lower_bound":430254.36430795735,"upper_bound":1227430.4161422679},"point_estimate":924652.6612216625,"standard_error":210481.34162510064}}