{"mean":{"confidence_interval":{"confidence_level":0.95,"lower_bound":22071011.964666665,"upper_bound":22181589.43945238},"point_estimate":22126325.674119048,"standard_error":28389.7231874379},"median":{"confidence_interval":{"confidence_level":0.95,"lower_bound":22055406.425,"upper_bound":22200740.47083333},"point_estimate":22116031.504761904,"standard_error":34678.45102613069},"median_abs_dev":{"confidence_interval":{"confidence_level":0.95,"lower_bound":9533.243145749155,"upper_bound":173256.23756408563},"point_estimate":93695.95949256221,"standard_error":40142.51091365229},"slope":{"confidence_interval":{"confidence_level":0.95,"lower_bound":22021284.49621212,"upper_bound":22137494.97156398},"point_estimate":22078633.174025975,"standard_error":31096.7736772354},"std_dev":{"confidence_interval":{"confidence_level":0.95,"lower_bound":54034.78065509855,"upper_bound":118604.74768720803},"point_estimate":94559.72858170903,"standard_error":16654.691411383264}}