{"mean":{"confidence_interval":{"confidence_level":0.95,"lower_bound":835461359.1800001,"upper_bound":838004571.9},"point_estimate":836667262.3,"standard_error":653007.534619727},"median":{"confidence_interval":{"confidence_level":0.95,"lower_bound":834882901.5,"upper_bound":838488784.0},"point_estimate":836279052.0,"standard_error":795439.4866895983},"median_abs_dev":{"confidence_interval":{"confidence_level":0.95,"lower_bound":465637.20853328705,"upper_bound":3527888.891467452},"point_estimate":2332828.063184023,"standard_error":894227.7973466893},"slope":null,"std_dev":{"confidence_interval":{"confidence_level":0.95,"lower_bound":1103046.5275294867,"upper_bound":2831884.1920386604},"point_estimate":2175469.259916482,"standard_error":458264.85358607245}}