{"mean":{"confidence_interval":{"confidence_level":0.95,"lower_bound":-0.02712145980036687,"upper_bound":-0.02237071920035509},"point_estimate":-0.024687862838385533,"standard_error":0.0012086334859899364},"median":{"confidence_interval":{"confidence_level":0.95,"lower_bound":-0.027352020599845872,"upper_bound":-0.021108063494929108},"point_estimate":-0.024723054300354153,"standard_error":0.0015419075111137825}}