{"mean":{"confidence_interval":{"confidence_level":0.95,"lower_bound":-0.022637621806115848,"upper_bound":-0.01451031850687975},"point_estimate":-0.019322226438469703,"standard_error":0.0020930388741424825},"median":{"confidence_interval":{"confidence_level":0.95,"lower_bound":-0.023019811321482897,"upper_bound":-0.017985694184438517},"point_estimate":-0.020760914198699076,"standard_error":0.0012817358563978324}}