{"mean":{"confidence_interval":{"confidence_level":0.95,"lower_bound":-0.018144128710801646,"upper_bound":-0.008186156534419562},"point_estimate":-0.012983161049040293,"standard_error":0.002552862045964294},"median":{"confidence_interval":{"confidence_level":0.95,"lower_bound":-0.01785206787196969,"upper_bound":-0.006603713513916087},"point_estimate":-0.011030929688112923,"standard_error":0.002815570234205664}}