{"mean":{"confidence_interval":{"confidence_level":0.95,"lower_bound":840406032.0225,"upper_bound":845068090.9399999},"point_estimate":842704334.8,"standard_error":1186268.9092111138},"median":{"confidence_interval":{"confidence_level":0.95,"lower_bound":839520436.0,"upper_bound":844524186.5},"point_estimate":843255116.5,"standard_error":1206822.407667619},"median_abs_dev":{"confidence_interval":{"confidence_level":0.95,"lower_bound":469413.3906662464,"upper_bound":6997854.825863242},"point_estimate":2775108.3917319775,"standard_error":1659745.5436588859},"slope":null,"std_dev":{"confidence_interval":{"confidence_level":0.95,"lower_bound":1707342.7406395033,"upper_bound":5325163.418983789},"point_estimate":3953118.3086678633,"standard_error":905363.0976510526}}