{"mean":{"confidence_interval":{"confidence_level":0.95,"lower_bound":-0.032940079327594615,"upper_bound":-0.02057080886101725},"point_estimate":-0.025754967044625432,"standard_error":0.0032434121993388104},"median":{"confidence_interval":{"confidence_level":0.95,"lower_bound":-0.027904014342719274,"upper_bound":-0.018323820943508262},"point_estimate":-0.022491132036059125,"standard_error":0.002401201610696421}}