{"mean":{"confidence_interval":{"confidence_level":0.95,"lower_bound":431864138.045,"upper_bound":435698830.85},"point_estimate":433792880.5,"standard_error":977708.3788758462},"median":{"confidence_interval":{"confidence_level":0.95,"lower_bound":431813513.5,"upper_bound":436301621.5},"point_estimate":433349187.75,"standard_error":998243.8611052518},"median_abs_dev":{"confidence_interval":{"confidence_level":0.95,"lower_bound":199410.06710976362,"upper_bound":5909364.024987817},"point_estimate":2402041.3897052407,"standard_error":1460684.1269198179},"slope":null,"std_dev":{"confidence_interval":{"confidence_level":0.95,"lower_bound":1526701.695215438,"upper_bound":4332004.7105384115},"point_estimate":3260405.082149396,"standard_error":702982.1097683684}}