{"mean":{"confidence_interval":{"confidence_level":0.95,"lower_bound":34827397.636058204,"upper_bound":35252211.35791005},"point_estimate":35046632.7323545,"standard_error":108515.29440334537},"median":{"confidence_interval":{"confidence_level":0.95,"lower_bound":34827448.26455027,"upper_bound":35392445.61111111},"point_estimate":35042443.83333333,"standard_error":120039.8753052255},"median_abs_dev":{"confidence_interval":{"confidence_level":0.95,"lower_bound":48868.93083240147,"upper_bound":627726.3054156326},"point_estimate":371229.1546260305,"standard_error":171926.5334721989},"slope":{"confidence_interval":{"confidence_level":0.95,"lower_bound":34853421.62930187,"upper_bound":35250686.637566134},"point_estimate":35038345.51948052,"standard_error":101548.08490312616},"std_dev":{"confidence_interval":{"confidence_level":0.95,"lower_bound":191831.91895872648,"upper_bound":470943.18986049783},"point_estimate":363079.94463280204,"standard_error":73646.03604323219}}