{"mean":{"confidence_interval":{"confidence_level":0.95,"lower_bound":-0.006235657131851431,"upper_bound":-0.002055520830663618},"point_estimate":-0.004030815598409787,"standard_error":0.001074507850600138},"median":{"confidence_interval":{"confidence_level":0.95,"lower_bound":-0.007479637249258486,"upper_bound":-0.00027233495451228773},"point_estimate":-0.0033892332127822833,"standard_error":0.002221170077852036}}