{"mean":{"confidence_interval":{"confidence_level":0.95,"lower_bound":0.005336140041145637,"upper_bound":0.007386911683753916},"point_estimate":0.006323186823944393,"standard_error":0.0005260659882699646},"median":{"confidence_interval":{"confidence_level":0.95,"lower_bound":0.005185302332614716,"upper_bound":0.007598714675889351},"point_estimate":0.006063200148378911,"standard_error":0.0006073957848613341}}