{"mean":{"confidence_interval":{"confidence_level":0.95,"lower_bound":330731856.5475,"upper_bound":332564367.70875},"point_estimate":331678099.35,"standard_error":467988.39068083215},"median":{"confidence_interval":{"confidence_level":0.95,"lower_bound":330413637.0,"upper_bound":332724635.25},"point_estimate":332106559.5,"standard_error":706905.3876446952},"median_abs_dev":{"confidence_interval":{"confidence_level":0.95,"lower_bound":56625.311444699764,"upper_bound":2554453.77894938},"point_estimate":1105753.8243189454,"standard_error":716551.2088635957},"slope":null,"std_dev":{"confidence_interval":{"confidence_level":0.95,"lower_bound":823831.8981007206,"upper_bound":1941367.921164221},"point_estimate":1560712.4483240026,"standard_error":277947.52362032374}}