{"mean":{"confidence_interval":{"confidence_level":0.95,"lower_bound":-0.02736718283236314,"upper_bound":-0.02596407334964036},"point_estimate":-0.02674150746555204,"standard_error":0.0003565286008077883},"median":{"confidence_interval":{"confidence_level":0.95,"lower_bound":-0.027673488707088856,"upper_bound":-0.025925179545093435},"point_estimate":-0.02656835629405896,"standard_error":0.0004537299538028933}}