{"mean":{"confidence_interval":{"confidence_level":0.95,"lower_bound":1010209924.1675,"upper_bound":1030836137.995},"point_estimate":1020980008.7,"standard_error":5277743.3014117405},"median":{"confidence_interval":{"confidence_level":0.95,"lower_bound":1007887653.5,"upper_bound":1036365422.5},"point_estimate":1025904129.0,"standard_error":8858385.371607475},"median_abs_dev":{"confidence_interval":{"confidence_level":0.95,"lower_bound":2422041.2927001715,"upper_bound":32204471.757656336},"point_estimate":21084868.91436875,"standard_error":7260245.087337995},"slope":null,"std_dev":{"confidence_interval":{"confidence_level":0.95,"lower_bound":9937506.956215348,"upper_bound":22378546.589380313},"point_estimate":17644195.405150507,"standard_error":3336523.265576027}}