{"mean":{"confidence_interval":{"confidence_level":0.95,"lower_bound":1094136372.51,"upper_bound":1097386216.1175},"point_estimate":1095575842.4,"standard_error":836236.9434553849},"median":{"confidence_interval":{"confidence_level":0.95,"lower_bound":1093575449.5,"upper_bound":1096963225.5},"point_estimate":1094700959.0,"standard_error":1039583.8135540572},"median_abs_dev":{"confidence_interval":{"confidence_level":0.95,"lower_bound":316098.4686881304,"upper_bound":4076037.2363358736},"point_estimate":2222874.7426360846,"standard_error":990458.2791841129},"slope":null,"std_dev":{"confidence_interval":{"confidence_level":0.95,"lower_bound":1137466.1144379596,"upper_bound":3917337.535710114},"point_estimate":2786352.6099754777,"standard_error":819570.518751241}}