{"mean":{"confidence_interval":{"confidence_level":0.95,"lower_bound":224979030.5875,"upper_bound":225329221.18583336},"point_estimate":225139748.23333335,"standard_error":90254.32563545485},"median":{"confidence_interval":{"confidence_level":0.95,"lower_bound":224970463.16666666,"upper_bound":225309728.33333334},"point_estimate":225086466.5,"standard_error":76435.21335126045},"median_abs_dev":{"confidence_interval":{"confidence_level":0.95,"lower_bound":31013.026249408722,"upper_bound":436652.13194784557},"point_estimate":228606.78484142563,"standard_error":113751.69542789011},"slope":null,"std_dev":{"confidence_interval":{"confidence_level":0.95,"lower_bound":119540.03216338594,"upper_bound":419634.6664460271},"point_estimate":300945.0117145259,"standard_error":84272.2512019333}}