{"mean":{"confidence_interval":{"confidence_level":0.95,"lower_bound":283882477.79875,"upper_bound":285866514.16125},"point_estimate":284944129.35,"standard_error":508839.2620269412},"median":{"confidence_interval":{"confidence_level":0.95,"lower_bound":284160895.75,"upper_bound":286399823.0},"point_estimate":284900702.0,"standard_error":631667.8781375377},"median_abs_dev":{"confidence_interval":{"confidence_level":0.95,"lower_bound":229563.18537443876,"upper_bound":2761547.7910727262},"point_estimate":1902225.0626787543,"standard_error":636878.1726714874},"slope":null,"std_dev":{"confidence_interval":{"confidence_level":0.95,"lower_bound":829470.9524789552,"upper_bound":2297050.54570265},"point_estimate":1700215.4530182355,"standard_error":417892.6232482101}}