{"mean":{"confidence_interval":{"confidence_level":0.95,"lower_bound":0.00034610107419199583,"upper_bound":0.004056723169587006},"point_estimate":0.002313480960193015,"standard_error":0.0009490306413278317},"median":{"confidence_interval":{"confidence_level":0.95,"lower_bound":0.0003420005124887826,"upper_bound":0.004450842454375881},"point_estimate":0.0017879060763952292,"standard_error":0.001102284678030437}}