{"mean":{"confidence_interval":{"confidence_level":0.95,"lower_bound":-0.025300274451159427,"upper_bound":-0.02123270402254361},"point_estimate":-0.023451414085190803,"standard_error":0.0010450491369816738},"median":{"confidence_interval":{"confidence_level":0.95,"lower_bound":-0.025570745115272464,"upper_bound":-0.02229782267090763},"point_estimate":-0.023936217552931516,"standard_error":0.0008888403040002099}}