{"mean":{"confidence_interval":{"confidence_level":0.95,"lower_bound":0.02092073128153085,"upper_bound":0.0382965263678706},"point_estimate":0.029641621853229605,"standard_error":0.004435835468838035},"median":{"confidence_interval":{"confidence_level":0.95,"lower_bound":0.019319417320213805,"upper_bound":0.04480538349049712},"point_estimate":0.032508857945711345,"standard_error":0.006512755362795102}}