{"mean":{"confidence_interval":{"confidence_level":0.95,"lower_bound":361215378.45,"upper_bound":363845292.82125},"point_estimate":362733794.3,"standard_error":685102.0583152602},"median":{"confidence_interval":{"confidence_level":0.95,"lower_bound":362026815.5,"upper_bound":363903307.0},"point_estimate":363269975.0,"standard_error":444518.5123953207},"median_abs_dev":{"confidence_interval":{"confidence_level":0.95,"lower_bound":56218.70840191841,"upper_bound":2744990.485216677},"point_estimate":755108.5523441434,"standard_error":657923.1984391942},"slope":null,"std_dev":{"confidence_interval":{"confidence_level":0.95,"lower_bound":505323.45963776286,"upper_bound":3312826.6234619995},"point_estimate":2282435.5291611706,"standard_error":812377.2068826249}}