{"mean":{"confidence_interval":{"confidence_level":0.95,"lower_bound":0.054837502946156955,"upper_bound":0.08075457044804657},"point_estimate":0.06716553191558905,"standard_error":0.006929595757612311},"median":{"confidence_interval":{"confidence_level":0.95,"lower_bound":0.052182899039507236,"upper_bound":0.08943029266443481},"point_estimate":0.05989829584491346,"standard_error":0.009081736414461038}}