{"mean":{"confidence_interval":{"confidence_level":0.95,"lower_bound":962162899.3,"upper_bound":966450296.4549999},"point_estimate":964496022.4,"standard_error":1103700.5975412265},"median":{"confidence_interval":{"confidence_level":0.95,"lower_bound":961910411.0,"upper_bound":967105127.0},"point_estimate":965609644.0,"standard_error":1149151.5120503064},"median_abs_dev":{"confidence_interval":{"confidence_level":0.95,"lower_bound":240885.43072342873,"upper_bound":5523559.598872151},"point_estimate":2319405.344322324,"standard_error":1386750.5754063},"slope":null,"std_dev":{"confidence_interval":{"confidence_level":0.95,"lower_bound":1492439.2634626005,"upper_bound":5056149.037664342},"point_estimate":3686142.679966122,"standard_error":998914.3848065255}}