{"mean":{"confidence_interval":{"confidence_level":0.95,"lower_bound":531792017.57875,"upper_bound":637733965.6},"point_estimate":582459769.4,"standard_error":27356625.117554},"median":{"confidence_interval":{"confidence_level":0.95,"lower_bound":511771573.75,"upper_bound":698874354.0},"point_estimate":539567014.5,"standard_error":48005579.482467145},"median_abs_dev":{"confidence_interval":{"confidence_level":0.95,"lower_bound":7202698.251226544,"upper_bound":141541759.04378146},"point_estimate":73047606.18739575,"standard_error":37345216.93929383},"slope":null,"std_dev":{"confidence_interval":{"confidence_level":0.95,"lower_bound":44894763.606116116,"upper_bound":105002555.58882093},"point_estimate":91012819.73125309,"standard_error":14137242.874774974}}