{"mean":{"confidence_interval":{"confidence_level":0.95,"lower_bound":-0.3999683078516695,"upper_bound":-0.3724801761946486},"point_estimate":-0.3855371747367019,"standard_error":0.007079504102396233},"median":{"confidence_interval":{"confidence_level":0.95,"lower_bound":-0.40116507557471814,"upper_bound":-0.36568143970059386},"point_estimate":-0.3819078039848304,"standard_error":0.00896784254782003}}