{"mean":{"confidence_interval":{"confidence_level":0.95,"lower_bound":-0.03654512248684259,"upper_bound":-0.025900770577079475},"point_estimate":-0.031357155167943906,"standard_error":0.002720661727647534},"median":{"confidence_interval":{"confidence_level":0.95,"lower_bound":-0.03972348331523734,"upper_bound":-0.02234132406365663},"point_estimate":-0.03203697025494401,"standard_error":0.004033904708461085}}