{"mean":{"confidence_interval":{"confidence_level":0.95,"lower_bound":-0.021385242518174856,"upper_bound":-0.01959567635404374},"point_estimate":-0.02051714254159709,"standard_error":0.0004559344203788345},"median":{"confidence_interval":{"confidence_level":0.95,"lower_bound":-0.021803897826308538,"upper_bound":-0.01915004117513519},"point_estimate":-0.020512621290334376,"standard_error":0.000677102492765591}}