{"mean":{"confidence_interval":{"confidence_level":0.95,"lower_bound":0.03482095633209685,"upper_bound":0.03966580726493124},"point_estimate":0.03724301433135491,"standard_error":0.0012370370649858117},"median":{"confidence_interval":{"confidence_level":0.95,"lower_bound":0.03342239328230456,"upper_bound":0.040162532091709835},"point_estimate":0.0376459815050183,"standard_error":0.0018043437020728746}}