{"mean":{"confidence_interval":{"confidence_level":0.95,"lower_bound":-0.0033075668280689863,"upper_bound":0.006498761156714916},"point_estimate":0.001481225686945642,"standard_error":0.0025114242137514505},"median":{"confidence_interval":{"confidence_level":0.95,"lower_bound":-0.005456246423009348,"upper_bound":0.007729554692713858},"point_estimate":-0.0019030695684187915,"standard_error":0.0033221482034208306}}