{"mean":{"confidence_interval":{"confidence_level":0.95,"lower_bound":736255604.5,"upper_bound":738815502.3725},"point_estimate":737404853.8,"standard_error":659621.2433334446},"median":{"confidence_interval":{"confidence_level":0.95,"lower_bound":735841361.0,"upper_bound":738918265.5},"point_estimate":736991495.5,"standard_error":639853.1636940805},"median_abs_dev":{"confidence_interval":{"confidence_level":0.95,"lower_bound":143214.70965743065,"upper_bound":2779560.6394529343},"point_estimate":1430749.7460991144,"standard_error":749389.4846876418},"slope":null,"std_dev":{"confidence_interval":{"confidence_level":0.95,"lower_bound":674781.573282265,"upper_bound":2859236.148558321},"point_estimate":2192377.416867249,"standard_error":582687.2949957541}}