{"mean":{"confidence_interval":{"confidence_level":0.95,"lower_bound":1393526060.3674998,"upper_bound":1406811247.1225},"point_estimate":1398385671.3,"standard_error":3858888.660343151},"median":{"confidence_interval":{"confidence_level":0.95,"lower_bound":1392601785.0,"upper_bound":1396523444.0},"point_estimate":1394810221.0,"standard_error":1363595.0931933322},"median_abs_dev":{"confidence_interval":{"confidence_level":0.95,"lower_bound":500564.29871320724,"upper_bound":4598924.3015527725},"point_estimate":2573866.9430047274,"standard_error":1440529.935283586},"slope":null,"std_dev":{"confidence_interval":{"confidence_level":0.95,"lower_bound":1345760.3861455882,"upper_bound":19736098.698912624},"point_estimate":12823910.84335924,"standard_error":6539715.373738602}}