{"mean":{"confidence_interval":{"confidence_level":0.95,"lower_bound":292255719.965,"upper_bound":293240965.65124995},"point_estimate":292715853.35,"standard_error":253845.88069435462},"median":{"confidence_interval":{"confidence_level":0.95,"lower_bound":292133038.25,"upper_bound":293205740.5},"point_estimate":292582671.5,"standard_error":224545.7584718269},"median_abs_dev":{"confidence_interval":{"confidence_level":0.95,"lower_bound":53183.82625579834,"upper_bound":1418163.9549225569},"point_estimate":536880.2144184709,"standard_error":358129.026348581},"slope":null,"std_dev":{"confidence_interval":{"confidence_level":0.95,"lower_bound":346248.4937055459,"upper_bound":1115879.6513962876},"point_estimate":844967.7513680314,"standard_error":203261.42342775033}}