{"mean":{"confidence_interval":{"confidence_level":0.95,"lower_bound":885336151.7,"upper_bound":895235505.735},"point_estimate":890247340.8,"standard_error":2527698.508881119},"median":{"confidence_interval":{"confidence_level":0.95,"lower_bound":885793004.0,"upper_bound":895559119.0},"point_estimate":889739157.5,"standard_error":2222554.302694806},"median_abs_dev":{"confidence_interval":{"confidence_level":0.95,"lower_bound":831136.6496443748,"upper_bound":14786324.620190263},"point_estimate":5745237.9840016365,"standard_error":3695341.5113181984},"slope":null,"std_dev":{"confidence_interval":{"confidence_level":0.95,"lower_bound":3791925.1580763757,"upper_bound":11163329.029421857},"point_estimate":8380946.376041297,"standard_error":1860373.2196379951}}