{"mean":{"confidence_interval":{"confidence_level":0.95,"lower_bound":376082283.05,"upper_bound":380337408.69},"point_estimate":378156727.15,"standard_error":1091316.719311722},"median":{"confidence_interval":{"confidence_level":0.95,"lower_bound":375470403.0,"upper_bound":381971138.75},"point_estimate":376194093.0,"standard_error":2162533.5164621808},"median_abs_dev":{"confidence_interval":{"confidence_level":0.95,"lower_bound":246026.71678215265,"upper_bound":5430734.792885184},"point_estimate":2618662.2186094522,"standard_error":1520122.1130241018},"slope":null,"std_dev":{"confidence_interval":{"confidence_level":0.95,"lower_bound":2221724.9157126867,"upper_bound":4134334.910329818},"point_estimate":3620595.940525261,"standard_error":476437.9941569747}}