{"mean":{"confidence_interval":{"confidence_level":0.95,"lower_bound":-0.02281906663921935,"upper_bound":-0.016746172238024274},"point_estimate":-0.01952386316178578,"standard_error":0.0015607626239338237},"median":{"confidence_interval":{"confidence_level":0.95,"lower_bound":-0.021205846932531358,"upper_bound":-0.015445551788578316},"point_estimate":-0.017141828081520538,"standard_error":0.001485226958718966}}