{"mean":{"confidence_interval":{"confidence_level":0.95,"lower_bound":-0.01184931252082407,"upper_bound":-0.000388924042625456},"point_estimate":-0.006192518659483226,"standard_error":0.002924764961616244},"median":{"confidence_interval":{"confidence_level":0.95,"lower_bound":-0.01361524623683441,"upper_bound":0.0025424008555179345},"point_estimate":-0.006202139270394702,"standard_error":0.003825408851613997}}