{"mean":{"confidence_interval":{"confidence_level":0.95,"lower_bound":823204332.7,"upper_bound":824892058.5749999},"point_estimate":824055096.1,"standard_error":430943.173582166},"median":{"confidence_interval":{"confidence_level":0.95,"lower_bound":822929150.0,"upper_bound":825230699.0},"point_estimate":824282155.5,"standard_error":480178.3534290736},"median_abs_dev":{"confidence_interval":{"confidence_level":0.95,"lower_bound":120997.949051857,"upper_bound":2506211.4584058523},"point_estimate":1405832.4296414852,"standard_error":728366.0510357097},"slope":null,"std_dev":{"confidence_interval":{"confidence_level":0.95,"lower_bound":747926.128292013,"upper_bound":1850658.2589013383},"point_estimate":1431824.8152683773,"standard_error":282680.47557137045}}