{"mean":{"confidence_interval":{"confidence_level":0.95,"lower_bound":-0.0026540995672993417,"upper_bound":0.004366868867926225},"point_estimate":0.0010172252745068722,"standard_error":0.0018053781154201756},"median":{"confidence_interval":{"confidence_level":0.95,"lower_bound":-0.004586059570237833,"upper_bound":0.006688799453376859},"point_estimate":0.002549512992530145,"standard_error":0.002808038774944175}}