{"mean":{"confidence_interval":{"confidence_level":0.95,"lower_bound":185499982.13333333,"upper_bound":185751176.43333334},"point_estimate":185629288.26666668,"standard_error":64458.29435900315},"median":{"confidence_interval":{"confidence_level":0.95,"lower_bound":185433223.6666667,"upper_bound":185837214.0},"point_estimate":185622879.5,"standard_error":95112.2546706616},"median_abs_dev":{"confidence_interval":{"confidence_level":0.95,"lower_bound":41994.39715444305,"upper_bound":393659.6979111359},"point_estimate":270963.6776894331,"standard_error":98328.42451350053},"slope":null,"std_dev":{"confidence_interval":{"confidence_level":0.95,"lower_bound":122455.1890493722,"upper_bound":262750.44139374094},"point_estimate":214994.85689523543,"standard_error":36013.470548306206}}