{"mean":{"confidence_interval":{"confidence_level":0.95,"lower_bound":0.0013409695236121623,"upper_bound":0.005341561963013719},"point_estimate":0.0033212217411802136,"standard_error":0.0010158019741157546},"median":{"confidence_interval":{"confidence_level":0.95,"lower_bound":0.00019948694685245627,"upper_bound":0.0068108598467480075},"point_estimate":0.003547632135476597,"standard_error":0.0015434638460569967}}