{"mean":{"confidence_interval":{"confidence_level":0.95,"lower_bound":-0.032461856700107414,"upper_bound":-0.023766939294043797},"point_estimate":-0.028315984077124212,"standard_error":0.002228786580900428},"median":{"confidence_interval":{"confidence_level":0.95,"lower_bound":-0.03506811548108035,"upper_bound":-0.02083257264215721},"point_estimate":-0.03233963017704866,"standard_error":0.003732841558497524}}