{"mean":{"confidence_interval":{"confidence_level":0.95,"lower_bound":312887695.17125,"upper_bound":315622351.8},"point_estimate":314165908.15,"standard_error":706105.6804943975},"median":{"confidence_interval":{"confidence_level":0.95,"lower_bound":312413380.25,"upper_bound":316880084.0},"point_estimate":313244552.25,"standard_error":1083653.7302082342},"median_abs_dev":{"confidence_interval":{"confidence_level":0.95,"lower_bound":146322.23920226097,"upper_bound":3739177.920216322},"point_estimate":1274060.7972308993,"standard_error":892912.9623706964},"slope":null,"std_dev":{"confidence_interval":{"confidence_level":0.95,"lower_bound":664002.7651641624,"upper_bound":2760842.4012803175},"point_estimate":2352222.4960182286,"standard_error":436664.7395440931}}