{"mean":{"confidence_interval":{"confidence_level":0.95,"lower_bound":1040139424.5500001,"upper_bound":1046960202.78},"point_estimate":1043172276.8,"standard_error":1757529.7181489747},"median":{"confidence_interval":{"confidence_level":0.95,"lower_bound":1039095354.0,"upper_bound":1045261296.5},"point_estimate":1042192554.0,"standard_error":1444446.2274493726},"median_abs_dev":{"confidence_interval":{"confidence_level":0.95,"lower_bound":611891.9894367456,"upper_bound":7849761.21853888},"point_estimate":4052131.053060293,"standard_error":1716436.3103833045},"slope":null,"std_dev":{"confidence_interval":{"confidence_level":0.95,"lower_bound":2104067.6243078946,"upper_bound":8335706.201079693},"point_estimate":5853419.760087048,"standard_error":1821970.3827082682}}