{"mean":{"confidence_interval":{"confidence_level":0.95,"lower_bound":841790070.4,"upper_bound":847408456.6},"point_estimate":844463598.2,"standard_error":1434958.3361378945},"median":{"confidence_interval":{"confidence_level":0.95,"lower_bound":840007477.0,"upper_bound":848867568.0},"point_estimate":844311352.0,"standard_error":1950546.124455593},"median_abs_dev":{"confidence_interval":{"confidence_level":0.95,"lower_bound":490737.62608766556,"upper_bound":8902539.151248336},"point_estimate":5256799.870473146,"standard_error":2244480.5672600856},"slope":null,"std_dev":{"confidence_interval":{"confidence_level":0.95,"lower_bound":2430639.7926288447,"upper_bound":5919936.014335851},"point_estimate":4782752.454687637,"standard_error":901137.5395613052}}