{"mean":{"confidence_interval":{"confidence_level":0.95,"lower_bound":1033563401.4,"upper_bound":1036394990.7825},"point_estimate":1034977684.0,"standard_error":726628.1620314866},"median":{"confidence_interval":{"confidence_level":0.95,"lower_bound":1032950161.0,"upper_bound":1037718372.0},"point_estimate":1034830246.5,"standard_error":1156283.4511509119},"median_abs_dev":{"confidence_interval":{"confidence_level":0.95,"lower_bound":345790.4983609915,"upper_bound":4364674.988311529},"point_estimate":3534674.751546979,"standard_error":1034594.1015125513},"slope":null,"std_dev":{"confidence_interval":{"confidence_level":0.95,"lower_bound":1504895.3272452208,"upper_bound":2895218.5016559055},"point_estimate":2425629.1455708286,"standard_error":354073.18848057435}}