{"mean":{"confidence_interval":{"confidence_level":0.95,"lower_bound":565138076.5,"upper_bound":566950124.3},"point_estimate":565934459.9,"standard_error":468588.6676771272},"median":{"confidence_interval":{"confidence_level":0.95,"lower_bound":564851419.0,"upper_bound":566878383.0},"point_estimate":565330942.5,"standard_error":514092.37847579585},"median_abs_dev":{"confidence_interval":{"confidence_level":0.95,"lower_bound":221237.27457225323,"upper_bound":2276757.6147794724},"point_estimate":934440.5093103647,"standard_error":512929.1911702737},"slope":null,"std_dev":{"confidence_interval":{"confidence_level":0.95,"lower_bound":571698.2263466609,"upper_bound":2207905.681480884},"point_estimate":1567677.570793706,"standard_error":476637.16804768704}}