{"mean":{"confidence_interval":{"confidence_level":0.95,"lower_bound":-0.013880882069826924,"upper_bound":-0.004853497869985358},"point_estimate":-0.009381730066895244,"standard_error":0.0023296081762162},"median":{"confidence_interval":{"confidence_level":0.95,"lower_bound":-0.01679884598171011,"upper_bound":-0.002400592006231994},"point_estimate":-0.012467674646026716,"standard_error":0.0038568625320631526}}