{"mean":{"confidence_interval":{"confidence_level":0.95,"lower_bound":1.5969079011487028,"upper_bound":2.048410321129167},"point_estimate":1.8547165573342936,"standard_error":0.11868465686413163},"median":{"confidence_interval":{"confidence_level":0.95,"lower_bound":1.7168075970227323,"upper_bound":2.0879177453569886},"point_estimate":1.9246834953932774,"standard_error":0.08807524206583614}}