{"mean":{"confidence_interval":{"confidence_level":0.95,"lower_bound":0.03456621419414768,"upper_bound":0.039436802759117394},"point_estimate":0.03683941759019249,"standard_error":0.001250919329149644},"median":{"confidence_interval":{"confidence_level":0.95,"lower_bound":0.03252824044179792,"upper_bound":0.04096224924709957},"point_estimate":0.03540662316859389,"standard_error":0.0023244395702151747}}