{"mean":{"confidence_interval":{"confidence_level":0.95,"lower_bound":842792184.9725,"upper_bound":863272480.7},"point_estimate":851278395.6,"standard_error":5387800.085019984},"median":{"confidence_interval":{"confidence_level":0.95,"lower_bound":839935294.0,"upper_bound":855667545.0},"point_estimate":844856020.0,"standard_error":4532639.327697727},"median_abs_dev":{"confidence_interval":{"confidence_level":0.95,"lower_bound":1047948.3632951975,"upper_bound":18630775.29283762},"point_estimate":11849804.82802391,"standard_error":4494918.929582455},"slope":null,"std_dev":{"confidence_interval":{"confidence_level":0.95,"lower_bound":5315708.667113494,"upper_bound":26699008.0254253},"point_estimate":18001943.016626757,"standard_error":6874084.724249499}}