{"mean":{"confidence_interval":{"confidence_level":0.95,"lower_bound":-0.011780725734497595,"upper_bound":0.000708497950142238},"point_estimate":-0.006124388689123017,"standard_error":0.0031188479465569553},"median":{"confidence_interval":{"confidence_level":0.95,"lower_bound":-0.013058672083932632,"upper_bound":-0.0019977502303394346},"point_estimate":-0.008837010224288844,"standard_error":0.002677081640016475}}