{"mean":{"confidence_interval":{"confidence_level":0.95,"lower_bound":822870707.3125,"upper_bound":836208811.2425},"point_estimate":829589980.7,"standard_error":3431969.2319992143},"median":{"confidence_interval":{"confidence_level":0.95,"lower_bound":816091243.0,"upper_bound":840370865.0},"point_estimate":830390040.0,"standard_error":6439887.770549658},"median_abs_dev":{"confidence_interval":{"confidence_level":0.95,"lower_bound":1260588.7819200754,"upper_bound":18090570.718628168},"point_estimate":15370023.488527536,"standard_error":4658960.42692817},"slope":null,"std_dev":{"confidence_interval":{"confidence_level":0.95,"lower_bound":7295438.82774754,"upper_bound":13201161.692366973},"point_estimate":11404519.491407664,"standard_error":1493782.5421972056}}