{"mean":{"confidence_interval":{"confidence_level":0.95,"lower_bound":-0.0033283175908951023,"upper_bound":0.0035986783467138904},"point_estimate":0.00005575067413854384,"standard_error":0.001771563487470995},"median":{"confidence_interval":{"confidence_level":0.95,"lower_bound":-0.0059495284020019135,"upper_bound":0.003849184883822465},"point_estimate":0.00027505299196439736,"standard_error":0.002866697665637229}}