{"mean":{"confidence_interval":{"confidence_level":0.95,"lower_bound":-0.019070434156303582,"upper_bound":-0.014955966939186244},"point_estimate":-0.016967980923259574,"standard_error":0.0010466213646225732},"median":{"confidence_interval":{"confidence_level":0.95,"lower_bound":-0.018971647376526124,"upper_bound":-0.014372623681849661},"point_estimate":-0.015833627521819604,"standard_error":0.0011692069223567501}}