{"mean":{"confidence_interval":{"confidence_level":0.95,"lower_bound":-0.025054881183891452,"upper_bound":-0.02065819582314313},"point_estimate":-0.022941949680266638,"standard_error":0.0011267725768655402},"median":{"confidence_interval":{"confidence_level":0.95,"lower_bound":-0.025907430733086545,"upper_bound":-0.01960978943509062},"point_estimate":-0.023017569886618072,"standard_error":0.0017800568872003816}}