{"mean":{"confidence_interval":{"confidence_level":0.95,"lower_bound":705811452.1,"upper_bound":715522659.235},"point_estimate":710946422.0,"standard_error":2487218.70779021},"median":{"confidence_interval":{"confidence_level":0.95,"lower_bound":703359155.0,"upper_bound":717741565.5},"point_estimate":713388651.5,"standard_error":3942357.928148815},"median_abs_dev":{"confidence_interval":{"confidence_level":0.95,"lower_bound":894474.061819911,"upper_bound":14307091.228598356},"point_estimate":7453881.821367145,"standard_error":4094285.9893241604},"slope":null,"std_dev":{"confidence_interval":{"confidence_level":0.95,"lower_bound":4089392.3584040897,"upper_bound":10093449.559992949},"point_estimate":8274121.500126551,"standard_error":1546884.2672756587}}