{"mean":{"confidence_interval":{"confidence_level":0.95,"lower_bound":-0.039690367762081895,"upper_bound":-0.029459040803730758},"point_estimate":-0.03471772581023036,"standard_error":0.0026071288886425834},"median":{"confidence_interval":{"confidence_level":0.95,"lower_bound":-0.04242197448170992,"upper_bound":-0.02844029730388553},"point_estimate":-0.03715436797098326,"standard_error":0.003387480580581062}}