{"mean":{"confidence_interval":{"confidence_level":0.95,"lower_bound":1176431320.3625002,"upper_bound":1180963901.9375},"point_estimate":1178711166.9,"standard_error":1165111.9574756913},"median":{"confidence_interval":{"confidence_level":0.95,"lower_bound":1175104714.0,"upper_bound":1182611520.0},"point_estimate":1178731080.0,"standard_error":2048652.2839409807},"median_abs_dev":{"confidence_interval":{"confidence_level":0.95,"lower_bound":934064.6702170372,"upper_bound":6341645.699313283},"point_estimate":5564795.1890051365,"standard_error":1421979.3381481634},"slope":null,"std_dev":{"confidence_interval":{"confidence_level":0.95,"lower_bound":2482990.098744351,"upper_bound":4593958.067470911},"point_estimate":3884321.3522934723,"standard_error":538599.3627168171}}