{"mean":{"confidence_interval":{"confidence_level":0.95,"lower_bound":1161913944.6,"upper_bound":1163980996.2},"point_estimate":1162925433.1,"standard_error":531004.0388354042},"median":{"confidence_interval":{"confidence_level":0.95,"lower_bound":1161162067.0,"upper_bound":1164485466.0},"point_estimate":1162904791.0,"standard_error":1007375.298887824},"median_abs_dev":{"confidence_interval":{"confidence_level":0.95,"lower_bound":97090.28317630291,"upper_bound":2938574.675729871},"point_estimate":2345169.2253649235,"standard_error":818863.1468014276},"slope":null,"std_dev":{"confidence_interval":{"confidence_level":0.95,"lower_bound":1130513.649356269,"upper_bound":2107758.7259699344},"point_estimate":1771511.2601220491,"standard_error":252622.01283808338}}