{"mean":{"confidence_interval":{"confidence_level":0.95,"lower_bound":-0.0017980969057927142,"upper_bound":0.002752746501898073},"point_estimate":0.0003788452455582014,"standard_error":0.0011678657200004628},"median":{"confidence_interval":{"confidence_level":0.95,"lower_bound":-0.002503797848779854,"upper_bound":0.003464110666766107},"point_estimate":-0.0006984775396015053,"standard_error":0.001353186609393177}}