{"mean":{"confidence_interval":{"confidence_level":0.95,"lower_bound":531603476.2,"upper_bound":535748606.85749996},"point_estimate":533582235.2,"standard_error":1062453.208430663},"median":{"confidence_interval":{"confidence_level":0.95,"lower_bound":530538755.0,"upper_bound":537869392.0},"point_estimate":532524535.0,"standard_error":1656759.7077774836},"median_abs_dev":{"confidence_interval":{"confidence_level":0.95,"lower_bound":478443.9071059227,"upper_bound":5445534.105822444},"point_estimate":3178362.2411727905,"standard_error":1327321.441699171},"slope":null,"std_dev":{"confidence_interval":{"confidence_level":0.95,"lower_bound":1528154.309134403,"upper_bound":4203759.362513224},"point_estimate":3542693.929154253,"standard_error":595700.1722714525}}