{"mean":{"confidence_interval":{"confidence_level":0.95,"lower_bound":0.02581090249467723,"upper_bound":0.04431255325095701},"point_estimate":0.035465371678499835,"standard_error":0.004721548960283277},"median":{"confidence_interval":{"confidence_level":0.95,"lower_bound":0.02611765971508179,"upper_bound":0.04815125126444597},"point_estimate":0.04272536547308525,"standard_error":0.005663954178995427}}