{"mean":{"confidence_interval":{"confidence_level":0.95,"lower_bound":0.02899464791730759,"upper_bound":0.040038367959715916},"point_estimate":0.03415749744995744,"standard_error":0.0028308648952393703},"median":{"confidence_interval":{"confidence_level":0.95,"lower_bound":0.026476118871483267,"upper_bound":0.042132325261170944},"point_estimate":0.03240989885376,"standard_error":0.003936415930587578}}