{"mean":{"confidence_interval":{"confidence_level":0.95,"lower_bound":539237988.4,"upper_bound":540102292.3},"point_estimate":539658764.6,"standard_error":221367.84316520212},"median":{"confidence_interval":{"confidence_level":0.95,"lower_bound":538854170.0,"upper_bound":540240524.5},"point_estimate":539675838.5,"standard_error":309435.77672493487},"median_abs_dev":{"confidence_interval":{"confidence_level":0.95,"lower_bound":59821.42633795738,"upper_bound":1351790.178000927},"point_estimate":850325.9411036968,"standard_error":347083.1432752698},"slope":null,"std_dev":{"confidence_interval":{"confidence_level":0.95,"lower_bound":424261.97762056056,"upper_bound":920743.8113375746},"point_estimate":738504.1935092253,"standard_error":128644.80313346405}}