{"mean":{"confidence_interval":{"confidence_level":0.95,"lower_bound":0.01988966142699961,"upper_bound":0.03052858620950134},"point_estimate":0.025313251846953877,"standard_error":0.002701324040299851},"median":{"confidence_interval":{"confidence_level":0.95,"lower_bound":0.01688814550517037,"upper_bound":0.03315949028295728},"point_estimate":0.026571834153855445,"standard_error":0.005345104704492523}}