{"mean":{"confidence_interval":{"confidence_level":0.95,"lower_bound":291202050.21625,"upper_bound":292016395.34875},"point_estimate":291619201.15,"standard_error":208088.39785209234},"median":{"confidence_interval":{"confidence_level":0.95,"lower_bound":291125607.75,"upper_bound":292266938.5},"point_estimate":291663048.0,"standard_error":271422.95020175294},"median_abs_dev":{"confidence_interval":{"confidence_level":0.95,"lower_bound":179174.43071901798,"upper_bound":1156441.6935190558},"point_estimate":780934.3319356441,"standard_error":265664.1175361588},"slope":null,"std_dev":{"confidence_interval":{"confidence_level":0.95,"lower_bound":382352.71379492944,"upper_bound":871856.1363068003},"point_estimate":690425.5615042415,"standard_error":127069.80759997995}}