{"mean":{"confidence_interval":{"confidence_level":0.95,"lower_bound":-0.018822070645647542,"upper_bound":-0.01459399942632273},"point_estimate":-0.01673319404321505,"standard_error":0.0010782937653519354},"median":{"confidence_interval":{"confidence_level":0.95,"lower_bound":-0.020558006222357927,"upper_bound":-0.014611496366468524},"point_estimate":-0.017226230943719445,"standard_error":0.0012662875017566627}}