{"mean":{"confidence_interval":{"confidence_level":0.95,"lower_bound":-0.015615512536058715,"upper_bound":-0.00908179769116114},"point_estimate":-0.012224094881617908,"standard_error":0.001669840185493626},"median":{"confidence_interval":{"confidence_level":0.95,"lower_bound":-0.014486095090081363,"upper_bound":-0.008968039520949822},"point_estimate":-0.010471144643081742,"standard_error":0.0014328633622741535}}