{"mean":{"confidence_interval":{"confidence_level":0.95,"lower_bound":466901430.28625,"upper_bound":483593045.99749994},"point_estimate":474348782.8,"standard_error":4327842.307195474},"median":{"confidence_interval":{"confidence_level":0.95,"lower_bound":464162810.0,"upper_bound":482794347.0},"point_estimate":468909919.5,"standard_error":4454847.910501401},"median_abs_dev":{"confidence_interval":{"confidence_level":0.95,"lower_bound":1657898.888066411,"upper_bound":20105539.355005324},"point_estimate":10071824.237689376,"standard_error":4831112.951709613},"slope":null,"std_dev":{"confidence_interval":{"confidence_level":0.95,"lower_bound":4997901.883947666,"upper_bound":19806779.43644966},"point_estimate":14428718.532541048,"standard_error":4098285.682400941}}