{"mean":{"confidence_interval":{"confidence_level":0.95,"lower_bound":0.03661420335977774,"upper_bound":0.04619372004598921},"point_estimate":0.04127291940603062,"standard_error":0.002442821648482455},"median":{"confidence_interval":{"confidence_level":0.95,"lower_bound":0.03371081768970319,"upper_bound":0.04772700550097553},"point_estimate":0.039905399729686764,"standard_error":0.003668477989335418}}