{"mean":{"confidence_interval":{"confidence_level":0.95,"lower_bound":-0.02691741093466968,"upper_bound":-0.023159513307731888},"point_estimate":-0.025221338632547385,"standard_error":0.0009725999012542118},"median":{"confidence_interval":{"confidence_level":0.95,"lower_bound":-0.027813552397675356,"upper_bound":-0.02411814161541992},"point_estimate":-0.026673222523482587,"standard_error":0.0010176626559687144}}