{"mean":{"confidence_interval":{"confidence_level":0.95,"lower_bound":-0.013118654614464645,"upper_bound":-0.0006083156709507129},"point_estimate":-0.007112196498597734,"standard_error":0.0032062926766933883},"median":{"confidence_interval":{"confidence_level":0.95,"lower_bound":-0.017262971897055945,"upper_bound":0.004871308500930205},"point_estimate":-0.01129733177190062,"standard_error":0.005047726757646947}}