{"mean":{"confidence_interval":{"confidence_level":0.95,"lower_bound":-0.03530118576173694,"upper_bound":-0.02980023352587586},"point_estimate":-0.03228098072760999,"standard_error":0.0014178951900421454},"median":{"confidence_interval":{"confidence_level":0.95,"lower_bound":-0.03583978716796099,"upper_bound":-0.029180980200242734},"point_estimate":-0.031157567552314358,"standard_error":0.0014327761922032463}}