{"mean":{"confidence_interval":{"confidence_level":0.95,"lower_bound":-0.0018264370423377084,"upper_bound":0.00530653195268165},"point_estimate":0.002110569240836968,"standard_error":0.001824332766063627},"median":{"confidence_interval":{"confidence_level":0.95,"lower_bound":-0.00045450248934653104,"upper_bound":0.007807014427597236},"point_estimate":0.0034957613801360754,"standard_error":0.0019458205683938114}}