{"mean":{"confidence_interval":{"confidence_level":0.95,"lower_bound":-0.05290894681553784,"upper_bound":-0.03893158193001244},"point_estimate":-0.047417764352995606,"standard_error":0.0035508048917364905},"median":{"confidence_interval":{"confidence_level":0.95,"lower_bound":-0.05379466005475231,"upper_bound":-0.046154837834139206},"point_estimate":-0.050079244402711276,"standard_error":0.002087313409993945}}