{"mean":{"confidence_interval":{"confidence_level":0.95,"lower_bound":966078312.835,"upper_bound":969437552.5074999},"point_estimate":967653431.3,"standard_error":866824.0537717817},"median":{"confidence_interval":{"confidence_level":0.95,"lower_bound":966351058.5,"upper_bound":969809201.0},"point_estimate":966688454.0,"standard_error":733920.8124933844},"median_abs_dev":{"confidence_interval":{"confidence_level":0.95,"lower_bound":84935.187292099,"upper_bound":4832607.261604071},"point_estimate":1094453.8179695606,"standard_error":1220902.2278419998},"slope":null,"std_dev":{"confidence_interval":{"confidence_level":0.95,"lower_bound":685450.5152607916,"upper_bound":3799957.478437572},"point_estimate":2891436.327253293,"standard_error":720063.802538361}}