{"mean":{"confidence_interval":{"confidence_level":0.95,"lower_bound":764313859.395,"upper_bound":766145103.58},"point_estimate":765218773.2,"standard_error":469215.79535665753},"median":{"confidence_interval":{"confidence_level":0.95,"lower_bound":763589394.0,"upper_bound":766310041.0},"point_estimate":765373429.5,"standard_error":702310.2708562169},"median_abs_dev":{"confidence_interval":{"confidence_level":0.95,"lower_bound":258071.72961831093,"upper_bound":2866089.6217167377},"point_estimate":1449856.7532598972,"standard_error":655364.9580391122},"slope":null,"std_dev":{"confidence_interval":{"confidence_level":0.95,"lower_bound":926523.4585141023,"upper_bound":1960896.3083697918},"point_estimate":1559495.8951993855,"standard_error":271018.7474406951}}