{"mean":{"confidence_interval":{"confidence_level":0.95,"lower_bound":463019602.6,"upper_bound":468553215.63375},"point_estimate":465241306.9,"standard_error":1489067.1050973055},"median":{"confidence_interval":{"confidence_level":0.95,"lower_bound":463334527.5,"upper_bound":464931205.75},"point_estimate":464207028.25,"standard_error":493424.7846400082},"median_abs_dev":{"confidence_interval":{"confidence_level":0.95,"lower_bound":152750.4220381379,"upper_bound":3436929.15918231},"point_estimate":1044265.9556105733,"standard_error":847152.2335785131},"slope":null,"std_dev":{"confidence_interval":{"confidence_level":0.95,"lower_bound":575538.9695526948,"upper_bound":7542137.719893601},"point_estimate":4975644.700590746,"standard_error":2215314.3908000826}}