{"mean":{"confidence_interval":{"confidence_level":0.95,"lower_bound":0.015576221728124201,"upper_bound":0.022330428265511973},"point_estimate":0.01869170963884592,"standard_error":0.0016775258636647188},"median":{"confidence_interval":{"confidence_level":0.95,"lower_bound":0.013523112290436456,"upper_bound":0.021390476574735695},"point_estimate":0.017843317160525007,"standard_error":0.0021008563764963483}}