{"mean":{"confidence_interval":{"confidence_level":0.95,"lower_bound":0.0135524217422983,"upper_bound":0.025588328207073154},"point_estimate":0.01959202941820526,"standard_error":0.0031035042928523843},"median":{"confidence_interval":{"confidence_level":0.95,"lower_bound":0.010605252387953845,"upper_bound":0.02604141311675634},"point_estimate":0.02104828645830903,"standard_error":0.003748891693046558}}