{"mean":{"confidence_interval":{"confidence_level":0.95,"lower_bound":563106588.9275,"upper_bound":568273681.2},"point_estimate":565345770.4,"standard_error":1342910.808694361},"median":{"confidence_interval":{"confidence_level":0.95,"lower_bound":562143991.5,"upper_bound":566978755.0},"point_estimate":564044454.5,"standard_error":1417811.5806832744},"median_abs_dev":{"confidence_interval":{"confidence_level":0.95,"lower_bound":568385.0932091475,"upper_bound":5966169.842979312},"point_estimate":3363014.137494564,"standard_error":1286315.9182695043},"slope":null,"std_dev":{"confidence_interval":{"confidence_level":0.95,"lower_bound":1645271.040385706,"upper_bound":6443900.939200096},"point_estimate":4473106.616735875,"standard_error":1459308.1726391132}}