{"mean":{"confidence_interval":{"confidence_level":0.95,"lower_bound":1266041899.875,"upper_bound":1275406124.6},"point_estimate":1270140006.4,"standard_error":2431582.7423917344},"median":{"confidence_interval":{"confidence_level":0.95,"lower_bound":1264290525.0,"upper_bound":1273042454.0},"point_estimate":1267939451.5,"standard_error":2274098.3744421434},"median_abs_dev":{"confidence_interval":{"confidence_level":0.95,"lower_bound":1340092.464208603,"upper_bound":10323404.403322935},"point_estimate":5539129.1595608,"standard_error":2459947.8311087396},"slope":null,"std_dev":{"confidence_interval":{"confidence_level":0.95,"lower_bound":2623471.2353921304,"upper_bound":11489952.620388724},"point_estimate":8112613.363558013,"standard_error":2538208.2719288254}}