{"mean":{"confidence_interval":{"confidence_level":0.95,"lower_bound":680091592.095,"upper_bound":681841780.6},"point_estimate":680910022.7,"standard_error":450017.1311348316},"median":{"confidence_interval":{"confidence_level":0.95,"lower_bound":679829846.0,"upper_bound":682165051.5},"point_estimate":680400123.0,"standard_error":567195.0597017582},"median_abs_dev":{"confidence_interval":{"confidence_level":0.95,"lower_bound":94715.15801846981,"upper_bound":2464906.9644391537},"point_estimate":1007628.3157110214,"standard_error":590046.5927109683},"slope":null,"std_dev":{"confidence_interval":{"confidence_level":0.95,"lower_bound":624378.1180990213,"upper_bound":1888704.9856477948},"point_estimate":1500542.1918618507,"standard_error":320329.6430966605}}