{"mean":{"confidence_interval":{"confidence_level":0.95,"lower_bound":341099870.81125,"upper_bound":342168939.35},"point_estimate":341572838.35,"standard_error":275460.5684279216},"median":{"confidence_interval":{"confidence_level":0.95,"lower_bound":340994576.25,"upper_bound":341998199.5},"point_estimate":341209184.5,"standard_error":321138.1609508488},"median_abs_dev":{"confidence_interval":{"confidence_level":0.95,"lower_bound":75810.1551041007,"upper_bound":1315737.7944409847},"point_estimate":669165.5677199364,"standard_error":326126.17883657495},"slope":null,"std_dev":{"confidence_interval":{"confidence_level":0.95,"lower_bound":365793.8409189473,"upper_bound":1292383.5654678696},"point_estimate":916961.8372094958,"standard_error":275217.7830303812}}