{"mean":{"confidence_interval":{"confidence_level":0.95,"lower_bound":-0.04448475800134591,"upper_bound":-0.039332478835041415},"point_estimate":-0.042105058248776306,"standard_error":0.00132084132688987},"median":{"confidence_interval":{"confidence_level":0.95,"lower_bound":-0.04523035998991065,"upper_bound":-0.040383605781187715},"point_estimate":-0.04320475956762715,"standard_error":0.0013574545968572382}}