{"mean":{"confidence_interval":{"confidence_level":0.95,"lower_bound":0.00014322247578084105,"upper_bound":0.003256600160656945},"point_estimate":0.0016510010125863062,"standard_error":0.0007901220514481364},"median":{"confidence_interval":{"confidence_level":0.95,"lower_bound":0.000010508476310455706,"upper_bound":0.0028337896345400626},"point_estimate":0.0014405762135873967,"standard_error":0.000709219426110993}}