{"mean":{"confidence_interval":{"confidence_level":0.95,"lower_bound":633193804.9325,"upper_bound":640700375.7},"point_estimate":636717549.7,"standard_error":1932563.7150250815},"median":{"confidence_interval":{"confidence_level":0.95,"lower_bound":631477810.0,"upper_bound":642517869.0},"point_estimate":635174041.5,"standard_error":2606914.5857624616},"median_abs_dev":{"confidence_interval":{"confidence_level":0.95,"lower_bound":1286651.4068573713,"upper_bound":10617300.937405229},"point_estimate":6406916.421854496,"standard_error":2480011.591418512},"slope":null,"std_dev":{"confidence_interval":{"confidence_level":0.95,"lower_bound":2938776.0589757953,"upper_bound":8359582.647151885},"point_estimate":6474169.016429265,"standard_error":1384794.1478150955}}