{"mean":{"confidence_interval":{"confidence_level":0.95,"lower_bound":358748403.49875,"upper_bound":361150440.32875},"point_estimate":360017499.6,"standard_error":613471.322996499},"median":{"confidence_interval":{"confidence_level":0.95,"lower_bound":358736937.75,"upper_bound":361296855.5},"point_estimate":360430619.25,"standard_error":625651.0191179311},"median_abs_dev":{"confidence_interval":{"confidence_level":0.95,"lower_bound":66449.76017028093,"upper_bound":3415166.4448186755},"point_estimate":1604240.259169042,"standard_error":849793.1308668542},"slope":null,"std_dev":{"confidence_interval":{"confidence_level":0.95,"lower_bound":829167.8743920921,"upper_bound":2635423.1622249233},"point_estimate":2050090.7903756874,"standard_error":445861.69336604397}}