{"mean":{"confidence_interval":{"confidence_level":0.95,"lower_bound":1087486613.3475,"upper_bound":1089208968.8},"point_estimate":1088395751.4,"standard_error":442571.4759657207},"median":{"confidence_interval":{"confidence_level":0.95,"lower_bound":1087285038.0,"upper_bound":1089493849.0},"point_estimate":1088562762.5,"standard_error":447309.03607421624},"median_abs_dev":{"confidence_interval":{"confidence_level":0.95,"lower_bound":222507.12144970894,"upper_bound":2606038.621133566},"point_estimate":1006210.9501361847,"standard_error":669083.7222420741},"slope":null,"std_dev":{"confidence_interval":{"confidence_level":0.95,"lower_bound":662970.4573649401,"upper_bound":1892800.4370928043},"point_estimate":1474868.658475971,"standard_error":318577.40508382104}}