{"mean":{"confidence_interval":{"confidence_level":0.95,"lower_bound":548485040.1800001,"upper_bound":551829919.0125},"point_estimate":549850003.9,"standard_error":887426.5009098806},"median":{"confidence_interval":{"confidence_level":0.95,"lower_bound":548323695.0,"upper_bound":550115324.0},"point_estimate":549179040.5,"standard_error":536578.8139745682},"median_abs_dev":{"confidence_interval":{"confidence_level":0.95,"lower_bound":178253.73613536358,"upper_bound":2497615.343758464},"point_estimate":1274299.866476655,"standard_error":588233.8487400328},"slope":null,"std_dev":{"confidence_interval":{"confidence_level":0.95,"lower_bound":678176.4138112749,"upper_bound":4451456.390858975},"point_estimate":2968337.194257959,"standard_error":1208657.847803391}}