{"mean":{"confidence_interval":{"confidence_level":0.95,"lower_bound":0.0018165170590412896,"upper_bound":0.006004207692630365},"point_estimate":0.003951903800399226,"standard_error":0.0010728766313344764},"median":{"confidence_interval":{"confidence_level":0.95,"lower_bound":0.0013754752202974618,"upper_bound":0.007311172931570464},"point_estimate":0.005385292863901547,"standard_error":0.001640127977462195}}