{"mean":{"confidence_interval":{"confidence_level":0.95,"lower_bound":468677774.55,"upper_bound":469939403.15},"point_estimate":469266260.0,"standard_error":323934.8090632581},"median":{"confidence_interval":{"confidence_level":0.95,"lower_bound":468678846.75,"upper_bound":470072404.0},"point_estimate":468934072.75,"standard_error":343822.63925094384},"median_abs_dev":{"confidence_interval":{"confidence_level":0.95,"lower_bound":140226.15876048803,"upper_bound":1827916.0400480032},"point_estimate":435766.8962135911,"standard_error":482504.43085146364},"slope":null,"std_dev":{"confidence_interval":{"confidence_level":0.95,"lower_bound":439913.28009642556,"upper_bound":1440326.1188577602},"point_estimate":1076329.2425309892,"standard_error":263208.8807105414}}