{"mean":{"confidence_interval":{"confidence_level":0.95,"lower_bound":0.006892696317987929,"upper_bound":0.017228986282632287},"point_estimate":0.011335337120899514,"standard_error":0.0027317818560712546},"median":{"confidence_interval":{"confidence_level":0.95,"lower_bound":0.0052406188051854485,"upper_bound":0.014859127097971214},"point_estimate":0.009453576862732627,"standard_error":0.0025063648025763995}}