{"mean":{"confidence_interval":{"confidence_level":0.95,"lower_bound":834535743.485,"upper_bound":844759228.6},"point_estimate":838656984.9,"standard_error":2744133.270120534},"median":{"confidence_interval":{"confidence_level":0.95,"lower_bound":833290231.0,"upper_bound":839858684.0},"point_estimate":835722282.0,"standard_error":2186187.1617016634},"median_abs_dev":{"confidence_interval":{"confidence_level":0.95,"lower_bound":441899.30035471916,"upper_bound":8391686.350017786},"point_estimate":3849455.188858509,"standard_error":2195555.777638932},"slope":null,"std_dev":{"confidence_interval":{"confidence_level":0.95,"lower_bound":2256278.4936869107,"upper_bound":13789588.273567839},"point_estimate":9157537.640957547,"standard_error":3782912.0588421146}}