{"mean":{"confidence_interval":{"confidence_level":0.95,"lower_bound":463026147.5,"upper_bound":468763609.1575},"point_estimate":465763010.0,"standard_error":1469426.642146809},"median":{"confidence_interval":{"confidence_level":0.95,"lower_bound":461818697.0,"upper_bound":471042896.5},"point_estimate":463121231.75,"standard_error":2693178.809876293},"median_abs_dev":{"confidence_interval":{"confidence_level":0.95,"lower_bound":580102.0808011293,"upper_bound":7625585.060168803},"point_estimate":2997146.270290017,"standard_error":2126878.871063751},"slope":null,"std_dev":{"confidence_interval":{"confidence_level":0.95,"lower_bound":2853348.2987190196,"upper_bound":5783296.523545358},"point_estimate":4911787.790437906,"standard_error":771022.6677324084}}