{"mean":{"confidence_interval":{"confidence_level":0.95,"lower_bound":-0.011211022481512683,"upper_bound":-0.003643604050449004},"point_estimate":-0.0074521025866531865,"standard_error":0.0019381759977328454},"median":{"confidence_interval":{"confidence_level":0.95,"lower_bound":-0.014198545038374144,"upper_bound":-0.0010670730775607096},"point_estimate":-0.00783507253632132,"standard_error":0.0029187197094297282}}