{"mean":{"confidence_interval":{"confidence_level":0.95,"lower_bound":335959433.95,"upper_bound":336757618.7},"point_estimate":336408402.25,"standard_error":206650.4675957826},"median":{"confidence_interval":{"confidence_level":0.95,"lower_bound":336097307.5,"upper_bound":336839302.25},"point_estimate":336704020.25,"standard_error":206107.67753820313},"median_abs_dev":{"confidence_interval":{"confidence_level":0.95,"lower_bound":53372.85775244236,"upper_bound":946141.1883026361},"point_estimate":229120.6292822957,"standard_error":235385.25600939497},"slope":null,"std_dev":{"confidence_interval":{"confidence_level":0.95,"lower_bound":145742.6034759572,"upper_bound":960647.1820718471},"point_estimate":687852.9652408464,"standard_error":212410.06416275984}}