{"mean":{"confidence_interval":{"confidence_level":0.95,"lower_bound":400487934.75625,"upper_bound":401827765.50625},"point_estimate":401145921.5,"standard_error":341754.885372192},"median":{"confidence_interval":{"confidence_level":0.95,"lower_bound":400409093.5,"upper_bound":401935723.0},"point_estimate":400952479.5,"standard_error":470808.0336839081},"median_abs_dev":{"confidence_interval":{"confidence_level":0.95,"lower_bound":212010.68428605795,"upper_bound":1930950.8078187704},"point_estimate":1098825.263991952,"standard_error":445889.3485326517},"slope":null,"std_dev":{"confidence_interval":{"confidence_level":0.95,"lower_bound":613206.023059661,"upper_bound":1480244.186798754},"point_estimate":1140403.1708392529,"standard_error":226941.05174109808}}