{"mean":{"confidence_interval":{"confidence_level":0.95,"lower_bound":-0.012393111322360498,"upper_bound":-0.0035589194028648637},"point_estimate":-0.008022543564382145,"standard_error":0.0022809328163186917},"median":{"confidence_interval":{"confidence_level":0.95,"lower_bound":-0.013374393352132197,"upper_bound":-0.001177572856173592},"point_estimate":-0.00829279161851626,"standard_error":0.0032125801541079964}}