{"mean":{"confidence_interval":{"confidence_level":0.95,"lower_bound":0.015646268637330724,"upper_bound":0.02707909782128112},"point_estimate":0.020930521153167847,"standard_error":0.002924716279410145},"median":{"confidence_interval":{"confidence_level":0.95,"lower_bound":0.013813303907129981,"upper_bound":0.025233080648114026},"point_estimate":0.021875338240345377,"standard_error":0.0031641526228903074}}