{"mean":{"confidence_interval":{"confidence_level":0.95,"lower_bound":862592597.9325,"upper_bound":869781984.9050001},"point_estimate":865930737.5,"standard_error":1849292.3741560138},"median":{"confidence_interval":{"confidence_level":0.95,"lower_bound":861965470.5,"upper_bound":870941051.0},"point_estimate":864634677.0,"standard_error":1887498.3136026054},"median_abs_dev":{"confidence_interval":{"confidence_level":0.95,"lower_bound":894803.1990140676,"upper_bound":9802455.837571621},"point_estimate":3367845.9308087826,"standard_error":2257208.7616198002},"slope":null,"std_dev":{"confidence_interval":{"confidence_level":0.95,"lower_bound":2111746.877452893,"upper_bound":7908518.216480358},"point_estimate":6165310.836625429,"standard_error":1454707.0040854253}}