{"mean":{"confidence_interval":{"confidence_level":0.95,"lower_bound":-0.02248647155937425,"upper_bound":-0.018969080155100126},"point_estimate":-0.020678296120328565,"standard_error":0.000903377191856719},"median":{"confidence_interval":{"confidence_level":0.95,"lower_bound":-0.022914960561551956,"upper_bound":-0.018992595085330775},"point_estimate":-0.020596932869058615,"standard_error":0.0010208201926519493}}