{"mean":{"confidence_interval":{"confidence_level":0.95,"lower_bound":771170105.6450001,"upper_bound":777296789.7},"point_estimate":774190057.3,"standard_error":1566071.1409474276},"median":{"confidence_interval":{"confidence_level":0.95,"lower_bound":769895574.0,"upper_bound":778070930.5},"point_estimate":773426588.5,"standard_error":2083901.142350111},"median_abs_dev":{"confidence_interval":{"confidence_level":0.95,"lower_bound":748429.0688127279,"upper_bound":9244064.209485054},"point_estimate":5280633.406350017,"standard_error":2065174.1104797989},"slope":null,"std_dev":{"confidence_interval":{"confidence_level":0.95,"lower_bound":2950946.98977363,"upper_bound":6544604.493841442},"point_estimate":5216004.892791205,"standard_error":918338.8329786482}}