{"mean":{"confidence_interval":{"confidence_level":0.95,"lower_bound":885914615.8925,"upper_bound":899113822.9},"point_estimate":892240291.6,"standard_error":3385603.847811616},"median":{"confidence_interval":{"confidence_level":0.95,"lower_bound":883285996.0,"upper_bound":903433225.0},"point_estimate":887547149.0,"standard_error":5207221.978565128},"median_abs_dev":{"confidence_interval":{"confidence_level":0.95,"lower_bound":1093049.795794487,"upper_bound":18255292.02350378},"point_estimate":11007769.585973024,"standard_error":4758177.20981238},"slope":null,"std_dev":{"confidence_interval":{"confidence_level":0.95,"lower_bound":5969500.437745279,"upper_bound":13429619.008498589},"point_estimate":11277211.965493236,"standard_error":1825775.6547668215}}