{"mean":{"confidence_interval":{"confidence_level":0.95,"lower_bound":909146654.7,"upper_bound":922976027.5175},"point_estimate":915910409.5,"standard_error":3533766.566028453},"median":{"confidence_interval":{"confidence_level":0.95,"lower_bound":905886801.0,"upper_bound":925199900.0},"point_estimate":915255998.0,"standard_error":5008418.411797523},"median_abs_dev":{"confidence_interval":{"confidence_level":0.95,"lower_bound":3721363.740232587,"upper_bound":19699381.462866068},"point_estimate":12802500.59081018,"standard_error":4183839.937908288},"slope":null,"std_dev":{"confidence_interval":{"confidence_level":0.95,"lower_bound":6731066.6675457265,"upper_bound":14815980.973735709},"point_estimate":11785472.99305825,"standard_error":2084495.4565841143}}