{"mean":{"confidence_interval":{"confidence_level":0.95,"lower_bound":661771977.7,"upper_bound":669246022.6},"point_estimate":665125418.9,"standard_error":1912573.955404578},"median":{"confidence_interval":{"confidence_level":0.95,"lower_bound":661587373.0,"upper_bound":666022791.5},"point_estimate":665207664.5,"standard_error":1191873.4302944038},"median_abs_dev":{"confidence_interval":{"confidence_level":0.95,"lower_bound":299296.16318643093,"upper_bound":8060397.903299332},"point_estimate":1500961.2330526114,"standard_error":2248675.504622976},"slope":null,"std_dev":{"confidence_interval":{"confidence_level":0.95,"lower_bound":1800957.9287454064,"upper_bound":9250995.706511145},"point_estimate":6374324.7612099005,"standard_error":2104992.19925009}}