{"mean":{"confidence_interval":{"confidence_level":0.95,"lower_bound":534902550.47249997,"upper_bound":538039095.5},"point_estimate":536351188.0,"standard_error":806226.8196565888},"median":{"confidence_interval":{"confidence_level":0.95,"lower_bound":534036157.0,"upper_bound":538576764.5},"point_estimate":535924627.0,"standard_error":928833.4422481639},"median_abs_dev":{"confidence_interval":{"confidence_level":0.95,"lower_bound":371420.9454059601,"upper_bound":4048497.941824794},"point_estimate":2182580.640551448,"standard_error":1010171.9190313962},"slope":null,"std_dev":{"confidence_interval":{"confidence_level":0.95,"lower_bound":1042834.1462280994,"upper_bound":3394752.504522624},"point_estimate":2691904.110676307,"standard_error":616080.2972558294}}