{"mean":{"confidence_interval":{"confidence_level":0.95,"lower_bound":355079677.75,"upper_bound":357616278.5375},"point_estimate":356246905.75,"standard_error":649424.8487240612},"median":{"confidence_interval":{"confidence_level":0.95,"lower_bound":354588627.0,"upper_bound":358052979.0},"point_estimate":355578475.75,"standard_error":810852.478096395},"median_abs_dev":{"confidence_interval":{"confidence_level":0.95,"lower_bound":49694.15656775236,"upper_bound":3369718.825225532},"point_estimate":1517243.8872635365,"standard_error":820151.2445028574},"slope":null,"std_dev":{"confidence_interval":{"confidence_level":0.95,"lower_bound":629554.9231748834,"upper_bound":2777352.9867612855},"point_estimate":2162436.4155781073,"standard_error":494201.288080749}}