{"mean":{"confidence_interval":{"confidence_level":0.95,"lower_bound":-0.04527722010632241,"upper_bound":-0.0321586122147152},"point_estimate":-0.03901531670753444,"standard_error":0.003370013889751815},"median":{"confidence_interval":{"confidence_level":0.95,"lower_bound":-0.048335624010560685,"upper_bound":-0.032556943811632544},"point_estimate":-0.04506086841882084,"standard_error":0.0039869554153788905}}