{"mean":{"confidence_interval":{"confidence_level":0.95,"lower_bound":926830691.4625,"upper_bound":933004902.5},"point_estimate":929735740.3,"standard_error":1582605.417019808},"median":{"confidence_interval":{"confidence_level":0.95,"lower_bound":925094776.0,"upper_bound":933990675.0},"point_estimate":928102435.0,"standard_error":2074955.858573238},"median_abs_dev":{"confidence_interval":{"confidence_level":0.95,"lower_bound":387361.86032295227,"upper_bound":9219850.386714935},"point_estimate":4608606.420680881,"standard_error":2201300.261982579},"slope":null,"std_dev":{"confidence_interval":{"confidence_level":0.95,"lower_bound":1849443.4513487234,"upper_bound":6362308.381387992},"point_estimate":5263265.793286691,"standard_error":1022202.6140255486}}