{"mean":{"confidence_interval":{"confidence_level":0.95,"lower_bound":247171775.29999995,"upper_bound":247539824.76666665},"point_estimate":247364645.3333333,"standard_error":94528.98253093984},"median":{"confidence_interval":{"confidence_level":0.95,"lower_bound":247155971.8333333,"upper_bound":247542740.16666666},"point_estimate":247459419.83333334,"standard_error":102577.24905234805},"median_abs_dev":{"confidence_interval":{"confidence_level":0.95,"lower_bound":31025.381249204103,"upper_bound":510783.3661317678},"point_estimate":160670.84174752235,"standard_error":135579.18885763135},"slope":null,"std_dev":{"confidence_interval":{"confidence_level":0.95,"lower_bound":134961.05369012445,"upper_bound":412430.3402849985},"point_estimate":316059.87511436536,"standard_error":70091.44282175414}}