{"mean":{"confidence_interval":{"confidence_level":0.95,"lower_bound":223973583.73333335,"upper_bound":225324531.5666667},"point_estimate":224721690.53333336,"standard_error":340538.64892262145},"median":{"confidence_interval":{"confidence_level":0.95,"lower_bound":224633290.33333334,"upper_bound":225114054.66666666},"point_estimate":224796096.0,"standard_error":153498.08200494852},"median_abs_dev":{"confidence_interval":{"confidence_level":0.95,"lower_bound":52822.071862220764,"upper_bound":1415571.3817685768},"point_estimate":279417.7098393293,"standard_error":291513.44889028737},"slope":null,"std_dev":{"confidence_interval":{"confidence_level":0.95,"lower_bound":176434.25632112773,"upper_bound":1686984.7518326978},"point_estimate":1131633.0856750226,"standard_error":416935.7165144653}}