{"mean":{"confidence_interval":{"confidence_level":0.95,"lower_bound":-0.012311694029062813,"upper_bound":0.00009497900933734427},"point_estimate":-0.007640486922440015,"standard_error":0.003502064412410314},"median":{"confidence_interval":{"confidence_level":0.95,"lower_bound":-0.013240851646423413,"upper_bound":-0.008286653304301339},"point_estimate":-0.011643049311800713,"standard_error":0.0021864461143654497}}