{"mean":{"confidence_interval":{"confidence_level":0.95,"lower_bound":237660457.21249998,"upper_bound":240338978.15500003},"point_estimate":238922297.5333333,"standard_error":686958.7589691402},"median":{"confidence_interval":{"confidence_level":0.95,"lower_bound":236924383.33333334,"upper_bound":240717230.6666667},"point_estimate":237988356.5,"standard_error":1059967.7327016203},"median_abs_dev":{"confidence_interval":{"confidence_level":0.95,"lower_bound":148551.82246269268,"upper_bound":3879553.450924158},"point_estimate":1725998.4113574028,"standard_error":980126.4614929837},"slope":null,"std_dev":{"confidence_interval":{"confidence_level":0.95,"lower_bound":1125418.2957991278,"upper_bound":2884756.1241289503},"point_estimate":2283298.890448908,"standard_error":457018.3595793912}}