{"mean":{"confidence_interval":{"confidence_level":0.95,"lower_bound":959750175.8,"upper_bound":961935071.8},"point_estimate":960843010.0,"standard_error":558201.9521617778},"median":{"confidence_interval":{"confidence_level":0.95,"lower_bound":959439254.0,"upper_bound":962188126.0},"point_estimate":961167243.5,"standard_error":674566.6663947245},"median_abs_dev":{"confidence_interval":{"confidence_level":0.95,"lower_bound":210011.7688715458,"upper_bound":3327277.5477290154},"point_estimate":1586700.730830431,"standard_error":730276.6840038134},"slope":null,"std_dev":{"confidence_interval":{"confidence_level":0.95,"lower_bound":994499.9193415995,"upper_bound":2406863.047708824},"point_estimate":1857304.1268223503,"standard_error":363527.8776707272}}