{"mean":{"confidence_interval":{"confidence_level":0.95,"lower_bound":-0.5764734090144565,"upper_bound":-0.5205506892360323},"point_estimate":-0.5504947296809684,"standard_error":0.014343443804674035},"median":{"confidence_interval":{"confidence_level":0.95,"lower_bound":-0.5896197755544141,"upper_bound":-0.4991699024887365},"point_estimate":-0.5576099169251909,"standard_error":0.027859100672457823}}