{"mean":{"confidence_interval":{"confidence_level":0.95,"lower_bound":255806635.88125,"upper_bound":256872855.99124998},"point_estimate":256299819.7,"standard_error":275034.5267492645},"median":{"confidence_interval":{"confidence_level":0.95,"lower_bound":255642638.0,"upper_bound":257017333.0},"point_estimate":255925317.0,"standard_error":352770.3360716077},"median_abs_dev":{"confidence_interval":{"confidence_level":0.95,"lower_bound":77415.06957560778,"upper_bound":1390799.9778583646},"point_estimate":436929.62524294853,"standard_error":353120.6792479297},"slope":null,"std_dev":{"confidence_interval":{"confidence_level":0.95,"lower_bound":237589.67916489506,"upper_bound":1161824.4062376614},"point_estimate":915135.1414890166,"standard_error":209633.26755435675}}