{"mean":{"confidence_interval":{"confidence_level":0.95,"lower_bound":-0.059046482093389765,"upper_bound":-0.05013370517018959},"point_estimate":-0.05478677914821295,"standard_error":0.002283097049551788},"median":{"confidence_interval":{"confidence_level":0.95,"lower_bound":-0.060177792203926384,"upper_bound":-0.05096905706054411},"point_estimate":-0.05769066054778582,"standard_error":0.002407043571668019}}