{"mean":{"confidence_interval":{"confidence_level":0.95,"lower_bound":588365533.4225,"upper_bound":590801354.3},"point_estimate":589599135.8,"standard_error":625810.0891403817},"median":{"confidence_interval":{"confidence_level":0.95,"lower_bound":587439510.0,"upper_bound":591582411.0},"point_estimate":589987620.5,"standard_error":1263393.7549860561},"median_abs_dev":{"confidence_interval":{"confidence_level":0.95,"lower_bound":363199.18725192547,"upper_bound":3231913.0109220743},"point_estimate":2904998.234125972,"standard_error":839960.1376944133},"slope":null,"std_dev":{"confidence_interval":{"confidence_level":0.95,"lower_bound":1377587.2473231228,"upper_bound":2364014.1445246823},"point_estimate":2079601.9356434965,"standard_error":253269.25594811144}}