{"mean":{"confidence_interval":{"confidence_level":0.95,"lower_bound":555945636.5,"upper_bound":558942768.65},"point_estimate":557548471.2,"standard_error":756454.6757562945},"median":{"confidence_interval":{"confidence_level":0.95,"lower_bound":556972296.5,"upper_bound":558544576.0},"point_estimate":557652577.0,"standard_error":489300.8212762394},"median_abs_dev":{"confidence_interval":{"confidence_level":0.95,"lower_bound":300914.4210577011,"upper_bound":3637615.3742194176},"point_estimate":1161510.3321790695,"standard_error":734059.3282836973},"slope":null,"std_dev":{"confidence_interval":{"confidence_level":0.95,"lower_bound":622118.0271052627,"upper_bound":3678528.3692471692},"point_estimate":2525526.5427509393,"standard_error":815516.070845184}}