{"mean":{"confidence_interval":{"confidence_level":0.95,"lower_bound":0.04264992298593527,"upper_bound":0.04797140878366431},"point_estimate":0.04526496855826645,"standard_error":0.0013641559058948486},"median":{"confidence_interval":{"confidence_level":0.95,"lower_bound":0.04096867739584242,"upper_bound":0.050296059827136474},"point_estimate":0.044184386678838505,"standard_error":0.0023595269687419177}}