{"mean":{"confidence_interval":{"confidence_level":0.95,"lower_bound":-0.05115902989866058,"upper_bound":-0.04565651178572887},"point_estimate":-0.04840509790813374,"standard_error":0.0014079225607985019},"median":{"confidence_interval":{"confidence_level":0.95,"lower_bound":-0.052771474248725525,"upper_bound":-0.04409221577927358},"point_estimate":-0.049203810755455435,"standard_error":0.0024550286112995316}}