{"mean":{"confidence_interval":{"confidence_level":0.95,"lower_bound":-0.00700224963469202,"upper_bound":0.000054449572370013324},"point_estimate":-0.003451511161887022,"standard_error":0.0018119633978883661},"median":{"confidence_interval":{"confidence_level":0.95,"lower_bound":-0.009550202675370656,"upper_bound":0.0020597668086357324},"point_estimate":-0.0034220792866104244,"standard_error":0.0030622068497859842}}