{"mean":{"confidence_interval":{"confidence_level":0.95,"lower_bound":163779829.052872,"upper_bound":165569837.47614586},"point_estimate":164570145.46607143,"standard_error":463551.68155116634},"median":{"confidence_interval":{"confidence_level":0.95,"lower_bound":163400988.125,"upper_bound":165064370.5833333},"point_estimate":164341305.3333333,"standard_error":440025.13124550343},"median_abs_dev":{"confidence_interval":{"confidence_level":0.95,"lower_bound":250756.76667317748,"upper_bound":2032978.148907401},"point_estimate":1152544.4015007466,"standard_error":435017.63950208307},"slope":{"confidence_interval":{"confidence_level":0.95,"lower_bound":163523528.73493975,"upper_bound":164976329.23872873},"point_estimate":164352107.44675323,"standard_error":375981.35773733177},"std_dev":{"confidence_interval":{"confidence_level":0.95,"lower_bound":583888.6706404848,"upper_bound":2209857.28282766},"point_estimate":1544308.6657900538,"standard_error":490293.62106632587}}