{"mean":{"confidence_interval":{"confidence_level":0.95,"lower_bound":879636192.3874999,"upper_bound":881549079.9},"point_estimate":880486008.9,"standard_error":492713.75949529733},"median":{"confidence_interval":{"confidence_level":0.95,"lower_bound":879534282.0,"upper_bound":881507075.0},"point_estimate":879816412.0,"standard_error":467699.75227153226},"median_abs_dev":{"confidence_interval":{"confidence_level":0.95,"lower_bound":80477.00917124748,"upper_bound":2360411.835694313},"point_estimate":719478.3391267061,"standard_error":591644.1247535516},"slope":null,"std_dev":{"confidence_interval":{"confidence_level":0.95,"lower_bound":473936.4538513392,"upper_bound":2203759.2647077227},"point_estimate":1638217.9559493875,"standard_error":460026.88868874987}}