{"mean":{"confidence_interval":{"confidence_level":0.95,"lower_bound":1139693166.7075,"upper_bound":1141618647.7},"point_estimate":1140626041.1,"standard_error":491845.2079296382},"median":{"confidence_interval":{"confidence_level":0.95,"lower_bound":1139398216.0,"upper_bound":1141782610.0},"point_estimate":1140584202.0,"standard_error":471294.0729735577},"median_abs_dev":{"confidence_interval":{"confidence_level":0.95,"lower_bound":153012.4715834856,"upper_bound":2998014.332574606},"point_estimate":902441.5540784597,"standard_error":776618.5013950423},"slope":null,"std_dev":{"confidence_interval":{"confidence_level":0.95,"lower_bound":796738.9332781542,"upper_bound":2135635.630617046},"point_estimate":1640960.506426475,"standard_error":348129.4909092224}}