{"mean":{"confidence_interval":{"confidence_level":0.95,"lower_bound":-0.0439285083474028,"upper_bound":-0.03989057799646552},"point_estimate":-0.041966879170155624,"standard_error":0.0010333539391305263},"median":{"confidence_interval":{"confidence_level":0.95,"lower_bound":-0.04462771324419745,"upper_bound":-0.03973145465130412},"point_estimate":-0.04281160254719252,"standard_error":0.0012271883139447443}}