{"mean":{"confidence_interval":{"confidence_level":0.95,"lower_bound":-0.015158353433400135,"upper_bound":-0.00978524363377722},"point_estimate":-0.01290232980676087,"standard_error":0.0013544248115670713},"median":{"confidence_interval":{"confidence_level":0.95,"lower_bound":-0.016096964639379818,"upper_bound":-0.011592161749907293},"point_estimate":-0.013822845165283426,"standard_error":0.0010809394161673098}}