{"mean":{"confidence_interval":{"confidence_level":0.95,"lower_bound":0.002854101227925027,"upper_bound":0.008084651663508555},"point_estimate":0.00553832841680757,"standard_error":0.0013370858608462853},"median":{"confidence_interval":{"confidence_level":0.95,"lower_bound":0.0028353082354648507,"upper_bound":0.008580331221480275},"point_estimate":0.005955882829584924,"standard_error":0.0015269807550911806}}