{"mean":{"confidence_interval":{"confidence_level":0.95,"lower_bound":0.03615460135349081,"upper_bound":0.041825450467698144},"point_estimate":0.03886336159640802,"standard_error":0.0014396933453254485},"median":{"confidence_interval":{"confidence_level":0.95,"lower_bound":0.03522702238068276,"upper_bound":0.04229725206565549},"point_estimate":0.03825957371320032,"standard_error":0.001922395818183756}}