{"mean":{"confidence_interval":{"confidence_level":0.95,"lower_bound":0.5479176186014748,"upper_bound":0.6184937304267193},"point_estimate":0.584288963898274,"standard_error":0.018217719498046375},"median":{"confidence_interval":{"confidence_level":0.95,"lower_bound":0.53983853034795,"upper_bound":0.6484860853524914},"point_estimate":0.5631208484914927,"standard_error":0.0262278619570619}}