{"mean":{"confidence_interval":{"confidence_level":0.95,"lower_bound":-0.035274057251977506,"upper_bound":-0.029123544444933376},"point_estimate":-0.03216570707184607,"standard_error":0.0015746506162595878},"median":{"confidence_interval":{"confidence_level":0.95,"lower_bound":-0.036584509936913534,"upper_bound":-0.026619507969483758},"point_estimate":-0.031932893867277046,"standard_error":0.002673817397817106}}