{"mean":{"confidence_interval":{"confidence_level":0.95,"lower_bound":0.028816955973666708,"upper_bound":0.04069877382390286},"point_estimate":0.03357935612667595,"standard_error":0.0032258141942267857},"median":{"confidence_interval":{"confidence_level":0.95,"lower_bound":0.02770914707164196,"upper_bound":0.033319088045660195},"point_estimate":0.03110839790399922,"standard_error":0.0016652967406984075}}