{"mean":{"confidence_interval":{"confidence_level":0.95,"lower_bound":0.00027181034206233634,"upper_bound":0.005424603575675601},"point_estimate":0.0030053891741499417,"standard_error":0.0013219940667482547},"median":{"confidence_interval":{"confidence_level":0.95,"lower_bound":0.0012995034207081702,"upper_bound":0.005793012602799186},"point_estimate":0.0037500373342926885,"standard_error":0.0011934235864634367}}