{"mean":{"confidence_interval":{"confidence_level":0.95,"lower_bound":-0.023565619971601424,"upper_bound":-0.01917456796908349},"point_estimate":-0.02142084724104376,"standard_error":0.0011238770206627893},"median":{"confidence_interval":{"confidence_level":0.95,"lower_bound":-0.02487582849333203,"upper_bound":-0.01835240088581047},"point_estimate":-0.02170048901728494,"standard_error":0.0016948890201935875}}