{"mean":{"confidence_interval":{"confidence_level":0.95,"lower_bound":0.002840298811097481,"upper_bound":0.017008924645520763},"point_estimate":0.00835149351223663,"standard_error":0.003758698633385035},"median":{"confidence_interval":{"confidence_level":0.95,"lower_bound":0.00163189499689409,"upper_bound":0.009003200909065256},"point_estimate":0.0047667442715664254,"standard_error":0.001972437667871695}}