{"mean":{"confidence_interval":{"confidence_level":0.95,"lower_bound":-0.21923318542735354,"upper_bound":-0.09886166071294909},"point_estimate":-0.16324918551459733,"standard_error":0.030988451257364557},"median":{"confidence_interval":{"confidence_level":0.95,"lower_bound":-0.2545855519367345,"upper_bound":-0.05029323459158885},"point_estimate":-0.1608771840494494,"standard_error":0.07930923909375515}}