{"mean":{"confidence_interval":{"confidence_level":0.95,"lower_bound":-0.025316761532943526,"upper_bound":-0.01574559473546895},"point_estimate":-0.020978861420165473,"standard_error":0.0025264462744658727},"median":{"confidence_interval":{"confidence_level":0.95,"lower_bound":-0.02730384102908434,"upper_bound":-0.018928593146808503},"point_estimate":-0.02411907339840813,"standard_error":0.0019560970304684762}}