{"mean":{"confidence_interval":{"confidence_level":0.95,"lower_bound":526909462.2425,"upper_bound":529829784.6075},"point_estimate":528248357.9,"standard_error":751045.1959245285},"median":{"confidence_interval":{"confidence_level":0.95,"lower_bound":526667304.5,"upper_bound":530441394.0},"point_estimate":527240424.5,"standard_error":895278.2412686179},"median_abs_dev":{"confidence_interval":{"confidence_level":0.95,"lower_bound":116158.00143778324,"upper_bound":3723081.3323020935},"point_estimate":1237989.5105212927,"standard_error":929098.6095012553},"slope":null,"std_dev":{"confidence_interval":{"confidence_level":0.95,"lower_bound":841845.4380665333,"upper_bound":3122507.7348843897},"point_estimate":2498417.6528742905,"standard_error":583740.1422218304}}