{"mean":{"confidence_interval":{"confidence_level":0.95,"lower_bound":-0.02231764480833183,"upper_bound":-0.013702830257695206},"point_estimate":-0.017736969779799105,"standard_error":0.002213531721991669},"median":{"confidence_interval":{"confidence_level":0.95,"lower_bound":-0.02292059070720054,"upper_bound":-0.012452237302315816},"point_estimate":-0.015362617146887136,"standard_error":0.002514731879044298}}