{"mean":{"confidence_interval":{"confidence_level":0.95,"lower_bound":-0.009305855222053289,"upper_bound":0.012652906124265851},"point_estimate":-0.00012676244583997853,"standard_error":0.005798500353230976},"median":{"confidence_interval":{"confidence_level":0.95,"lower_bound":-0.009352500659908447,"upper_bound":0.000052880660333487484},"point_estimate":-0.006766407282714382,"standard_error":0.0026652928934676385}}