{"mean":{"confidence_interval":{"confidence_level":0.95,"lower_bound":-0.011642671311272198,"upper_bound":-0.007399825178570968},"point_estimate":-0.009445072537656918,"standard_error":0.0011011074888600768},"median":{"confidence_interval":{"confidence_level":0.95,"lower_bound":-0.012257637979021685,"upper_bound":-0.00645039961789351},"point_estimate":-0.009227861678476557,"standard_error":0.0014981346503221574}}