{"mean":{"confidence_interval":{"confidence_level":0.95,"lower_bound":1416623889.0775,"upper_bound":1419727206.1},"point_estimate":1417987984.3,"standard_error":800025.1596124601},"median":{"confidence_interval":{"confidence_level":0.95,"lower_bound":1416144156.0,"upper_bound":1418978723.0},"point_estimate":1417305800.0,"standard_error":755000.0915008561},"median_abs_dev":{"confidence_interval":{"confidence_level":0.95,"lower_bound":506427.98160910606,"upper_bound":3448247.4385762997},"point_estimate":2005126.025801897,"standard_error":751978.5299808892},"slope":null,"std_dev":{"confidence_interval":{"confidence_level":0.95,"lower_bound":999309.0374120091,"upper_bound":3795573.6185635454},"point_estimate":2670977.7715896913,"standard_error":829378.6727384272}}