{"mean":{"confidence_interval":{"confidence_level":0.95,"lower_bound":472302545.22499996,"upper_bound":475044656.67125},"point_estimate":473487660.9,"standard_error":714417.5402116884},"median":{"confidence_interval":{"confidence_level":0.95,"lower_bound":472231888.75,"upper_bound":474247287.75},"point_estimate":472874791.5,"standard_error":503458.4240551876},"median_abs_dev":{"confidence_interval":{"confidence_level":0.95,"lower_bound":242204.57405000925,"upper_bound":2918499.530786276},"point_estimate":1011326.6613453627,"standard_error":681053.5026657053},"slope":null,"std_dev":{"confidence_interval":{"confidence_level":0.95,"lower_bound":653740.9957455458,"upper_bound":3437330.805701608},"point_estimate":2379358.056178421,"standard_error":815438.0362620546}}