{"mean":{"confidence_interval":{"confidence_level":0.95,"lower_bound":0.037371345900310854,"upper_bound":0.04686060920732598},"point_estimate":0.04265380273297059,"standard_error":0.0024377584708463384},"median":{"confidence_interval":{"confidence_level":0.95,"lower_bound":0.041410389917682755,"upper_bound":0.045962685014245386},"point_estimate":0.04378726073002048,"standard_error":0.0013096739965522018}}