{"mean":{"confidence_interval":{"confidence_level":0.95,"lower_bound":501054113.185,"upper_bound":502123456.6},"point_estimate":501569781.2,"standard_error":273734.72417636134},"median":{"confidence_interval":{"confidence_level":0.95,"lower_bound":500821658.5,"upper_bound":502279621.0},"point_estimate":501382856.5,"standard_error":391006.33940603695},"median_abs_dev":{"confidence_interval":{"confidence_level":0.95,"lower_bound":63483.4482729435,"upper_bound":1491448.8716214895},"point_estimate":913254.8969864845,"standard_error":345631.32793703506},"slope":null,"std_dev":{"confidence_interval":{"confidence_level":0.95,"lower_bound":504666.5836535493,"upper_bound":1143668.1944823954},"point_estimate":913283.5124705923,"standard_error":164346.2245234308}}