{"mean":{"confidence_interval":{"confidence_level":0.95,"lower_bound":-0.026396963971968126,"upper_bound":-0.02432942909325776},"point_estimate":-0.025407812831522603,"standard_error":0.000531438482648883},"median":{"confidence_interval":{"confidence_level":0.95,"lower_bound":-0.027055924135844678,"upper_bound":-0.023992561381022126},"point_estimate":-0.025593825811946025,"standard_error":0.0008142433789050396}}