{"mean":{"confidence_interval":{"confidence_level":0.95,"lower_bound":-0.011610977956794274,"upper_bound":-0.009643185835315518},"point_estimate":-0.01065665102531932,"standard_error":0.000502521876251964},"median":{"confidence_interval":{"confidence_level":0.95,"lower_bound":-0.012092771236291044,"upper_bound":-0.009346174858173018},"point_estimate":-0.01084976298799678,"standard_error":0.0006678097120802286}}