{"mean":{"confidence_interval":{"confidence_level":0.95,"lower_bound":-0.01020072627721592,"upper_bound":0.0036630261505145086},"point_estimate":-0.0022502982783147996,"standard_error":0.00359847779564918},"median":{"confidence_interval":{"confidence_level":0.95,"lower_bound":-0.003664198438633637,"upper_bound":0.003205165886920547},"point_estimate":-0.0014287911429666789,"standard_error":0.0019301152309220333}}