{"mean":{"confidence_interval":{"confidence_level":0.95,"lower_bound":-0.021870834184782473,"upper_bound":-0.006530530862492396},"point_estimate":-0.013829836448577826,"standard_error":0.003929175050739603},"median":{"confidence_interval":{"confidence_level":0.95,"lower_bound":-0.02537309380817565,"upper_bound":-0.004701892049547296},"point_estimate":-0.01073811354837173,"standard_error":0.005785659301328278}}