{"mean":{"confidence_interval":{"confidence_level":0.95,"lower_bound":0.000859786095397193,"upper_bound":0.005544006814437535},"point_estimate":0.003333997288700097,"standard_error":0.0011914871647693312},"median":{"confidence_interval":{"confidence_level":0.95,"lower_bound":0.0011747007888394112,"upper_bound":0.006617409996760859},"point_estimate":0.004533325710719849,"standard_error":0.0013672757539107331}}