{"mean":{"confidence_interval":{"confidence_level":0.95,"lower_bound":-0.029013580029487042,"upper_bound":-0.01681895987022865},"point_estimate":-0.022070186055591967,"standard_error":0.0031819922345916077},"median":{"confidence_interval":{"confidence_level":0.95,"lower_bound":-0.024187725663175064,"upper_bound":-0.01584433530343099},"point_estimate":-0.01952197154799551,"standard_error":0.0021700261669371397}}