{"mean":{"confidence_interval":{"confidence_level":0.95,"lower_bound":841638415.2,"upper_bound":847047943.735},"point_estimate":844356527.5,"standard_error":1384921.4053306628},"median":{"confidence_interval":{"confidence_level":0.95,"lower_bound":840067606.0,"upper_bound":847422306.0},"point_estimate":845727064.5,"standard_error":1953700.7846983455},"median_abs_dev":{"confidence_interval":{"confidence_level":0.95,"lower_bound":277415.2114748955,"upper_bound":8525425.763243437},"point_estimate":3992446.767219901,"standard_error":2069156.59625096},"slope":null,"std_dev":{"confidence_interval":{"confidence_level":0.95,"lower_bound":2593497.003897055,"upper_bound":5875873.0425886875},"point_estimate":4614312.029712802,"standard_error":838117.5763702935}}