{"mean":{"confidence_interval":{"confidence_level":0.95,"lower_bound":420138227.88500005,"upper_bound":421743279.3225},"point_estimate":420891732.0,"standard_error":412417.2269016444},"median":{"confidence_interval":{"confidence_level":0.95,"lower_bound":419812617.5,"upper_bound":421721633.5},"point_estimate":420604315.75,"standard_error":543946.4317680848},"median_abs_dev":{"confidence_interval":{"confidence_level":0.95,"lower_bound":325405.4900228977,"upper_bound":2263519.8502644897},"point_estimate":1363919.699035585,"standard_error":498678.8868447207},"slope":null,"std_dev":{"confidence_interval":{"confidence_level":0.95,"lower_bound":655766.8121347816,"upper_bound":1777806.9389493898},"point_estimate":1371165.74045054,"standard_error":296376.6803287295}}