{"mean":{"confidence_interval":{"confidence_level":0.95,"lower_bound":-0.01275526584657814,"upper_bound":0.13250325591781104},"point_estimate":0.05951444129392103,"standard_error":0.03899225624828455},"median":{"confidence_interval":{"confidence_level":0.95,"lower_bound":-0.04143348865645269,"upper_bound":0.2036827361622957},"point_estimate":-0.024821041182520376,"standard_error":0.09386355196264039}}