{"mean":{"confidence_interval":{"confidence_level":0.95,"lower_bound":-0.01575940754988253,"upper_bound":-0.009538846510539593},"point_estimate":-0.012544662046167554,"standard_error":0.0015961706604910792},"median":{"confidence_interval":{"confidence_level":0.95,"lower_bound":-0.016048170144421614,"upper_bound":-0.007634017985960417},"point_estimate":-0.01189098009900924,"standard_error":0.002145264563586913}}