{"mean":{"confidence_interval":{"confidence_level":0.95,"lower_bound":1275679769.79,"upper_bound":1284933996.7},"point_estimate":1279997424.2,"standard_error":2386161.7044504746},"median":{"confidence_interval":{"confidence_level":0.95,"lower_bound":1275925704.0,"upper_bound":1284820895.5},"point_estimate":1278684734.5,"standard_error":1671747.634963715},"median_abs_dev":{"confidence_interval":{"confidence_level":0.95,"lower_bound":110968.16022992134,"upper_bound":13505530.965828896},"point_estimate":2475764.785346389,"standard_error":3467401.758321522},"slope":null,"std_dev":{"confidence_interval":{"confidence_level":0.95,"lower_bound":1680972.0272659818,"upper_bound":10688548.568102572},"point_estimate":7964925.557947807,"standard_error":2090633.7853847754}}