{"mean":{"confidence_interval":{"confidence_level":0.95,"lower_bound":1054295633.73,"upper_bound":1213551086.8999999},"point_estimate":1131893308.2,"standard_error":40965143.19480993},"median":{"confidence_interval":{"confidence_level":0.95,"lower_bound":987052136.0,"upper_bound":1239383941.0},"point_estimate":1115937228.5,"standard_error":58614888.16335508},"median_abs_dev":{"confidence_interval":{"confidence_level":0.95,"lower_bound":18293940.439617634,"upper_bound":236482259.28550065},"point_estimate":175260429.7990054,"standard_error":56426438.540233836},"slope":null,"std_dev":{"confidence_interval":{"confidence_level":0.95,"lower_bound":79135631.53912789,"upper_bound":169944999.21825892},"point_estimate":136954945.29632404,"standard_error":23462491.000199962}}