{"mean":{"confidence_interval":{"confidence_level":0.95,"lower_bound":966327634.355,"upper_bound":968450468.335},"point_estimate":967343145.3,"standard_error":543536.6611558218},"median":{"confidence_interval":{"confidence_level":0.95,"lower_bound":965871308.0,"upper_bound":968770648.5},"point_estimate":966912749.5,"standard_error":905045.6218692743},"median_abs_dev":{"confidence_interval":{"confidence_level":0.95,"lower_bound":148227.38016843796,"upper_bound":3232706.2019079924},"point_estimate":1822113.1437510252,"standard_error":820681.889860623},"slope":null,"std_dev":{"confidence_interval":{"confidence_level":0.95,"lower_bound":1019339.2299566449,"upper_bound":2268585.229654477},"point_estimate":1811709.9654552294,"standard_error":330061.3760038037}}