{"mean":{"confidence_interval":{"confidence_level":0.95,"lower_bound":0.03474935663433633,"upper_bound":0.06735944172242316},"point_estimate":0.051139401623660374,"standard_error":0.007867344978175409},"median":{"confidence_interval":{"confidence_level":0.95,"lower_bound":0.024438288198063374,"upper_bound":0.07404125252573204},"point_estimate":0.04908259033044593,"standard_error":0.018922579405129897}}