{"mean":{"confidence_interval":{"confidence_level":0.95,"lower_bound":267629760.11125,"upper_bound":268638623.6},"point_estimate":268061653.95,"standard_error":262938.22018311993},"median":{"confidence_interval":{"confidence_level":0.95,"lower_bound":267425975.5,"upper_bound":268257597.0},"point_estimate":267883769.25,"standard_error":219997.8019480133},"median_abs_dev":{"confidence_interval":{"confidence_level":0.95,"lower_bound":151541.73240959644,"upper_bound":998502.1715730429},"point_estimate":616481.0070052743,"standard_error":217750.16995396273},"slope":null,"std_dev":{"confidence_interval":{"confidence_level":0.95,"lower_bound":288276.5608158748,"upper_bound":1285068.9672337747},"point_estimate":878030.6054613375,"standard_error":309548.6428796062}}