{"mean":{"confidence_interval":{"confidence_level":0.95,"lower_bound":0.02008731450075035,"upper_bound":0.026794032732203998},"point_estimate":0.023699016114692606,"standard_error":0.0017250429672542172},"median":{"confidence_interval":{"confidence_level":0.95,"lower_bound":0.01898046324475966,"upper_bound":0.02854906444941241},"point_estimate":0.026444314904543686,"standard_error":0.002421599504706471}}