{"mean":{"confidence_interval":{"confidence_level":0.95,"lower_bound":-0.01304114914427327,"upper_bound":-0.010508257015613674},"point_estimate":-0.011843264632495298,"standard_error":0.0006553563721580241},"median":{"confidence_interval":{"confidence_level":0.95,"lower_bound":-0.013435368573174733,"upper_bound":-0.010542037149174233},"point_estimate":-0.011901418222155624,"standard_error":0.0007602471447905233}}