{"mean":{"confidence_interval":{"confidence_level":0.95,"lower_bound":0.022850852265324517,"upper_bound":0.03249105255419753},"point_estimate":0.027717819957430168,"standard_error":0.0024536922235780557},"median":{"confidence_interval":{"confidence_level":0.95,"lower_bound":0.02384091082887374,"upper_bound":0.03262549394122094},"point_estimate":0.029116121228394132,"standard_error":0.002082822744861317}}