{"mean":{"confidence_interval":{"confidence_level":0.95,"lower_bound":701221958.91,"upper_bound":708379323.4},"point_estimate":704418106.5,"standard_error":1846318.9216246654},"median":{"confidence_interval":{"confidence_level":0.95,"lower_bound":700155287.5,"upper_bound":707657239.5},"point_estimate":702812891.0,"standard_error":1491167.013644186},"median_abs_dev":{"confidence_interval":{"confidence_level":0.95,"lower_bound":584707.7776193619,"upper_bound":9181667.506992817},"point_estimate":2920815.351945162,"standard_error":2321973.7161353063},"slope":null,"std_dev":{"confidence_interval":{"confidence_level":0.95,"lower_bound":2132327.5053102053,"upper_bound":8466926.002990028},"point_estimate":6161801.907479523,"standard_error":1759843.2469464513}}