{"mean":{"confidence_interval":{"confidence_level":0.95,"lower_bound":-0.03052977235025887,"upper_bound":-0.026391166344091204},"point_estimate":-0.02857281891666319,"standard_error":0.0010526549182997013},"median":{"confidence_interval":{"confidence_level":0.95,"lower_bound":-0.030676505913408314,"upper_bound":-0.027048792263720478},"point_estimate":-0.029159196571582058,"standard_error":0.001055520175665669}}