{"mean":{"confidence_interval":{"confidence_level":0.95,"lower_bound":0.0018485404619562496,"upper_bound":0.005251469258343749},"point_estimate":0.0035691557006418684,"standard_error":0.0008767008539460965},"median":{"confidence_interval":{"confidence_level":0.95,"lower_bound":0.0019093633915816532,"upper_bound":0.0058419546552230806},"point_estimate":0.00413162117565391,"standard_error":0.0010103242963669995}}