{"mean":{"confidence_interval":{"confidence_level":0.95,"lower_bound":614988262.6,"upper_bound":736414300.1875},"point_estimate":665727103.0,"standard_error":31838633.581880905},"median":{"confidence_interval":{"confidence_level":0.95,"lower_bound":605273220.0,"upper_bound":694874737.5},"point_estimate":614880488.0,"standard_error":26103635.653348427},"median_abs_dev":{"confidence_interval":{"confidence_level":0.95,"lower_bound":1482745.2684760094,"upper_bound":118599472.20313847},"point_estimate":17087763.81803155,"standard_error":32757522.50406147},"slope":null,"std_dev":{"confidence_interval":{"confidence_level":0.95,"lower_bound":14926711.201434504,"upper_bound":153127286.07572854},"point_estimate":105698590.53929049,"standard_error":38377679.29710663}}