{"mean":{"confidence_interval":{"confidence_level":0.95,"lower_bound":-0.01430888519200872,"upper_bound":-0.009631085903465947},"point_estimate":-0.011783401027608886,"standard_error":0.0012022035158354204},"median":{"confidence_interval":{"confidence_level":0.95,"lower_bound":-0.013045489536288368,"upper_bound":-0.008998143099668177},"point_estimate":-0.011313196131140346,"standard_error":0.0009847641031533944}}