{"mean":{"confidence_interval":{"confidence_level":0.95,"lower_bound":383710628.4275,"upper_bound":384506222.0525},"point_estimate":384112413.9,"standard_error":203694.4409640403},"median":{"confidence_interval":{"confidence_level":0.95,"lower_bound":383655925.5,"upper_bound":384689970.5},"point_estimate":384072708.5,"standard_error":249540.48201054576},"median_abs_dev":{"confidence_interval":{"confidence_level":0.95,"lower_bound":139248.01342785358,"upper_bound":1187703.7965640426},"point_estimate":740181.7358091474,"standard_error":260896.99788702858},"slope":null,"std_dev":{"confidence_interval":{"confidence_level":0.95,"lower_bound":373516.4719620302,"upper_bound":874515.4939829778},"point_estimate":678819.6980339723,"standard_error":130407.12922372871}}