{"mean":{"confidence_interval":{"confidence_level":0.95,"lower_bound":245384637.95166665,"upper_bound":246835761.49999994},"point_estimate":246043825.1666667,"standard_error":371807.17832765484},"median":{"confidence_interval":{"confidence_level":0.95,"lower_bound":245251108.66666666,"upper_bound":246708311.83333334},"point_estimate":245695142.0,"standard_error":360475.0162269221},"median_abs_dev":{"confidence_interval":{"confidence_level":0.95,"lower_bound":216775.3899514675,"upper_bound":1883581.9857597204},"point_estimate":739420.544272676,"standard_error":431103.5734151282},"slope":null,"std_dev":{"confidence_interval":{"confidence_level":0.95,"lower_bound":467049.73256863997,"upper_bound":1689753.4499335983},"point_estimate":1242929.5319562496,"standard_error":331249.1789319895}}