{"mean":{"confidence_interval":{"confidence_level":0.95,"lower_bound":854395520.5175,"upper_bound":863154079.9200001},"point_estimate":858498444.1,"standard_error":2246654.7243312937},"median":{"confidence_interval":{"confidence_level":0.95,"lower_bound":851941509.0,"upper_bound":865126061.5},"point_estimate":856954835.5,"standard_error":2800836.718795287},"median_abs_dev":{"confidence_interval":{"confidence_level":0.95,"lower_bound":915179.3117523193,"upper_bound":13158993.978381157},"point_estimate":6201829.108795524,"standard_error":3022628.801417741},"slope":null,"std_dev":{"confidence_interval":{"confidence_level":0.95,"lower_bound":3291118.3041857774,"upper_bound":9369972.21097346},"point_estimate":7479068.353946773,"standard_error":1564175.7082306966}}