{"mean":{"confidence_interval":{"confidence_level":0.95,"lower_bound":954648848.6225,"upper_bound":958007060.9},"point_estimate":956175132.0,"standard_error":862313.1213804405},"median":{"confidence_interval":{"confidence_level":0.95,"lower_bound":953767733.0,"upper_bound":957679663.0},"point_estimate":956048748.0,"standard_error":1111640.2239128195},"median_abs_dev":{"confidence_interval":{"confidence_level":0.95,"lower_bound":209185.21938621998,"upper_bound":4597724.878174067},"point_estimate":2966482.3963344097,"standard_error":1105831.7460142756},"slope":null,"std_dev":{"confidence_interval":{"confidence_level":0.95,"lower_bound":1341366.2865318584,"upper_bound":3986194.9292465546},"point_estimate":2881293.033599055,"standard_error":776203.112420093}}