{"mean":{"confidence_interval":{"confidence_level":0.95,"lower_bound":573548604.04,"upper_bound":580908191.8075},"point_estimate":577353709.2,"standard_error":1883674.63384629},"median":{"confidence_interval":{"confidence_level":0.95,"lower_bound":572396321.0,"upper_bound":582140519.0},"point_estimate":578484807.5,"standard_error":2521171.740874921},"median_abs_dev":{"confidence_interval":{"confidence_level":0.95,"lower_bound":1257215.1256799698,"upper_bound":10668788.669291139},"point_estimate":5582949.625682831,"standard_error":2518584.5783203263},"slope":null,"std_dev":{"confidence_interval":{"confidence_level":0.95,"lower_bound":3150845.2838127087,"upper_bound":7806491.060012252},"point_estimate":6263313.910264398,"standard_error":1137869.4643557325}}