{"mean":{"confidence_interval":{"confidence_level":0.95,"lower_bound":126015202.68547621,"upper_bound":126706090.67924999},"point_estimate":126338118.73273809,"standard_error":177512.5687445499},"median":{"confidence_interval":{"confidence_level":0.95,"lower_bound":125825514.0,"upper_bound":126819776.3},"point_estimate":126227471.54166666,"standard_error":241480.92523884945},"median_abs_dev":{"confidence_interval":{"confidence_level":0.95,"lower_bound":81596.98990137121,"upper_bound":984779.7327716458},"point_estimate":615244.209752217,"standard_error":239407.00273802353},"slope":{"confidence_interval":{"confidence_level":0.95,"lower_bound":126237161.80410789,"upper_bound":127043422.56891054},"point_estimate":126725366.96103896,"standard_error":191991.83623083323},"std_dev":{"confidence_interval":{"confidence_level":0.95,"lower_bound":256238.60265779155,"upper_bound":767614.9145717212},"point_estimate":591657.062171229,"standard_error":129615.68179682372}}