{"mean":{"confidence_interval":{"confidence_level":0.95,"lower_bound":-0.019755869234262084,"upper_bound":-0.008340171501426553},"point_estimate":-0.014149707289064395,"standard_error":0.0029191324439941015},"median":{"confidence_interval":{"confidence_level":0.95,"lower_bound":-0.02279330631567622,"upper_bound":-0.006282742411697129},"point_estimate":-0.014664435534927245,"standard_error":0.004562560187535171}}