{"mean":{"confidence_interval":{"confidence_level":0.95,"lower_bound":1.1272622559984498,"upper_bound":1.17211807336182},"point_estimate":1.15130996672195,"standard_error":0.011374173524878234},"median":{"confidence_interval":{"confidence_level":0.95,"lower_bound":1.1296888028787877,"upper_bound":1.1862266853610453},"point_estimate":1.1574940847369524,"standard_error":0.01532650998561091}}