{"mean":{"confidence_interval":{"confidence_level":0.95,"lower_bound":-0.013888199942596444,"upper_bound":0.0006219723510075543},"point_estimate":-0.007258577740710703,"standard_error":0.0037960128769325926},"median":{"confidence_interval":{"confidence_level":0.95,"lower_bound":-0.015162120527713485,"upper_bound":-0.0015285652128436134},"point_estimate":-0.010605395781510207,"standard_error":0.003503624624530951}}