{"mean":{"confidence_interval":{"confidence_level":0.95,"lower_bound":-0.019222058888775817,"upper_bound":-0.0109714257270681},"point_estimate":-0.015260075254146965,"standard_error":0.0021098481046901833},"median":{"confidence_interval":{"confidence_level":0.95,"lower_bound":-0.021797572402013854,"upper_bound":-0.010038647364816411},"point_estimate":-0.017044153033238918,"standard_error":0.0033928459799426255}}