{"mean":{"confidence_interval":{"confidence_level":0.95,"lower_bound":-0.05309986064102858,"upper_bound":-0.04206064090468791},"point_estimate":-0.04747626334668176,"standard_error":0.002830432650519927},"median":{"confidence_interval":{"confidence_level":0.95,"lower_bound":-0.057092964203919516,"upper_bound":-0.03928114050296194},"point_estimate":-0.04748131199980432,"standard_error":0.004397218966015999}}