{"mean":{"confidence_interval":{"confidence_level":0.95,"lower_bound":-0.0044570418699859254,"upper_bound":0.0036667019595149164},"point_estimate":-0.0005980205776415781,"standard_error":0.0020687956751938947},"median":{"confidence_interval":{"confidence_level":0.95,"lower_bound":-0.007909794595369446,"upper_bound":0.005708058052899423},"point_estimate":-0.001551288915327742,"standard_error":0.0030638574981524977}}