{"mean":{"confidence_interval":{"confidence_level":0.95,"lower_bound":792972904.14,"upper_bound":798322597.3175},"point_estimate":795630264.9,"standard_error":1365180.728795953},"median":{"confidence_interval":{"confidence_level":0.95,"lower_bound":791691581.0,"upper_bound":798871086.0},"point_estimate":795714594.5,"standard_error":1714204.2996058124},"median_abs_dev":{"confidence_interval":{"confidence_level":0.95,"lower_bound":757346.9076544046,"upper_bound":7980684.433114529},"point_estimate":5101882.257923484,"standard_error":1900202.776047077},"slope":null,"std_dev":{"confidence_interval":{"confidence_level":0.95,"lower_bound":2613976.6186425136,"upper_bound":5706514.869569031},"point_estimate":4542222.979337062,"standard_error":799532.1617933655}}