{"mean":{"confidence_interval":{"confidence_level":0.95,"lower_bound":-0.003186653745555526,"upper_bound":0.0004467183807396906},"point_estimate":-0.0012986452483105815,"standard_error":0.0009272894983721622},"median":{"confidence_interval":{"confidence_level":0.95,"lower_bound":-0.0023474657675084387,"upper_bound":0.0006207636861252919},"point_estimate":-0.0005923122547035753,"standard_error":0.0007450773301477145}}