{"mean":{"confidence_interval":{"confidence_level":0.95,"lower_bound":216707631.13333336,"upper_bound":217143378.65833333},"point_estimate":216937482.03333336,"standard_error":111849.30687958638},"median":{"confidence_interval":{"confidence_level":0.95,"lower_bound":216659423.6666667,"upper_bound":217170003.33333334},"point_estimate":216997071.1666667,"standard_error":115276.18180791683},"median_abs_dev":{"confidence_interval":{"confidence_level":0.95,"lower_bound":57133.225485697214,"upper_bound":633483.834153458},"point_estimate":230747.16500343365,"standard_error":148196.87625238506},"slope":null,"std_dev":{"confidence_interval":{"confidence_level":0.95,"lower_bound":147354.7319948904,"upper_bound":485335.4320180332},"point_estimate":372683.0844656472,"standard_error":83524.76441450836}}