{"mean":{"confidence_interval":{"confidence_level":0.95,"lower_bound":0.008234690814928298,"upper_bound":0.010940811655586385},"point_estimate":0.009550022606345854,"standard_error":0.0006912988048011659},"median":{"confidence_interval":{"confidence_level":0.95,"lower_bound":0.007602802531002428,"upper_bound":0.011674177101183458},"point_estimate":0.009772356049894793,"standard_error":0.0010803628487019738}}