{"mean":{"confidence_interval":{"confidence_level":0.95,"lower_bound":-0.025713726756262732,"upper_bound":-0.019672593154519153},"point_estimate":-0.02270958502615672,"standard_error":0.0015494786860913892},"median":{"confidence_interval":{"confidence_level":0.95,"lower_bound":-0.027948439149909077,"upper_bound":-0.019156519104408853},"point_estimate":-0.023629915406076396,"standard_error":0.0022865807791713614}}