{"mean":{"confidence_interval":{"confidence_level":0.95,"lower_bound":1.6032411145725223,"upper_bound":2.0887692509019824},"point_estimate":1.8624554286957533,"standard_error":0.13571348024748056},"median":{"confidence_interval":{"confidence_level":0.95,"lower_bound":1.5133841601067575,"upper_bound":2.115535594046931},"point_estimate":1.8210141424266428,"standard_error":0.1350730125681716}}