{"mean":{"confidence_interval":{"confidence_level":0.95,"lower_bound":-0.03908476676710673,"upper_bound":-0.022249845255247674},"point_estimate":-0.03077099860768384,"standard_error":0.004252130012505506},"median":{"confidence_interval":{"confidence_level":0.95,"lower_bound":-0.04173032620723782,"upper_bound":-0.017294448341686586},"point_estimate":-0.03594985495229441,"standard_error":0.005890726695592575}}