{"mean":{"confidence_interval":{"confidence_level":0.95,"lower_bound":0.010791305360923781,"upper_bound":0.027266630665890072},"point_estimate":0.020674802408668702,"standard_error":0.004454878891726519},"median":{"confidence_interval":{"confidence_level":0.95,"lower_bound":0.019834657957900292,"upper_bound":0.02723704358627188},"point_estimate":0.023656743691436555,"standard_error":0.002008697464533168}}