{"mean":{"confidence_interval":{"confidence_level":0.95,"lower_bound":501349622.85,"upper_bound":503699645.15},"point_estimate":502545498.3,"standard_error":600127.6274170746},"median":{"confidence_interval":{"confidence_level":0.95,"lower_bound":501093461.75,"upper_bound":504129338.25},"point_estimate":502802042.75,"standard_error":700383.6663293455},"median_abs_dev":{"confidence_interval":{"confidence_level":0.95,"lower_bound":300024.1197735071,"upper_bound":3481084.6928983927},"point_estimate":1892612.6257494092,"standard_error":863393.9213978427},"slope":null,"std_dev":{"confidence_interval":{"confidence_level":0.95,"lower_bound":1063568.805994389,"upper_bound":2573397.1524945823},"point_estimate":1998180.9278422766,"standard_error":387161.08819465863}}