{"mean":{"confidence_interval":{"confidence_level":0.95,"lower_bound":-0.038095334615907694,"upper_bound":-0.020296243112931548},"point_estimate":-0.02920783782829306,"standard_error":0.004544193590292604},"median":{"confidence_interval":{"confidence_level":0.95,"lower_bound":-0.04227520321066047,"upper_bound":-0.016589916051734654},"point_estimate":-0.03028892835812458,"standard_error":0.006565270391408603}}