{"mean":{"confidence_interval":{"confidence_level":0.95,"lower_bound":0.0038564276751515197,"upper_bound":0.0063931615013197935},"point_estimate":0.005012482656354678,"standard_error":0.0006585668156168499},"median":{"confidence_interval":{"confidence_level":0.95,"lower_bound":0.0036965573679101915,"upper_bound":0.006108941688125924},"point_estimate":0.004575161351669577,"standard_error":0.0005946175413859568}}