{"mean":{"confidence_interval":{"confidence_level":0.95,"lower_bound":-0.026112758492208826,"upper_bound":-0.019348795910611057},"point_estimate":-0.02253460576044508,"standard_error":0.0017290790953812013},"median":{"confidence_interval":{"confidence_level":0.95,"lower_bound":-0.027792625410782423,"upper_bound":-0.018698386197370187},"point_estimate":-0.021008704979729842,"standard_error":0.002441939050500815}}