{"mean":{"confidence_interval":{"confidence_level":0.95,"lower_bound":0.02545816751020502,"upper_bound":0.04181948725310913},"point_estimate":0.03170514107707545,"standard_error":0.004419721753863082},"median":{"confidence_interval":{"confidence_level":0.95,"lower_bound":0.024620083993277087,"upper_bound":0.029889647914118633},"point_estimate":0.027049796130957038,"standard_error":0.0013348803392676906}}