{"mean":{"confidence_interval":{"confidence_level":0.95,"lower_bound":481720106.35,"upper_bound":484378773.5},"point_estimate":483106301.8,"standard_error":680375.0464322125},"median":{"confidence_interval":{"confidence_level":0.95,"lower_bound":481294680.0,"upper_bound":484829458.5},"point_estimate":483733356.5,"standard_error":970607.5394964723},"median_abs_dev":{"confidence_interval":{"confidence_level":0.95,"lower_bound":450218.91010701656,"upper_bound":3615763.333207369},"point_estimate":1790368.454414606,"standard_error":859282.8309032912},"slope":null,"std_dev":{"confidence_interval":{"confidence_level":0.95,"lower_bound":1131379.6330929073,"upper_bound":2846772.404421963},"point_estimate":2263672.5781902783,"standard_error":436482.69722286164}}