{"mean":{"confidence_interval":{"confidence_level":0.95,"lower_bound":282112017.5,"upper_bound":286278561.05},"point_estimate":284067090.6,"standard_error":1062488.742077712},"median":{"confidence_interval":{"confidence_level":0.95,"lower_bound":281515235.25,"upper_bound":285591094.0},"point_estimate":283593677.0,"standard_error":780292.5922122063},"median_abs_dev":{"confidence_interval":{"confidence_level":0.95,"lower_bound":69442.01756715775,"upper_bound":5746673.205639738},"point_estimate":1589239.3126353621,"standard_error":1564842.6724053447},"slope":null,"std_dev":{"confidence_interval":{"confidence_level":0.95,"lower_bound":1378812.6371374535,"upper_bound":4899818.161978452},"point_estimate":3550389.0524551887,"standard_error":961579.1783093035}}