{"mean":{"confidence_interval":{"confidence_level":0.95,"lower_bound":0.020724759544486826,"upper_bound":0.03622124237585253},"point_estimate":0.02771437118813469,"standard_error":0.0038735810335498617},"median":{"confidence_interval":{"confidence_level":0.95,"lower_bound":0.021980018392446565,"upper_bound":0.03150852136528681},"point_estimate":0.0252686639420312,"standard_error":0.002340476169636353}}