{"mean":{"confidence_interval":{"confidence_level":0.95,"lower_bound":-0.011386986620313977,"upper_bound":-0.006924280184952125},"point_estimate":-0.009078992432817512,"standard_error":0.001142753409776413},"median":{"confidence_interval":{"confidence_level":0.95,"lower_bound":-0.012885394135064066,"upper_bound":-0.0057808102559994134},"point_estimate":-0.009513387480516111,"standard_error":0.0018192284461123617}}