{"mean":{"confidence_interval":{"confidence_level":0.95,"lower_bound":901627594.6,"upper_bound":905677142.3975},"point_estimate":903594818.0,"standard_error":1026475.4986200044},"median":{"confidence_interval":{"confidence_level":0.95,"lower_bound":902057859.0,"upper_bound":904864478.0},"point_estimate":903670778.5,"standard_error":570268.4800226521},"median_abs_dev":{"confidence_interval":{"confidence_level":0.95,"lower_bound":88366.6649311781,"upper_bound":5358220.8281725645},"point_estimate":1209849.763020873,"standard_error":1341923.4492202683},"slope":null,"std_dev":{"confidence_interval":{"confidence_level":0.95,"lower_bound":947924.0905843768,"upper_bound":4793267.496089562},"point_estimate":3407255.221450871,"standard_error":985243.7423243055}}