{"mean":{"confidence_interval":{"confidence_level":0.95,"lower_bound":295897338.99875,"upper_bound":297040165.35},"point_estimate":296492755.7,"standard_error":291341.0815669194},"median":{"confidence_interval":{"confidence_level":0.95,"lower_bound":296051016.5,"upper_bound":296962522.5},"point_estimate":296561935.5,"standard_error":216617.81229621408},"median_abs_dev":{"confidence_interval":{"confidence_level":0.95,"lower_bound":153704.10447120667,"upper_bound":1504126.5839964151},"point_estimate":487630.46719282866,"standard_error":332344.59644599096},"slope":null,"std_dev":{"confidence_interval":{"confidence_level":0.95,"lower_bound":327228.01826443506,"upper_bound":1367236.9891429674},"point_estimate":974099.1006703808,"standard_error":269896.444850884}}