{"mean":{"confidence_interval":{"confidence_level":0.95,"lower_bound":491556265.73375,"upper_bound":494920925.3775},"point_estimate":493299029.85,"standard_error":861386.6147524804},"median":{"confidence_interval":{"confidence_level":0.95,"lower_bound":491495073.0,"upper_bound":495920941.0},"point_estimate":492979772.5,"standard_error":1195268.5275197881},"median_abs_dev":{"confidence_interval":{"confidence_level":0.95,"lower_bound":494456.7281216383,"upper_bound":5341392.577171326},"point_estimate":2892280.491551757,"standard_error":1145807.5256106448},"slope":null,"std_dev":{"confidence_interval":{"confidence_level":0.95,"lower_bound":1615851.8711831733,"upper_bound":3724499.299530333},"point_estimate":2866558.173150299,"standard_error":573085.2122462945}}