{"mean":{"confidence_interval":{"confidence_level":0.95,"lower_bound":1.1068431335789068,"upper_bound":1.1257226417946808},"point_estimate":1.116695060931959,"standard_error":0.004906287298059014},"median":{"confidence_interval":{"confidence_level":0.95,"lower_bound":1.1041049428510163,"upper_bound":1.1304924522441158},"point_estimate":1.1165557582652479,"standard_error":0.00712254992599346}}