{"mean":{"confidence_interval":{"confidence_level":0.95,"lower_bound":-0.03961511386016459,"upper_bound":-0.035042550019381606},"point_estimate":-0.03738445748885044,"standard_error":0.001175002176008427},"median":{"confidence_interval":{"confidence_level":0.95,"lower_bound":-0.0415961745114396,"upper_bound":-0.03476528138519519},"point_estimate":-0.038048217337585344,"standard_error":0.0020888885408081683}}