{"mean":{"confidence_interval":{"confidence_level":0.95,"lower_bound":383749017.05,"upper_bound":386152687.2825},"point_estimate":385040999.3,"standard_error":618786.8338837137},"median":{"confidence_interval":{"confidence_level":0.95,"lower_bound":383677349.25,"upper_bound":386675049.5},"point_estimate":385489698.25,"standard_error":765394.6198502476},"median_abs_dev":{"confidence_interval":{"confidence_level":0.95,"lower_bound":371490.627604723,"upper_bound":3327840.56506902},"point_estimate":1922496.2814688683,"standard_error":761941.9768574724},"slope":null,"std_dev":{"confidence_interval":{"confidence_level":0.95,"lower_bound":897233.5209017982,"upper_bound":2664416.9474398773},"point_estimate":2060928.507109979,"standard_error":456913.9395691447}}