{"mean":{"confidence_interval":{"confidence_level":0.95,"lower_bound":-0.02197662067875521,"upper_bound":0.0025026873667488344},"point_estimate":-0.011959773557614684,"standard_error":0.006281459413983588},"median":{"confidence_interval":{"confidence_level":0.95,"lower_bound":-0.02003823569032448,"upper_bound":-0.008585985433541943},"point_estimate":-0.015739535783216074,"standard_error":0.0032368471705084938}}