{"mean":{"confidence_interval":{"confidence_level":0.95,"lower_bound":1.1069754459666392,"upper_bound":1.1328880338604004},"point_estimate":1.120320398924041,"standard_error":0.006463391159710732},"median":{"confidence_interval":{"confidence_level":0.95,"lower_bound":1.1066717565728617,"upper_bound":1.139780357529221},"point_estimate":1.1169130141613368,"standard_error":0.009051372420775902}}