{"mean":{"confidence_interval":{"confidence_level":0.95,"lower_bound":247099830.43333334,"upper_bound":250514014.36666664},"point_estimate":248643243.3,"standard_error":876918.3129742987},"median":{"confidence_interval":{"confidence_level":0.95,"lower_bound":246815880.3333333,"upper_bound":250293591.3333333},"point_estimate":247970312.6666667,"standard_error":791520.262295214},"median_abs_dev":{"confidence_interval":{"confidence_level":0.95,"lower_bound":404282.2796225622,"upper_bound":4522499.485209569},"point_estimate":1480301.2024194002,"standard_error":1019482.9685464326},"slope":null,"std_dev":{"confidence_interval":{"confidence_level":0.95,"lower_bound":967308.734566486,"upper_bound":3968848.544005232},"point_estimate":2916984.5764281857,"standard_error":798318.6919592816}}