{"mean":{"confidence_interval":{"confidence_level":0.95,"lower_bound":918395888.8475,"upper_bound":939775537.3},"point_estimate":929748666.0,"standard_error":5467151.416319646},"median":{"confidence_interval":{"confidence_level":0.95,"lower_bound":914599780.0,"upper_bound":944852023.0},"point_estimate":934424277.5,"standard_error":7386947.941135885},"median_abs_dev":{"confidence_interval":{"confidence_level":0.95,"lower_bound":3722409.714514017,"upper_bound":29860832.57546425},"point_estimate":16467621.159741282,"standard_error":6929111.998280109},"slope":null,"std_dev":{"confidence_interval":{"confidence_level":0.95,"lower_bound":8506865.905745158,"upper_bound":23026194.91501433},"point_estimate":18218004.210400924,"standard_error":3725217.3217124357}}