{"mean":{"confidence_interval":{"confidence_level":0.95,"lower_bound":1431192254.46,"upper_bound":1440969381.8},"point_estimate":1435342981.4,"standard_error":2542161.6405328964},"median":{"confidence_interval":{"confidence_level":0.95,"lower_bound":1430293132.0,"upper_bound":1436403398.5},"point_estimate":1434444176.0,"standard_error":1589995.5437205122},"median_abs_dev":{"confidence_interval":{"confidence_level":0.95,"lower_bound":750803.4526705742,"upper_bound":9284597.75146544},"point_estimate":3280144.953265786,"standard_error":2203481.93843495},"slope":null,"std_dev":{"confidence_interval":{"confidence_level":0.95,"lower_bound":2211961.6178246574,"upper_bound":12498588.856735883},"point_estimate":8482458.041599948,"standard_error":3125295.71022343}}