{"mean":{"confidence_interval":{"confidence_level":0.95,"lower_bound":-0.01203659887710249,"upper_bound":0.0004791850022760149},"point_estimate":-0.006146666116649047,"standard_error":0.0031589790462099995},"median":{"confidence_interval":{"confidence_level":0.95,"lower_bound":-0.012132252587169767,"upper_bound":0.0016845019545341788},"point_estimate":-0.005107371528148441,"standard_error":0.0033238612261193724}}