{"mean":{"confidence_interval":{"confidence_level":0.95,"lower_bound":-0.01425816434329458,"upper_bound":-0.006418169617053144},"point_estimate":-0.010547344177731066,"standard_error":0.0020167229472609427},"median":{"confidence_interval":{"confidence_level":0.95,"lower_bound":-0.015884581864098468,"upper_bound":-0.006668421087046683},"point_estimate":-0.012317975918521129,"standard_error":0.002374135422326769}}