{"mean":{"confidence_interval":{"confidence_level":0.95,"lower_bound":233667856.6,"upper_bound":234077012.9333333},"point_estimate":233852059.5666667,"standard_error":105271.35631407578},"median":{"confidence_interval":{"confidence_level":0.95,"lower_bound":233597596.0,"upper_bound":234085075.0},"point_estimate":233724888.1666667,"standard_error":115073.35401290347},"median_abs_dev":{"confidence_interval":{"confidence_level":0.95,"lower_bound":20686.96453276242,"upper_bound":546319.804900892},"point_estimate":249849.47726429245,"standard_error":130691.07048913094},"slope":null,"std_dev":{"confidence_interval":{"confidence_level":0.95,"lower_bound":132552.17651542206,"upper_bound":481776.69771988055},"point_estimate":351283.39816882845,"standard_error":95874.25114363032}}