{"mean":{"confidence_interval":{"confidence_level":0.95,"lower_bound":1201265645.3,"upper_bound":1217535338.1},"point_estimate":1209400785.9,"standard_error":4163794.614062322},"median":{"confidence_interval":{"confidence_level":0.95,"lower_bound":1199676521.0,"upper_bound":1223463894.0},"point_estimate":1206757053.0,"standard_error":6460894.303531998},"median_abs_dev":{"confidence_interval":{"confidence_level":0.95,"lower_bound":3241578.821450472,"upper_bound":24769562.02685237},"point_estimate":14443086.417683959,"standard_error":5527658.017285081},"slope":null,"std_dev":{"confidence_interval":{"confidence_level":0.95,"lower_bound":8468216.997662473,"upper_bound":17164231.574761756},"point_estimate":13901468.430256426,"standard_error":2244703.3817977123}}