{"mean":{"confidence_interval":{"confidence_level":0.95,"lower_bound":1.6190456655453616,"upper_bound":1.9783437975914206},"point_estimate":1.8308307792063565,"standard_error":0.09272542283015825},"median":{"confidence_interval":{"confidence_level":0.95,"lower_bound":1.4619413158824002,"upper_bound":2.0506036068545153},"point_estimate":1.9460186706744382,"standard_error":0.14198966470513052}}