{"mean":{"confidence_interval":{"confidence_level":0.95,"lower_bound":0.007809242826885844,"upper_bound":0.016568160085932093},"point_estimate":0.011674208981197198,"standard_error":0.0022324099271435185},"median":{"confidence_interval":{"confidence_level":0.95,"lower_bound":0.005623105654911198,"upper_bound":0.014284299922252108},"point_estimate":0.010979612276543094,"standard_error":0.0021631029037783326}}