{"mean":{"confidence_interval":{"confidence_level":0.95,"lower_bound":-0.039751973120882855,"upper_bound":-0.02365848509164839},"point_estimate":-0.03186686169936637,"standard_error":0.004114637396483137},"median":{"confidence_interval":{"confidence_level":0.95,"lower_bound":-0.04391020436919524,"upper_bound":-0.01977772142249945},"point_estimate":-0.034079801813460264,"standard_error":0.005906185423912792}}