{"mean":{"confidence_interval":{"confidence_level":0.95,"lower_bound":-0.008104779245019846,"upper_bound":0.0015059434659146587},"point_estimate":-0.0028601961900054373,"standard_error":0.002506430623156941},"median":{"confidence_interval":{"confidence_level":0.95,"lower_bound":-0.005373328072113215,"upper_bound":0.002577608650903951},"point_estimate":0.00020466542788044606,"standard_error":0.0018155166693303976}}