{"mean":{"confidence_interval":{"confidence_level":0.95,"lower_bound":0.001282661878473962,"upper_bound":0.004206545152641205},"point_estimate":0.0028535385931951485,"standard_error":0.0007446565322512309},"median":{"confidence_interval":{"confidence_level":0.95,"lower_bound":0.0011463265314204385,"upper_bound":0.004594001308141138},"point_estimate":0.0033253101156691667,"standard_error":0.0009014859010322582}}