{"mean":{"confidence_interval":{"confidence_level":0.95,"lower_bound":-0.020545895687689206,"upper_bound":-0.01715165372976598},"point_estimate":-0.018873991190761608,"standard_error":0.0008690338023074934},"median":{"confidence_interval":{"confidence_level":0.95,"lower_bound":-0.021870395898967887,"upper_bound":-0.016572824751871496},"point_estimate":-0.018253618125523396,"standard_error":0.0014858853619472297}}