{"mean":{"confidence_interval":{"confidence_level":0.95,"lower_bound":673588507.6,"upper_bound":701291853.0},"point_estimate":686211388.3,"standard_error":7113268.884943678},"median":{"confidence_interval":{"confidence_level":0.95,"lower_bound":670493980.5,"upper_bound":706993978.5},"point_estimate":674732096.0,"standard_error":8444949.929234494},"median_abs_dev":{"confidence_interval":{"confidence_level":0.95,"lower_bound":2418328.1210660934,"upper_bound":31952366.010332108},"point_estimate":11116318.143045902,"standard_error":8188178.973859437},"slope":null,"std_dev":{"confidence_interval":{"confidence_level":0.95,"lower_bound":7115777.669547329,"upper_bound":29566481.063412473},"point_estimate":23668166.97791759,"standard_error":5900351.223288446}}