{"mean":{"confidence_interval":{"confidence_level":0.95,"lower_bound":0.49526439398107514,"upper_bound":0.7011799456058172},"point_estimate":0.5929114291557058,"standard_error":0.05319500177497436},"median":{"confidence_interval":{"confidence_level":0.95,"lower_bound":0.40624585327662555,"upper_bound":0.7448108956018786},"point_estimate":0.6611864556835185,"standard_error":0.1069487949806429}}