{"mean":{"confidence_interval":{"confidence_level":0.95,"lower_bound":-0.03295550616349554,"upper_bound":-0.013844224086590806},"point_estimate":-0.023150107234089612,"standard_error":0.004851474098629072},"median":{"confidence_interval":{"confidence_level":0.95,"lower_bound":-0.035564468865666665,"upper_bound":-0.01068247910918152},"point_estimate":-0.02315979920465916,"standard_error":0.006380933975415779}}