{"mean":{"confidence_interval":{"confidence_level":0.95,"lower_bound":542023606.7,"upper_bound":549904672.0475},"point_estimate":545443218.9,"standard_error":2038769.9549381845},"median":{"confidence_interval":{"confidence_level":0.95,"lower_bound":539667907.0,"upper_bound":546513636.0},"point_estimate":545394182.0,"standard_error":1703311.509733845},"median_abs_dev":{"confidence_interval":{"confidence_level":0.95,"lower_bound":413729.900854826,"upper_bound":9185249.468529224},"point_estimate":2326157.845902443,"standard_error":2257674.8140574135},"slope":null,"std_dev":{"confidence_interval":{"confidence_level":0.95,"lower_bound":2293974.66630174,"upper_bound":9956820.511812126},"point_estimate":6825556.824016052,"standard_error":2348384.8443227545}}