{"mean":{"confidence_interval":{"confidence_level":0.95,"lower_bound":721433600.0,"upper_bound":725209655.0975001},"point_estimate":723224276.7,"standard_error":973821.6990128675},"median":{"confidence_interval":{"confidence_level":0.95,"lower_bound":720734664.0,"upper_bound":726006649.0},"point_estimate":722052012.0,"standard_error":1431385.0971162354},"median_abs_dev":{"confidence_interval":{"confidence_level":0.95,"lower_bound":303971.54220342636,"upper_bound":5259653.134122491},"point_estimate":2334143.129360676,"standard_error":1300854.5750162918},"slope":null,"std_dev":{"confidence_interval":{"confidence_level":0.95,"lower_bound":1516774.7401227525,"upper_bound":3925777.122878721},"point_estimate":3256958.005520183,"standard_error":582046.1053831923}}