{"mean":{"confidence_interval":{"confidence_level":0.95,"lower_bound":0.00937032117567356,"upper_bound":0.03016766687256326},"point_estimate":0.020686544573769394,"standard_error":0.005352310919240522},"median":{"confidence_interval":{"confidence_level":0.95,"lower_bound":0.010670954258211074,"upper_bound":0.032422915035254185},"point_estimate":0.02636051911145132,"standard_error":0.005141189873022606}}