{"mean":{"confidence_interval":{"confidence_level":0.95,"lower_bound":-0.01192452208410435,"upper_bound":0.013801765414348143},"point_estimate":0.003934860591187528,"standard_error":0.007236797630830763},"median":{"confidence_interval":{"confidence_level":0.95,"lower_bound":0.009188453648506956,"upper_bound":0.01386091904502118},"point_estimate":0.011407811935565393,"standard_error":0.002041179828568499}}