{"mean":{"confidence_interval":{"confidence_level":0.95,"lower_bound":-0.031094370442473554,"upper_bound":-0.007579147978925218},"point_estimate":-0.018519637897379315,"standard_error":0.006045166549286357},"median":{"confidence_interval":{"confidence_level":0.95,"lower_bound":-0.022524718646476205,"upper_bound":0.00015400087608319346},"point_estimate":-0.013649794511227498,"standard_error":0.005882368706151757}}