{"mean":{"confidence_interval":{"confidence_level":0.95,"lower_bound":-0.05124105976230894,"upper_bound":-0.03907979212262767},"point_estimate":-0.04485769732538203,"standard_error":0.0031077640477731655},"median":{"confidence_interval":{"confidence_level":0.95,"lower_bound":-0.05168825726596116,"upper_bound":-0.03504912853643105},"point_estimate":-0.03774118780461044,"standard_error":0.004986599723283158}}