{"mean":{"confidence_interval":{"confidence_level":0.95,"lower_bound":0.7377429475791575,"upper_bound":0.7792816103967686},"point_estimate":0.7605905844694776,"standard_error":0.01064104561130907},"median":{"confidence_interval":{"confidence_level":0.95,"lower_bound":0.74641227140574,"upper_bound":0.787855820593202},"point_estimate":0.7654822656381777,"standard_error":0.01108235084389487}}