{"mean":{"confidence_interval":{"confidence_level":0.95,"lower_bound":-0.008436984768803049,"upper_bound":0.0035040862121892857},"point_estimate":-0.0023630615211555073,"standard_error":0.0030600549319040214},"median":{"confidence_interval":{"confidence_level":0.95,"lower_bound":-0.014133860600472281,"upper_bound":0.0070514937500310015},"point_estimate":0.0005354458074682267,"standard_error":0.005431177264915518}}