{"mean":{"confidence_interval":{"confidence_level":0.95,"lower_bound":-0.017676368394133786,"upper_bound":-0.01199795020039767},"point_estimate":-0.014857750070295217,"standard_error":0.0014465727907114123},"median":{"confidence_interval":{"confidence_level":0.95,"lower_bound":-0.017309536666382574,"upper_bound":-0.012675960579360712},"point_estimate":-0.0141353552093324,"standard_error":0.0012299242533432544}}