{"mean":{"confidence_interval":{"confidence_level":0.95,"lower_bound":436635489.65375,"upper_bound":438730317.52125},"point_estimate":437662794.95,"standard_error":531669.2699686663},"median":{"confidence_interval":{"confidence_level":0.95,"lower_bound":436518443.25,"upper_bound":438759189.0},"point_estimate":437622907.5,"standard_error":774134.2961905678},"median_abs_dev":{"confidence_interval":{"confidence_level":0.95,"lower_bound":125314.90952521563,"upper_bound":3060808.7425097823},"point_estimate":1639443.8542440534,"standard_error":813107.6198453616},"slope":null,"std_dev":{"confidence_interval":{"confidence_level":0.95,"lower_bound":930929.6594991146,"upper_bound":2329622.0296300333},"point_estimate":1774659.979377152,"standard_error":376649.40301691333}}