{"mean":{"confidence_interval":{"confidence_level":0.95,"lower_bound":0.04283825804164472,"upper_bound":0.04855413916227344},"point_estimate":0.045760345698240945,"standard_error":0.0014594397165793762},"median":{"confidence_interval":{"confidence_level":0.95,"lower_bound":0.04252731347474814,"upper_bound":0.04800052853909231},"point_estimate":0.04559627315774395,"standard_error":0.0016170823772291374}}