{"mean":{"confidence_interval":{"confidence_level":0.95,"lower_bound":-0.6086704353022921,"upper_bound":-0.54704661467058},"point_estimate":-0.5787528940223714,"standard_error":0.01572512805104984},"median":{"confidence_interval":{"confidence_level":0.95,"lower_bound":-0.6209564542963136,"upper_bound":-0.5290797821430654},"point_estimate":-0.5667786327817451,"standard_error":0.02556790651810426}}