{"mean":{"confidence_interval":{"confidence_level":0.95,"lower_bound":0.0036008853207761316,"upper_bound":0.00721718375882062},"point_estimate":0.005309840194246629,"standard_error":0.0009220353705327868},"median":{"confidence_interval":{"confidence_level":0.95,"lower_bound":0.0033159932280333315,"upper_bound":0.00712416685335171},"point_estimate":0.0047594798321874965,"standard_error":0.0010768258797920094}}