{"mean":{"confidence_interval":{"confidence_level":0.95,"lower_bound":-0.6362972080577468,"upper_bound":-0.6037136023757755},"point_estimate":-0.6208933233572766,"standard_error":0.008350984622293795},"median":{"confidence_interval":{"confidence_level":0.95,"lower_bound":-0.6441745409668269,"upper_bound":-0.6020415360393928},"point_estimate":-0.6161261207111821,"standard_error":0.01211645969225317}}