{"mean":{"confidence_interval":{"confidence_level":0.95,"lower_bound":-0.04949935146401632,"upper_bound":-0.028891927033669624},"point_estimate":-0.03705263048652252,"standard_error":0.0056071544431074705},"median":{"confidence_interval":{"confidence_level":0.95,"lower_bound":-0.03593995172113695,"upper_bound":-0.028394804779696803},"point_estimate":-0.03131744083158605,"standard_error":0.0021529825279804466}}