{"mean":{"confidence_interval":{"confidence_level":0.95,"lower_bound":0.1765407023363661,"upper_bound":0.4033498886360293},"point_estimate":0.27430704289025765,"standard_error":0.058111446692717575},"median":{"confidence_interval":{"confidence_level":0.95,"lower_bound":0.14238546314919742,"upper_bound":0.39311353221402734},"point_estimate":0.19392905925667336,"standard_error":0.06077618242269832}}