{"mean":{"confidence_interval":{"confidence_level":0.95,"lower_bound":0.023909555302688977,"upper_bound":0.036912797215229866},"point_estimate":0.02922613470152191,"standard_error":0.003666738069684283},"median":{"confidence_interval":{"confidence_level":0.95,"lower_bound":0.023306493428466135,"upper_bound":0.02919360986343622},"point_estimate":0.02553001270222799,"standard_error":0.001772008703019958}}