{"mean":{"confidence_interval":{"confidence_level":0.95,"lower_bound":-0.011687419815669649,"upper_bound":0.005307288542065139},"point_estimate":-0.0037426591062582615,"standard_error":0.004169239291911697},"median":{"confidence_interval":{"confidence_level":0.95,"lower_bound":-0.014383580443797284,"upper_bound":0.015019804445757456},"point_estimate":-0.01083408204440739,"standard_error":0.007913098005758486}}