{"mean":{"confidence_interval":{"confidence_level":0.95,"lower_bound":-0.033585955020630005,"upper_bound":-0.01802898093250662},"point_estimate":-0.025578078459914888,"standard_error":0.003982980353899599},"median":{"confidence_interval":{"confidence_level":0.95,"lower_bound":-0.03675632304658438,"upper_bound":-0.018672607169351707},"point_estimate":-0.02365466044440434,"standard_error":0.004304491130340573}}