{"mean":{"confidence_interval":{"confidence_level":0.95,"lower_bound":478822799.97499996,"upper_bound":479925038.44124997},"point_estimate":479388709.95,"standard_error":280982.90586949565},"median":{"confidence_interval":{"confidence_level":0.95,"lower_bound":478905768.0,"upper_bound":479955119.5},"point_estimate":479436397.5,"standard_error":356087.39942513657},"median_abs_dev":{"confidence_interval":{"confidence_level":0.95,"lower_bound":79172.69184440374,"upper_bound":1523881.4873456955},"point_estimate":683573.8449141383,"standard_error":392461.3800650013},"slope":null,"std_dev":{"confidence_interval":{"confidence_level":0.95,"lower_bound":434778.2855613019,"upper_bound":1263069.2808945333},"point_estimate":933849.725582121,"standard_error":221233.45539183158}}