{"mean":{"confidence_interval":{"confidence_level":0.95,"lower_bound":-0.03449142294697186,"upper_bound":-0.030364381863593387},"point_estimate":-0.03221992142933838,"standard_error":0.0010593797748369195},"median":{"confidence_interval":{"confidence_level":0.95,"lower_bound":-0.03370653115943156,"upper_bound":-0.028782422367434557},"point_estimate":-0.032346240722201935,"standard_error":0.0013160753246622577}}