{"mean":{"confidence_interval":{"confidence_level":0.95,"lower_bound":-0.0501298829401107,"upper_bound":-0.03252982411824161},"point_estimate":-0.0428639414149915,"standard_error":0.0045288996214393066},"median":{"confidence_interval":{"confidence_level":0.95,"lower_bound":-0.05276612553733817,"upper_bound":-0.03577625786793859},"point_estimate":-0.04805739226174943,"standard_error":0.0040253637469003616}}