{"mean":{"confidence_interval":{"confidence_level":0.95,"lower_bound":0.0265649932205792,"upper_bound":0.037857592147792274},"point_estimate":0.031960692152370296,"standard_error":0.0029005158069377135},"median":{"confidence_interval":{"confidence_level":0.95,"lower_bound":0.024259023293613735,"upper_bound":0.03958891182108104},"point_estimate":0.027028711349069034,"standard_error":0.004451715061763044}}