{"mean":{"confidence_interval":{"confidence_level":0.95,"lower_bound":1286412941.42,"upper_bound":1289775267.6},"point_estimate":1288044675.5,"standard_error":857859.6444861322},"median":{"confidence_interval":{"confidence_level":0.95,"lower_bound":1285668269.0,"upper_bound":1289953533.5},"point_estimate":1287924464.5,"standard_error":1047491.63099527},"median_abs_dev":{"confidence_interval":{"confidence_level":0.95,"lower_bound":700724.1907596588,"upper_bound":4867218.557989597},"point_estimate":2701824.2163330317,"standard_error":1057849.5927631932},"slope":null,"std_dev":{"confidence_interval":{"confidence_level":0.95,"lower_bound":1537987.5730031868,"upper_bound":3677053.655817278},"point_estimate":2860243.3137975535,"standard_error":558071.6766933665}}