{"mean":{"confidence_interval":{"confidence_level":0.95,"lower_bound":-0.042556720971680714,"upper_bound":-0.02467031902983269},"point_estimate":-0.03448636877839162,"standard_error":0.004594811469584493},"median":{"confidence_interval":{"confidence_level":0.95,"lower_bound":-0.048070971669664675,"upper_bound":-0.021054433386763494},"point_estimate":-0.045260659229306555,"standard_error":0.008124598079230615}}