{"mean":{"confidence_interval":{"confidence_level":0.95,"lower_bound":0.03282989480741859,"upper_bound":0.04105315687403263},"point_estimate":0.03680614515604552,"standard_error":0.0020714432057898284},"median":{"confidence_interval":{"confidence_level":0.95,"lower_bound":0.032326364664117646,"upper_bound":0.041974064278402334},"point_estimate":0.03483219125513948,"standard_error":0.0023802806100034213}}