{"mean":{"confidence_interval":{"confidence_level":0.95,"lower_bound":815602912.7,"upper_bound":817315807.5},"point_estimate":816475322.7,"standard_error":439794.77885617444},"median":{"confidence_interval":{"confidence_level":0.95,"lower_bound":815061118.5,"upper_bound":817826990.0},"point_estimate":816864203.5,"standard_error":774119.9716389213},"median_abs_dev":{"confidence_interval":{"confidence_level":0.95,"lower_bound":342141.81982576847,"upper_bound":2319695.192617178},"point_estimate":1937669.9508994818,"standard_error":534078.828996989},"slope":null,"std_dev":{"confidence_interval":{"confidence_level":0.95,"lower_bound":916152.029905073,"upper_bound":1730536.2394991787},"point_estimate":1464822.9610257458,"standard_error":206508.64026877788}}