{"mean":{"confidence_interval":{"confidence_level":0.95,"lower_bound":0.004463594061620159,"upper_bound":0.0118910443793806},"point_estimate":0.008366414746318496,"standard_error":0.0019013318868468998},"median":{"confidence_interval":{"confidence_level":0.95,"lower_bound":0.005486983268594203,"upper_bound":0.012296937164042454},"point_estimate":0.006793783220209404,"standard_error":0.0019685214363554617}}