{"mean":{"confidence_interval":{"confidence_level":0.95,"lower_bound":0.01122162725477684,"upper_bound":0.04035181575693052},"point_estimate":0.024670254247610046,"standard_error":0.007479983861986565},"median":{"confidence_interval":{"confidence_level":0.95,"lower_bound":0.005866191854454916,"upper_bound":0.03704728438265836},"point_estimate":0.016082852226952937,"standard_error":0.008832577813232633}}