{"mean":{"confidence_interval":{"confidence_level":0.95,"lower_bound":-0.02839394375435038,"upper_bound":-0.014989233857947605},"point_estimate":-0.020540751431871396,"standard_error":0.0035577006297813863},"median":{"confidence_interval":{"confidence_level":0.95,"lower_bound":-0.02243183680766414,"upper_bound":-0.013726786261410662},"point_estimate":-0.018028236586056456,"standard_error":0.002247823951155404}}