{"mean":{"confidence_interval":{"confidence_level":0.95,"lower_bound":-0.008436851999010819,"upper_bound":-0.0029436390882886855},"point_estimate":-0.005887572013986597,"standard_error":0.0013925176726970196},"median":{"confidence_interval":{"confidence_level":0.95,"lower_bound":-0.00909191533615128,"upper_bound":-0.0028399868294343156},"point_estimate":-0.0051013057132599515,"standard_error":0.0015425433183087365}}