{"mean":{"confidence_interval":{"confidence_level":0.95,"lower_bound":357074862.52375,"upper_bound":357931649.66375},"point_estimate":357539606.5,"standard_error":220965.9168599584},"median":{"confidence_interval":{"confidence_level":0.95,"lower_bound":357079083.0,"upper_bound":358068039.5},"point_estimate":357686247.5,"standard_error":223423.3484002188},"median_abs_dev":{"confidence_interval":{"confidence_level":0.95,"lower_bound":108295.03247737885,"upper_bound":1109303.5393059254},"point_estimate":659539.4167408347,"standard_error":277125.33667338337},"slope":null,"std_dev":{"confidence_interval":{"confidence_level":0.95,"lower_bound":315710.6045946262,"upper_bound":1011797.3832505107},"point_estimate":737789.5517449027,"standard_error":195687.69168673415}}