{"mean":{"confidence_interval":{"confidence_level":0.95,"lower_bound":512697187.55,"upper_bound":515075995.6325},"point_estimate":513864601.0,"standard_error":608807.4050903417},"median":{"confidence_interval":{"confidence_level":0.95,"lower_bound":512268061.5,"upper_bound":515710867.0},"point_estimate":513293688.0,"standard_error":1022821.6213896537},"median_abs_dev":{"confidence_interval":{"confidence_level":0.95,"lower_bound":244938.859051466,"upper_bound":3375138.8400793076},"point_estimate":2310768.458175659,"standard_error":780580.0967670302},"slope":null,"std_dev":{"confidence_interval":{"confidence_level":0.95,"lower_bound":1239385.0300951006,"upper_bound":2439054.8255584952},"point_estimate":2031217.6202543033,"standard_error":305236.3173073946}}