{"mean":{"confidence_interval":{"confidence_level":0.95,"lower_bound":-0.3989159780279015,"upper_bound":-0.31889518425639857},"point_estimate":-0.36069136958109005,"standard_error":0.020427137652433397},"median":{"confidence_interval":{"confidence_level":0.95,"lower_bound":-0.40725303744815544,"upper_bound":-0.3036771611679919},"point_estimate":-0.35902243680366763,"standard_error":0.020460304121889362}}