{"mean":{"confidence_interval":{"confidence_level":0.95,"lower_bound":359826736.94500005,"upper_bound":361138128.25},"point_estimate":360515044.55,"standard_error":336242.4972908913},"median":{"confidence_interval":{"confidence_level":0.95,"lower_bound":359714505.5,"upper_bound":361263992.5},"point_estimate":360585960.25,"standard_error":347664.0984491106},"median_abs_dev":{"confidence_interval":{"confidence_level":0.95,"lower_bound":51028.86719405651,"upper_bound":1842117.494545877},"point_estimate":1148634.6927076578,"standard_error":460435.191097063},"slope":null,"std_dev":{"confidence_interval":{"confidence_level":0.95,"lower_bound":529983.8513384394,"upper_bound":1498496.890387112},"point_estimate":1117570.7617695339,"standard_error":258297.57440801396}}