{"mean":{"confidence_interval":{"confidence_level":0.95,"lower_bound":1320052853.4900002,"upper_bound":1551666990.4075},"point_estimate":1451123617.3,"standard_error":60130142.9921109},"median":{"confidence_interval":{"confidence_level":0.95,"lower_bound":1372877570.0,"upper_bound":1563366108.5},"point_estimate":1486627094.0,"standard_error":41589702.51329826},"median_abs_dev":{"confidence_interval":{"confidence_level":0.95,"lower_bound":9914905.856475234,"upper_bound":277922711.37628555},"point_estimate":95293053.24921012,"standard_error":65145969.635561645},"slope":null,"std_dev":{"confidence_interval":{"confidence_level":0.95,"lower_bound":50458217.48029087,"upper_bound":285357906.5472464},"point_estimate":200145974.2816897,"standard_error":66237420.47315463}}