{"mean":{"confidence_interval":{"confidence_level":0.95,"lower_bound":0.34386658070647036,"upper_bound":0.8023391327369577},"point_estimate":0.5881383438439165,"standard_error":0.11478587659924448},"median":{"confidence_interval":{"confidence_level":0.95,"lower_bound":0.12159928312419677,"upper_bound":0.9377298387446635},"point_estimate":0.7304119558161213,"standard_error":0.25375734863716326}}