{"mean":{"confidence_interval":{"confidence_level":0.95,"lower_bound":890990623.9,"upper_bound":906076510.9},"point_estimate":897460114.6,"standard_error":3933343.6392785376},"median":{"confidence_interval":{"confidence_level":0.95,"lower_bound":888445911.0,"upper_bound":901353586.0},"point_estimate":893764878.5,"standard_error":3787457.894093709},"median_abs_dev":{"confidence_interval":{"confidence_level":0.95,"lower_bound":846951.5435636044,"upper_bound":16144796.87627256},"point_estimate":10328730.643728375,"standard_error":3644569.4454193623},"slope":null,"std_dev":{"confidence_interval":{"confidence_level":0.95,"lower_bound":4620238.455510228,"upper_bound":19171142.983889297},"point_estimate":13146520.173885232,"standard_error":4555690.619833221}}