{"mean":{"confidence_interval":{"confidence_level":0.95,"lower_bound":1336356570.685,"upper_bound":1342354707.9},"point_estimate":1339306224.0,"standard_error":1534930.9113265697},"median":{"confidence_interval":{"confidence_level":0.95,"lower_bound":1334427741.0,"upper_bound":1344939862.0},"point_estimate":1338157969.0,"standard_error":2991672.2511494295},"median_abs_dev":{"confidence_interval":{"confidence_level":0.95,"lower_bound":899012.3003393412,"upper_bound":8347691.678398848},"point_estimate":7464597.312676907,"standard_error":2037982.3301451204},"slope":null,"std_dev":{"confidence_interval":{"confidence_level":0.95,"lower_bound":3388177.7949156566,"upper_bound":5858037.609559684},"point_estimate":5109921.389664098,"standard_error":637026.6211988044}}