{"mean":{"confidence_interval":{"confidence_level":0.95,"lower_bound":658045562.49,"upper_bound":677988933.9475},"point_estimate":667972740.4,"standard_error":5117574.691217721},"median":{"confidence_interval":{"confidence_level":0.95,"lower_bound":652133824.0,"upper_bound":682751514.5},"point_estimate":666962607.5,"standard_error":12214358.476485882},"median_abs_dev":{"confidence_interval":{"confidence_level":0.95,"lower_bound":327248.3617901802,"upper_bound":23830876.833817363},"point_estimate":22125069.2102015,"standard_error":8189778.614240943},"slope":null,"std_dev":{"confidence_interval":{"confidence_level":0.95,"lower_bound":12074818.62828898,"upper_bound":18829524.28873918},"point_estimate":17059096.09655133,"standard_error":1757178.0788345374}}