{"mean":{"confidence_interval":{"confidence_level":0.95,"lower_bound":795777761.88,"upper_bound":797903328.5},"point_estimate":796912964.1,"standard_error":543208.5780114024},"median":{"confidence_interval":{"confidence_level":0.95,"lower_bound":796061157.0,"upper_bound":798484493.0},"point_estimate":796901002.0,"standard_error":618549.0825523813},"median_abs_dev":{"confidence_interval":{"confidence_level":0.95,"lower_bound":416248.09691011906,"upper_bound":2966542.4416333437},"point_estimate":1497549.02921319,"standard_error":642247.4445087141},"slope":null,"std_dev":{"confidence_interval":{"confidence_level":0.95,"lower_bound":861521.0973306394,"upper_bound":2482631.6604781896},"point_estimate":1816611.1690204588,"standard_error":457270.35467822023}}