{"mean":{"confidence_interval":{"confidence_level":0.95,"lower_bound":0.42876729639867084,"upper_bound":0.708462603870968},"point_estimate":0.5774245559389193,"standard_error":0.07449201981076527},"median":{"confidence_interval":{"confidence_level":0.95,"lower_bound":0.30547323983092056,"upper_bound":0.8002344663261913},"point_estimate":0.6418743264319309,"standard_error":0.1465483737795399}}