{"mean":{"confidence_interval":{"confidence_level":0.95,"lower_bound":-0.005142300998655194,"upper_bound":0.001841269772738729},"point_estimate":-0.002031179974938624,"standard_error":0.001865987853268138},"median":{"confidence_interval":{"confidence_level":0.95,"lower_bound":-0.004612730659330544,"upper_bound":-0.0006296978752218241},"point_estimate":-0.003223487320239693,"standard_error":0.0010161343846942985}}