{"mean":{"confidence_interval":{"confidence_level":0.95,"lower_bound":-0.054001706962310284,"upper_bound":-0.05132914658251351},"point_estimate":-0.05263190983133503,"standard_error":0.0006906074185292299},"median":{"confidence_interval":{"confidence_level":0.95,"lower_bound":-0.05415383861602452,"upper_bound":-0.05070635165718074},"point_estimate":-0.05223069401053726,"standard_error":0.0009370644590191728}}