{"mean":{"confidence_interval":{"confidence_level":0.95,"lower_bound":626347563.8275001,"upper_bound":629960354.2},"point_estimate":628393808.0,"standard_error":938993.5972278239},"median":{"confidence_interval":{"confidence_level":0.95,"lower_bound":627039547.5,"upper_bound":630314206.0},"point_estimate":629339165.0,"standard_error":654190.143926281},"median_abs_dev":{"confidence_interval":{"confidence_level":0.95,"lower_bound":215255.72497844696,"upper_bound":3677988.054102659},"point_estimate":927624.9972313643,"standard_error":929606.1526532546},"slope":null,"std_dev":{"confidence_interval":{"confidence_level":0.95,"lower_bound":710072.3084777232,"upper_bound":4366881.84080902},"point_estimate":3133059.3424452296,"standard_error":1013239.2290212867}}