{"mean":{"confidence_interval":{"confidence_level":0.95,"lower_bound":-0.06476715406750419,"upper_bound":-0.05603672111968888},"point_estimate":-0.06045508122655108,"standard_error":0.0022254959383896187},"median":{"confidence_interval":{"confidence_level":0.95,"lower_bound":-0.06600732354476269,"upper_bound":-0.05446540032220981},"point_estimate":-0.06341708432483528,"standard_error":0.003268927082617318}}