{"mean":{"confidence_interval":{"confidence_level":0.95,"lower_bound":312458887.2,"upper_bound":314117595.15125},"point_estimate":313206023.4,"standard_error":424861.8839564214},"median":{"confidence_interval":{"confidence_level":0.95,"lower_bound":312256040.25,"upper_bound":314392531.25},"point_estimate":312638173.5,"standard_error":452099.4629165486},"median_abs_dev":{"confidence_interval":{"confidence_level":0.95,"lower_bound":74693.3866739273,"upper_bound":1958874.095723033},"point_estimate":826527.6169762015,"standard_error":435275.2057901872},"slope":null,"std_dev":{"confidence_interval":{"confidence_level":0.95,"lower_bound":395838.7278081207,"upper_bound":1789246.0119392034},"point_estimate":1417923.4612509513,"standard_error":367555.5481200773}}