{"mean":{"confidence_interval":{"confidence_level":0.95,"lower_bound":-0.004230800581022148,"upper_bound":0.00019974748211846989},"point_estimate":-0.0020192889231013256,"standard_error":0.0011360839821848824},"median":{"confidence_interval":{"confidence_level":0.95,"lower_bound":-0.005774064111794819,"upper_bound":0.00026527952247246134},"point_estimate":-0.0012711870061529185,"standard_error":0.0016741436975104976}}