{"mean":{"confidence_interval":{"confidence_level":0.95,"lower_bound":-0.04119086615228704,"upper_bound":-0.02865181786722712},"point_estimate":-0.03637611484377201,"standard_error":0.003551655544174621},"median":{"confidence_interval":{"confidence_level":0.95,"lower_bound":-0.04195255874366388,"upper_bound":-0.03725204719420272},"point_estimate":-0.038902590311206686,"standard_error":0.0013474513698519654}}