{"mean":{"confidence_interval":{"confidence_level":0.95,"lower_bound":516901901.1,"upper_bound":518875433.5025},"point_estimate":517717503.0,"standard_error":524306.5956654439},"median":{"confidence_interval":{"confidence_level":0.95,"lower_bound":516682765.0,"upper_bound":518110352.0},"point_estimate":517232313.0,"standard_error":407785.0591853719},"median_abs_dev":{"confidence_interval":{"confidence_level":0.95,"lower_bound":139775.81901848316,"upper_bound":1627862.1538996696},"point_estimate":784064.1004800797,"standard_error":425009.447655402},"slope":null,"std_dev":{"confidence_interval":{"confidence_level":0.95,"lower_bound":454255.4070100387,"upper_bound":2602190.773076743},"point_estimate":1751450.9759321143,"standard_error":680092.8930828588}}