{"mean":{"confidence_interval":{"confidence_level":0.95,"lower_bound":0.05421097276673378,"upper_bound":0.05912889269578629},"point_estimate":0.05672443009964434,"standard_error":0.0012545991928576692},"median":{"confidence_interval":{"confidence_level":0.95,"lower_bound":0.05370172269729667,"upper_bound":0.06020421613733884},"point_estimate":0.05655304646062276,"standard_error":0.0015237862290709112}}