{"mean":{"confidence_interval":{"confidence_level":0.95,"lower_bound":-0.04059881567371804,"upper_bound":-0.024801883853715706},"point_estimate":-0.032853725853767446,"standard_error":0.004027636027660885},"median":{"confidence_interval":{"confidence_level":0.95,"lower_bound":-0.045476093003970375,"upper_bound":-0.01801050440463048},"point_estimate":-0.040606540646787814,"standard_error":0.007729741682894528}}