{"mean":{"confidence_interval":{"confidence_level":0.95,"lower_bound":0.11650424200252685,"upper_bound":0.4568895619552085},"point_estimate":0.2868183052907618,"standard_error":0.08792184368354637},"median":{"confidence_interval":{"confidence_level":0.95,"lower_bound":0.05410851706962605,"upper_bound":0.6198069819484313},"point_estimate":0.0737669904930911,"standard_error":0.20730417576459964}}