{"mean":{"confidence_interval":{"confidence_level":0.95,"lower_bound":1112873166.515,"upper_bound":1114682263.1},"point_estimate":1113712952.1,"standard_error":462539.9315579593},"median":{"confidence_interval":{"confidence_level":0.95,"lower_bound":1112643648.0,"upper_bound":1114612177.0},"point_estimate":1113265843.5,"standard_error":486053.03191364015},"median_abs_dev":{"confidence_interval":{"confidence_level":0.95,"lower_bound":75206.3662648201,"upper_bound":2551925.945994258},"point_estimate":1243227.5362282991,"standard_error":664489.9978350928},"slope":null,"std_dev":{"confidence_interval":{"confidence_level":0.95,"lower_bound":569601.326657163,"upper_bound":1990470.498426625},"point_estimate":1541247.375845397,"standard_error":353978.8611698381}}