{"mean":{"confidence_interval":{"confidence_level":0.95,"lower_bound":326487253.65,"upper_bound":329126141.5},"point_estimate":327757456.1,"standard_error":674492.3889728865},"median":{"confidence_interval":{"confidence_level":0.95,"lower_bound":325821814.0,"upper_bound":329342305.75},"point_estimate":327519127.25,"standard_error":1236157.6673319384},"median_abs_dev":{"confidence_interval":{"confidence_level":0.95,"lower_bound":23940.653724968433,"upper_bound":4332599.308530986},"point_estimate":2207747.033804655,"standard_error":1151800.152639896},"slope":null,"std_dev":{"confidence_interval":{"confidence_level":0.95,"lower_bound":1355120.403583572,"upper_bound":2827653.2249260307},"point_estimate":2247425.681690409,"standard_error":401609.5747530717}}