{"mean":{"confidence_interval":{"confidence_level":0.95,"lower_bound":413513314.53499997,"upper_bound":416013932.25},"point_estimate":414732671.45,"standard_error":641572.1620381012},"median":{"confidence_interval":{"confidence_level":0.95,"lower_bound":412330859.5,"upper_bound":416431123.75},"point_estimate":414619261.5,"standard_error":871938.771957074},"median_abs_dev":{"confidence_interval":{"confidence_level":0.95,"lower_bound":129919.12374347448,"upper_bound":3927131.5666794777},"point_estimate":2628170.5028906465,"standard_error":1021959.1874241225},"slope":null,"std_dev":{"confidence_interval":{"confidence_level":0.95,"lower_bound":1218715.1381753392,"upper_bound":2678707.1912611136},"point_estimate":2148572.4536067797,"standard_error":376736.24056521547}}