{"mean":{"confidence_interval":{"confidence_level":0.95,"lower_bound":461077843.555,"upper_bound":464512786.76125},"point_estimate":462810855.55,"standard_error":880775.3888916298},"median":{"confidence_interval":{"confidence_level":0.95,"lower_bound":459691901.0,"upper_bound":465278107.25},"point_estimate":463077767.0,"standard_error":1709607.6591499583},"median_abs_dev":{"confidence_interval":{"confidence_level":0.95,"lower_bound":427231.56816512346,"upper_bound":4722603.162007034},"point_estimate":3388484.093092382,"standard_error":1191216.1199044199},"slope":null,"std_dev":{"confidence_interval":{"confidence_level":0.95,"lower_bound":1930554.8493650479,"upper_bound":3411622.098172693},"point_estimate":2935499.773613472,"standard_error":376098.14577725116}}