{"mean":{"confidence_interval":{"confidence_level":0.95,"lower_bound":-0.007140300157111314,"upper_bound":-0.0030063718145625987},"point_estimate":-0.004868762288585016,"standard_error":0.0010604820708049565},"median":{"confidence_interval":{"confidence_level":0.95,"lower_bound":-0.0070405365720621615,"upper_bound":-0.0016218990153744617},"point_estimate":-0.003118081807352957,"standard_error":0.0014903680211877937}}