{"mean":{"confidence_interval":{"confidence_level":0.95,"lower_bound":282099847.41375,"upper_bound":301307296.1325},"point_estimate":289919027.85,"standard_error":5110990.144198174},"median":{"confidence_interval":{"confidence_level":0.95,"lower_bound":280564761.5,"upper_bound":292200612.5},"point_estimate":283523137.75,"standard_error":3170562.7977677626},"median_abs_dev":{"confidence_interval":{"confidence_level":0.95,"lower_bound":664644.3791002035,"upper_bound":14613128.773865104},"point_estimate":4966381.515929103,"standard_error":3943939.6722415118},"slope":null,"std_dev":{"confidence_interval":{"confidence_level":0.95,"lower_bound":2252128.282014814,"upper_bound":25354442.139947563},"point_estimate":17058090.321473192,"standard_error":6807924.1512540085}}