{"mean":{"confidence_interval":{"confidence_level":0.95,"lower_bound":427200952.9,"upper_bound":430636357.5},"point_estimate":428959012.6,"standard_error":882168.273342853},"median":{"confidence_interval":{"confidence_level":0.95,"lower_bound":426547317.25,"upper_bound":431384567.25},"point_estimate":428999691.5,"standard_error":1170666.6812251818},"median_abs_dev":{"confidence_interval":{"confidence_level":0.95,"lower_bound":662160.282844305,"upper_bound":5257309.884864092},"point_estimate":2990016.81766659,"standard_error":1178644.731632456},"slope":null,"std_dev":{"confidence_interval":{"confidence_level":0.95,"lower_bound":1595968.9014768999,"upper_bound":3663712.785816139},"point_estimate":2945279.223312922,"standard_error":527253.4158638857}}