{"mean":{"confidence_interval":{"confidence_level":0.95,"lower_bound":-0.016103988481930984,"upper_bound":-0.005606170275803512},"point_estimate":-0.011093540546425862,"standard_error":0.002719332284514039},"median":{"confidence_interval":{"confidence_level":0.95,"lower_bound":-0.016232571972683796,"upper_bound":-0.003229906081479106},"point_estimate":-0.009683109521913646,"standard_error":0.0031897495060871344}}