{"mean":{"confidence_interval":{"confidence_level":0.95,"lower_bound":-0.015465403831653141,"upper_bound":-0.01227440867563757},"point_estimate":-0.01403095146037503,"standard_error":0.0008156323907354012},"median":{"confidence_interval":{"confidence_level":0.95,"lower_bound":-0.015829890543998304,"upper_bound":-0.0131246617507631},"point_estimate":-0.014003058455350104,"standard_error":0.0006792032249139871}}