{"mean":{"confidence_interval":{"confidence_level":0.95,"lower_bound":-0.021126630522948275,"upper_bound":0.0005026839132094127},"point_estimate":-0.012558031059646146,"standard_error":0.005676167734624177},"median":{"confidence_interval":{"confidence_level":0.95,"lower_bound":-0.022870934185515446,"upper_bound":-0.010642076964318847},"point_estimate":-0.014147485732593501,"standard_error":0.003588646599989463}}