{"mean":{"confidence_interval":{"confidence_level":0.95,"lower_bound":-0.015908903422456554,"upper_bound":-0.007582020311048722},"point_estimate":-0.011221840523796711,"standard_error":0.0021728574431313114},"median":{"confidence_interval":{"confidence_level":0.95,"lower_bound":-0.01290178763807659,"upper_bound":-0.006353348739838283},"point_estimate":-0.00924189880398707,"standard_error":0.001706210785178778}}