{"mean":{"confidence_interval":{"confidence_level":0.95,"lower_bound":-0.03117538381322924,"upper_bound":-0.011099594901541105},"point_estimate":-0.021000541462866118,"standard_error":0.005099951945568534},"median":{"confidence_interval":{"confidence_level":0.95,"lower_bound":-0.028746642627548336,"upper_bound":-0.014881164800811919},"point_estimate":-0.019126575427208192,"standard_error":0.003249161143748302}}