{"mean":{"confidence_interval":{"confidence_level":0.95,"lower_bound":0.9201747721721185,"upper_bound":0.9717608407520132},"point_estimate":0.9462070500792692,"standard_error":0.013211717937041793},"median":{"confidence_interval":{"confidence_level":0.95,"lower_bound":0.8984533197945896,"upper_bound":0.9779142584340696},"point_estimate":0.9561153392185018,"standard_error":0.020361926214398498}}