{"mean":{"confidence_interval":{"confidence_level":0.95,"lower_bound":320110597.76,"upper_bound":321179408.15},"point_estimate":320627509.45,"standard_error":274598.32297773554},"median":{"confidence_interval":{"confidence_level":0.95,"lower_bound":319814864.75,"upper_bound":321479596.0},"point_estimate":320419887.25,"standard_error":475679.05579168163},"median_abs_dev":{"confidence_interval":{"confidence_level":0.95,"lower_bound":122811.91011965275,"upper_bound":1483886.129155755},"point_estimate":985295.9123075008,"standard_error":376908.16428690555},"slope":null,"std_dev":{"confidence_interval":{"confidence_level":0.95,"lower_bound":534744.9909954682,"upper_bound":1087450.9742702784},"point_estimate":914384.3672772849,"standard_error":139520.50350425413}}