{"mean":{"confidence_interval":{"confidence_level":0.95,"lower_bound":976358859.2,"upper_bound":984590390.9449999},"point_estimate":980481540.4,"standard_error":2105999.6733485684},"median":{"confidence_interval":{"confidence_level":0.95,"lower_bound":974582802.5,"upper_bound":985949934.0},"point_estimate":981396596.5,"standard_error":2785375.914823209},"median_abs_dev":{"confidence_interval":{"confidence_level":0.95,"lower_bound":2060254.2819231749,"upper_bound":12092768.863910437},"point_estimate":6828535.237169266,"standard_error":2693880.055632474},"slope":null,"std_dev":{"confidence_interval":{"confidence_level":0.95,"lower_bound":3909385.8847514116,"upper_bound":8950468.633990342},"point_estimate":7026116.652185286,"standard_error":1290882.0567117776}}