{"mean":{"confidence_interval":{"confidence_level":0.95,"lower_bound":-0.13233817160324407,"upper_bound":-0.02054211295865541},"point_estimate":-0.07078031971491539,"standard_error":0.028592940543673676},"median":{"confidence_interval":{"confidence_level":0.95,"lower_bound":-0.1326167493399355,"upper_bound":-0.015384823836885664},"point_estimate":-0.024826164470083123,"standard_error":0.023643381748934093}}