{"mean":{"confidence_interval":{"confidence_level":0.95,"lower_bound":-0.024691480119263462,"upper_bound":-0.01841158732433668},"point_estimate":-0.02158190870503418,"standard_error":0.0016110259619543596},"median":{"confidence_interval":{"confidence_level":0.95,"lower_bound":-0.02644351177293358,"upper_bound":-0.016738506606920223},"point_estimate":-0.022896286246135267,"standard_error":0.0023815463654441077}}