{"mean":{"confidence_interval":{"confidence_level":0.95,"lower_bound":397958802.1825,"upper_bound":398859894.3675},"point_estimate":398412015.3,"standard_error":231418.97941032678},"median":{"confidence_interval":{"confidence_level":0.95,"lower_bound":397612003.0,"upper_bound":399014973.25},"point_estimate":398598061.5,"standard_error":427589.2930737125},"median_abs_dev":{"confidence_interval":{"confidence_level":0.95,"lower_bound":153815.29946923256,"upper_bound":1265945.0449749827},"point_estimate":1065250.3049880266,"standard_error":302249.8990546087},"slope":null,"std_dev":{"confidence_interval":{"confidence_level":0.95,"lower_bound":503708.84895031736,"upper_bound":908840.4429225875},"point_estimate":771382.249807059,"standard_error":104335.68462256249}}