{"mean":{"confidence_interval":{"confidence_level":0.95,"lower_bound":-0.025295288346086638,"upper_bound":-0.02255071242625608},"point_estimate":-0.023852227768773715,"standard_error":0.0007074149906758583},"median":{"confidence_interval":{"confidence_level":0.95,"lower_bound":-0.025951259519368386,"upper_bound":-0.02176343880684728},"point_estimate":-0.023984517103565195,"standard_error":0.0011902173161866137}}