{"mean":{"confidence_interval":{"confidence_level":0.95,"lower_bound":496057462.29375,"upper_bound":498134979.4325},"point_estimate":497120345.1,"standard_error":532753.3967166884},"median":{"confidence_interval":{"confidence_level":0.95,"lower_bound":495866799.5,"upper_bound":498843875.0},"point_estimate":496690920.75,"standard_error":851745.4585541325},"median_abs_dev":{"confidence_interval":{"confidence_level":0.95,"lower_bound":109175.32621175051,"upper_bound":3348381.24640435},"point_estimate":2405735.287539661,"standard_error":862451.0016286724},"slope":null,"std_dev":{"confidence_interval":{"confidence_level":0.95,"lower_bound":1083302.349456287,"upper_bound":2215785.134089793},"point_estimate":1776889.9225966858,"standard_error":301671.2485797048}}