{"mean":{"confidence_interval":{"confidence_level":0.95,"lower_bound":0.7185364835440304,"upper_bound":0.7616100777967738},"point_estimate":0.7422394211738343,"standard_error":0.01093889036524351},"median":{"confidence_interval":{"confidence_level":0.95,"lower_bound":0.7308412885068569,"upper_bound":0.7684131291565852},"point_estimate":0.7491830541491244,"standard_error":0.009207784518445533}}