{"mean":{"confidence_interval":{"confidence_level":0.95,"lower_bound":-0.02336440687389295,"upper_bound":-0.0041030337165114394},"point_estimate":-0.014008200933925852,"standard_error":0.004939502588733319},"median":{"confidence_interval":{"confidence_level":0.95,"lower_bound":-0.0297932962310139,"upper_bound":-0.00017162941764701297},"point_estimate":-0.020318257368974302,"standard_error":0.007838562661213936}}