{"mean":{"confidence_interval":{"confidence_level":0.95,"lower_bound":532244877.1675,"upper_bound":538593366.39},"point_estimate":535032448.8,"standard_error":1646457.7593316534},"median":{"confidence_interval":{"confidence_level":0.95,"lower_bound":531212344.0,"upper_bound":537544039.0},"point_estimate":533021231.0,"standard_error":2024641.56326123},"median_abs_dev":{"confidence_interval":{"confidence_level":0.95,"lower_bound":344418.35208535194,"upper_bound":8081149.855130911},"point_estimate":3806070.6071287394,"standard_error":1895035.345232302},"slope":null,"std_dev":{"confidence_interval":{"confidence_level":0.95,"lower_bound":2185028.0704803285,"upper_bound":7828673.970395735},"point_estimate":5491245.301769734,"standard_error":1705934.9942957852}}