{"mean":{"confidence_interval":{"confidence_level":0.95,"lower_bound":-0.02527926086972625,"upper_bound":-0.01778422822629356},"point_estimate":-0.021418844105199564,"standard_error":0.0019093326449176403},"median":{"confidence_interval":{"confidence_level":0.95,"lower_bound":-0.025056955578161788,"upper_bound":-0.01673975889637036},"point_estimate":-0.020895462055636416,"standard_error":0.002150473440599476}}