{"mean":{"confidence_interval":{"confidence_level":0.95,"lower_bound":245427782.3258333,"upper_bound":249417589.98},"point_estimate":247223442.6,"standard_error":1024267.1127119141},"median":{"confidence_interval":{"confidence_level":0.95,"lower_bound":244825737.33333334,"upper_bound":248585106.33333334},"point_estimate":246747074.0,"standard_error":1097040.7435948604},"median_abs_dev":{"confidence_interval":{"confidence_level":0.95,"lower_bound":475339.8369610015,"upper_bound":4848847.908815749},"point_estimate":2786820.1902240515,"standard_error":1083349.6851766515},"slope":null,"std_dev":{"confidence_interval":{"confidence_level":0.95,"lower_bound":1395485.8119305158,"upper_bound":4807316.74241962},"point_estimate":3405317.1809988637,"standard_error":999100.978173816}}