{"mean":{"confidence_interval":{"confidence_level":0.95,"lower_bound":793055339.1,"upper_bound":795252202.9425},"point_estimate":794087015.5,"standard_error":563809.3769361732},"median":{"confidence_interval":{"confidence_level":0.95,"lower_bound":792891922.0,"upper_bound":795700495.5},"point_estimate":793499031.5,"standard_error":631463.7258173592},"median_abs_dev":{"confidence_interval":{"confidence_level":0.95,"lower_bound":191474.8214006424,"upper_bound":3132621.0667848587},"point_estimate":1384362.8994226456,"standard_error":731208.9910826047},"slope":null,"std_dev":{"confidence_interval":{"confidence_level":0.95,"lower_bound":760781.3387992765,"upper_bound":2390917.1711505656},"point_estimate":1880318.3734632845,"standard_error":405299.2063101735}}