{"mean":{"confidence_interval":{"confidence_level":0.95,"lower_bound":1262243482.4,"upper_bound":1265536299.0},"point_estimate":1264060489.8,"standard_error":850436.0608028726},"median":{"confidence_interval":{"confidence_level":0.95,"lower_bound":1262754278.0,"upper_bound":1265920765.5},"point_estimate":1264971687.0,"standard_error":812611.8544876694},"median_abs_dev":{"confidence_interval":{"confidence_level":0.95,"lower_bound":279372.98474013805,"upper_bound":3999183.7015002966},"point_estimate":1954527.1126002073,"standard_error":935052.4531361075},"slope":null,"std_dev":{"confidence_interval":{"confidence_level":0.95,"lower_bound":1058324.374047306,"upper_bound":3926516.4662035047},"point_estimate":2829663.9995878115,"standard_error":812599.7939163636}}