{"mean":{"confidence_interval":{"confidence_level":0.95,"lower_bound":577679196.9575,"upper_bound":582501159.6225001},"point_estimate":579929271.3,"standard_error":1239745.0281576253},"median":{"confidence_interval":{"confidence_level":0.95,"lower_bound":576508012.0,"upper_bound":582563004.5},"point_estimate":578632825.0,"standard_error":1470188.1593628197},"median_abs_dev":{"confidence_interval":{"confidence_level":0.95,"lower_bound":589438.7541353703,"upper_bound":6775045.99531889},"point_estimate":3386620.8355754614,"standard_error":1597996.0072778931},"slope":null,"std_dev":{"confidence_interval":{"confidence_level":0.95,"lower_bound":1544951.0578676476,"upper_bound":5250093.025327629},"point_estimate":4148715.456305885,"standard_error":904373.0898563593}}