{"mean":{"confidence_interval":{"confidence_level":0.95,"lower_bound":-0.667617350508657,"upper_bound":-0.6291300102408126},"point_estimate":-0.6490995846659866,"standard_error":0.00979547157324205},"median":{"confidence_interval":{"confidence_level":0.95,"lower_bound":-0.666527940066463,"upper_bound":-0.6258274932578334},"point_estimate":-0.651033564943325,"standard_error":0.010152307954729262}}