{"mean":{"confidence_interval":{"confidence_level":0.95,"lower_bound":0.03776881479310745,"upper_bound":0.049651255821850086},"point_estimate":0.043670259629518426,"standard_error":0.003015376755457562},"median":{"confidence_interval":{"confidence_level":0.95,"lower_bound":0.037147896683862314,"upper_bound":0.052007162403549856},"point_estimate":0.046339296916495964,"standard_error":0.003911517311440687}}