{"mean":{"confidence_interval":{"confidence_level":0.95,"lower_bound":0.010415258318633248,"upper_bound":0.019437604729713773},"point_estimate":0.014565490269004888,"standard_error":0.00233176696038947},"median":{"confidence_interval":{"confidence_level":0.95,"lower_bound":0.008905836285078017,"upper_bound":0.017717775572239525},"point_estimate":0.012533311052691953,"standard_error":0.002312635627849905}}