{"mean":{"confidence_interval":{"confidence_level":0.95,"lower_bound":-0.022760871675630588,"upper_bound":-0.01771268491084618},"point_estimate":-0.02030972127136066,"standard_error":0.0012811786305022082},"median":{"confidence_interval":{"confidence_level":0.95,"lower_bound":-0.023128273032634206,"upper_bound":-0.018485458974396574},"point_estimate":-0.02100369888529685,"standard_error":0.0011701744861459093}}