{"mean":{"confidence_interval":{"confidence_level":0.95,"lower_bound":773944255.5,"upper_bound":777856366.1},"point_estimate":775942381.3,"standard_error":1000518.7034252933},"median":{"confidence_interval":{"confidence_level":0.95,"lower_bound":772708637.5,"upper_bound":778800581.0},"point_estimate":776970378.5,"standard_error":1738743.4834132912},"median_abs_dev":{"confidence_interval":{"confidence_level":0.95,"lower_bound":163335.07390022278,"upper_bound":5282189.395022392},"point_estimate":4413992.935135961,"standard_error":1296184.5405003326},"slope":null,"std_dev":{"confidence_interval":{"confidence_level":0.95,"lower_bound":2065879.2207661879,"upper_bound":3964672.6883190367},"point_estimate":3332705.6063604625,"standard_error":482745.1882052592}}