{"mean":{"confidence_interval":{"confidence_level":0.95,"lower_bound":-0.07014135027480711,"upper_bound":-0.06337191065137451},"point_estimate":-0.06675026094717484,"standard_error":0.001730984997342623},"median":{"confidence_interval":{"confidence_level":0.95,"lower_bound":-0.0689421483006617,"upper_bound":-0.06450997666416702},"point_estimate":-0.0673486153301801,"standard_error":0.0010705920850106237}}