{"mean":{"confidence_interval":{"confidence_level":0.95,"lower_bound":-0.02369022139610533,"upper_bound":-0.017303094593768744},"point_estimate":-0.020945456107296034,"standard_error":0.0016442810751201155},"median":{"confidence_interval":{"confidence_level":0.95,"lower_bound":-0.02492665482261469,"upper_bound":-0.018892290852522642},"point_estimate":-0.02184134863638909,"standard_error":0.0016481326761188457}}