{"mean":{"confidence_interval":{"confidence_level":0.95,"lower_bound":-0.026216742956842273,"upper_bound":-0.011744448902710406},"point_estimate":-0.019421666435524454,"standard_error":0.003682451900464176},"median":{"confidence_interval":{"confidence_level":0.95,"lower_bound":-0.03215709188100102,"upper_bound":-0.006978890963123097},"point_estimate":-0.021469664445234904,"standard_error":0.006502651084073509}}