{"mean":{"confidence_interval":{"confidence_level":0.95,"lower_bound":0.014720640028614635,"upper_bound":0.016956482979421244},"point_estimate":0.015850015445308507,"standard_error":0.0005692122650235226},"median":{"confidence_interval":{"confidence_level":0.95,"lower_bound":0.014663931642610484,"upper_bound":0.01680815251834411},"point_estimate":0.015675170895892432,"standard_error":0.0005181348576148236}}