{"mean":{"confidence_interval":{"confidence_level":0.95,"lower_bound":265424025.5,"upper_bound":266793962.945},"point_estimate":266102521.3,"standard_error":350229.42043064785},"median":{"confidence_interval":{"confidence_level":0.95,"lower_bound":265190605.5,"upper_bound":267228701.5},"point_estimate":265902351.25,"standard_error":544617.3627674284},"median_abs_dev":{"confidence_interval":{"confidence_level":0.95,"lower_bound":400273.08219373226,"upper_bound":1985963.7917920947},"point_estimate":1309494.9366018176,"standard_error":426125.38925756665},"slope":null,"std_dev":{"confidence_interval":{"confidence_level":0.95,"lower_bound":712601.4912402947,"upper_bound":1420507.5578119059},"point_estimate":1173858.516217805,"standard_error":180182.69037620685}}