{"mean":{"confidence_interval":{"confidence_level":0.95,"lower_bound":-0.016966233315435533,"upper_bound":-0.01190690856272401},"point_estimate":-0.01475155701303299,"standard_error":0.0012624210378515937},"median":{"confidence_interval":{"confidence_level":0.95,"lower_bound":-0.017218219702084037,"upper_bound":-0.013242380603696646},"point_estimate":-0.01618865466147701,"standard_error":0.0010875834589216783}}