{"mean":{"confidence_interval":{"confidence_level":0.95,"lower_bound":505643237.36875004,"upper_bound":509074587.15},"point_estimate":507410389.85,"standard_error":880995.0402941917},"median":{"confidence_interval":{"confidence_level":0.95,"lower_bound":504452084.0,"upper_bound":509750193.5},"point_estimate":508437177.5,"standard_error":1387690.2409239071},"median_abs_dev":{"confidence_interval":{"confidence_level":0.95,"lower_bound":480154.8274755478,"upper_bound":4828840.345720947},"point_estimate":2941390.8743798733,"standard_error":1136963.8116433567},"slope":null,"std_dev":{"confidence_interval":{"confidence_level":0.95,"lower_bound":1609040.8088556258,"upper_bound":3508715.4875890235},"point_estimate":2943414.978860685,"standard_error":466859.7524496366}}