{"mean":{"confidence_interval":{"confidence_level":0.95,"lower_bound":537387463.7574999,"upper_bound":543400798.4675},"point_estimate":540403454.2,"standard_error":1541054.0263220149},"median":{"confidence_interval":{"confidence_level":0.95,"lower_bound":536833690.5,"upper_bound":545161659.0},"point_estimate":539128382.0,"standard_error":2233809.367673161},"median_abs_dev":{"confidence_interval":{"confidence_level":0.95,"lower_bound":796420.088660717,"upper_bound":9180354.664716125},"point_estimate":6124601.95876658,"standard_error":2286097.776642822},"slope":null,"std_dev":{"confidence_interval":{"confidence_level":0.95,"lower_bound":3029182.4929864686,"upper_bound":6519700.988884315},"point_estimate":5149387.350665186,"standard_error":907253.2540911548}}