{"mean":{"confidence_interval":{"confidence_level":0.95,"lower_bound":1.060874593179524,"upper_bound":1.0970703715397707},"point_estimate":1.0821757168687562,"standard_error":0.0093275985711745},"median":{"confidence_interval":{"confidence_level":0.95,"lower_bound":1.0626599395474732,"upper_bound":1.0994961578033586},"point_estimate":1.0947282178455442,"standard_error":0.011391929515223352}}