{"mean":{"confidence_interval":{"confidence_level":0.95,"lower_bound":-0.020323026819408133,"upper_bound":-0.01690922896071431},"point_estimate":-0.01872700258889881,"standard_error":0.0008670134017117834},"median":{"confidence_interval":{"confidence_level":0.95,"lower_bound":-0.020117320894330604,"upper_bound":-0.017979370899674718},"point_estimate":-0.019570062443443614,"standard_error":0.0005836153143719917}}