{"mean":{"confidence_interval":{"confidence_level":0.95,"lower_bound":-0.024644197502242934,"upper_bound":-0.01901319906461266},"point_estimate":-0.021935195528975937,"standard_error":0.00143935212427262},"median":{"confidence_interval":{"confidence_level":0.95,"lower_bound":-0.02534012130007368,"upper_bound":-0.01844188671292135},"point_estimate":-0.02104470164755634,"standard_error":0.0018627797564406345}}