{"mean":{"confidence_interval":{"confidence_level":0.95,"lower_bound":0.07252792504221889,"upper_bound":0.18689058401646},"point_estimate":0.11440951507100894,"standard_error":0.032716766311519464},"median":{"confidence_interval":{"confidence_level":0.95,"lower_bound":0.07364325149552764,"upper_bound":0.10298841137029413},"point_estimate":0.08358988981161164,"standard_error":0.01584573499095971}}