{"mean":{"confidence_interval":{"confidence_level":0.95,"lower_bound":868823069.3,"upper_bound":876450456.1},"point_estimate":872443530.6,"standard_error":1948795.3317188164},"median":{"confidence_interval":{"confidence_level":0.95,"lower_bound":868442498.0,"upper_bound":876914280.5},"point_estimate":870959734.5,"standard_error":2113115.706943868},"median_abs_dev":{"confidence_interval":{"confidence_level":0.95,"lower_bound":1117600.1687586308,"upper_bound":11149666.264253855},"point_estimate":4514039.522659779,"standard_error":2519755.581490979},"slope":null,"std_dev":{"confidence_interval":{"confidence_level":0.95,"lower_bound":2832711.8380662445,"upper_bound":8594032.350522686},"point_estimate":6503359.794074721,"standard_error":1473965.7661053312}}