{"mean":{"confidence_interval":{"confidence_level":0.95,"lower_bound":-0.012823432158730566,"upper_bound":-0.005983355351876323},"point_estimate":-0.009572147564412492,"standard_error":0.0017486429282264006},"median":{"confidence_interval":{"confidence_level":0.95,"lower_bound":-0.015088737229156823,"upper_bound":-0.006160613624870637},"point_estimate":-0.01153265067539,"standard_error":0.0023688387419750928}}