{"mean":{"confidence_interval":{"confidence_level":0.95,"lower_bound":375810113.535,"upper_bound":377784858.05},"point_estimate":376743278.7,"standard_error":502886.3128945844},"median":{"confidence_interval":{"confidence_level":0.95,"lower_bound":374956034.5,"upper_bound":377514037.5},"point_estimate":376920204.0,"standard_error":546572.4390800162},"median_abs_dev":{"confidence_interval":{"confidence_level":0.95,"lower_bound":48674.86908584833,"upper_bound":3138094.084587693},"point_estimate":961456.8166807294,"standard_error":915970.2986701836},"slope":null,"std_dev":{"confidence_interval":{"confidence_level":0.95,"lower_bound":845627.7060340852,"upper_bound":2241539.8663444514},"point_estimate":1675777.45895689,"standard_error":385522.67074268655}}