{"mean":{"confidence_interval":{"confidence_level":0.95,"lower_bound":296762730.53375,"upper_bound":355404430.15375},"point_estimate":326364771.0,"standard_error":15114039.0065094},"median":{"confidence_interval":{"confidence_level":0.95,"lower_bound":270500771.5,"upper_bound":372235231.0},"point_estimate":339650770.25,"standard_error":28128436.459157463},"median_abs_dev":{"confidence_interval":{"confidence_level":0.95,"lower_bound":7145322.37354517,"upper_bound":78396850.24337769},"point_estimate":72459274.56479073,"standard_error":20898360.889675654},"slope":null,"std_dev":{"confidence_interval":{"confidence_level":0.95,"lower_bound":33319042.91171066,"upper_bound":58333126.92378322},"point_estimate":50580487.41848806,"standard_error":6468019.590996958}}