{"mean":{"confidence_interval":{"confidence_level":0.95,"lower_bound":0.962097698224466,"upper_bound":0.9794598379981045},"point_estimate":0.9717662216521497,"standard_error":0.004453318163501179},"median":{"confidence_interval":{"confidence_level":0.95,"lower_bound":0.9673899874350429,"upper_bound":0.9826290707094876},"point_estimate":0.9751658656013851,"standard_error":0.003927390468964608}}