{"mean":{"confidence_interval":{"confidence_level":0.95,"lower_bound":-0.06167483905293401,"upper_bound":-0.055022590864777836},"point_estimate":-0.05825689118103217,"standard_error":0.0017286239376476267},"median":{"confidence_interval":{"confidence_level":0.95,"lower_bound":-0.06454009602259791,"upper_bound":-0.053814442617658664},"point_estimate":-0.058941933359844434,"standard_error":0.0025392226629577233}}