{"mean":{"confidence_interval":{"confidence_level":0.95,"lower_bound":-0.6399443616490063,"upper_bound":-0.6002984995978998},"point_estimate":-0.6213288624983169,"standard_error":0.010161167030447322},"median":{"confidence_interval":{"confidence_level":0.95,"lower_bound":-0.6473085593922012,"upper_bound":-0.597455657139331},"point_estimate":-0.6198640958567216,"standard_error":0.013101708723328297}}