{"mean":{"confidence_interval":{"confidence_level":0.95,"lower_bound":372340303.97125,"upper_bound":378330187.85},"point_estimate":375595178.7,"standard_error":1534783.782525225},"median":{"confidence_interval":{"confidence_level":0.95,"lower_bound":373722439.25,"upper_bound":378802099.5},"point_estimate":375914338.5,"standard_error":1333061.5044129954},"median_abs_dev":{"confidence_interval":{"confidence_level":0.95,"lower_bound":688987.5587180257,"upper_bound":7263652.383944392},"point_estimate":3303078.18030864,"standard_error":1618315.4450948408},"slope":null,"std_dev":{"confidence_interval":{"confidence_level":0.95,"lower_bound":1935288.824498889,"upper_bound":7214678.996985036},"point_estimate":5112347.827266392,"standard_error":1486626.1206039537}}