{"mean":{"confidence_interval":{"confidence_level":0.95,"lower_bound":-0.00975137526279052,"upper_bound":0.004221929502129436},"point_estimate":-0.003905379249749985,"standard_error":0.0034968135035045194},"median":{"confidence_interval":{"confidence_level":0.95,"lower_bound":-0.009999288188325406,"upper_bound":-0.0004443428607268096},"point_estimate":-0.0045544932309838915,"standard_error":0.0028171565194421667}}