{"mean":{"confidence_interval":{"confidence_level":0.95,"lower_bound":0.26176358899776764,"upper_bound":0.2711050677940781},"point_estimate":0.26681297381159497,"standard_error":0.0023496490835638864},"median":{"confidence_interval":{"confidence_level":0.95,"lower_bound":0.25959802012515243,"upper_bound":0.27298213401790195},"point_estimate":0.2706357824959631,"standard_error":0.0034908416959324464}}