{"mean":{"confidence_interval":{"confidence_level":0.95,"lower_bound":503135258.5725,"upper_bound":504056280.4},"point_estimate":503562303.8,"standard_error":235796.1963656803},"median":{"confidence_interval":{"confidence_level":0.95,"lower_bound":503042831.0,"upper_bound":504120594.0},"point_estimate":503196775.0,"standard_error":313359.4175808065},"median_abs_dev":{"confidence_interval":{"confidence_level":0.95,"lower_bound":54120.08813917637,"upper_bound":1331732.8242570162},"point_estimate":592590.7616794109,"standard_error":346440.28267167596},"slope":null,"std_dev":{"confidence_interval":{"confidence_level":0.95,"lower_bound":361790.9782673631,"upper_bound":1023939.1233642154},"point_estimate":785079.2077902855,"standard_error":175491.67070417726}}