{"mean":{"confidence_interval":{"confidence_level":0.95,"lower_bound":796202586.1,"upper_bound":802392372.7},"point_estimate":799550689.4,"standard_error":1589425.7160840062},"median":{"confidence_interval":{"confidence_level":0.95,"lower_bound":795407003.0,"upper_bound":803313252.0},"point_estimate":802596140.5,"standard_error":2262104.2517011873},"median_abs_dev":{"confidence_interval":{"confidence_level":0.95,"lower_bound":298048.5553085804,"upper_bound":8315439.198571444},"point_estimate":1840910.2875173092,"standard_error":2377947.839833929},"slope":null,"std_dev":{"confidence_interval":{"confidence_level":0.95,"lower_bound":1948930.9439918795,"upper_bound":6782208.719227187},"point_estimate":5294161.109578346,"standard_error":1196598.0601981613}}