{"mean":{"confidence_interval":{"confidence_level":0.95,"lower_bound":833372233.3,"upper_bound":839829327.355},"point_estimate":836604080.6,"standard_error":1655685.2939026312},"median":{"confidence_interval":{"confidence_level":0.95,"lower_bound":831158642.0,"upper_bound":842011170.5},"point_estimate":835369042.5,"standard_error":3011360.7540818965},"median_abs_dev":{"confidence_interval":{"confidence_level":0.95,"lower_bound":759342.487218976,"upper_bound":9129746.855914593},"point_estimate":8275191.057085991,"standard_error":2371502.3694474436},"slope":null,"std_dev":{"confidence_interval":{"confidence_level":0.95,"lower_bound":3605273.1239099917,"upper_bound":6437934.794039993},"point_estimate":5517305.577528263,"standard_error":730423.4977892054}}