{"mean":{"confidence_interval":{"confidence_level":0.95,"lower_bound":-0.014917636053699761,"upper_bound":-0.009603929208495956},"point_estimate":-0.012187442644304936,"standard_error":0.001355560877671903},"median":{"confidence_interval":{"confidence_level":0.95,"lower_bound":-0.01581055874283932,"upper_bound":-0.009184011380515944},"point_estimate":-0.011728060978232646,"standard_error":0.0016847976171767236}}