{"mean":{"confidence_interval":{"confidence_level":0.95,"lower_bound":330165922.95375,"upper_bound":332159644.0},"point_estimate":331122711.9,"standard_error":511050.2286712496},"median":{"confidence_interval":{"confidence_level":0.95,"lower_bound":329730913.5,"upper_bound":332564080.75},"point_estimate":330983694.25,"standard_error":713114.571106022},"median_abs_dev":{"confidence_interval":{"confidence_level":0.95,"lower_bound":132794.99704241753,"upper_bound":2924022.9569882154},"point_estimate":1489837.285450101,"standard_error":734788.114087483},"slope":null,"std_dev":{"confidence_interval":{"confidence_level":0.95,"lower_bound":880118.6861891665,"upper_bound":2130886.41223252},"point_estimate":1701319.4539672863,"standard_error":316331.2177224478}}