{"mean":{"confidence_interval":{"confidence_level":0.95,"lower_bound":-0.02983897434270153,"upper_bound":-0.019523544935912424},"point_estimate":-0.025371958102134773,"standard_error":0.002615049447331965},"median":{"confidence_interval":{"confidence_level":0.95,"lower_bound":-0.02933222524830792,"upper_bound":-0.024671324653083637},"point_estimate":-0.027040235441827654,"standard_error":0.0014016468229178375}}