{"mean":{"confidence_interval":{"confidence_level":0.95,"lower_bound":0.021124731655705394,"upper_bound":0.024879098103918456},"point_estimate":0.022787822475891284,"standard_error":0.0009748967122540339},"median":{"confidence_interval":{"confidence_level":0.95,"lower_bound":0.021016040212264775,"upper_bound":0.023144309477566072},"point_estimate":0.021877146242369028,"standard_error":0.0005325736153831762}}