{"mean":{"confidence_interval":{"confidence_level":0.95,"lower_bound":-0.0199401610132433,"upper_bound":-0.016196295865805774},"point_estimate":-0.01809441948812196,"standard_error":0.0009557404847170725},"median":{"confidence_interval":{"confidence_level":0.95,"lower_bound":-0.020697539377948826,"upper_bound":-0.016416175809240707},"point_estimate":-0.018246193370663355,"standard_error":0.001062090567685827}}