{"mean":{"confidence_interval":{"confidence_level":0.95,"lower_bound":-0.03353593580458615,"upper_bound":-0.007661734066669959},"point_estimate":-0.020145576904894602,"standard_error":0.00659889290013815},"median":{"confidence_interval":{"confidence_level":0.95,"lower_bound":-0.0339895451012342,"upper_bound":-0.005962889178855568},"point_estimate":-0.018129889111526687,"standard_error":0.0075210102261984105}}