{"mean":{"confidence_interval":{"confidence_level":0.95,"lower_bound":-0.003045511185438481,"upper_bound":0.00206927052967506},"point_estimate":-0.00020858586144634206,"standard_error":0.0013143966129780988},"median":{"confidence_interval":{"confidence_level":0.95,"lower_bound":-0.001164350667374407,"upper_bound":0.003114859945188009},"point_estimate":0.0008657755934426969,"standard_error":0.0010042784511148988}}