{"mean":{"confidence_interval":{"confidence_level":0.95,"lower_bound":-0.040094044231625735,"upper_bound":-0.03395762152736404},"point_estimate":-0.03725517222291208,"standard_error":0.0015690947812184936},"median":{"confidence_interval":{"confidence_level":0.95,"lower_bound":-0.04073824390367542,"upper_bound":-0.035220239313457524},"point_estimate":-0.03868255551054944,"standard_error":0.0014444949455374783}}