{"mean":{"confidence_interval":{"confidence_level":0.95,"lower_bound":1370814678.415,"upper_bound":1372846921.4},"point_estimate":1371845359.3,"standard_error":520181.14908441145},"median":{"confidence_interval":{"confidence_level":0.95,"lower_bound":1370534659.0,"upper_bound":1373728233.0},"point_estimate":1371803997.5,"standard_error":746921.4661292576},"median_abs_dev":{"confidence_interval":{"confidence_level":0.95,"lower_bound":220881.45057857037,"upper_bound":3057500.691318512},"point_estimate":2367396.364170313,"standard_error":775702.1954510146},"slope":null,"std_dev":{"confidence_interval":{"confidence_level":0.95,"lower_bound":1018891.5918040491,"upper_bound":2127396.3928387985},"point_estimate":1729988.6954483609,"standard_error":283784.2279480307}}