{"mean":{"confidence_interval":{"confidence_level":0.95,"lower_bound":0.002408541888020044,"upper_bound":0.008011458787978359},"point_estimate":0.005262756279815095,"standard_error":0.0014260114151373466},"median":{"confidence_interval":{"confidence_level":0.95,"lower_bound":0.0025721377484055896,"upper_bound":0.007667872766229822},"point_estimate":0.0055829384311361085,"standard_error":0.0013705776748556384}}