{"mean":{"confidence_interval":{"confidence_level":0.95,"lower_bound":668851130.82,"upper_bound":681415296.7875},"point_estimate":674644889.9,"standard_error":3240963.29626853},"median":{"confidence_interval":{"confidence_level":0.95,"lower_bound":666299184.0,"upper_bound":682917716.0},"point_estimate":671974062.0,"standard_error":3870153.1649403996},"median_abs_dev":{"confidence_interval":{"confidence_level":0.95,"lower_bound":1859392.3787891865,"upper_bound":17230516.69779718},"point_estimate":8741383.49930942,"standard_error":3818876.355739769},"slope":null,"std_dev":{"confidence_interval":{"confidence_level":0.95,"lower_bound":4065476.7173197963,"upper_bound":13525495.557952043},"point_estimate":10761616.87613654,"standard_error":2436623.3856924786}}