{"mean":{"confidence_interval":{"confidence_level":0.95,"lower_bound":404125759.6,"upper_bound":405895926.05},"point_estimate":405007563.3,"standard_error":453556.33576354024},"median":{"confidence_interval":{"confidence_level":0.95,"lower_bound":403626822.25,"upper_bound":406420549.0},"point_estimate":405143571.5,"standard_error":730725.1208556889},"median_abs_dev":{"confidence_interval":{"confidence_level":0.95,"lower_bound":341618.4620350599,"upper_bound":2560033.5439503193},"point_estimate":1876636.4990830421,"standard_error":580772.0118626439},"slope":null,"std_dev":{"confidence_interval":{"confidence_level":0.95,"lower_bound":930928.5394226086,"upper_bound":1820407.474699818},"point_estimate":1509818.4727084872,"standard_error":227744.0505899374}}