{"mean":{"confidence_interval":{"confidence_level":0.95,"lower_bound":494947014.10999995,"upper_bound":496050699.55},"point_estimate":495516945.2,"standard_error":282626.93822333583},"median":{"confidence_interval":{"confidence_level":0.95,"lower_bound":494771377.25,"upper_bound":496184574.0},"point_estimate":495639887.5,"standard_error":296690.5822473051},"median_abs_dev":{"confidence_interval":{"confidence_level":0.95,"lower_bound":108227.57417857647,"upper_bound":1812830.955965817},"point_estimate":723443.5527563095,"standard_error":447741.4150425166},"slope":null,"std_dev":{"confidence_interval":{"confidence_level":0.95,"lower_bound":488368.64712737757,"upper_bound":1190568.6583685263},"point_estimate":940997.7145956779,"standard_error":181054.3416489063}}