{"mean":{"confidence_interval":{"confidence_level":0.95,"lower_bound":0.009247586881749347,"upper_bound":0.011444238986696375},"point_estimate":0.010291243326240984,"standard_error":0.0005589548980610148},"median":{"confidence_interval":{"confidence_level":0.95,"lower_bound":0.008974134810885603,"upper_bound":0.011765119517005207},"point_estimate":0.01002339431156507,"standard_error":0.0007691496964077484}}