{"mean":{"confidence_interval":{"confidence_level":0.95,"lower_bound":904192194.7850001,"upper_bound":918276840.6125},"point_estimate":911214672.0,"standard_error":3600272.33995034},"median":{"confidence_interval":{"confidence_level":0.95,"lower_bound":898466596.0,"upper_bound":922011483.0},"point_estimate":912068541.0,"standard_error":5952566.116083902},"median_abs_dev":{"confidence_interval":{"confidence_level":0.95,"lower_bound":1762772.8211045265,"upper_bound":19748728.320389986},"point_estimate":15407734.160158038,"standard_error":4646454.986851612},"slope":null,"std_dev":{"confidence_interval":{"confidence_level":0.95,"lower_bound":7442647.541162286,"upper_bound":14422957.675526364},"point_estimate":11960095.972092401,"standard_error":1781570.315029325}}