{"mean":{"confidence_interval":{"confidence_level":0.95,"lower_bound":-0.022908603696542698,"upper_bound":-0.02045752670363175},"point_estimate":-0.0216710677666897,"standard_error":0.000624683534215821},"median":{"confidence_interval":{"confidence_level":0.95,"lower_bound":-0.023023024974852414,"upper_bound":-0.02009389433017794},"point_estimate":-0.021261298597681777,"standard_error":0.0007613814282535682}}