{"mean":{"confidence_interval":{"confidence_level":0.95,"lower_bound":628356105.2,"upper_bound":743038145.2},"point_estimate":681756308.8,"standard_error":29462390.293566663},"median":{"confidence_interval":{"confidence_level":0.95,"lower_bound":610021802.0,"upper_bound":754482054.5},"point_estimate":669003386.0,"standard_error":29002346.96709527},"median_abs_dev":{"confidence_interval":{"confidence_level":0.95,"lower_bound":14350368.321830034,"upper_bound":167217287.13549972},"point_estimate":61156181.44226074,"standard_error":41708786.49191571},"slope":null,"std_dev":{"confidence_interval":{"confidence_level":0.95,"lower_bound":41077298.03277198,"upper_bound":127177811.24910077},"point_estimate":98440922.56387256,"standard_error":22508262.961277667}}