{"mean":{"confidence_interval":{"confidence_level":0.95,"lower_bound":1105023892.7,"upper_bound":1107662791.1},"point_estimate":1106380412.7,"standard_error":674310.9422817159},"median":{"confidence_interval":{"confidence_level":0.95,"lower_bound":1104174126.0,"upper_bound":1108336763.0},"point_estimate":1106794762.5,"standard_error":1093065.4862717045},"median_abs_dev":{"confidence_interval":{"confidence_level":0.95,"lower_bound":595595.2505260706,"upper_bound":3725412.720760703},"point_estimate":2694552.804762125,"standard_error":810048.285139391},"slope":null,"std_dev":{"confidence_interval":{"confidence_level":0.95,"lower_bound":1340399.5040435342,"upper_bound":2715747.197302517},"point_estimate":2251952.0679637548,"standard_error":349711.92493581504}}