{"mean":{"confidence_interval":{"confidence_level":0.95,"lower_bound":-0.016533313205483062,"upper_bound":-0.011416531364617398},"point_estimate":-0.013615687465255322,"standard_error":0.0013287494535415426},"median":{"confidence_interval":{"confidence_level":0.95,"lower_bound":-0.015065242003893697,"upper_bound":-0.010648553275570904},"point_estimate":-0.012747334973727154,"standard_error":0.001102490150191677}}