{"mean":{"confidence_interval":{"confidence_level":0.95,"lower_bound":401105982.4,"upper_bound":402512256.08},"point_estimate":401855412.35,"standard_error":359927.5765392976},"median":{"confidence_interval":{"confidence_level":0.95,"lower_bound":401257408.5,"upper_bound":402934140.0},"point_estimate":401922800.75,"standard_error":408067.3182554377},"median_abs_dev":{"confidence_interval":{"confidence_level":0.95,"lower_bound":233481.69710487127,"upper_bound":2006396.6139793396},"point_estimate":1082862.8513753414,"standard_error":438834.6661784054},"slope":null,"std_dev":{"confidence_interval":{"confidence_level":0.95,"lower_bound":574387.4672019972,"upper_bound":1641690.877709034},"point_estimate":1200877.8289360767,"standard_error":302600.4330244123}}