{"mean":{"confidence_interval":{"confidence_level":0.95,"lower_bound":269800348.93874997,"upper_bound":277622274.76625},"point_estimate":273520212.35,"standard_error":1996363.1036275567},"median":{"confidence_interval":{"confidence_level":0.95,"lower_bound":268728251.25,"upper_bound":278603517.25},"point_estimate":271743200.25,"standard_error":2747337.288829542},"median_abs_dev":{"confidence_interval":{"confidence_level":0.95,"lower_bound":751684.1170549393,"upper_bound":11467061.09055978},"point_estimate":6774773.196923733,"standard_error":2536803.3692837832},"slope":null,"std_dev":{"confidence_interval":{"confidence_level":0.95,"lower_bound":3457073.788256841,"upper_bound":8642405.91709435},"point_estimate":6672739.733065384,"standard_error":1359391.0648639982}}