{"mean":{"confidence_interval":{"confidence_level":0.95,"lower_bound":895906445.1,"upper_bound":902619146.7075},"point_estimate":898625129.9,"standard_error":1798428.955880002},"median":{"confidence_interval":{"confidence_level":0.95,"lower_bound":895202848.0,"upper_bound":899198925.0},"point_estimate":897189511.0,"standard_error":1279515.0758037828},"median_abs_dev":{"confidence_interval":{"confidence_level":0.95,"lower_bound":305695.80597281456,"upper_bound":5210234.370499849},"point_estimate":2767911.8514597416,"standard_error":1229260.7027012252},"slope":null,"std_dev":{"confidence_interval":{"confidence_level":0.95,"lower_bound":1502492.2037878279,"upper_bound":8998540.720447402},"point_estimate":5969765.856620778,"standard_error":2465308.1088088276}}