{"mean":{"confidence_interval":{"confidence_level":0.95,"lower_bound":748070990.0,"upper_bound":756352739.4},"point_estimate":752201661.3,"standard_error":2114083.378470743},"median":{"confidence_interval":{"confidence_level":0.95,"lower_bound":745951330.0,"upper_bound":757404049.0},"point_estimate":753214956.5,"standard_error":2727041.2412656327},"median_abs_dev":{"confidence_interval":{"confidence_level":0.95,"lower_bound":929518.2773977518,"upper_bound":11965340.878772736},"point_estimate":8491251.092550159,"standard_error":3035045.1578419395},"slope":null,"std_dev":{"confidence_interval":{"confidence_level":0.95,"lower_bound":3889104.2418587985,"upper_bound":9011214.666590355},"point_estimate":7071812.8533589225,"standard_error":1306118.473267119}}