{"mean":{"confidence_interval":{"confidence_level":0.95,"lower_bound":186929245.95416665,"upper_bound":187996885.12916666},"point_estimate":187426463.03333333,"standard_error":273639.4779710187},"median":{"confidence_interval":{"confidence_level":0.95,"lower_bound":186801904.66666666,"upper_bound":188150558.3333333},"point_estimate":187210499.1666667,"standard_error":280745.01065120136},"median_abs_dev":{"confidence_interval":{"confidence_level":0.95,"lower_bound":145803.57631147644,"upper_bound":1507151.3350427446},"point_estimate":618983.0180108695,"standard_error":346486.67261313734},"slope":null,"std_dev":{"confidence_interval":{"confidence_level":0.95,"lower_bound":351573.31172548904,"upper_bound":1166510.339858511},"point_estimate":910812.1083200038,"standard_error":204059.13168673252}}