{"mean":{"confidence_interval":{"confidence_level":0.95,"lower_bound":0.024135651802994238,"upper_bound":0.031554268905950464},"point_estimate":0.028080941279714278,"standard_error":0.0019008912020828993},"median":{"confidence_interval":{"confidence_level":0.95,"lower_bound":0.022741104032060422,"upper_bound":0.03286860057165697},"point_estimate":0.029445186553306968,"standard_error":0.0023090897990728173}}