{"mean":{"confidence_interval":{"confidence_level":0.95,"lower_bound":663289049.45,"upper_bound":668427478.8625001},"point_estimate":665595332.5,"standard_error":1325465.9416510407},"median":{"confidence_interval":{"confidence_level":0.95,"lower_bound":662238951.0,"upper_bound":667824073.5},"point_estimate":663977926.5,"standard_error":1614176.9264731905},"median_abs_dev":{"confidence_interval":{"confidence_level":0.95,"lower_bound":502340.4534816742,"upper_bound":6730972.004601359},"point_estimate":3446093.8509196043,"standard_error":1515550.7024645326},"slope":null,"std_dev":{"confidence_interval":{"confidence_level":0.95,"lower_bound":1848310.9725956232,"upper_bound":6172427.281171042},"point_estimate":4436284.052294775,"standard_error":1251501.0355657563}}