{"mean":{"confidence_interval":{"confidence_level":0.95,"lower_bound":379350631.3,"upper_bound":381814731.6475},"point_estimate":380572721.85,"standard_error":631006.4403122739},"median":{"confidence_interval":{"confidence_level":0.95,"lower_bound":378646322.0,"upper_bound":382148857.25},"point_estimate":380638663.75,"standard_error":833210.4952057529},"median_abs_dev":{"confidence_interval":{"confidence_level":0.95,"lower_bound":517645.7036599517,"upper_bound":3840674.119864404},"point_estimate":2095150.9788036346,"standard_error":822317.6155645945},"slope":null,"std_dev":{"confidence_interval":{"confidence_level":0.95,"lower_bound":1221487.4006162216,"upper_bound":2627010.7324519893},"point_estimate":2109190.2158336877,"standard_error":361790.6493873642}}