{"mean":{"confidence_interval":{"confidence_level":0.95,"lower_bound":0.0027595051595041727,"upper_bound":0.015227511055875885},"point_estimate":0.0077941593867270065,"standard_error":0.0033856910482549757},"median":{"confidence_interval":{"confidence_level":0.95,"lower_bound":0.0023307492749418124,"upper_bound":0.009146538495311107},"point_estimate":0.00429618352122918,"standard_error":0.0024279803905179094}}