{"mean":{"confidence_interval":{"confidence_level":0.95,"lower_bound":0.9866368931719081,"upper_bound":1.0192488883285313},"point_estimate":1.003231510194066,"standard_error":0.007977942347725728},"median":{"confidence_interval":{"confidence_level":0.95,"lower_bound":0.9797861067010019,"upper_bound":1.023181766614345},"point_estimate":1.0059835672661834,"standard_error":0.012197959954381813}}