{"mean":{"confidence_interval":{"confidence_level":0.95,"lower_bound":0.008163035071209402,"upper_bound":0.01609435718128622},"point_estimate":0.01260779794205158,"standard_error":0.0020610269720213654},"median":{"confidence_interval":{"confidence_level":0.95,"lower_bound":0.010545208106314019,"upper_bound":0.017091396098232403},"point_estimate":0.015013106289365474,"standard_error":0.0018024179219381113}}