{"mean":{"confidence_interval":{"confidence_level":0.95,"lower_bound":776557630.975,"upper_bound":783671221.8100001},"point_estimate":779895626.1,"standard_error":1832955.3073205948},"median":{"confidence_interval":{"confidence_level":0.95,"lower_bound":775688996.0,"upper_bound":784387342.0},"point_estimate":778887219.5,"standard_error":1873439.6516480097},"median_abs_dev":{"confidence_interval":{"confidence_level":0.95,"lower_bound":523146.5202122927,"upper_bound":10207419.866082072},"point_estimate":3925359.859710932,"standard_error":2298928.8637364106},"slope":null,"std_dev":{"confidence_interval":{"confidence_level":0.95,"lower_bound":2335417.5302038253,"upper_bound":7788390.165868417},"point_estimate":6102649.212252941,"standard_error":1373011.34139476}}