{"mean":{"confidence_interval":{"confidence_level":0.95,"lower_bound":-0.023045484671927813,"upper_bound":-0.019537061019293707},"point_estimate":-0.021320621266342266,"standard_error":0.0009008545835922038},"median":{"confidence_interval":{"confidence_level":0.95,"lower_bound":-0.024232982823403137,"upper_bound":-0.019369926684207117},"point_estimate":-0.02215263023980285,"standard_error":0.0012490369890522266}}