{"mean":{"confidence_interval":{"confidence_level":0.95,"lower_bound":835963649.7750001,"upper_bound":846484389.135},"point_estimate":840122872.6,"standard_error":2865821.93589889},"median":{"confidence_interval":{"confidence_level":0.95,"lower_bound":835012296.0,"upper_bound":840863658.5},"point_estimate":837493520.5,"standard_error":1860009.9505873327},"median_abs_dev":{"confidence_interval":{"confidence_level":0.95,"lower_bound":484892.4756914377,"upper_bound":7023505.288007855},"point_estimate":3260217.3270195723,"standard_error":1816324.519355447},"slope":null,"std_dev":{"confidence_interval":{"confidence_level":0.95,"lower_bound":2039445.457676157,"upper_bound":14453069.824081466},"point_estimate":9542227.917281909,"standard_error":4141264.5332342014}}