{"mean":{"confidence_interval":{"confidence_level":0.95,"lower_bound":-0.04513584483352013,"upper_bound":-0.033619117292642636},"point_estimate":-0.03938829090536855,"standard_error":0.002949939938468737},"median":{"confidence_interval":{"confidence_level":0.95,"lower_bound":-0.04971959841864171,"upper_bound":-0.03125587770121474},"point_estimate":-0.041165633439719684,"standard_error":0.00473635194818442}}