{"mean":{"confidence_interval":{"confidence_level":0.95,"lower_bound":-0.0011928048900818882,"upper_bound":0.006606606874808061},"point_estimate":0.0024332907286643835,"standard_error":0.002011986723493072},"median":{"confidence_interval":{"confidence_level":0.95,"lower_bound":-0.002963611257358112,"upper_bound":0.008484055172017113},"point_estimate":-0.0004999713258579952,"standard_error":0.0029614434860542414}}