{"mean":{"confidence_interval":{"confidence_level":0.95,"lower_bound":423580034.82875,"upper_bound":425698154.9125},"point_estimate":424645041.45,"standard_error":543740.2225837833},"median":{"confidence_interval":{"confidence_level":0.95,"lower_bound":422876541.25,"upper_bound":426352965.0},"point_estimate":424848362.5,"standard_error":1195559.5606544192},"median_abs_dev":{"confidence_interval":{"confidence_level":0.95,"lower_bound":233647.74830192327,"upper_bound":2825990.48152864},"point_estimate":2531981.2698483467,"standard_error":756247.256221298},"slope":null,"std_dev":{"confidence_interval":{"confidence_level":0.95,"lower_bound":1258031.3774949247,"upper_bound":2002590.9460876998},"point_estimate":1808913.699806591,"standard_error":192977.29955624326}}