{"mean":{"confidence_interval":{"confidence_level":0.95,"lower_bound":260944523.45,"upper_bound":261607596.36624998},"point_estimate":261274176.1,"standard_error":169757.09660097008},"median":{"confidence_interval":{"confidence_level":0.95,"lower_bound":260768942.0,"upper_bound":261756184.5},"point_estimate":261361846.5,"standard_error":225709.13272392022},"median_abs_dev":{"confidence_interval":{"confidence_level":0.95,"lower_bound":101909.10374075174,"upper_bound":1018489.1018182039},"point_estimate":670692.2750428319,"standard_error":257284.5240421192},"slope":null,"std_dev":{"confidence_interval":{"confidence_level":0.95,"lower_bound":328020.86189289176,"upper_bound":701206.6878131977},"point_estimate":565391.5187083392,"standard_error":96360.17747569333}}