{"mean":{"confidence_interval":{"confidence_level":0.95,"lower_bound":-0.0528088972361746,"upper_bound":-0.035396465347800485},"point_estimate":-0.044072004301529355,"standard_error":0.004435142629570041},"median":{"confidence_interval":{"confidence_level":0.95,"lower_bound":-0.05878811017704366,"upper_bound":-0.03223103786481063},"point_estimate":-0.04391718305208381,"standard_error":0.006559472295915414}}