{"mean":{"confidence_interval":{"confidence_level":0.95,"lower_bound":0.05711457968171954,"upper_bound":0.21751275997325487},"point_estimate":0.12412433450267657,"standard_error":0.04179272644034555},"median":{"confidence_interval":{"confidence_level":0.95,"lower_bound":0.03837671101728524,"upper_bound":0.15941295523404375},"point_estimate":0.04917924272616081,"standard_error":0.0372524236658664}}