{"mean":{"confidence_interval":{"confidence_level":0.95,"lower_bound":343380017.71375,"upper_bound":345877759.3},"point_estimate":344577745.2,"standard_error":643279.508465265},"median":{"confidence_interval":{"confidence_level":0.95,"lower_bound":342871114.0,"upper_bound":346705415.5},"point_estimate":343561127.75,"standard_error":1124180.5778515479},"median_abs_dev":{"confidence_interval":{"confidence_level":0.95,"lower_bound":201301.8646761775,"upper_bound":3410157.4808076024},"point_estimate":1737872.925196588,"standard_error":876618.5812390329},"slope":null,"std_dev":{"confidence_interval":{"confidence_level":0.95,"lower_bound":1237973.5339286346,"upper_bound":2581293.8605374205},"point_estimate":2136915.6622732133,"standard_error":347834.76073675096}}