{"mean":{"confidence_interval":{"confidence_level":0.95,"lower_bound":-0.2358410383873596,"upper_bound":-0.13056108982016257},"point_estimate":-0.18811012359651746,"standard_error":0.02679976699345221},"median":{"confidence_interval":{"confidence_level":0.95,"lower_bound":-0.22786813748644386,"upper_bound":-0.1503434435171016},"point_estimate":-0.19223287346351703,"standard_error":0.019242941096728246}}