{"mean":{"confidence_interval":{"confidence_level":0.95,"lower_bound":468380955.45,"upper_bound":470206518.95},"point_estimate":469302135.05,"standard_error":469376.0391533761},"median":{"confidence_interval":{"confidence_level":0.95,"lower_bound":467851308.5,"upper_bound":470588365.0},"point_estimate":469485684.25,"standard_error":1006303.2401814181},"median_abs_dev":{"confidence_interval":{"confidence_level":0.95,"lower_bound":72977.27720439434,"upper_bound":2227707.27725029},"point_estimate":1784194.1668242216,"standard_error":668688.7126572982},"slope":null,"std_dev":{"confidence_interval":{"confidence_level":0.95,"lower_bound":1072244.223007266,"upper_bound":1812623.5391860188},"point_estimate":1567282.8182941584,"standard_error":191068.95047089938}}