{"mean":{"confidence_interval":{"confidence_level":0.95,"lower_bound":818186380.4575,"upper_bound":824550223.4425},"point_estimate":821334527.4,"standard_error":1625156.9044007761},"median":{"confidence_interval":{"confidence_level":0.95,"lower_bound":816850792.0,"upper_bound":826195061.0},"point_estimate":820113652.5,"standard_error":2599929.251358265},"median_abs_dev":{"confidence_interval":{"confidence_level":0.95,"lower_bound":1074970.2304154634,"upper_bound":9016296.082028747},"point_estimate":7486765.888783336,"standard_error":2091019.2634976439},"slope":null,"std_dev":{"confidence_interval":{"confidence_level":0.95,"lower_bound":3355532.933349512,"upper_bound":6506048.119810728},"point_estimate":5414445.852108787,"standard_error":809569.5103254495}}