{"mean":{"confidence_interval":{"confidence_level":0.95,"lower_bound":446936911.87875,"upper_bound":454088820.51874995},"point_estimate":450663300.35,"standard_error":1832957.556728496},"median":{"confidence_interval":{"confidence_level":0.95,"lower_bound":446661629.0,"upper_bound":455885297.0},"point_estimate":451000782.0,"standard_error":2325943.4171417835},"median_abs_dev":{"confidence_interval":{"confidence_level":0.95,"lower_bound":1465014.1140908003,"upper_bound":10302520.870743692},"point_estimate":6837504.967010021,"standard_error":2220183.1855152315},"slope":null,"std_dev":{"confidence_interval":{"confidence_level":0.95,"lower_bound":3277111.0552568124,"upper_bound":7841234.495564937},"point_estimate":6104782.077516773,"standard_error":1195522.1864250738}}