{"mean":{"confidence_interval":{"confidence_level":0.95,"lower_bound":229964850.63083333,"upper_bound":231542438.34583333},"point_estimate":230874409.33333334,"standard_error":406037.90972916625},"median":{"confidence_interval":{"confidence_level":0.95,"lower_bound":230855147.33333334,"upper_bound":231359736.16666666},"point_estimate":231076454.66666666,"standard_error":146201.51556496212},"median_abs_dev":{"confidence_interval":{"confidence_level":0.95,"lower_bound":92111.71246469021,"upper_bound":1377296.8279480934},"point_estimate":280530.4011195751,"standard_error":292068.5826460404},"slope":null,"std_dev":{"confidence_interval":{"confidence_level":0.95,"lower_bound":178471.92847506664,"upper_bound":2008909.1789987723},"point_estimate":1357710.9259123649,"standard_error":541316.081090236}}