{"mean":{"confidence_interval":{"confidence_level":0.95,"lower_bound":519238860.1075,"upper_bound":521282588.3},"point_estimate":520226179.7,"standard_error":523376.8487725305},"median":{"confidence_interval":{"confidence_level":0.95,"lower_bound":519062113.0,"upper_bound":521491787.0},"point_estimate":520020685.0,"standard_error":570569.7182968099},"median_abs_dev":{"confidence_interval":{"confidence_level":0.95,"lower_bound":37907.11612701416,"upper_bound":3032937.716254592},"point_estimate":1711764.7103101015,"standard_error":857077.8050894559},"slope":null,"std_dev":{"confidence_interval":{"confidence_level":0.95,"lower_bound":906789.4971094641,"upper_bound":2200944.4895668095},"point_estimate":1734900.6275202078,"standard_error":329998.20087308896}}