{"mean":{"confidence_interval":{"confidence_level":0.95,"lower_bound":-0.030719643502535646,"upper_bound":-0.018896010826873436},"point_estimate":-0.02485279616371583,"standard_error":0.003014636864065763},"median":{"confidence_interval":{"confidence_level":0.95,"lower_bound":-0.032213696034080086,"upper_bound":-0.019753052909082802},"point_estimate":-0.024087658293975855,"standard_error":0.003155216570529518}}