{"mean":{"confidence_interval":{"confidence_level":0.95,"lower_bound":-0.051555455623673516,"upper_bound":-0.04546425906199658},"point_estimate":-0.048540737915023335,"standard_error":0.0015599974320845552},"median":{"confidence_interval":{"confidence_level":0.95,"lower_bound":-0.05405316429923368,"upper_bound":-0.044365802314230485},"point_estimate":-0.047888391211154624,"standard_error":0.002821504529771085}}