{"mean":{"confidence_interval":{"confidence_level":0.95,"lower_bound":395423994.7525,"upper_bound":398090055.2325},"point_estimate":396715463.95,"standard_error":680714.2121750213},"median":{"confidence_interval":{"confidence_level":0.95,"lower_bound":394574936.0,"upper_bound":398661167.5},"point_estimate":396596529.75,"standard_error":860059.4759818634},"median_abs_dev":{"confidence_interval":{"confidence_level":0.95,"lower_bound":560925.3914415836,"upper_bound":4015837.3763546348},"point_estimate":2200266.946287453,"standard_error":980732.9074337052},"slope":null,"std_dev":{"confidence_interval":{"confidence_level":0.95,"lower_bound":1197847.578139876,"upper_bound":2847053.591003767},"point_estimate":2262901.999447777,"standard_error":422471.53131822567}}