{"mean":{"confidence_interval":{"confidence_level":0.95,"lower_bound":936578433.4,"upper_bound":939027524.5},"point_estimate":937794378.1,"standard_error":627611.7502411166},"median":{"confidence_interval":{"confidence_level":0.95,"lower_bound":936142153.5,"upper_bound":939868070.5},"point_estimate":937231670.0,"standard_error":1081876.435175092},"median_abs_dev":{"confidence_interval":{"confidence_level":0.95,"lower_bound":103228.24706733227,"upper_bound":3461818.3062404394},"point_estimate":2851769.1885709763,"standard_error":862072.5102702226},"slope":null,"std_dev":{"confidence_interval":{"confidence_level":0.95,"lower_bound":1311851.781933648,"upper_bound":2521711.8728699735},"point_estimate":2085821.2720273703,"standard_error":309858.6641884446}}