{"mean":{"confidence_interval":{"confidence_level":0.95,"lower_bound":912560692.9,"upper_bound":919248127.6},"point_estimate":915618622.8,"standard_error":1716598.8259098672},"median":{"confidence_interval":{"confidence_level":0.95,"lower_bound":911080751.0,"upper_bound":918902396.5},"point_estimate":915078211.5,"standard_error":2178310.9737728285},"median_abs_dev":{"confidence_interval":{"confidence_level":0.95,"lower_bound":299861.0337764025,"upper_bound":8669120.83529234},"point_estimate":5396401.483994722,"standard_error":2234705.879777766},"slope":null,"std_dev":{"confidence_interval":{"confidence_level":0.95,"lower_bound":2564160.6521553206,"upper_bound":7693547.146682807},"point_estimate":5702898.367939037,"standard_error":1438848.1798551115}}