{"mean":{"confidence_interval":{"confidence_level":0.95,"lower_bound":0.0022654269375345093,"upper_bound":0.006398057561449913},"point_estimate":0.004332724627238216,"standard_error":0.0010560180149348864},"median":{"confidence_interval":{"confidence_level":0.95,"lower_bound":0.000999791680084794,"upper_bound":0.007516421139310614},"point_estimate":0.003444191744221392,"standard_error":0.0017380698792134853}}