{"mean":{"confidence_interval":{"confidence_level":0.95,"lower_bound":-0.02445244032965745,"upper_bound":-0.005666414503637566},"point_estimate":-0.014154074973424802,"standard_error":0.004846650693625029},"median":{"confidence_interval":{"confidence_level":0.95,"lower_bound":-0.017541420464074697,"upper_bound":-0.005031692131347465},"point_estimate":-0.011730200479922792,"standard_error":0.002994611708249482}}