{"mean":{"confidence_interval":{"confidence_level":0.95,"lower_bound":-0.026292082150995304,"upper_bound":-0.020052459918752215},"point_estimate":-0.023278525065515865,"standard_error":0.0015893772440727489},"median":{"confidence_interval":{"confidence_level":0.95,"lower_bound":-0.027498841615045566,"upper_bound":-0.018016801398528237},"point_estimate":-0.02393890834549739,"standard_error":0.0020432600671696907}}