{"mean":{"confidence_interval":{"confidence_level":0.95,"lower_bound":-0.05272646920713832,"upper_bound":-0.04621068104955731},"point_estimate":-0.04958362999891519,"standard_error":0.0016646729013518981},"median":{"confidence_interval":{"confidence_level":0.95,"lower_bound":-0.05486809954393124,"upper_bound":-0.04549721714182564},"point_estimate":-0.04895381509049623,"standard_error":0.0023321286918459353}}