{"mean":{"confidence_interval":{"confidence_level":0.95,"lower_bound":0.0019317595885352092,"upper_bound":0.016997825082199977},"point_estimate":0.007890295805027314,"standard_error":0.003852039249184731},"median":{"confidence_interval":{"confidence_level":0.95,"lower_bound":0.0012901708908648057,"upper_bound":0.008739593324029293},"point_estimate":0.004958235219172158,"standard_error":0.0017406271459998548}}