{"mean":{"confidence_interval":{"confidence_level":0.95,"lower_bound":-0.008109649124328917,"upper_bound":0.005430116137877972},"point_estimate":-0.0014219289243950772,"standard_error":0.003461257369352415},"median":{"confidence_interval":{"confidence_level":0.95,"lower_bound":-0.01127220633685555,"upper_bound":0.011201272563524212},"point_estimate":-0.0025510177844592086,"standard_error":0.0059648300751468306}}