{"mean":{"confidence_interval":{"confidence_level":0.95,"lower_bound":553808462.0,"upper_bound":558046208.2},"point_estimate":555957983.8,"standard_error":1085162.9962412356},"median":{"confidence_interval":{"confidence_level":0.95,"lower_bound":552879648.5,"upper_bound":558998645.0},"point_estimate":556345614.0,"standard_error":1627016.592053389},"median_abs_dev":{"confidence_interval":{"confidence_level":0.95,"lower_bound":1231180.6701421738,"upper_bound":6234173.509821296},"point_estimate":4524163.456580043,"standard_error":1322049.35225645},"slope":null,"std_dev":{"confidence_interval":{"confidence_level":0.95,"lower_bound":2176547.0275951643,"upper_bound":4392328.035840575},"point_estimate":3629495.3555940897,"standard_error":562020.1063453162}}