{"mean":{"confidence_interval":{"confidence_level":0.95,"lower_bound":199809372.70000002,"upper_bound":205125535.53333333},"point_estimate":202126578.29999998,"standard_error":1389539.542198991},"median":{"confidence_interval":{"confidence_level":0.95,"lower_bound":199497956.5,"upper_bound":204917858.1666667},"point_estimate":200161508.5,"standard_error":1078086.1606690078},"median_abs_dev":{"confidence_interval":{"confidence_level":0.95,"lower_bound":146340.2775019481,"upper_bound":5900020.185753711},"point_estimate":1199867.170298092,"standard_error":1207440.8227786724},"slope":null,"std_dev":{"confidence_interval":{"confidence_level":0.95,"lower_bound":642907.9891586934,"upper_bound":6174431.610740192},"point_estimate":4647621.541083886,"standard_error":1489880.297161129}}