{"mean":{"confidence_interval":{"confidence_level":0.95,"lower_bound":-0.033938124000808124,"upper_bound":-0.02585251055162185},"point_estimate":-0.030101586495104637,"standard_error":0.002091428144043256},"median":{"confidence_interval":{"confidence_level":0.95,"lower_bound":-0.036883829780718136,"upper_bound":-0.02514900746437354},"point_estimate":-0.034172558112477214,"standard_error":0.0031669435175794734}}