{"mean":{"confidence_interval":{"confidence_level":0.95,"lower_bound":-0.000994994549411104,"upper_bound":0.005907439824209324},"point_estimate":0.0021329547740009946,"standard_error":0.0017364461237201882},"median":{"confidence_interval":{"confidence_level":0.95,"lower_bound":-0.0021082837754532457,"upper_bound":0.006213062939274261},"point_estimate":0.001128822922359607,"standard_error":0.002139825046895629}}