{"mean":{"confidence_interval":{"confidence_level":0.95,"lower_bound":-0.015618668332694735,"upper_bound":-0.011198627979781136},"point_estimate":-0.013865575522056028,"standard_error":0.001203648880124083},"median":{"confidence_interval":{"confidence_level":0.95,"lower_bound":-0.01608805484551301,"upper_bound":-0.013779166528001374},"point_estimate":-0.01527444764570951,"standard_error":0.0005923005345977403}}