{"mean":{"confidence_interval":{"confidence_level":0.95,"lower_bound":-0.008119779704199097,"upper_bound":0.007905952178815854},"point_estimate":-0.0012785322443552571,"standard_error":0.00405553119857139},"median":{"confidence_interval":{"confidence_level":0.95,"lower_bound":-0.009734856342881737,"upper_bound":0.0020522101288504846},"point_estimate":-0.005365706544291804,"standard_error":0.0025757185964650265}}