{"mean":{"confidence_interval":{"confidence_level":0.95,"lower_bound":-0.03717598936477552,"upper_bound":-0.02188800680700157},"point_estimate":-0.029471848002575518,"standard_error":0.0038876907395044916},"median":{"confidence_interval":{"confidence_level":0.95,"lower_bound":-0.039665284531246736,"upper_bound":-0.021331071913830213},"point_estimate":-0.030620217888556622,"standard_error":0.004751142756892255}}