{"mean":{"confidence_interval":{"confidence_level":0.95,"lower_bound":-0.02055864654921571,"upper_bound":-0.017020729311692333},"point_estimate":-0.01857612632113781,"standard_error":0.0009115209539672511},"median":{"confidence_interval":{"confidence_level":0.95,"lower_bound":-0.019463864764948102,"upper_bound":-0.0171366974969015},"point_estimate":-0.01814933048219447,"standard_error":0.0006204890415639304}}