{"mean":{"confidence_interval":{"confidence_level":0.95,"lower_bound":1.5830105392976912,"upper_bound":1.979069278721645},"point_estimate":1.7776902013506697,"standard_error":0.10442084800987138},"median":{"confidence_interval":{"confidence_level":0.95,"lower_bound":1.5685736769303036,"upper_bound":2.1203071332287893},"point_estimate":1.876019514692819,"standard_error":0.10794846041891154}}