{"mean":{"confidence_interval":{"confidence_level":0.95,"lower_bound":826796009.12,"upper_bound":829334197.3625},"point_estimate":828028379.2,"standard_error":652323.8503973831},"median":{"confidence_interval":{"confidence_level":0.95,"lower_bound":826120786.0,"upper_bound":830209707.0},"point_estimate":827882184.5,"standard_error":1016641.3028016407},"median_abs_dev":{"confidence_interval":{"confidence_level":0.95,"lower_bound":469827.03605890274,"upper_bound":3629769.4551587105},"point_estimate":2913748.539170623,"standard_error":887637.3567184907},"slope":null,"std_dev":{"confidence_interval":{"confidence_level":0.95,"lower_bound":1203324.3687649504,"upper_bound":2586891.098525839},"point_estimate":2170783.5582030844,"standard_error":336177.15182483575}}