{"mean":{"confidence_interval":{"confidence_level":0.95,"lower_bound":-0.019855927110383555,"upper_bound":-0.003869090333378482},"point_estimate":-0.010574931849818392,"standard_error":0.004153238918820181},"median":{"confidence_interval":{"confidence_level":0.95,"lower_bound":-0.012546555141614069,"upper_bound":-0.00258372965357212},"point_estimate":-0.00685504645746593,"standard_error":0.0029643451268848617}}