{"mean":{"confidence_interval":{"confidence_level":0.95,"lower_bound":-0.0007604952590152867,"upper_bound":0.006430823623734982},"point_estimate":0.003103414786649328,"standard_error":0.0018369954063221093},"median":{"confidence_interval":{"confidence_level":0.95,"lower_bound":0.0013239839151837351,"upper_bound":0.006494392382758507},"point_estimate":0.004647088701454916,"standard_error":0.001445202152960312}}