{"mean":{"confidence_interval":{"confidence_level":0.95,"lower_bound":-0.015474005925202221,"upper_bound":-0.012481682945692575},"point_estimate":-0.01405794909947522,"standard_error":0.0007617884213186337},"median":{"confidence_interval":{"confidence_level":0.95,"lower_bound":-0.01611450815204407,"upper_bound":-0.012240715106713096},"point_estimate":-0.014174612208097348,"standard_error":0.0009912072919261773}}