{"mean":{"confidence_interval":{"confidence_level":0.95,"lower_bound":0.008774435681641385,"upper_bound":0.01342753838265911},"point_estimate":0.011084505331314443,"standard_error":0.0011949267636922549},"median":{"confidence_interval":{"confidence_level":0.95,"lower_bound":0.007545680847886871,"upper_bound":0.014782674229786075},"point_estimate":0.011172137249047642,"standard_error":0.002005177840364326}}