{"mean":{"confidence_interval":{"confidence_level":0.95,"lower_bound":-0.020688560479856594,"upper_bound":-0.013697928169871455},"point_estimate":-0.017413408085911852,"standard_error":0.0017851600546888874},"median":{"confidence_interval":{"confidence_level":0.95,"lower_bound":-0.022012431312337544,"upper_bound":-0.014000056238062775},"point_estimate":-0.01934252957907645,"standard_error":0.001857618458097393}}