{"mean":{"confidence_interval":{"confidence_level":0.95,"lower_bound":426232521.7,"upper_bound":429291128.8},"point_estimate":427903871.5,"standard_error":784942.8920988311},"median":{"confidence_interval":{"confidence_level":0.95,"lower_bound":426826940.75,"upper_bound":429655505.5},"point_estimate":428371814.75,"standard_error":934601.01416515},"median_abs_dev":{"confidence_interval":{"confidence_level":0.95,"lower_bound":317345.7059159875,"upper_bound":3780142.1574890614},"point_estimate":1989649.905976653,"standard_error":942849.4293013805},"slope":null,"std_dev":{"confidence_interval":{"confidence_level":0.95,"lower_bound":1126555.575321683,"upper_bound":3652155.88899189},"point_estimate":2613516.7658856716,"standard_error":738589.759961073}}