{"mean":{"confidence_interval":{"confidence_level":0.95,"lower_bound":1014227297.4,"upper_bound":1018000592.9225},"point_estimate":1016476279.3,"standard_error":1010970.5397122041},"median":{"confidence_interval":{"confidence_level":0.95,"lower_bound":1016239514.0,"upper_bound":1018070529.0},"point_estimate":1016985179.5,"standard_error":534333.6440725075},"median_abs_dev":{"confidence_interval":{"confidence_level":0.95,"lower_bound":202660.2969020605,"upper_bound":2748321.5167075396},"point_estimate":1107645.9925353527,"standard_error":646895.1237487433},"slope":null,"std_dev":{"confidence_interval":{"confidence_level":0.95,"lower_bound":715703.0414875569,"upper_bound":5089911.09656149},"point_estimate":3370738.192808317,"standard_error":1418655.6754133261}}