{"mean":{"confidence_interval":{"confidence_level":0.95,"lower_bound":-0.03884290946763371,"upper_bound":-0.021968168599087057},"point_estimate":-0.029484274528310705,"standard_error":0.004411621089474948},"median":{"confidence_interval":{"confidence_level":0.95,"lower_bound":-0.03184295511347579,"upper_bound":-0.018054916325155212},"point_estimate":-0.025176383683469306,"standard_error":0.0033910367639641233}}