{"mean":{"confidence_interval":{"confidence_level":0.95,"lower_bound":186127270.81166667,"upper_bound":187323184.4},"point_estimate":186616930.3333333,"standard_error":317843.88595139375},"median":{"confidence_interval":{"confidence_level":0.95,"lower_bound":185864930.33333334,"upper_bound":186718315.0},"point_estimate":186420965.8333333,"standard_error":205183.06528997427},"median_abs_dev":{"confidence_interval":{"confidence_level":0.95,"lower_bound":100085.8764231205,"upper_bound":980836.7457866374},"point_estimate":553239.8402780589,"standard_error":248075.5797291825},"slope":null,"std_dev":{"confidence_interval":{"confidence_level":0.95,"lower_bound":282966.9168509408,"upper_bound":1589871.6134808657},"point_estimate":1060885.1745081847,"standard_error":426560.1125596637}}