{"mean":{"confidence_interval":{"confidence_level":0.95,"lower_bound":-0.028473574440942968,"upper_bound":-0.01873885674638525},"point_estimate":-0.023683784275013497,"standard_error":0.0024921865858301482},"median":{"confidence_interval":{"confidence_level":0.95,"lower_bound":-0.0314398413776803,"upper_bound":-0.01647770307107388},"point_estimate":-0.023536719028211084,"standard_error":0.003377816133225478}}