{"mean":{"confidence_interval":{"confidence_level":0.95,"lower_bound":0.04387898438230989,"upper_bound":0.05394632010758051},"point_estimate":0.04851976980159112,"standard_error":0.002581896754209573},"median":{"confidence_interval":{"confidence_level":0.95,"lower_bound":0.04155075567889677,"upper_bound":0.05747238407887578},"point_estimate":0.04553041986934603,"standard_error":0.0038107861158406552}}