{"mean":{"confidence_interval":{"confidence_level":0.95,"lower_bound":-0.020473777486583473,"upper_bound":-0.006204810914624167},"point_estimate":-0.013578931417654982,"standard_error":0.0036570800998106},"median":{"confidence_interval":{"confidence_level":0.95,"lower_bound":-0.022576911603296043,"upper_bound":-0.004966817859796913},"point_estimate":-0.016267608771150188,"standard_error":0.004779942632445384}}