{"mean":{"confidence_interval":{"confidence_level":0.95,"lower_bound":-0.020463555823995696,"upper_bound":-0.01505255679975597},"point_estimate":-0.01778190118047207,"standard_error":0.0013807580878277923},"median":{"confidence_interval":{"confidence_level":0.95,"lower_bound":-0.02130882298144765,"upper_bound":-0.014595041399979136},"point_estimate":-0.018577515476819628,"standard_error":0.0018803702131810509}}