{"mean":{"confidence_interval":{"confidence_level":0.95,"lower_bound":0.0021567775022526166,"upper_bound":0.01236988035808889},"point_estimate":0.0065215586682589866,"standard_error":0.0026238961697153166},"median":{"confidence_interval":{"confidence_level":0.95,"lower_bound":0.0021508367292526476,"upper_bound":0.0077208508835961975},"point_estimate":0.004957151953441263,"standard_error":0.0015416348471161843}}