{"mean":{"confidence_interval":{"confidence_level":0.95,"lower_bound":-0.02461458398301532,"upper_bound":-0.013959226788548438},"point_estimate":-0.01901919093059079,"standard_error":0.0027287140277328374},"median":{"confidence_interval":{"confidence_level":0.95,"lower_bound":-0.026300423079938295,"upper_bound":-0.013827351617668238},"point_estimate":-0.016617480505454862,"standard_error":0.00321493513823948}}