{"mean":{"confidence_interval":{"confidence_level":0.95,"lower_bound":-0.05161897272980081,"upper_bound":-0.04257369875593977},"point_estimate":-0.04699377606654864,"standard_error":0.0023160838852022587},"median":{"confidence_interval":{"confidence_level":0.95,"lower_bound":-0.05434251375540755,"upper_bound":-0.04002755439139538},"point_estimate":-0.044357595542369954,"standard_error":0.003598341490902882}}