{"mean":{"confidence_interval":{"confidence_level":0.95,"lower_bound":0.6184907688565924,"upper_bound":0.663615761083449},"point_estimate":0.6427585903409978,"standard_error":0.011505286060054014},"median":{"confidence_interval":{"confidence_level":0.95,"lower_bound":0.627723275242668,"upper_bound":0.6748162895351637},"point_estimate":0.6599228276037139,"standard_error":0.014376538243642125}}