{"mean":{"confidence_interval":{"confidence_level":0.95,"lower_bound":982492959.675,"upper_bound":985935125.595},"point_estimate":984130331.8,"standard_error":885420.2573282203},"median":{"confidence_interval":{"confidence_level":0.95,"lower_bound":981776426.0,"upper_bound":986743002.0},"point_estimate":983422968.0,"standard_error":1240518.8639513697},"median_abs_dev":{"confidence_interval":{"confidence_level":0.95,"lower_bound":669850.5289077759,"upper_bound":4674275.221315026},"point_estimate":2769820.698925853,"standard_error":1074544.5213298418},"slope":null,"std_dev":{"confidence_interval":{"confidence_level":0.95,"lower_bound":1531532.6063788955,"upper_bound":3783582.7096575922},"point_estimate":2949915.115994688,"standard_error":591168.1554795969}}