{"mean":{"confidence_interval":{"confidence_level":0.95,"lower_bound":482328454.975,"upper_bound":485164676.54375},"point_estimate":483708058.95,"standard_error":722532.6343854758},"median":{"confidence_interval":{"confidence_level":0.95,"lower_bound":482368559.5,"upper_bound":484619248.25},"point_estimate":483826386.25,"standard_error":607121.7223535584},"median_abs_dev":{"confidence_interval":{"confidence_level":0.95,"lower_bound":406336.9160860777,"upper_bound":3821326.1902078986},"point_estimate":1459708.6300849915,"standard_error":818429.9161750999},"slope":null,"std_dev":{"confidence_interval":{"confidence_level":0.95,"lower_bound":836889.4441540921,"upper_bound":3374060.933118396},"point_estimate":2413217.487834015,"standard_error":667897.1097256445}}