{"mean":{"confidence_interval":{"confidence_level":0.95,"lower_bound":-0.03221677732286645,"upper_bound":-0.021225082958833814},"point_estimate":-0.02687476523325727,"standard_error":0.0028019657047940925},"median":{"confidence_interval":{"confidence_level":0.95,"lower_bound":-0.035251340414243715,"upper_bound":-0.020193522007945996},"point_estimate":-0.025918098321022986,"standard_error":0.003971663856166303}}