{"mean":{"confidence_interval":{"confidence_level":0.95,"lower_bound":-0.05083724584369251,"upper_bound":-0.035680181334142365},"point_estimate":-0.04315605179652138,"standard_error":0.0038826084092449193},"median":{"confidence_interval":{"confidence_level":0.95,"lower_bound":-0.05205261132919492,"upper_bound":-0.03003051889884023},"point_estimate":-0.04427131599109957,"standard_error":0.006151850921979462}}