{"mean":{"confidence_interval":{"confidence_level":0.95,"lower_bound":-0.027012800497965374,"upper_bound":-0.023369360360175444},"point_estimate":-0.025277588647101168,"standard_error":0.0009286421812802818},"median":{"confidence_interval":{"confidence_level":0.95,"lower_bound":-0.02796982198896736,"upper_bound":-0.02266866411003151},"point_estimate":-0.02566236932351129,"standard_error":0.0012954706344741826}}