{"mean":{"confidence_interval":{"confidence_level":0.95,"lower_bound":0.5263805809979215,"upper_bound":0.6960676839451774},"point_estimate":0.6033822243889972,"standard_error":0.04245346244184601},"median":{"confidence_interval":{"confidence_level":0.95,"lower_bound":0.548687857659941,"upper_bound":0.7345631332662146},"point_estimate":0.5688256818271833,"standard_error":0.056246921093334644}}