{"mean":{"confidence_interval":{"confidence_level":0.95,"lower_bound":-0.027670546804016677,"upper_bound":-0.0179450631719196},"point_estimate":-0.022612024231828287,"standard_error":0.002487917820231037},"median":{"confidence_interval":{"confidence_level":0.95,"lower_bound":-0.026643517157317498,"upper_bound":-0.016778417088815},"point_estimate":-0.020234931066113293,"standard_error":0.0025301777432348957}}