{"mean":{"confidence_interval":{"confidence_level":0.95,"lower_bound":1019316556.1775,"upper_bound":1027621973.7},"point_estimate":1023377441.8,"standard_error":2119150.1232806253},"median":{"confidence_interval":{"confidence_level":0.95,"lower_bound":1016873434.0,"upper_bound":1029088177.0},"point_estimate":1022491011.5,"standard_error":3172038.969292428},"median_abs_dev":{"confidence_interval":{"confidence_level":0.95,"lower_bound":1993346.0277110338,"upper_bound":11722834.966278076},"point_estimate":8065460.240909457,"standard_error":2558171.979240437},"slope":null,"std_dev":{"confidence_interval":{"confidence_level":0.95,"lower_bound":4126575.2804743666,"upper_bound":8782738.12579481},"point_estimate":7062634.41798263,"standard_error":1203906.140684154}}