{"mean":{"confidence_interval":{"confidence_level":0.95,"lower_bound":-0.005041857064161601,"upper_bound":-0.0011220828088295415},"point_estimate":-0.0029834066253483504,"standard_error":0.0010020034060850883},"median":{"confidence_interval":{"confidence_level":0.95,"lower_bound":-0.0063285454074860055,"upper_bound":-0.0002552052404323213},"point_estimate":-0.0019399346253422545,"standard_error":0.001509550350487361}}