{"mean":{"confidence_interval":{"confidence_level":0.95,"lower_bound":-0.0007470957726889821,"upper_bound":0.002226138585231673},"point_estimate":0.0006999021627400737,"standard_error":0.0007596806898149391},"median":{"confidence_interval":{"confidence_level":0.95,"lower_bound":-0.0016083747904296342,"upper_bound":0.002963204497636651},"point_estimate":0.0007176522331988622,"standard_error":0.001187602292875222}}