{"mean":{"confidence_interval":{"confidence_level":0.95,"lower_bound":0.031065430200147688,"upper_bound":0.035471255749936335},"point_estimate":0.03317768237195606,"standard_error":0.0011376242843027565},"median":{"confidence_interval":{"confidence_level":0.95,"lower_bound":0.03015847940119265,"upper_bound":0.035387528049921624},"point_estimate":0.03137740526624966,"standard_error":0.0015552002709316522}}