{"mean":{"confidence_interval":{"confidence_level":0.95,"lower_bound":216851951.53499997,"upper_bound":217422836.7},"point_estimate":217106342.7333333,"standard_error":147065.17398835722},"median":{"confidence_interval":{"confidence_level":0.95,"lower_bound":216747770.0,"upper_bound":217339323.33333334},"point_estimate":216965563.5,"standard_error":149016.69319373323},"median_abs_dev":{"confidence_interval":{"confidence_level":0.95,"lower_bound":33969.33059692383,"upper_bound":677431.5567731784},"point_estimate":384037.37698198104,"standard_error":151679.83126163943},"slope":null,"std_dev":{"confidence_interval":{"confidence_level":0.95,"lower_bound":194824.50227358073,"upper_bound":695403.9884486217},"point_estimate":490489.70586702967,"standard_error":149054.16083038016}}