{"mean":{"confidence_interval":{"confidence_level":0.95,"lower_bound":649813729.835,"upper_bound":650821526.69},"point_estimate":650306845.0,"standard_error":258939.5265060412},"median":{"confidence_interval":{"confidence_level":0.95,"lower_bound":649507659.0,"upper_bound":651070316.0},"point_estimate":650290133.5,"standard_error":404164.01165254327},"median_abs_dev":{"confidence_interval":{"confidence_level":0.95,"lower_bound":110308.40324163437,"upper_bound":1423553.9471268654},"point_estimate":1158397.6135343313,"standard_error":357131.59332238405},"slope":null,"std_dev":{"confidence_interval":{"confidence_level":0.95,"lower_bound":497708.87377716403,"upper_bound":1052891.6845233839},"point_estimate":861013.6766308264,"standard_error":139869.0153712585}}