{"mean":{"confidence_interval":{"confidence_level":0.95,"lower_bound":873606008.1600001,"upper_bound":874691430.5024999},"point_estimate":874149547.2,"standard_error":277901.2596219777},"median":{"confidence_interval":{"confidence_level":0.95,"lower_bound":873338892.0,"upper_bound":874812871.5},"point_estimate":874331516.5,"standard_error":388633.50905088347},"median_abs_dev":{"confidence_interval":{"confidence_level":0.95,"lower_bound":173975.693911314,"upper_bound":1686281.040662527},"point_estimate":982597.5803554058,"standard_error":382929.14278080454},"slope":null,"std_dev":{"confidence_interval":{"confidence_level":0.95,"lower_bound":537846.4234122455,"upper_bound":1172336.6494678936},"point_estimate":928309.6633208363,"standard_error":163261.4762034226}}