{"mean":{"confidence_interval":{"confidence_level":0.95,"lower_bound":492859426.0,"upper_bound":499574978.15},"point_estimate":495861382.45,"standard_error":1742280.1820013898},"median":{"confidence_interval":{"confidence_level":0.95,"lower_bound":491599572.25,"upper_bound":498899097.25},"point_estimate":495074970.75,"standard_error":1724415.4517108202},"median_abs_dev":{"confidence_interval":{"confidence_level":0.95,"lower_bound":124948.70733171701,"upper_bound":8382890.825673938},"point_estimate":4383337.956780195,"standard_error":2120855.188563884},"slope":null,"std_dev":{"confidence_interval":{"confidence_level":0.95,"lower_bound":2057645.7035155846,"upper_bound":8027804.889008942},"point_estimate":5815308.87406958,"standard_error":1682269.9596290004}}