{"mean":{"confidence_interval":{"confidence_level":0.95,"lower_bound":309877234.82625,"upper_bound":315198065.9925},"point_estimate":311892119.7,"standard_error":1493831.4879878522},"median":{"confidence_interval":{"confidence_level":0.95,"lower_bound":309429894.25,"upper_bound":311450659.25},"point_estimate":310620405.5,"standard_error":629301.1386873245},"median_abs_dev":{"confidence_interval":{"confidence_level":0.95,"lower_bound":263332.7356249094,"upper_bound":2633548.263645172},"point_estimate":1027275.7305622101,"standard_error":687811.5478898572},"slope":null,"std_dev":{"confidence_interval":{"confidence_level":0.95,"lower_bound":684203.5261356408,"upper_bound":7647488.573570524},"point_estimate":4980078.498027126,"standard_error":2394246.3136217715}}