{"mean":{"confidence_interval":{"confidence_level":0.95,"lower_bound":-0.051614991988908177,"upper_bound":-0.034270982072581196},"point_estimate":-0.04214953364315566,"standard_error":0.004441725484549285},"median":{"confidence_interval":{"confidence_level":0.95,"lower_bound":-0.04899236687855246,"upper_bound":-0.030326067057083406},"point_estimate":-0.042182112825701945,"standard_error":0.004881665334949301}}