{"mean":{"confidence_interval":{"confidence_level":0.95,"lower_bound":-0.03161081671488306,"upper_bound":-0.011925723972909393},"point_estimate":-0.020599946469936903,"standard_error":0.005130156003934028},"median":{"confidence_interval":{"confidence_level":0.95,"lower_bound":-0.026710800741527763,"upper_bound":-0.010802142596549658},"point_estimate":-0.015575548425407315,"standard_error":0.003409769439548143}}