{"mean":{"confidence_interval":{"confidence_level":0.95,"lower_bound":-0.03180778229883336,"upper_bound":-0.0225886997773081},"point_estimate":-0.02734813019846405,"standard_error":0.00236003671362073},"median":{"confidence_interval":{"confidence_level":0.95,"lower_bound":-0.033483729913291405,"upper_bound":-0.018752642609169534},"point_estimate":-0.02760557511099815,"standard_error":0.004306127284905735}}