{"mean":{"confidence_interval":{"confidence_level":0.95,"lower_bound":371695831.405,"upper_bound":374927282.13},"point_estimate":373227436.0,"standard_error":832603.4940954028},"median":{"confidence_interval":{"confidence_level":0.95,"lower_bound":371068664.25,"upper_bound":376260776.5},"point_estimate":371834785.0,"standard_error":1470163.163818269},"median_abs_dev":{"confidence_interval":{"confidence_level":0.95,"lower_bound":19932.44469612837,"upper_bound":4142989.5978972316},"point_estimate":1389177.6428371668,"standard_error":1315316.0777520137},"slope":null,"std_dev":{"confidence_interval":{"confidence_level":0.95,"lower_bound":1160753.3804965955,"upper_bound":3210981.090108129},"point_estimate":2774517.3565007765,"standard_error":468019.3641620394}}