{"mean":{"confidence_interval":{"confidence_level":0.95,"lower_bound":0.03495745386439303,"upper_bound":0.056210885855394056},"point_estimate":0.047717665889990046,"standard_error":0.005785167948529441},"median":{"confidence_interval":{"confidence_level":0.95,"lower_bound":0.04761523381340216,"upper_bound":0.058415196492770605},"point_estimate":0.0540889347276432,"standard_error":0.0028906511266856894}}