{"mean":{"confidence_interval":{"confidence_level":0.95,"lower_bound":349379433.05,"upper_bound":350817439.75},"point_estimate":350075045.15,"standard_error":368345.915560368},"median":{"confidence_interval":{"confidence_level":0.95,"lower_bound":348747211.5,"upper_bound":351059957.5},"point_estimate":350000271.75,"standard_error":494482.5524526928},"median_abs_dev":{"confidence_interval":{"confidence_level":0.95,"lower_bound":124416.08329117298,"upper_bound":2022126.629050076},"point_estimate":1714438.5793626308,"standard_error":575931.3086513906},"slope":null,"std_dev":{"confidence_interval":{"confidence_level":0.95,"lower_bound":680490.8439128954,"upper_bound":1544180.7261445657},"point_estimate":1231604.2549374385,"standard_error":222522.79861242347}}