{"mean":{"confidence_interval":{"confidence_level":0.95,"lower_bound":330859896.7975,"upper_bound":332070706.64125},"point_estimate":331535179.8,"standard_error":313514.9137378543},"median":{"confidence_interval":{"confidence_level":0.95,"lower_bound":331179820.5,"upper_bound":332299223.75},"point_estimate":331581357.75,"standard_error":275633.17923219095},"median_abs_dev":{"confidence_interval":{"confidence_level":0.95,"lower_bound":71975.03962218761,"upper_bound":1381259.0763777494},"point_estimate":835088.1492242217,"standard_error":353142.5524989744},"slope":null,"std_dev":{"confidence_interval":{"confidence_level":0.95,"lower_bound":390247.5946002494,"upper_bound":1499995.6442463757},"point_estimate":1048269.4093088008,"standard_error":332975.3383372408}}