{"mean":{"confidence_interval":{"confidence_level":0.95,"lower_bound":-0.02372178275200828,"upper_bound":-0.015147043782739613},"point_estimate":-0.019322719452112058,"standard_error":0.0022454360010801056},"median":{"confidence_interval":{"confidence_level":0.95,"lower_bound":-0.025687139311949325,"upper_bound":-0.014578476177983801},"point_estimate":-0.01869796164058668,"standard_error":0.0030858547975928436}}