{"mean":{"confidence_interval":{"confidence_level":0.95,"lower_bound":-0.027710275486091163,"upper_bound":-0.00990487118364178},"point_estimate":-0.01919918034736423,"standard_error":0.004592697432539308},"median":{"confidence_interval":{"confidence_level":0.95,"lower_bound":-0.034051407905246966,"upper_bound":-0.010909956495686934},"point_estimate":-0.022705954851548138,"standard_error":0.005627978459813881}}