{"mean":{"confidence_interval":{"confidence_level":0.95,"lower_bound":-0.03054706531318369,"upper_bound":-0.021318079800758644},"point_estimate":-0.026045642836143745,"standard_error":0.0023603073881415582},"median":{"confidence_interval":{"confidence_level":0.95,"lower_bound":-0.03310504219801946,"upper_bound":-0.019978906509691252},"point_estimate":-0.025277737158697522,"standard_error":0.0030848521080372856}}