{"mean":{"confidence_interval":{"confidence_level":0.95,"lower_bound":0.010593499692130116,"upper_bound":0.015906961331429447},"point_estimate":0.013072955255603258,"standard_error":0.0013515809229356496},"median":{"confidence_interval":{"confidence_level":0.95,"lower_bound":0.009402238613876568,"upper_bound":0.015526070427070326},"point_estimate":0.01228324553402671,"standard_error":0.0013531365695682407}}