{"mean":{"confidence_interval":{"confidence_level":0.95,"lower_bound":-0.035175866195733894,"upper_bound":-0.029125869477168314},"point_estimate":-0.031940879799191135,"standard_error":0.0015605701436741234},"median":{"confidence_interval":{"confidence_level":0.95,"lower_bound":-0.0323609250273712,"upper_bound":-0.028150012079968256},"point_estimate":-0.030405673833141744,"standard_error":0.0010955110723902522}}