{"mean":{"confidence_interval":{"confidence_level":0.95,"lower_bound":610722153.7,"upper_bound":612570864.0},"point_estimate":611719705.7,"standard_error":475856.97413493705},"median":{"confidence_interval":{"confidence_level":0.95,"lower_bound":610668569.0,"upper_bound":612607468.0},"point_estimate":612229056.5,"standard_error":451411.30427432636},"median_abs_dev":{"confidence_interval":{"confidence_level":0.95,"lower_bound":88099.79693591595,"upper_bound":2285480.4917246103},"point_estimate":601056.4075291157,"standard_error":611449.083256618},"slope":null,"std_dev":{"confidence_interval":{"confidence_level":0.95,"lower_bound":469451.21471368603,"upper_bound":2026274.9206506696},"point_estimate":1583165.390038721,"standard_error":389885.7682682734}}