{"mean":{"confidence_interval":{"confidence_level":0.95,"lower_bound":0.004228400839886771,"upper_bound":0.021146207830415955},"point_estimate":0.01066519685904721,"standard_error":0.004623716606631223},"median":{"confidence_interval":{"confidence_level":0.95,"lower_bound":0.003999910586177657,"upper_bound":0.008266132706048479},"point_estimate":0.005796269410308197,"standard_error":0.0011102528592911373}}