{"mean":{"confidence_interval":{"confidence_level":0.95,"lower_bound":0.062137265859727384,"upper_bound":0.07275811182808802},"point_estimate":0.06676663516054937,"standard_error":0.0027150136688444846},"median":{"confidence_interval":{"confidence_level":0.95,"lower_bound":0.06288251472194095,"upper_bound":0.068871237391817},"point_estimate":0.06486632743987109,"standard_error":0.0016815558806897465}}