{"mean":{"confidence_interval":{"confidence_level":0.95,"lower_bound":-0.02344726005735542,"upper_bound":-0.014343705111345325},"point_estimate":-0.018993820367764314,"standard_error":0.0023257051542605917},"median":{"confidence_interval":{"confidence_level":0.95,"lower_bound":-0.025610744502202576,"upper_bound":-0.013167824998237765},"point_estimate":-0.019402992386728823,"standard_error":0.0038440583521477203}}