{"mean":{"confidence_interval":{"confidence_level":0.95,"lower_bound":-0.0363458509613969,"upper_bound":-0.02485555653240323},"point_estimate":-0.030661842007577267,"standard_error":0.0029519973725473008},"median":{"confidence_interval":{"confidence_level":0.95,"lower_bound":-0.03912878732498837,"upper_bound":-0.020795041158463534},"point_estimate":-0.03240389566125601,"standard_error":0.004385628767028371}}