{"mean":{"confidence_interval":{"confidence_level":0.95,"lower_bound":617721622.2524999,"upper_bound":621949406.6},"point_estimate":619890684.3,"standard_error":1086143.9740911883},"median":{"confidence_interval":{"confidence_level":0.95,"lower_bound":616214189.5,"upper_bound":622869588.0},"point_estimate":620606638.0,"standard_error":1889672.6463077413},"median_abs_dev":{"confidence_interval":{"confidence_level":0.95,"lower_bound":399289.3771111965,"upper_bound":6087210.787430406},"point_estimate":4030404.2917460203,"standard_error":1507321.8254728338},"slope":null,"std_dev":{"confidence_interval":{"confidence_level":0.95,"lower_bound":2173136.759158121,"upper_bound":4363810.007984486},"point_estimate":3637894.379671236,"standard_error":552598.8456495405}}