{"mean":{"confidence_interval":{"confidence_level":0.95,"lower_bound":277053466.9,"upper_bound":277473680.28749996},"point_estimate":277269233.2,"standard_error":107439.14809931672},"median":{"confidence_interval":{"confidence_level":0.95,"lower_bound":277026013.0,"upper_bound":277547038.0},"point_estimate":277271736.5,"standard_error":123489.19466699015},"median_abs_dev":{"confidence_interval":{"confidence_level":0.95,"lower_bound":83429.97766882181,"upper_bound":604422.2801193595},"point_estimate":320465.8375605941,"standard_error":128643.4874639655},"slope":null,"std_dev":{"confidence_interval":{"confidence_level":0.95,"lower_bound":175081.3275538294,"upper_bound":479130.53927241784},"point_estimate":357802.65603388136,"standard_error":79399.03404655444}}