{"mean":{"confidence_interval":{"confidence_level":0.95,"lower_bound":772216692.4,"upper_bound":783708360.7},"point_estimate":776360518.3,"standard_error":3378375.6011734647},"median":{"confidence_interval":{"confidence_level":0.95,"lower_bound":771811042.0,"upper_bound":774331200.0},"point_estimate":773040621.5,"standard_error":1086011.3783316792},"median_abs_dev":{"confidence_interval":{"confidence_level":0.95,"lower_bound":479482.46838748455,"upper_bound":3398899.7285574675},"point_estimate":1829314.873123169,"standard_error":1219338.294001058},"slope":null,"std_dev":{"confidence_interval":{"confidence_level":0.95,"lower_bound":961207.4895073682,"upper_bound":17308960.490005158},"point_estimate":11257667.884579204,"standard_error":5874246.923786318}}