{"mean":{"confidence_interval":{"confidence_level":0.95,"lower_bound":193876506.48999998,"upper_bound":196725736.73333332},"point_estimate":194981660.56666663,"standard_error":790897.096089091},"median":{"confidence_interval":{"confidence_level":0.95,"lower_bound":193771539.66666666,"upper_bound":195315756.33333334},"point_estimate":194004694.5,"standard_error":422273.0305094552},"median_abs_dev":{"confidence_interval":{"confidence_level":0.95,"lower_bound":69442.26466718281,"upper_bound":1821374.8089641554},"point_estimate":376433.12171698356,"standard_error":466572.16889262357},"slope":null,"std_dev":{"confidence_interval":{"confidence_level":0.95,"lower_bound":318649.8118018954,"upper_bound":4019806.172035995},"point_estimate":2639719.2237275383,"standard_error":1207333.9817051226}}