{"mean":{"confidence_interval":{"confidence_level":0.95,"lower_bound":917014645.8775,"upper_bound":918649967.2},"point_estimate":917875597.1,"standard_error":420534.35434802435},"median":{"confidence_interval":{"confidence_level":0.95,"lower_bound":916429854.0,"upper_bound":918894272.0},"point_estimate":918387386.0,"standard_error":613396.0149187335},"median_abs_dev":{"confidence_interval":{"confidence_level":0.95,"lower_bound":200704.74753677845,"upper_bound":2217411.361733079},"point_estimate":862029.5852959156,"standard_error":541612.0518834844},"slope":null,"std_dev":{"confidence_interval":{"confidence_level":0.95,"lower_bound":557678.8613996165,"upper_bound":1684803.7058006444},"point_estimate":1405665.142487629,"standard_error":253725.0600180316}}