{"mean":{"confidence_interval":{"confidence_level":0.95,"lower_bound":-0.021521417041100534,"upper_bound":-0.014759900503272028},"point_estimate":-0.018091252679036773,"standard_error":0.001723449469250339},"median":{"confidence_interval":{"confidence_level":0.95,"lower_bound":-0.022946353355032256,"upper_bound":-0.01321810710872895},"point_estimate":-0.017551731433001483,"standard_error":0.002406546507312986}}