{"mean":{"confidence_interval":{"confidence_level":0.95,"lower_bound":0.024378312278910998,"upper_bound":0.032064005572024115},"point_estimate":0.028932479675682465,"standard_error":0.001983932504013794},"median":{"confidence_interval":{"confidence_level":0.95,"lower_bound":0.027579990479753347,"upper_bound":0.032756174332611465},"point_estimate":0.030408364175327884,"standard_error":0.0014339014058753388}}