{"mean":{"confidence_interval":{"confidence_level":0.95,"lower_bound":908310977.5925,"upper_bound":920617808.6975},"point_estimate":914589169.7,"standard_error":3149705.3442606768},"median":{"confidence_interval":{"confidence_level":0.95,"lower_bound":907499210.5,"upper_bound":921487605.0},"point_estimate":915531089.5,"standard_error":3196378.5184360608},"median_abs_dev":{"confidence_interval":{"confidence_level":0.95,"lower_bound":1215826.8648147583,"upper_bound":18298989.433827996},"point_estimate":8955611.041206121,"standard_error":4616055.900072563},"slope":null,"std_dev":{"confidence_interval":{"confidence_level":0.95,"lower_bound":5370576.154633154,"upper_bound":13615707.873419711},"point_estimate":10525290.182532294,"standard_error":2129627.079745233}}