{"mean":{"confidence_interval":{"confidence_level":0.95,"lower_bound":46724709.69210912,"upper_bound":47472144.84206349},"point_estimate":47047365.95484127,"standard_error":196325.08080278424},"median":{"confidence_interval":{"confidence_level":0.95,"lower_bound":46717573.08333333,"upper_bound":47324176.125},"point_estimate":46839171.39642857,"standard_error":124381.23016083235},"median_abs_dev":{"confidence_interval":{"confidence_level":0.95,"lower_bound":19872.928897186564,"upper_bound":734228.355614841},"point_estimate":111845.59172267653,"standard_error":193532.94645556167},"slope":{"confidence_interval":{"confidence_level":0.95,"lower_bound":46816977.33807285,"upper_bound":47465215.0781149},"point_estimate":47041544.71168831,"standard_error":167452.12084273406},"std_dev":{"confidence_interval":{"confidence_level":0.95,"lower_bound":103554.11972275321,"upper_bound":910659.8894198702},"point_estimate":653761.7310090096,"standard_error":217340.60113360666}}