{"mean":{"confidence_interval":{"confidence_level":0.95,"lower_bound":-0.23451175518019846,"upper_bound":-0.10846265026407627},"point_estimate":-0.1766102613180126,"standard_error":0.032353829701140736},"median":{"confidence_interval":{"confidence_level":0.95,"lower_bound":-0.2585193036794641,"upper_bound":-0.03295321903598036},"point_estimate":-0.23897427230628943,"standard_error":0.07976682341197193}}