{"mean":{"confidence_interval":{"confidence_level":0.95,"lower_bound":-0.03272632582728991,"upper_bound":-0.027543511631148796},"point_estimate":-0.02993489177580355,"standard_error":0.0013352982850297177},"median":{"confidence_interval":{"confidence_level":0.95,"lower_bound":-0.03417331132207413,"upper_bound":-0.025132510248605296},"point_estimate":-0.029263768000854062,"standard_error":0.0021961497011903767}}