{"mean":{"confidence_interval":{"confidence_level":0.95,"lower_bound":545576010.4,"upper_bound":553914864.4675001},"point_estimate":549212951.1,"standard_error":2172979.430884523},"median":{"confidence_interval":{"confidence_level":0.95,"lower_bound":544905168.0,"upper_bound":551281401.0},"point_estimate":548007335.5,"standard_error":1600702.3597318886},"median_abs_dev":{"confidence_interval":{"confidence_level":0.95,"lower_bound":931981.6172540188,"upper_bound":8765003.540790081},"point_estimate":4103320.782351494,"standard_error":1998253.950725991},"slope":null,"std_dev":{"confidence_interval":{"confidence_level":0.95,"lower_bound":2424262.2436964866,"upper_bound":10435341.66216768},"point_estimate":7217906.237301714,"standard_error":2422890.799096743}}