{"mean":{"confidence_interval":{"confidence_level":0.95,"lower_bound":0.37609735172579406,"upper_bound":0.5324968856664674},"point_estimate":0.44118347168898975,"standard_error":0.037985607485251816},"median":{"confidence_interval":{"confidence_level":0.95,"lower_bound":0.3271262815314919,"upper_bound":0.5915761928544494},"point_estimate":0.3952743325739356,"standard_error":0.06788196766881065}}