{"mean":{"confidence_interval":{"confidence_level":0.95,"lower_bound":-0.023087911960490964,"upper_bound":-0.016543586737913698},"point_estimate":-0.01980702146376556,"standard_error":0.0016632207426447486},"median":{"confidence_interval":{"confidence_level":0.95,"lower_bound":-0.021958104378297705,"upper_bound":-0.01635281100299346},"point_estimate":-0.02011653454639073,"standard_error":0.0012507858863271275}}