{"mean":{"confidence_interval":{"confidence_level":0.95,"lower_bound":325543499.92249995,"upper_bound":328180051.3},"point_estimate":327116601.0,"standard_error":703047.0941763053},"median":{"confidence_interval":{"confidence_level":0.95,"lower_bound":326928780.0,"upper_bound":328370597.5},"point_estimate":327586850.5,"standard_error":420320.48155494785},"median_abs_dev":{"confidence_interval":{"confidence_level":0.95,"lower_bound":200656.5630376339,"upper_bound":1976639.72055763},"point_estimate":1031374.748839438,"standard_error":448781.67623586307},"slope":null,"std_dev":{"confidence_interval":{"confidence_level":0.95,"lower_bound":541934.5274438293,"upper_bound":3522053.8680064855},"point_estimate":2339779.045402507,"standard_error":964821.2758248764}}