{"mean":{"confidence_interval":{"confidence_level":0.95,"lower_bound":914787214.6175001,"upper_bound":918447952.2425001},"point_estimate":916872716.0,"standard_error":953190.9374454472},"median":{"confidence_interval":{"confidence_level":0.95,"lower_bound":916241892.0,"upper_bound":918887261.0},"point_estimate":916991425.5,"standard_error":784460.3284585119},"median_abs_dev":{"confidence_interval":{"confidence_level":0.95,"lower_bound":356829.1964650154,"upper_bound":3655267.209506035},"point_estimate":1565718.2347029448,"standard_error":869182.6637483827},"slope":null,"std_dev":{"confidence_interval":{"confidence_level":0.95,"lower_bound":1025498.5096302134,"upper_bound":4653240.620714154},"point_estimate":3174491.875911657,"standard_error":1127246.7136577517}}