{"mean":{"confidence_interval":{"confidence_level":0.95,"lower_bound":-0.6263774418261998,"upper_bound":-0.5217391625019422},"point_estimate":-0.5839913044448027,"standard_error":0.02684407572595175},"median":{"confidence_interval":{"confidence_level":0.95,"lower_bound":-0.6315927267455781,"upper_bound":-0.5394691259312454},"point_estimate":-0.5933586211498422,"standard_error":0.029467604645898503}}