{"mean":{"confidence_interval":{"confidence_level":0.95,"lower_bound":1256760520.2,"upper_bound":1258373452.4},"point_estimate":1257569330.7,"standard_error":411297.6778899716},"median":{"confidence_interval":{"confidence_level":0.95,"lower_bound":1256729160.0,"upper_bound":1258440108.5},"point_estimate":1257565327.0,"standard_error":548641.9715764022},"median_abs_dev":{"confidence_interval":{"confidence_level":0.95,"lower_bound":245307.28514492512,"upper_bound":2422371.171194315},"point_estimate":1217428.0727863312,"standard_error":556713.7743311962},"slope":null,"std_dev":{"confidence_interval":{"confidence_level":0.95,"lower_bound":702593.8580519095,"upper_bound":1809051.8031026463},"point_estimate":1370676.65283433,"standard_error":290612.73555113195}}