{"mean":{"confidence_interval":{"confidence_level":0.95,"lower_bound":545617739.4,"upper_bound":549520328.9775001},"point_estimate":547634765.3,"standard_error":999805.8175148853},"median":{"confidence_interval":{"confidence_level":0.95,"lower_bound":543584490.0,"upper_bound":549900448.0},"point_estimate":548670362.5,"standard_error":1514560.9465386418},"median_abs_dev":{"confidence_interval":{"confidence_level":0.95,"lower_bound":244391.03836119175,"upper_bound":5711497.715100646},"point_estimate":2084628.2254904509,"standard_error":1466053.575469991},"slope":null,"std_dev":{"confidence_interval":{"confidence_level":0.95,"lower_bound":1730838.1782392825,"upper_bound":4018114.312828295},"point_estimate":3325285.9548672084,"standard_error":553233.6813616218}}