{"mean":{"confidence_interval":{"confidence_level":0.95,"lower_bound":98172995.31692857,"upper_bound":98465609.24548016},"point_estimate":98300597.06531747,"standard_error":75505.09050993291},"median":{"confidence_interval":{"confidence_level":0.95,"lower_bound":98154238.4,"upper_bound":98346228.8888889},"point_estimate":98267848.16666666,"standard_error":47261.44869900711},"median_abs_dev":{"confidence_interval":{"confidence_level":0.95,"lower_bound":35342.2181725502,"upper_bound":299581.6254563593},"point_estimate":108120.92993880803,"standard_error":69834.29091589431},"slope":{"confidence_interval":{"confidence_level":0.95,"lower_bound":98218426.22577319,"upper_bound":98328264.9893617},"point_estimate":98287849.34805195,"standard_error":27986.82982614614},"std_dev":{"confidence_interval":{"confidence_level":0.95,"lower_bound":67953.54004102359,"upper_bound":368166.8216193421},"point_estimate":252229.72958292963,"standard_error":87612.26622314614}}