{"mean":{"confidence_interval":{"confidence_level":0.95,"lower_bound":483554325.17,"upper_bound":486586416.44},"point_estimate":484898083.55,"standard_error":784826.753012294},"median":{"confidence_interval":{"confidence_level":0.95,"lower_bound":483005941.5,"upper_bound":486203195.25},"point_estimate":484415210.25,"standard_error":695987.8914122143},"median_abs_dev":{"confidence_interval":{"confidence_level":0.95,"lower_bound":378267.2214344144,"upper_bound":3637133.529227972},"point_estimate":1685094.5900335908,"standard_error":867249.502395561},"slope":null,"std_dev":{"confidence_interval":{"confidence_level":0.95,"lower_bound":843432.9433603192,"upper_bound":3626285.1615232127},"point_estimate":2615394.4814012013,"standard_error":775397.6370032396}}