{"mean":{"confidence_interval":{"confidence_level":0.95,"lower_bound":0.018593975490663234,"upper_bound":0.02912057813857064},"point_estimate":0.023406309049693208,"standard_error":0.0027041051644747017},"median":{"confidence_interval":{"confidence_level":0.95,"lower_bound":0.01954939747552653,"upper_bound":0.024750284243267195},"point_estimate":0.023381907279691916,"standard_error":0.0015343524794107877}}