{"mean":{"confidence_interval":{"confidence_level":0.95,"lower_bound":410070623.1,"upper_bound":413665359.8425},"point_estimate":411646293.2,"standard_error":936846.5092334655},"median":{"confidence_interval":{"confidence_level":0.95,"lower_bound":410711024.0,"upper_bound":411957429.25},"point_estimate":410821746.25,"standard_error":424504.05103216437},"median_abs_dev":{"confidence_interval":{"confidence_level":0.95,"lower_bound":27960.723553597927,"upper_bound":3431904.998521507},"point_estimate":171790.34155011177,"standard_error":974866.1430442209},"slope":null,"std_dev":{"confidence_interval":{"confidence_level":0.95,"lower_bound":541435.8319146748,"upper_bound":4555815.732287237},"point_estimate":3126454.3809101083,"standard_error":1149671.857616969}}