{"mean":{"confidence_interval":{"confidence_level":0.95,"lower_bound":-0.007028056546024863,"upper_bound":0.016183174175713855},"point_estimate":0.006152429477005006,"standard_error":0.006035872303458691},"median":{"confidence_interval":{"confidence_level":0.95,"lower_bound":-0.002932391923455513,"upper_bound":0.018478478033589818},"point_estimate":0.013924529729464341,"standard_error":0.004906805258474137}}