{"mean":{"confidence_interval":{"confidence_level":0.95,"lower_bound":363414479.35,"upper_bound":366873688.04125005},"point_estimate":364730439.45,"standard_error":966031.0973853427},"median":{"confidence_interval":{"confidence_level":0.95,"lower_bound":363202802.75,"upper_bound":364641689.75},"point_estimate":363689898.75,"standard_error":463719.45268958015},"median_abs_dev":{"confidence_interval":{"confidence_level":0.95,"lower_bound":193817.32935905457,"upper_bound":1765089.995135871},"point_estimate":1181442.035575211,"standard_error":474007.755532316},"slope":null,"std_dev":{"confidence_interval":{"confidence_level":0.95,"lower_bound":515127.5452754402,"upper_bound":4939878.544046915},"point_estimate":3223413.209816313,"standard_error":1522948.1498517534}}