{"mean":{"confidence_interval":{"confidence_level":0.95,"lower_bound":842467934.3,"upper_bound":845704793.8},"point_estimate":844004829.8,"standard_error":828040.6508590186},"median":{"confidence_interval":{"confidence_level":0.95,"lower_bound":841956590.0,"upper_bound":844963989.5},"point_estimate":844569858.5,"standard_error":896097.1467554193},"median_abs_dev":{"confidence_interval":{"confidence_level":0.95,"lower_bound":160250.52465498447,"upper_bound":4477097.579115629},"point_estimate":1883067.276468873,"standard_error":1219066.2879011037},"slope":null,"std_dev":{"confidence_interval":{"confidence_level":0.95,"lower_bound":1204171.0627293987,"upper_bound":3796222.1378857605},"point_estimate":2743362.0723089557,"standard_error":700988.6221934434}}