{"mean":{"confidence_interval":{"confidence_level":0.95,"lower_bound":333151130.95,"upper_bound":333508264.14875},"point_estimate":333336671.35,"standard_error":90864.02743967052},"median":{"confidence_interval":{"confidence_level":0.95,"lower_bound":333230532.5,"upper_bound":333437721.5},"point_estimate":333358151.5,"standard_error":45538.698267642205},"median_abs_dev":{"confidence_interval":{"confidence_level":0.95,"lower_bound":17760.806384682655,"upper_bound":447899.3824481964},"point_estimate":89025.68061947823,"standard_error":109148.78077294659},"slope":null,"std_dev":{"confidence_interval":{"confidence_level":0.95,"lower_bound":60970.09549312334,"upper_bound":427525.5602206974},"point_estimate":302422.3912594078,"standard_error":91717.50085242491}}