{"mean":{"confidence_interval":{"confidence_level":0.95,"lower_bound":481277474.8,"upper_bound":484325901.85249996},"point_estimate":482804694.85,"standard_error":777848.8850519023},"median":{"confidence_interval":{"confidence_level":0.95,"lower_bound":480456700.5,"upper_bound":484382996.5},"point_estimate":483362022.0,"standard_error":1132089.0745442254},"median_abs_dev":{"confidence_interval":{"confidence_level":0.95,"lower_bound":322120.7897812128,"upper_bound":4683766.455696523},"point_estimate":2101264.4797950983,"standard_error":1138209.0158178385},"slope":null,"std_dev":{"confidence_interval":{"confidence_level":0.95,"lower_bound":1456172.6386164108,"upper_bound":3342168.896045119},"point_estimate":2598628.4706557123,"standard_error":484702.1666670179}}