{"mean":{"confidence_interval":{"confidence_level":0.95,"lower_bound":-0.031582920174490936,"upper_bound":-0.023949856013449303},"point_estimate":-0.027598573034130602,"standard_error":0.0019452568174410864},"median":{"confidence_interval":{"confidence_level":0.95,"lower_bound":-0.03198850367272554,"upper_bound":-0.023194703869475974},"point_estimate":-0.026828342093134117,"standard_error":0.0020868872794017265}}