{"mean":{"confidence_interval":{"confidence_level":0.95,"lower_bound":317042197.9,"upper_bound":319022494.13125},"point_estimate":318042864.65,"standard_error":504032.5261170903},"median":{"confidence_interval":{"confidence_level":0.95,"lower_bound":317051483.5,"upper_bound":319014646.5},"point_estimate":318122330.0,"standard_error":445797.4298634071},"median_abs_dev":{"confidence_interval":{"confidence_level":0.95,"lower_bound":316683.72502774,"upper_bound":2795368.861672282},"point_estimate":1055537.7925604582,"standard_error":661759.1879958591},"slope":null,"std_dev":{"confidence_interval":{"confidence_level":0.95,"lower_bound":722181.9365048072,"upper_bound":2270219.006956166},"point_estimate":1679203.1892194196,"standard_error":388787.89260788047}}