{"mean":{"confidence_interval":{"confidence_level":0.95,"lower_bound":-0.043783241100699526,"upper_bound":-0.02774338740359512},"point_estimate":-0.0358300826393364,"standard_error":0.0041037609106481885},"median":{"confidence_interval":{"confidence_level":0.95,"lower_bound":-0.04650099729339041,"upper_bound":-0.023162336699972474},"point_estimate":-0.03263622112330722,"standard_error":0.00640358196020252}}