{"mean":{"confidence_interval":{"confidence_level":0.95,"lower_bound":-0.036162918709007064,"upper_bound":-0.03010797308475714},"point_estimate":-0.033112244794202716,"standard_error":0.0015788400642284203},"median":{"confidence_interval":{"confidence_level":0.95,"lower_bound":-0.03601389604048111,"upper_bound":-0.030355683602086403},"point_estimate":-0.03399476127590895,"standard_error":0.001538289101960742}}