{"mean":{"confidence_interval":{"confidence_level":0.95,"lower_bound":185640703.06666666,"upper_bound":186213530.55833337},"point_estimate":185902833.8666667,"standard_error":147317.27516314632},"median":{"confidence_interval":{"confidence_level":0.95,"lower_bound":185575322.8333333,"upper_bound":186097612.66666666},"point_estimate":185871728.1666667,"standard_error":134929.67020601258},"median_abs_dev":{"confidence_interval":{"confidence_level":0.95,"lower_bound":115175.77895522118,"upper_bound":704442.7985936255},"point_estimate":316870.1619744522,"standard_error":151062.9431399099},"slope":null,"std_dev":{"confidence_interval":{"confidence_level":0.95,"lower_bound":191329.4533038991,"upper_bound":690021.7167668658},"point_estimate":490932.80961604766,"standard_error":140523.58044999294}}