{"mean":{"confidence_interval":{"confidence_level":0.95,"lower_bound":0.015759933130125064,"upper_bound":0.02856601791798801},"point_estimate":0.022539929801687286,"standard_error":0.0032589614494435864},"median":{"confidence_interval":{"confidence_level":0.95,"lower_bound":0.01691191709510753,"upper_bound":0.0326877271218331},"point_estimate":0.026759525716963717,"standard_error":0.004537183695988193}}