{"mean":{"confidence_interval":{"confidence_level":0.95,"lower_bound":0.010530908742231572,"upper_bound":0.02090881912281683},"point_estimate":0.015642915764101373,"standard_error":0.0026083940518158385},"median":{"confidence_interval":{"confidence_level":0.95,"lower_bound":0.013475322116343724,"upper_bound":0.019841871677609868},"point_estimate":0.017040861708267796,"standard_error":0.001564671193379307}}