{"mean":{"confidence_interval":{"confidence_level":0.95,"lower_bound":436716801.5,"upper_bound":439461464.8},"point_estimate":438175908.3,"standard_error":706479.5397873685},"median":{"confidence_interval":{"confidence_level":0.95,"lower_bound":436283044.0,"upper_bound":439736499.0},"point_estimate":439075159.25,"standard_error":904354.848350111},"median_abs_dev":{"confidence_interval":{"confidence_level":0.95,"lower_bound":338479.0565907955,"upper_bound":3637270.6697255373},"point_estimate":1366302.6078432798,"standard_error":938036.0167808672},"slope":null,"std_dev":{"confidence_interval":{"confidence_level":0.95,"lower_bound":1007628.5702369186,"upper_bound":3011445.7864737795},"point_estimate":2342767.3936769166,"standard_error":509351.9241971882}}