{"mean":{"confidence_interval":{"confidence_level":0.95,"lower_bound":-0.005724099526024267,"upper_bound":0.00014612890720616512},"point_estimate":-0.0028145425719867667,"standard_error":0.0015045336933500381},"median":{"confidence_interval":{"confidence_level":0.95,"lower_bound":-0.007347707143233184,"upper_bound":0.0026049429407570823},"point_estimate":-0.0036608536379865164,"standard_error":0.002491412492606815}}