{"mean":{"confidence_interval":{"confidence_level":0.95,"lower_bound":-0.0012302774058084451,"upper_bound":0.0325298867534241},"point_estimate":0.01817917980020667,"standard_error":0.008705955983376238},"median":{"confidence_interval":{"confidence_level":0.95,"lower_bound":0.01799026642637247,"upper_bound":0.026078473834856064},"point_estimate":0.02308054835057205,"standard_error":0.002597092307920956}}