{"mean":{"confidence_interval":{"confidence_level":0.95,"lower_bound":834570696.7,"upper_bound":837029904.4},"point_estimate":835725367.8,"standard_error":627585.2983435135},"median":{"confidence_interval":{"confidence_level":0.95,"lower_bound":834304661.0,"upper_bound":838095279.0},"point_estimate":834811083.0,"standard_error":902224.779573314},"median_abs_dev":{"confidence_interval":{"confidence_level":0.95,"lower_bound":147483.85628163815,"upper_bound":3185030.23455441},"point_estimate":854962.7725213766,"standard_error":817205.5182674631},"slope":null,"std_dev":{"confidence_interval":{"confidence_level":0.95,"lower_bound":564563.4021863464,"upper_bound":2479786.6150787985},"point_estimate":2089837.4351163085,"standard_error":405290.3437750818}}