{"mean":{"confidence_interval":{"confidence_level":0.95,"lower_bound":-0.02139824337058178,"upper_bound":-0.013697826338804854},"point_estimate":-0.017193774408302165,"standard_error":0.0019899935630279895},"median":{"confidence_interval":{"confidence_level":0.95,"lower_bound":-0.019675058582481975,"upper_bound":-0.013065931109067952},"point_estimate":-0.015501300717225996,"standard_error":0.0016341346912185349}}