{"mean":{"confidence_interval":{"confidence_level":0.95,"lower_bound":523079290.88,"upper_bound":528022835.8},"point_estimate":525489986.9,"standard_error":1268308.2713920067},"median":{"confidence_interval":{"confidence_level":0.95,"lower_bound":521954276.0,"upper_bound":529774407.0},"point_estimate":523951876.5,"standard_error":2320767.2963319574},"median_abs_dev":{"confidence_interval":{"confidence_level":0.95,"lower_bound":874574.604973197,"upper_bound":6638438.492444158},"point_estimate":4704158.506384492,"standard_error":1567901.594221687},"slope":null,"std_dev":{"confidence_interval":{"confidence_level":0.95,"lower_bound":2645575.470502097,"upper_bound":4961601.042981286},"point_estimate":4240404.616672445,"standard_error":588340.8441715903}}