{"mean":{"confidence_interval":{"confidence_level":0.95,"lower_bound":0.04367374446633173,"upper_bound":0.04861124426424537},"point_estimate":0.045983863095000244,"standard_error":0.001252096159980371},"median":{"confidence_interval":{"confidence_level":0.95,"lower_bound":0.043084607068246905,"upper_bound":0.04766283613776823},"point_estimate":0.045499177517778655,"standard_error":0.0010930665251583326}}