{"mean":{"confidence_interval":{"confidence_level":0.95,"lower_bound":453029598.3,"upper_bound":453886854.39624995},"point_estimate":453418693.3,"standard_error":221503.3445505649},"median":{"confidence_interval":{"confidence_level":0.95,"lower_bound":452919641.5,"upper_bound":453776385.25},"point_estimate":453191092.75,"standard_error":231354.86789871295},"median_abs_dev":{"confidence_interval":{"confidence_level":0.95,"lower_bound":61272.15041220188,"upper_bound":1066426.3774171472},"point_estimate":418252.2014245391,"standard_error":268464.3931601534},"slope":null,"std_dev":{"confidence_interval":{"confidence_level":0.95,"lower_bound":229681.21304004046,"upper_bound":978884.3755771101},"point_estimate":739710.2695337022,"standard_error":192370.86809027148}}