{"mean":{"confidence_interval":{"confidence_level":0.95,"lower_bound":481037383.5,"upper_bound":499668563.2},"point_estimate":491312748.4,"standard_error":4799214.843002594},"median":{"confidence_interval":{"confidence_level":0.95,"lower_bound":483579846.5,"upper_bound":503190430.0},"point_estimate":494712823.0,"standard_error":5782227.331741866},"median_abs_dev":{"confidence_interval":{"confidence_level":0.95,"lower_bound":1727096.2766379118,"upper_bound":24232874.179780483},"point_estimate":13000240.879699588,"standard_error":5279044.301583941},"slope":null,"std_dev":{"confidence_interval":{"confidence_level":0.95,"lower_bound":6914880.602091519,"upper_bound":22396751.242971476},"point_estimate":16045180.078197684,"standard_error":4518415.509099543}}