{"mean":{"confidence_interval":{"confidence_level":0.95,"lower_bound":1404960116.3,"upper_bound":1406994002.6275},"point_estimate":1405969708.0,"standard_error":519802.26428369764},"median":{"confidence_interval":{"confidence_level":0.95,"lower_bound":1404826469.5,"upper_bound":1407068532.0},"point_estimate":1405982852.5,"standard_error":470142.61764635856},"median_abs_dev":{"confidence_interval":{"confidence_level":0.95,"lower_bound":206704.8296302557,"upper_bound":2985789.554491639},"point_estimate":1339997.5778102875,"standard_error":721725.3137231355},"slope":null,"std_dev":{"confidence_interval":{"confidence_level":0.95,"lower_bound":764698.0716610316,"upper_bound":2349736.4966269494},"point_estimate":1738248.907989877,"standard_error":396998.8534621883}}