{"mean":{"confidence_interval":{"confidence_level":0.95,"lower_bound":-0.028056768982857996,"upper_bound":-0.021740910671342383},"point_estimate":-0.025037693718075182,"standard_error":0.0016196563730902856},"median":{"confidence_interval":{"confidence_level":0.95,"lower_bound":-0.030198296436034777,"upper_bound":-0.02053582354238137},"point_estimate":-0.027361897855200046,"standard_error":0.0025803700007517006}}