{"mean":{"confidence_interval":{"confidence_level":0.95,"lower_bound":898929543.4325,"upper_bound":900605526.8},"point_estimate":899803898.7,"standard_error":428620.57689673686},"median":{"confidence_interval":{"confidence_level":0.95,"lower_bound":898956665.0,"upper_bound":900834410.0},"point_estimate":899959080.0,"standard_error":504391.1565268866},"median_abs_dev":{"confidence_interval":{"confidence_level":0.95,"lower_bound":295058.1511616707,"upper_bound":2429999.1480588913},"point_estimate":1175787.0286256075,"standard_error":509595.4450194514},"slope":null,"std_dev":{"confidence_interval":{"confidence_level":0.95,"lower_bound":685298.2422347543,"upper_bound":1922783.2575764754},"point_estimate":1428513.800453546,"standard_error":327960.8293224682}}