{"mean":{"confidence_interval":{"confidence_level":0.95,"lower_bound":-0.04569564753668818,"upper_bound":-0.04015026318040668},"point_estimate":-0.0428063298031911,"standard_error":0.001419818580644332},"median":{"confidence_interval":{"confidence_level":0.95,"lower_bound":-0.04532484311688234,"upper_bound":-0.038813190731618596},"point_estimate":-0.04113933223671784,"standard_error":0.0017919397860731566}}