{"mean":{"confidence_interval":{"confidence_level":0.95,"lower_bound":-0.010222975856206677,"upper_bound":-0.005227230925362527},"point_estimate":-0.007674914308823277,"standard_error":0.0012748620735234812},"median":{"confidence_interval":{"confidence_level":0.95,"lower_bound":-0.01044060222935883,"upper_bound":-0.004144057026370107},"point_estimate":-0.0076603668799034574,"standard_error":0.0013479582081403986}}