{"mean":{"confidence_interval":{"confidence_level":0.95,"lower_bound":-0.021233309439128167,"upper_bound":-0.011776752509708787},"point_estimate":-0.016233568969780676,"standard_error":0.002430831926458466},"median":{"confidence_interval":{"confidence_level":0.95,"lower_bound":-0.02357352212666919,"upper_bound":-0.009010973860176241},"point_estimate":-0.013374301550226786,"standard_error":0.003573449671903562}}