{"mean":{"confidence_interval":{"confidence_level":0.95,"lower_bound":680479293.8,"upper_bound":684310577.86},"point_estimate":682109308.0,"standard_error":988113.7901000034},"median":{"confidence_interval":{"confidence_level":0.95,"lower_bound":680276974.0,"upper_bound":683149677.0},"point_estimate":680623985.5,"standard_error":789678.0504874999},"median_abs_dev":{"confidence_interval":{"confidence_level":0.95,"lower_bound":75145.57966589928,"upper_bound":3821279.858958721},"point_estimate":525530.5409699678,"standard_error":989871.6974263991},"slope":null,"std_dev":{"confidence_interval":{"confidence_level":0.95,"lower_bound":293106.7766431023,"upper_bound":4646348.752201712},"point_estimate":3290411.221083907,"standard_error":1135343.925134369}}