{"mean":{"confidence_interval":{"confidence_level":0.95,"lower_bound":-0.021871229804547226,"upper_bound":-0.01558169806848877},"point_estimate":-0.018560807501554866,"standard_error":0.00160583185605456},"median":{"confidence_interval":{"confidence_level":0.95,"lower_bound":-0.021866735280350547,"upper_bound":-0.013890086281132419},"point_estimate":-0.018317029174879207,"standard_error":0.002012880202179785}}