{"mean":{"confidence_interval":{"confidence_level":0.95,"lower_bound":714742890.0,"upper_bound":719415439.6875},"point_estimate":716627755.9,"standard_error":1253729.4548666556},"median":{"confidence_interval":{"confidence_level":0.95,"lower_bound":714357232.5,"upper_bound":717318144.5},"point_estimate":715163293.0,"standard_error":891457.6769773338},"median_abs_dev":{"confidence_interval":{"confidence_level":0.95,"lower_bound":75207.10756480694,"upper_bound":3628110.425788164},"point_estimate":1217684.5625817776,"standard_error":1043707.2519819114},"slope":null,"std_dev":{"confidence_interval":{"confidence_level":0.95,"lower_bound":822107.3543900733,"upper_bound":6204889.270242609},"point_estimate":4150850.6576552195,"standard_error":1684719.5205210126}}