{"mean":{"confidence_interval":{"confidence_level":0.95,"lower_bound":0.013530453474185949,"upper_bound":0.018467084408939797},"point_estimate":0.015995164877993018,"standard_error":0.0012596435456939908},"median":{"confidence_interval":{"confidence_level":0.95,"lower_bound":0.012632210642981923,"upper_bound":0.01903356941743395},"point_estimate":0.016560729683544606,"standard_error":0.001677697168072475}}