{"mean":{"confidence_interval":{"confidence_level":0.95,"lower_bound":-0.013651606891822923,"upper_bound":-0.009047288245807576},"point_estimate":-0.011439226557360072,"standard_error":0.0011810665492212337},"median":{"confidence_interval":{"confidence_level":0.95,"lower_bound":-0.01503441941072925,"upper_bound":-0.00846551746921742},"point_estimate":-0.011426931521080652,"standard_error":0.0016643808002774685}}