{"mean":{"confidence_interval":{"confidence_level":0.95,"lower_bound":0.0013668916967591984,"upper_bound":0.0057735844104825},"point_estimate":0.003447613079416101,"standard_error":0.0011148141477908763},"median":{"confidence_interval":{"confidence_level":0.95,"lower_bound":0.0004506611345360678,"upper_bound":0.0066532837690918},"point_estimate":0.003830239518585188,"standard_error":0.0014677051169100634}}