{"mean":{"confidence_interval":{"confidence_level":0.95,"lower_bound":524043223.1,"upper_bound":525914574.6775},"point_estimate":524962259.9,"standard_error":478259.0847207102},"median":{"confidence_interval":{"confidence_level":0.95,"lower_bound":523915182.0,"upper_bound":525498795.0},"point_estimate":525103919.0,"standard_error":381884.677582049},"median_abs_dev":{"confidence_interval":{"confidence_level":0.95,"lower_bound":176657.71726369858,"upper_bound":2512811.2521886826},"point_estimate":619608.1809997559,"standard_error":620634.276805981},"slope":null,"std_dev":{"confidence_interval":{"confidence_level":0.95,"lower_bound":534981.155461812,"upper_bound":2216956.3363982686},"point_estimate":1594292.2005948075,"standard_error":440265.2947160617}}