{"mean":{"confidence_interval":{"confidence_level":0.95,"lower_bound":927098573.39,"upper_bound":932513767.1},"point_estimate":929711636.0,"standard_error":1384448.7912918697},"median":{"confidence_interval":{"confidence_level":0.95,"lower_bound":926768760.5,"upper_bound":932508951.0},"point_estimate":929194069.5,"standard_error":1219611.0278352858},"median_abs_dev":{"confidence_interval":{"confidence_level":0.95,"lower_bound":329337.34515309334,"upper_bound":7855644.916534424},"point_estimate":2144749.878323078,"standard_error":1972695.5180214802},"slope":null,"std_dev":{"confidence_interval":{"confidence_level":0.95,"lower_bound":2000650.730563145,"upper_bound":6226966.153722356},"point_estimate":4626973.904324894,"standard_error":1087677.745468107}}