{"mean":{"confidence_interval":{"confidence_level":0.95,"lower_bound":12620996.30423611,"upper_bound":12651698.647351189},"point_estimate":12635704.971835319,"standard_error":7849.249451285812},"median":{"confidence_interval":{"confidence_level":0.95,"lower_bound":12617126.319444444,"upper_bound":12654023.96875},"point_estimate":12630223.0125,"standard_error":9850.995752656954},"median_abs_dev":{"confidence_interval":{"confidence_level":0.95,"lower_bound":6096.423293017127,"upper_bound":43414.2985929924},"point_estimate":22865.004793230273,"standard_error":9651.298503717328},"slope":{"confidence_interval":{"confidence_level":0.95,"lower_bound":12621485.104363102,"upper_bound":12654146.770041013},"point_estimate":12634661.22012987,"standard_error":8279.070897344258},"std_dev":{"confidence_interval":{"confidence_level":0.95,"lower_bound":13164.3801778894,"upper_bound":33554.76014433649},"point_estimate":26229.34924611991,"standard_error":5218.527057224171}}