{"mean":{"confidence_interval":{"confidence_level":0.95,"lower_bound":-0.0004882903543483776,"upper_bound":0.008261466637639258},"point_estimate":0.003714899285840456,"standard_error":0.002373291153110837},"median":{"confidence_interval":{"confidence_level":0.95,"lower_bound":-0.002205699262643246,"upper_bound":0.006376475732597697},"point_estimate":0.001747470441982646,"standard_error":0.003024270414237281}}