{"mean":{"confidence_interval":{"confidence_level":0.95,"lower_bound":199755168.50583333,"upper_bound":200550862.88833335},"point_estimate":200170088.23333332,"standard_error":203069.38835923639},"median":{"confidence_interval":{"confidence_level":0.95,"lower_bound":199949546.33333334,"upper_bound":200617917.0},"point_estimate":200089131.6666667,"standard_error":175218.55624957},"median_abs_dev":{"confidence_interval":{"confidence_level":0.95,"lower_bound":65725.63363315148,"upper_bound":1115424.2061972322},"point_estimate":287649.84619317966,"standard_error":278338.39825756464},"slope":null,"std_dev":{"confidence_interval":{"confidence_level":0.95,"lower_bound":242022.5818026078,"upper_bound":940840.8744732277},"point_estimate":676360.80717951,"standard_error":179732.52191760318}}