{"mean":{"confidence_interval":{"confidence_level":0.95,"lower_bound":235862830.09249994,"upper_bound":236486595.19999996},"point_estimate":236175358.8333333,"standard_error":158982.2027943096},"median":{"confidence_interval":{"confidence_level":0.95,"lower_bound":235867175.33333334,"upper_bound":236510225.33333334},"point_estimate":236246437.1666667,"standard_error":140265.65848274264},"median_abs_dev":{"confidence_interval":{"confidence_level":0.95,"lower_bound":20256.02214038372,"upper_bound":923095.4072117953},"point_estimate":384168.58707967366,"standard_error":262216.44767260866},"slope":null,"std_dev":{"confidence_interval":{"confidence_level":0.95,"lower_bound":243294.23642152015,"upper_bound":707302.650873281},"point_estimate":530444.1054888616,"standard_error":118097.60950027022}}