{"mean":{"confidence_interval":{"confidence_level":0.95,"lower_bound":972329340.4250001,"upper_bound":974019574.2725},"point_estimate":973181478.0,"standard_error":431378.8219984075},"median":{"confidence_interval":{"confidence_level":0.95,"lower_bound":972365109.5,"upper_bound":974024415.0},"point_estimate":973334746.0,"standard_error":378450.9890163189},"median_abs_dev":{"confidence_interval":{"confidence_level":0.95,"lower_bound":104128.18525135517,"upper_bound":2486971.480559913},"point_estimate":953534.9143713713,"standard_error":641596.3616234545},"slope":null,"std_dev":{"confidence_interval":{"confidence_level":0.95,"lower_bound":646829.2165429245,"upper_bound":1930250.33662463},"point_estimate":1438679.71591819,"standard_error":324721.0368985806}}