{"mean":{"confidence_interval":{"confidence_level":0.95,"lower_bound":-0.030710569318972022,"upper_bound":-0.02489502040649465},"point_estimate":-0.02807415079689346,"standard_error":0.0015026878741541847},"median":{"confidence_interval":{"confidence_level":0.95,"lower_bound":-0.03231968731370993,"upper_bound":-0.025490516551990305},"point_estimate":-0.030071031643420065,"standard_error":0.00162107710372788}}