{"mean":{"confidence_interval":{"confidence_level":0.95,"lower_bound":0.0011938563777430316,"upper_bound":0.019103119419946395},"point_estimate":0.010075016192985231,"standard_error":0.004602554525333014},"median":{"confidence_interval":{"confidence_level":0.95,"lower_bound":-0.00003832836827732944,"upper_bound":0.028103020752564323},"point_estimate":0.0062272381871577576,"standard_error":0.008848816128989015}}