{"mean":{"confidence_interval":{"confidence_level":0.95,"lower_bound":-0.022242887283292188,"upper_bound":-0.00446138863457501},"point_estimate":-0.01422775276987931,"standard_error":0.004416247005687531},"median":{"confidence_interval":{"confidence_level":0.95,"lower_bound":-0.022477210485704724,"upper_bound":-0.002932351044237058},"point_estimate":-0.01879795026074793,"standard_error":0.004315020807365029}}