{"mean":{"confidence_interval":{"confidence_level":0.95,"lower_bound":551467612.59,"upper_bound":552767555.5575},"point_estimate":552121994.9,"standard_error":332431.21759305795},"median":{"confidence_interval":{"confidence_level":0.95,"lower_bound":551269996.0,"upper_bound":553213403.0},"point_estimate":551998711.0,"standard_error":531709.0458112169},"median_abs_dev":{"confidence_interval":{"confidence_level":0.95,"lower_bound":262948.0009317398,"upper_bound":1914436.8680119514},"point_estimate":1292770.8382487297,"standard_error":432027.01584021654},"slope":null,"std_dev":{"confidence_interval":{"confidence_level":0.95,"lower_bound":679313.4795352939,"upper_bound":1361476.665360222},"point_estimate":1106449.7488481347,"standard_error":177257.8682107541}}