{"mean":{"confidence_interval":{"confidence_level":0.95,"lower_bound":362629654.72125,"upper_bound":363837161.84125},"point_estimate":363243055.2,"standard_error":310307.6418487428},"median":{"confidence_interval":{"confidence_level":0.95,"lower_bound":362264156.0,"upper_bound":364062797.0},"point_estimate":363439164.75,"standard_error":418398.43800362287},"median_abs_dev":{"confidence_interval":{"confidence_level":0.95,"lower_bound":170069.04298067093,"upper_bound":1787544.8427647352},"point_estimate":1094666.20041579,"standard_error":418257.4896579272},"slope":null,"std_dev":{"confidence_interval":{"confidence_level":0.95,"lower_bound":574886.0311857385,"upper_bound":1266734.0789458721},"point_estimate":1027781.9381036093,"standard_error":173519.05831508804}}