{"mean":{"confidence_interval":{"confidence_level":0.95,"lower_bound":867036569.9,"upper_bound":872690901.54},"point_estimate":869801128.0,"standard_error":1451005.2326565587},"median":{"confidence_interval":{"confidence_level":0.95,"lower_bound":865590417.0,"upper_bound":873797427.5},"point_estimate":868611123.0,"standard_error":2640063.7686880073},"median_abs_dev":{"confidence_interval":{"confidence_level":0.95,"lower_bound":337261.8420124054,"upper_bound":7890769.192510843},"point_estimate":6417792.033961415,"standard_error":1962581.9351951452},"slope":null,"std_dev":{"confidence_interval":{"confidence_level":0.95,"lower_bound":3002012.0814401973,"upper_bound":5895959.014557319},"point_estimate":4841890.122296227,"standard_error":750903.2907916235}}