{"mean":{"confidence_interval":{"confidence_level":0.95,"lower_bound":888434167.6899999,"upper_bound":892909578.17},"point_estimate":890589729.3,"standard_error":1145439.4252753598},"median":{"confidence_interval":{"confidence_level":0.95,"lower_bound":887922083.0,"upper_bound":893157075.0},"point_estimate":890163236.5,"standard_error":1363340.658892355},"median_abs_dev":{"confidence_interval":{"confidence_level":0.95,"lower_bound":1198768.8108175993,"upper_bound":6576189.3086493015},"point_estimate":3261278.868600726,"standard_error":1342009.2627035528},"slope":null,"std_dev":{"confidence_interval":{"confidence_level":0.95,"lower_bound":1915316.8293240212,"upper_bound":5065107.7184209945},"point_estimate":3830490.331641399,"standard_error":827358.646693838}}