{"mean":{"confidence_interval":{"confidence_level":0.95,"lower_bound":-0.035591630362851186,"upper_bound":-0.030076591469112773},"point_estimate":-0.0329414359650112,"standard_error":0.0014199174682131236},"median":{"confidence_interval":{"confidence_level":0.95,"lower_bound":-0.036703914475105015,"upper_bound":-0.029676263176391937},"point_estimate":-0.03257228799790235,"standard_error":0.0019205096312285667}}