{"mean":{"confidence_interval":{"confidence_level":0.95,"lower_bound":421164820.43874997,"upper_bound":422773710.25},"point_estimate":421936173.55,"standard_error":412074.2623936025},"median":{"confidence_interval":{"confidence_level":0.95,"lower_bound":420883806.25,"upper_bound":422760103.5},"point_estimate":421810032.75,"standard_error":502262.6235283516},"median_abs_dev":{"confidence_interval":{"confidence_level":0.95,"lower_bound":305990.8433675766,"upper_bound":2359189.432016015},"point_estimate":1375240.0911346078,"standard_error":521101.2899015735},"slope":null,"std_dev":{"confidence_interval":{"confidence_level":0.95,"lower_bound":715992.1140889848,"upper_bound":1819202.5549063317},"point_estimate":1376281.376645465,"standard_error":295901.826890237}}