{"mean":{"confidence_interval":{"confidence_level":0.95,"lower_bound":-0.018416203899411634,"upper_bound":0.00493506604023917},"point_estimate":-0.008329719962253068,"standard_error":0.006253345824766388},"median":{"confidence_interval":{"confidence_level":0.95,"lower_bound":-0.01990114442482993,"upper_bound":0.003184033498909722},"point_estimate":-0.014759222756149937,"standard_error":0.004177028686161737}}