{"mean":{"confidence_interval":{"confidence_level":0.95,"lower_bound":428038919.48375,"upper_bound":430108036.75},"point_estimate":428975413.6,"standard_error":531014.340887212},"median":{"confidence_interval":{"confidence_level":0.95,"lower_bound":427459981.0,"upper_bound":430022328.0},"point_estimate":428749407.75,"standard_error":629296.5535264068},"median_abs_dev":{"confidence_interval":{"confidence_level":0.95,"lower_bound":202608.03525298834,"upper_bound":2753345.677368343},"point_estimate":1899467.7973777056,"standard_error":622158.498907693},"slope":null,"std_dev":{"confidence_interval":{"confidence_level":0.95,"lower_bound":775125.9772682745,"upper_bound":2462777.3521396266},"point_estimate":1778130.3275452123,"standard_error":484606.3912496696}}