{"mean":{"confidence_interval":{"confidence_level":0.95,"lower_bound":903896911.285,"upper_bound":907408692.5474999},"point_estimate":905659128.9,"standard_error":897239.8260177891},"median":{"confidence_interval":{"confidence_level":0.95,"lower_bound":903495364.0,"upper_bound":908087263.0},"point_estimate":905413836.5,"standard_error":1625087.9112045623},"median_abs_dev":{"confidence_interval":{"confidence_level":0.95,"lower_bound":225299.59850013256,"upper_bound":4673696.266025305},"point_estimate":3299345.3642249107,"standard_error":1364983.2358276197},"slope":null,"std_dev":{"confidence_interval":{"confidence_level":0.95,"lower_bound":1872427.1719908481,"upper_bound":3723581.1893522926},"point_estimate":3000759.7985661137,"standard_error":487822.45348934346}}