{"mean":{"confidence_interval":{"confidence_level":0.95,"lower_bound":729387798.24,"upper_bound":730962093.8},"point_estimate":730133709.9,"standard_error":403407.7201580248},"median":{"confidence_interval":{"confidence_level":0.95,"lower_bound":728889538.0,"upper_bound":731231254.0},"point_estimate":729862821.0,"standard_error":515813.8352555016},"median_abs_dev":{"confidence_interval":{"confidence_level":0.95,"lower_bound":279705.8284342289,"upper_bound":2320591.4243012667},"point_estimate":1335000.4745990038,"standard_error":541317.038325074},"slope":null,"std_dev":{"confidence_interval":{"confidence_level":0.95,"lower_bound":659540.1370003247,"upper_bound":1692240.5162882684},"point_estimate":1344066.001742511,"standard_error":264670.1151600737}}