{"mean":{"confidence_interval":{"confidence_level":0.95,"lower_bound":750587142.975,"upper_bound":757900547.8},"point_estimate":753457832.7,"standard_error":2003716.1819809359},"median":{"confidence_interval":{"confidence_level":0.95,"lower_bound":749576111.0,"upper_bound":753845019.0},"point_estimate":751287566.0,"standard_error":1214653.4352774017},"median_abs_dev":{"confidence_interval":{"confidence_level":0.95,"lower_bound":279885.96433103085,"upper_bound":4910395.575723052},"point_estimate":2819100.8394509554,"standard_error":1169019.7941046637},"slope":null,"std_dev":{"confidence_interval":{"confidence_level":0.95,"lower_bound":1369041.1919726115,"upper_bound":10146948.382190714},"point_estimate":6658391.211723095,"standard_error":2954880.4703306598}}