{"mean":{"confidence_interval":{"confidence_level":0.95,"lower_bound":-0.01244560419496278,"upper_bound":-0.0037336477226471917},"point_estimate":-0.008125884052855414,"standard_error":0.0022165640929156616},"median":{"confidence_interval":{"confidence_level":0.95,"lower_bound":-0.014527505985096223,"upper_bound":-0.0021229526268838894},"point_estimate":-0.007770757233347303,"standard_error":0.0033013195662761068}}