{"mean":{"confidence_interval":{"confidence_level":0.95,"lower_bound":-0.00922934576692334,"upper_bound":-0.0018736403943349343},"point_estimate":-0.005733444541008659,"standard_error":0.0018815542840923659},"median":{"confidence_interval":{"confidence_level":0.95,"lower_bound":-0.010111390880387927,"upper_bound":-0.0013642379473481903},"point_estimate":-0.00544403937901794,"standard_error":0.00226207685593506}}