{"mean":{"confidence_interval":{"confidence_level":0.95,"lower_bound":0.0237668358177321,"upper_bound":0.03172083986195286},"point_estimate":0.02781468689090505,"standard_error":0.0020298030253228117},"median":{"confidence_interval":{"confidence_level":0.95,"lower_bound":0.02325203401410203,"upper_bound":0.03296835446805102},"point_estimate":0.028874399180376598,"standard_error":0.002465986611170455}}