{"mean":{"confidence_interval":{"confidence_level":0.95,"lower_bound":-0.036923554084795744,"upper_bound":-0.03117601718551361},"point_estimate":-0.03417823929093733,"standard_error":0.0014675007705871584},"median":{"confidence_interval":{"confidence_level":0.95,"lower_bound":-0.03808144044026718,"upper_bound":-0.030936845073249453},"point_estimate":-0.0352273711979747,"standard_error":0.001828200099217873}}