{"mean":{"confidence_interval":{"confidence_level":0.95,"lower_bound":-0.025331421579288117,"upper_bound":-0.022156607686535892},"point_estimate":-0.023640600822899982,"standard_error":0.0008150492499702454},"median":{"confidence_interval":{"confidence_level":0.95,"lower_bound":-0.025215841289391472,"upper_bound":-0.02153030014540025},"point_estimate":-0.023743039553131173,"standard_error":0.000915468683472972}}