{"mean":{"confidence_interval":{"confidence_level":0.95,"lower_bound":563949532.9,"upper_bound":565431388.9549999},"point_estimate":564661038.3,"standard_error":381079.6316921373},"median":{"confidence_interval":{"confidence_level":0.95,"lower_bound":563688506.5,"upper_bound":565694890.5},"point_estimate":564180869.5,"standard_error":672872.9401845079},"median_abs_dev":{"confidence_interval":{"confidence_level":0.95,"lower_bound":53008.13815891743,"upper_bound":2126229.239451885},"point_estimate":1152727.4099349976,"standard_error":593649.9950894229},"slope":null,"std_dev":{"confidence_interval":{"confidence_level":0.95,"lower_bound":733211.5573060057,"upper_bound":1558464.9857448442},"point_estimate":1271900.2617356135,"standard_error":215409.22003625435}}