{"mean":{"confidence_interval":{"confidence_level":0.95,"lower_bound":0.0027679211261973148,"upper_bound":0.004890424830750854},"point_estimate":0.0037846840512592017,"standard_error":0.0005373550555663018},"median":{"confidence_interval":{"confidence_level":0.95,"lower_bound":0.0025619549895650184,"upper_bound":0.004956947411017154},"point_estimate":0.0039349183262265,"standard_error":0.0006396913171747432}}