{"mean":{"confidence_interval":{"confidence_level":0.95,"lower_bound":290286659.54625,"upper_bound":295626793.25},"point_estimate":292373927.5,"standard_error":1470274.1041455613},"median":{"confidence_interval":{"confidence_level":0.95,"lower_bound":289836983.5,"upper_bound":292728014.0},"point_estimate":290750012.25,"standard_error":803633.2267744001},"median_abs_dev":{"confidence_interval":{"confidence_level":0.95,"lower_bound":177381.59670084715,"upper_bound":3452503.130605817},"point_estimate":1474723.6613184214,"standard_error":893128.3954243284},"slope":null,"std_dev":{"confidence_interval":{"confidence_level":0.95,"lower_bound":614385.6452204128,"upper_bound":7426249.8186694775},"point_estimate":4886382.581699501,"standard_error":2171487.423724881}}