{"mean":{"confidence_interval":{"confidence_level":0.95,"lower_bound":510142352.6075,"upper_bound":513578380.29499996},"point_estimate":511846176.3,"standard_error":880246.0251134513},"median":{"confidence_interval":{"confidence_level":0.95,"lower_bound":509400433.5,"upper_bound":514682711.0},"point_estimate":511348420.5,"standard_error":1463448.5374933104},"median_abs_dev":{"confidence_interval":{"confidence_level":0.95,"lower_bound":774340.4685527086,"upper_bound":4722662.836655974},"point_estimate":3515591.465985775,"standard_error":1066136.7687660016},"slope":null,"std_dev":{"confidence_interval":{"confidence_level":0.95,"lower_bound":1829815.9912336934,"upper_bound":3532687.499435096},"point_estimate":2929909.225959362,"standard_error":437004.38755296636}}