{"mean":{"confidence_interval":{"confidence_level":0.95,"lower_bound":996000734.685,"upper_bound":1001378322.0},"point_estimate":998300321.8,"standard_error":1398141.3285890287},"median":{"confidence_interval":{"confidence_level":0.95,"lower_bound":995363816.5,"upper_bound":999630055.5},"point_estimate":996980155.5,"standard_error":1230275.7804215585},"median_abs_dev":{"confidence_interval":{"confidence_level":0.95,"lower_bound":79035.9219968319,"upper_bound":5366260.226529837},"point_estimate":2878673.188993335,"standard_error":1254487.3421166667},"slope":null,"std_dev":{"confidence_interval":{"confidence_level":0.95,"lower_bound":1557774.0197743196,"upper_bound":6750676.006529033},"point_estimate":4655247.728725193,"standard_error":1587535.8935036492}}