{"mean":{"confidence_interval":{"confidence_level":0.95,"lower_bound":-0.00511356075924355,"upper_bound":0.009242410798307043},"point_estimate":0.0023971581443460455,"standard_error":0.003646880554831199},"median":{"confidence_interval":{"confidence_level":0.95,"lower_bound":-0.0027744516150886023,"upper_bound":0.00914492261583355},"point_estimate":0.004661065038958023,"standard_error":0.0030920619442961032}}