{"mean":{"confidence_interval":{"confidence_level":0.95,"lower_bound":0.022770823177885865,"upper_bound":0.030945119420519984},"point_estimate":0.02733267020426733,"standard_error":0.0021184934642268206},"median":{"confidence_interval":{"confidence_level":0.95,"lower_bound":0.023336479178922565,"upper_bound":0.032108553004403184},"point_estimate":0.029879964878557486,"standard_error":0.002231562983159827}}