{"mean":{"confidence_interval":{"confidence_level":0.95,"lower_bound":725050022.245,"upper_bound":726581238.165},"point_estimate":725821028.4,"standard_error":391347.0567992872},"median":{"confidence_interval":{"confidence_level":0.95,"lower_bound":724596400.0,"upper_bound":727099789.0},"point_estimate":725949506.0,"standard_error":806905.0397723882},"median_abs_dev":{"confidence_interval":{"confidence_level":0.95,"lower_bound":274340.2991294861,"upper_bound":2044766.3012981415},"point_estimate":1857660.70201993,"standard_error":514971.7420319407},"slope":null,"std_dev":{"confidence_interval":{"confidence_level":0.95,"lower_bound":885938.0998983812,"upper_bound":1495023.469728463},"point_estimate":1310572.2672920998,"standard_error":155848.62095030196}}