{"mean":{"confidence_interval":{"confidence_level":0.95,"lower_bound":-0.026534953998794842,"upper_bound":0.010778133487759389},"point_estimate":-0.011375891809785599,"standard_error":0.009932842362772308},"median":{"confidence_interval":{"confidence_level":0.95,"lower_bound":-0.0317556603528768,"upper_bound":-0.00844608509927769},"point_estimate":-0.018461296055714005,"standard_error":0.005296552588720601}}