{"mean":{"confidence_interval":{"confidence_level":0.95,"lower_bound":905447863.4,"upper_bound":916896481.5},"point_estimate":911248115.8,"standard_error":2937022.425890743},"median":{"confidence_interval":{"confidence_level":0.95,"lower_bound":903262377.5,"upper_bound":918312266.0},"point_estimate":912233976.0,"standard_error":4151063.558256074},"median_abs_dev":{"confidence_interval":{"confidence_level":0.95,"lower_bound":1213030.6812644005,"upper_bound":16838082.121664286},"point_estimate":9347680.89774549,"standard_error":3808680.6098730112},"slope":null,"std_dev":{"confidence_interval":{"confidence_level":0.95,"lower_bound":5384536.587207051,"upper_bound":12510804.647096988},"point_estimate":9795043.591304963,"standard_error":1820844.2499685334}}