{"mean":{"confidence_interval":{"confidence_level":0.95,"lower_bound":-0.024350593099135513,"upper_bound":-0.019193458239525656},"point_estimate":-0.02217571191672829,"standard_error":0.001339083156447824},"median":{"confidence_interval":{"confidence_level":0.95,"lower_bound":-0.024893287865951352,"upper_bound":-0.021358776011096814},"point_estimate":-0.023630287046450094,"standard_error":0.0009594906267171059}}