{"mean":{"confidence_interval":{"confidence_level":0.95,"lower_bound":386813854.5025,"upper_bound":387628987.05},"point_estimate":387209552.2,"standard_error":208491.20773236064},"median":{"confidence_interval":{"confidence_level":0.95,"lower_bound":386588074.0,"upper_bound":387657087.5},"point_estimate":387165939.25,"standard_error":247197.66829761709},"median_abs_dev":{"confidence_interval":{"confidence_level":0.95,"lower_bound":55293.93666833639,"upper_bound":1232224.4205236435},"point_estimate":732465.5442461371,"standard_error":287479.1570848461},"slope":null,"std_dev":{"confidence_interval":{"confidence_level":0.95,"lower_bound":376467.8035634356,"upper_bound":905220.9809629804},"point_estimate":694811.6898217899,"standard_error":140262.3666911291}}