{"mean":{"confidence_interval":{"confidence_level":0.95,"lower_bound":0.023006292868457106,"upper_bound":0.03425591179904799},"point_estimate":0.028932719661473927,"standard_error":0.002898468056138572},"median":{"confidence_interval":{"confidence_level":0.95,"lower_bound":0.022540980859931725,"upper_bound":0.038410400628165586},"point_estimate":0.03155371207239277,"standard_error":0.004063453310442299}}