{"mean":{"confidence_interval":{"confidence_level":0.95,"lower_bound":0.006819943709922856,"upper_bound":0.015452420322104077},"point_estimate":0.010654354947941203,"standard_error":0.002215591375464173},"median":{"confidence_interval":{"confidence_level":0.95,"lower_bound":0.006088266547426668,"upper_bound":0.014208882315554616},"point_estimate":0.010331643281393799,"standard_error":0.001970842371764247}}