{"mean":{"confidence_interval":{"confidence_level":0.95,"lower_bound":-0.006944672716410043,"upper_bound":0.00887395874879804},"point_estimate":-0.00035156439824612917,"standard_error":0.0041183978806861},"median":{"confidence_interval":{"confidence_level":0.95,"lower_bound":-0.007324883712181984,"upper_bound":0.0016998377345622817},"point_estimate":-0.005477479318078626,"standard_error":0.0026613349862440877}}