{"mean":{"confidence_interval":{"confidence_level":0.95,"lower_bound":469753662.5075,"upper_bound":472459723.92125},"point_estimate":471108608.7,"standard_error":690179.2797458105},"median":{"confidence_interval":{"confidence_level":0.95,"lower_bound":469181939.5,"upper_bound":472995220.5},"point_estimate":471501694.5,"standard_error":876748.3251765929},"median_abs_dev":{"confidence_interval":{"confidence_level":0.95,"lower_bound":343749.6994972229,"upper_bound":4045984.193569422},"point_estimate":2657521.163919568,"standard_error":1060103.7337719728},"slope":null,"std_dev":{"confidence_interval":{"confidence_level":0.95,"lower_bound":1294253.5888354476,"upper_bound":2913686.304933668},"point_estimate":2308829.25753612,"standard_error":415299.4301316974}}