{"mean":{"confidence_interval":{"confidence_level":0.95,"lower_bound":0.0072705761915429325,"upper_bound":0.014382804043397363},"point_estimate":0.010482444311985084,"standard_error":0.0018505296059203556},"median":{"confidence_interval":{"confidence_level":0.95,"lower_bound":0.005280517163496867,"upper_bound":0.015389398276066668},"point_estimate":0.006904899476311233,"standard_error":0.0031361737493234426}}