{"mean":{"confidence_interval":{"confidence_level":0.95,"lower_bound":816795377.085,"upper_bound":825988185.1800001},"point_estimate":821233231.4,"standard_error":2358553.1311411955},"median":{"confidence_interval":{"confidence_level":0.95,"lower_bound":814442708.0,"upper_bound":825523144.0},"point_estimate":822066062.0,"standard_error":2851494.2056752755},"median_abs_dev":{"confidence_interval":{"confidence_level":0.95,"lower_bound":1669355.6793630123,"upper_bound":14173449.666970968},"point_estimate":6533209.476712346,"standard_error":3136392.2513113455},"slope":null,"std_dev":{"confidence_interval":{"confidence_level":0.95,"lower_bound":4067452.8396133943,"upper_bound":10379198.057753883},"point_estimate":7825836.908598072,"standard_error":1692511.478324834}}