{"mean":{"confidence_interval":{"confidence_level":0.95,"lower_bound":-0.020739960122953083,"upper_bound":-0.00491686265700852},"point_estimate":-0.01280671586962645,"standard_error":0.0040307559931436155},"median":{"confidence_interval":{"confidence_level":0.95,"lower_bound":-0.02576003294676954,"upper_bound":0.0006983435847269792},"point_estimate":-0.010734867793270597,"standard_error":0.006969089955275997}}