{"mean":{"confidence_interval":{"confidence_level":0.95,"lower_bound":-0.040175427135300694,"upper_bound":-0.03502184303689633},"point_estimate":-0.03727200717184276,"standard_error":0.0013443047912680066},"median":{"confidence_interval":{"confidence_level":0.95,"lower_bound":-0.038796334095000606,"upper_bound":-0.03418786565702647},"point_estimate":-0.035688841900914814,"standard_error":0.0012447422416620672}}