{"mean":{"confidence_interval":{"confidence_level":0.95,"lower_bound":-0.02128630112024205,"upper_bound":-0.006144001683280678},"point_estimate":-0.015767250367928476,"standard_error":0.003903281598194473},"median":{"confidence_interval":{"confidence_level":0.95,"lower_bound":-0.02204647285864436,"upper_bound":-0.015784196491518188},"point_estimate":-0.018831259530262878,"standard_error":0.001862946305235949}}