{"mean":{"confidence_interval":{"confidence_level":0.95,"lower_bound":-0.013161289421002326,"upper_bound":-0.008971760819790831},"point_estimate":-0.011344597971635229,"standard_error":0.0010741766554011331},"median":{"confidence_interval":{"confidence_level":0.95,"lower_bound":-0.013398686020802186,"upper_bound":-0.009986772425691237},"point_estimate":-0.011415207492804114,"standard_error":0.0009035174100086183}}