{"mean":{"confidence_interval":{"confidence_level":0.95,"lower_bound":438676188.0,"upper_bound":440589738.1},"point_estimate":439695047.0,"standard_error":492325.81733311975},"median":{"confidence_interval":{"confidence_level":0.95,"lower_bound":438635661.5,"upper_bound":441091268.5},"point_estimate":439816225.75,"standard_error":629608.1965134046},"median_abs_dev":{"confidence_interval":{"confidence_level":0.95,"lower_bound":264025.4804626107,"upper_bound":2732565.556137264},"point_estimate":1504350.4565924406,"standard_error":617121.4516562741},"slope":null,"std_dev":{"confidence_interval":{"confidence_level":0.95,"lower_bound":810221.82621005,"upper_bound":2148585.495268305},"point_estimate":1638567.5614160004,"standard_error":361361.2132228802}}