{"mean":{"confidence_interval":{"confidence_level":0.95,"lower_bound":-0.04467673814406704,"upper_bound":-0.014502954894936753},"point_estimate":-0.03193351523764432,"standard_error":0.007957574703932107},"median":{"confidence_interval":{"confidence_level":0.95,"lower_bound":-0.045073547596927166,"upper_bound":-0.028451934118436495},"point_estimate":-0.03631578647189293,"standard_error":0.004197921808541245}}