{"mean":{"confidence_interval":{"confidence_level":0.95,"lower_bound":-0.035296420923292715,"upper_bound":-0.022060905253925726},"point_estimate":-0.029154587736737847,"standard_error":0.0034198957473324273},"median":{"confidence_interval":{"confidence_level":0.95,"lower_bound":-0.03615349105264276,"upper_bound":-0.015155341559254687},"point_estimate":-0.030795312783851392,"standard_error":0.004804985589626245}}