{"mean":{"confidence_interval":{"confidence_level":0.95,"lower_bound":0.030741367416933674,"upper_bound":0.03623255522459671},"point_estimate":0.03341268587421342,"standard_error":0.0014031700544892157},"median":{"confidence_interval":{"confidence_level":0.95,"lower_bound":0.03030303115610189,"upper_bound":0.036123875637708025},"point_estimate":0.03271874865398727,"standard_error":0.0013369972400233987}}