{"mean":{"confidence_interval":{"confidence_level":0.95,"lower_bound":-0.010734847356590032,"upper_bound":-0.006363643902151451},"point_estimate":-0.008526203409195188,"standard_error":0.0011183234650411027},"median":{"confidence_interval":{"confidence_level":0.95,"lower_bound":-0.011710761928298563,"upper_bound":-0.00574171843080773},"point_estimate":-0.0077243085795593025,"standard_error":0.0016694334722989212}}