{"mean":{"confidence_interval":{"confidence_level":0.95,"lower_bound":189678322.83166665,"upper_bound":190584778.18833333},"point_estimate":190157583.3333333,"standard_error":232401.56957895283},"median":{"confidence_interval":{"confidence_level":0.95,"lower_bound":189641265.5,"upper_bound":190841841.33333334},"point_estimate":190238348.3333333,"standard_error":314359.20877994515},"median_abs_dev":{"confidence_interval":{"confidence_level":0.95,"lower_bound":140924.3397981002,"upper_bound":1315922.1310377046},"point_estimate":775090.4170394092,"standard_error":295788.0565558101},"slope":null,"std_dev":{"confidence_interval":{"confidence_level":0.95,"lower_bound":394595.19561195973,"upper_bound":1008234.3672271443},"point_estimate":773767.7082079204,"standard_error":166014.10515517206}}