{"mean":{"confidence_interval":{"confidence_level":0.95,"lower_bound":-0.05678416084730881,"upper_bound":-0.04584205829526959},"point_estimate":-0.05162958016999808,"standard_error":0.0028082147726738475},"median":{"confidence_interval":{"confidence_level":0.95,"lower_bound":-0.05878320162150019,"upper_bound":-0.04728812963966178},"point_estimate":-0.05491802101978771,"standard_error":0.002651002072153488}}