{"mean":{"confidence_interval":{"confidence_level":0.95,"lower_bound":811543545.6650001,"upper_bound":813511226.4},"point_estimate":812491612.4,"standard_error":504515.17883115966},"median":{"confidence_interval":{"confidence_level":0.95,"lower_bound":811040813.0,"upper_bound":814013716.0},"point_estimate":812252291.5,"standard_error":765908.8674421371},"median_abs_dev":{"confidence_interval":{"confidence_level":0.95,"lower_bound":340439.0537559986,"upper_bound":2901709.8273843527},"point_estimate":1676119.300442934,"standard_error":660431.697173734},"slope":null,"std_dev":{"confidence_interval":{"confidence_level":0.95,"lower_bound":915381.9042521178,"upper_bound":2068811.1647828324},"point_estimate":1680089.1314597437,"standard_error":293449.19793006417}}