{"mean":{"confidence_interval":{"confidence_level":0.95,"lower_bound":-0.018976831885281376,"upper_bound":-0.01131341413127676},"point_estimate":-0.015308569464173916,"standard_error":0.0019757420383921267},"median":{"confidence_interval":{"confidence_level":0.95,"lower_bound":-0.021348655604987554,"upper_bound":-0.010749436686150027},"point_estimate":-0.018373571613542916,"standard_error":0.0027261651154663275}}