{"mean":{"confidence_interval":{"confidence_level":0.95,"lower_bound":588037061.5,"upper_bound":589776301.1},"point_estimate":588862061.3,"standard_error":447235.2217063658},"median":{"confidence_interval":{"confidence_level":0.95,"lower_bound":587752323.0,"upper_bound":590436992.0},"point_estimate":588482909.5,"standard_error":619750.8148720561},"median_abs_dev":{"confidence_interval":{"confidence_level":0.95,"lower_bound":159080.01197576523,"upper_bound":2371272.6218014956},"point_estimate":1131665.5947089195,"standard_error":594327.3839645081},"slope":null,"std_dev":{"confidence_interval":{"confidence_level":0.95,"lower_bound":651922.2006611935,"upper_bound":1809417.902892921},"point_estimate":1485394.9634402927,"standard_error":269207.3228925101}}