{"mean":{"confidence_interval":{"confidence_level":0.95,"lower_bound":-0.019825091207151677,"upper_bound":-0.013260786391715613},"point_estimate":-0.017235813198825833,"standard_error":0.0017676561449521421},"median":{"confidence_interval":{"confidence_level":0.95,"lower_bound":-0.02059793229284612,"upper_bound":-0.01704771748723266},"point_estimate":-0.019380707068882508,"standard_error":0.0010451726358707307}}