{"mean":{"confidence_interval":{"confidence_level":0.95,"lower_bound":-0.02691550664554608,"upper_bound":-0.020048195313137108},"point_estimate":-0.02366124640619538,"standard_error":0.0017575862245394664},"median":{"confidence_interval":{"confidence_level":0.95,"lower_bound":-0.02900832622461147,"upper_bound":-0.020020007160221676},"point_estimate":-0.025254229861744526,"standard_error":0.0025086497406519945}}