{"mean":{"confidence_interval":{"confidence_level":0.95,"lower_bound":0.045658353828051515,"upper_bound":0.05570563340567775},"point_estimate":0.05103095526333834,"standard_error":0.002577037941249462},"median":{"confidence_interval":{"confidence_level":0.95,"lower_bound":0.04782994947526631,"upper_bound":0.05597910331700606},"point_estimate":0.05279560693775576,"standard_error":0.001919222186229985}}