{"mean":{"confidence_interval":{"confidence_level":0.95,"lower_bound":-0.012176351304905728,"upper_bound":-0.00004096976986163483},"point_estimate":-0.006936483345436395,"standard_error":0.003164120804023031},"median":{"confidence_interval":{"confidence_level":0.95,"lower_bound":-0.012293793793615504,"upper_bound":-0.005713387014280147},"point_estimate":-0.009727769403015452,"standard_error":0.0018941625137558512}}