{"mean":{"confidence_interval":{"confidence_level":0.95,"lower_bound":356006470.95,"upper_bound":357577995.65},"point_estimate":356821758.15,"standard_error":401745.9164351882},"median":{"confidence_interval":{"confidence_level":0.95,"lower_bound":355645855.75,"upper_bound":357939771.0},"point_estimate":357301519.5,"standard_error":658125.0758185348},"median_abs_dev":{"confidence_interval":{"confidence_level":0.95,"lower_bound":221721.3434636593,"upper_bound":2226037.128379941},"point_estimate":1538177.4575918913,"standard_error":509942.55651439383},"slope":null,"std_dev":{"confidence_interval":{"confidence_level":0.95,"lower_bound":775870.1017476764,"upper_bound":1626164.0926389631},"point_estimate":1340073.3763468794,"standard_error":217002.72972502545}}