{"mean":{"confidence_interval":{"confidence_level":0.95,"lower_bound":723967437.7299999,"upper_bound":724600970.0},"point_estimate":724259553.4,"standard_error":163374.51367362452},"median":{"confidence_interval":{"confidence_level":0.95,"lower_bound":723853611.0,"upper_bound":724583995.0},"point_estimate":724071847.0,"standard_error":246381.69683800204},"median_abs_dev":{"confidence_interval":{"confidence_level":0.95,"lower_bound":40225.161185860634,"upper_bound":974335.7920020819},"point_estimate":471457.8960299492,"standard_error":235685.3319743941},"slope":null,"std_dev":{"confidence_interval":{"confidence_level":0.95,"lower_bound":270755.0756191121,"upper_bound":728598.7335230486},"point_estimate":545058.2378929185,"standard_error":130135.98421877461}}