{"mean":{"confidence_interval":{"confidence_level":0.95,"lower_bound":323285591.1,"upper_bound":325912863.56875},"point_estimate":324696486.1,"standard_error":674913.6933745962},"median":{"confidence_interval":{"confidence_level":0.95,"lower_bound":322356584.0,"upper_bound":326299614.75},"point_estimate":325602095.25,"standard_error":912814.0405565719},"median_abs_dev":{"confidence_interval":{"confidence_level":0.95,"lower_bound":238160.7826218009,"upper_bound":3129163.6436462402},"point_estimate":1250451.1339500546,"standard_error":808102.5262713312},"slope":null,"std_dev":{"confidence_interval":{"confidence_level":0.95,"lower_bound":645698.6928801772,"upper_bound":2793586.6003194633},"point_estimate":2238810.851323083,"standard_error":474694.87885185075}}