{"mean":{"confidence_interval":{"confidence_level":0.95,"lower_bound":0.041330875495580024,"upper_bound":0.2045775461240011},"point_estimate":0.11208092519457247,"standard_error":0.04260821086827096},"median":{"confidence_interval":{"confidence_level":0.95,"lower_bound":0.0371543663709315,"upper_bound":0.19291049808140737},"point_estimate":0.06060164698833925,"standard_error":0.03099256723457801}}