{"mean":{"confidence_interval":{"confidence_level":0.95,"lower_bound":370387251.05,"upper_bound":372276862.3025},"point_estimate":371356874.1,"standard_error":485243.7693763159},"median":{"confidence_interval":{"confidence_level":0.95,"lower_bound":369749205.0,"upper_bound":372778042.75},"point_estimate":371707163.5,"standard_error":783915.214516653},"median_abs_dev":{"confidence_interval":{"confidence_level":0.95,"lower_bound":426988.4217694402,"upper_bound":2580798.468531668},"point_estimate":1804032.4664220214,"standard_error":614263.3460753491},"slope":null,"std_dev":{"confidence_interval":{"confidence_level":0.95,"lower_bound":912543.4240753225,"upper_bound":1917085.4171130897},"point_estimate":1616747.23215542,"standard_error":247057.84313872425}}