{"mean":{"confidence_interval":{"confidence_level":0.95,"lower_bound":692133532.1925,"upper_bound":698983456.2},"point_estimate":695504573.7,"standard_error":1761560.7743507694},"median":{"confidence_interval":{"confidence_level":0.95,"lower_bound":690204497.5,"upper_bound":700496322.5},"point_estimate":695246673.0,"standard_error":2950540.660275423},"median_abs_dev":{"confidence_interval":{"confidence_level":0.95,"lower_bound":1218813.5624617338,"upper_bound":9941773.533198237},"point_estimate":6870618.8374221325,"standard_error":2198633.7058498915},"slope":null,"std_dev":{"confidence_interval":{"confidence_level":0.95,"lower_bound":3603575.5365147637,"upper_bound":7152693.346218671},"point_estimate":5862256.471007522,"standard_error":914101.2523159804}}