{"mean":{"confidence_interval":{"confidence_level":0.95,"lower_bound":-0.043443555057356024,"upper_bound":-0.02655456320221007},"point_estimate":-0.035224028185457446,"standard_error":0.004341349248799576},"median":{"confidence_interval":{"confidence_level":0.95,"lower_bound":-0.0503478343861542,"upper_bound":-0.025321995063108615},"point_estimate":-0.03656372378031736,"standard_error":0.007076525804357645}}