{"mean":{"confidence_interval":{"confidence_level":0.95,"lower_bound":513858739.1725,"upper_bound":516583628.465},"point_estimate":515183180.3,"standard_error":698046.6551561198},"median":{"confidence_interval":{"confidence_level":0.95,"lower_bound":513302555.0,"upper_bound":516653426.0},"point_estimate":515042392.0,"standard_error":824042.1159861176},"median_abs_dev":{"confidence_interval":{"confidence_level":0.95,"lower_bound":583772.2570359707,"upper_bound":3899033.331978321},"point_estimate":2484000.6282001734,"standard_error":834727.8631375498},"slope":null,"std_dev":{"confidence_interval":{"confidence_level":0.95,"lower_bound":1202680.2667127473,"upper_bound":3046467.2224857523},"point_estimate":2322839.8906771215,"standard_error":479229.84372357005}}