{"mean":{"confidence_interval":{"confidence_level":0.95,"lower_bound":618938862.8825,"upper_bound":622151271.2774999},"point_estimate":620661048.3,"standard_error":824843.2467691922},"median":{"confidence_interval":{"confidence_level":0.95,"lower_bound":618353233.5,"upper_bound":622970904.0},"point_estimate":620950027.5,"standard_error":878989.1299976885},"median_abs_dev":{"confidence_interval":{"confidence_level":0.95,"lower_bound":228997.20283448696,"upper_bound":4116528.5242170095},"point_estimate":2065442.640531063,"standard_error":1158245.914642255},"slope":null,"std_dev":{"confidence_interval":{"confidence_level":0.95,"lower_bound":1096328.163896503,"upper_bound":3464332.8721050797},"point_estimate":2750371.134994938,"standard_error":621672.4349910906}}