{"mean":{"confidence_interval":{"confidence_level":0.95,"lower_bound":679983263.9,"upper_bound":745809559.7},"point_estimate":709526364.5,"standard_error":17039590.756247252},"median":{"confidence_interval":{"confidence_level":0.95,"lower_bound":669798781.0,"upper_bound":747038503.0},"point_estimate":694726267.0,"standard_error":15023552.299218295},"median_abs_dev":{"confidence_interval":{"confidence_level":0.95,"lower_bound":4752809.283220768,"upper_bound":69284252.62135863},"point_estimate":27103356.003919244,"standard_error":17789616.130463403},"slope":null,"std_dev":{"confidence_interval":{"confidence_level":0.95,"lower_bound":15184442.070075259,"upper_bound":74119867.45014133},"point_estimate":56743371.70660318,"standard_error":15792892.324519912}}