{"mean":{"confidence_interval":{"confidence_level":0.95,"lower_bound":804298374.9,"upper_bound":806508063.5350001},"point_estimate":805327207.2,"standard_error":571270.7099640516},"median":{"confidence_interval":{"confidence_level":0.95,"lower_bound":804040451.0,"upper_bound":806980598.0},"point_estimate":804362526.5,"standard_error":824969.0044814312},"median_abs_dev":{"confidence_interval":{"confidence_level":0.95,"lower_bound":23398.39278459549,"upper_bound":3064305.8251976967},"point_estimate":972740.5144304037,"standard_error":836613.3071624115},"slope":null,"std_dev":{"confidence_interval":{"confidence_level":0.95,"lower_bound":709765.1065871537,"upper_bound":2390444.6577621773},"point_estimate":1901426.4684090791,"standard_error":402652.39480276586}}