{"mean":{"confidence_interval":{"confidence_level":0.95,"lower_bound":-0.06331102678447895,"upper_bound":-0.04700213415638257},"point_estimate":-0.056238486989867,"standard_error":0.004234656569776664},"median":{"confidence_interval":{"confidence_level":0.95,"lower_bound":-0.06482978076388746,"upper_bound":-0.04678940495888573},"point_estimate":-0.05944739535018184,"standard_error":0.004456028053283944}}