{"mean":{"confidence_interval":{"confidence_level":0.95,"lower_bound":-0.02780527771853257,"upper_bound":-0.011714483136930047},"point_estimate":-0.02173958947184096,"standard_error":0.004575735205060521},"median":{"confidence_interval":{"confidence_level":0.95,"lower_bound":-0.02731914262599422,"upper_bound":-0.02385153473065974},"point_estimate":-0.025220847382265377,"standard_error":0.0020787379788204216}}