{"mean":{"confidence_interval":{"confidence_level":0.95,"lower_bound":726535120.8,"upper_bound":735332666.8},"point_estimate":729812762.4,"standard_error":2505969.926141088},"median":{"confidence_interval":{"confidence_level":0.95,"lower_bound":725985269.0,"upper_bound":729491420.5},"point_estimate":727041563.5,"standard_error":970849.0035980381},"median_abs_dev":{"confidence_interval":{"confidence_level":0.95,"lower_bound":234820.85553109646,"upper_bound":3341345.9388792515},"point_estimate":1459404.6970903873,"standard_error":1086603.0510385209},"slope":null,"std_dev":{"confidence_interval":{"confidence_level":0.95,"lower_bound":730648.036597331,"upper_bound":12785839.502704374},"point_estimate":8350664.485052116,"standard_error":4096740.251918669}}