{"mean":{"confidence_interval":{"confidence_level":0.95,"lower_bound":-0.0072312143758941514,"upper_bound":-0.0015862383673216518},"point_estimate":-0.004397052614769192,"standard_error":0.0014470688285199416},"median":{"confidence_interval":{"confidence_level":0.95,"lower_bound":-0.00923218017308658,"upper_bound":-0.00023454758141638887},"point_estimate":-0.005010135290554385,"standard_error":0.002475328184694865}}