{"mean":{"confidence_interval":{"confidence_level":0.95,"lower_bound":768803588.3975,"upper_bound":769860801.7775},"point_estimate":769316724.8,"standard_error":270463.2538005571},"median":{"confidence_interval":{"confidence_level":0.95,"lower_bound":768384224.0,"upper_bound":770030278.0},"point_estimate":769356032.5,"standard_error":340581.5061986106},"median_abs_dev":{"confidence_interval":{"confidence_level":0.95,"lower_bound":170517.5294727087,"upper_bound":1617971.7294752598},"point_estimate":954406.6831558943,"standard_error":447762.2031308028},"slope":null,"std_dev":{"confidence_interval":{"confidence_level":0.95,"lower_bound":506488.65328195354,"upper_bound":1134361.5632639113},"point_estimate":903103.9058929302,"standard_error":165550.7882123016}}