{"mean":{"confidence_interval":{"confidence_level":0.95,"lower_bound":0.7785461119766174,"upper_bound":1.0865890665137878},"point_estimate":0.9544964029190344,"standard_error":0.07834684894717356},"median":{"confidence_interval":{"confidence_level":0.95,"lower_bound":0.7614488478583208,"upper_bound":1.1111104958388793},"point_estimate":1.0711869014097513,"standard_error":0.07933946267500751}}