{"mean":{"confidence_interval":{"confidence_level":0.95,"lower_bound":0.017695876720822356,"upper_bound":0.04174120013166231},"point_estimate":0.028487198505662503,"standard_error":0.006217250644426126},"median":{"confidence_interval":{"confidence_level":0.95,"lower_bound":0.013407751973554483,"upper_bound":0.032630013587306994},"point_estimate":0.02237454572307085,"standard_error":0.004900267303871059}}