{"mean":{"confidence_interval":{"confidence_level":0.95,"lower_bound":311806013.05,"upper_bound":315207509.41375},"point_estimate":313373734.5,"standard_error":869465.0968224388},"median":{"confidence_interval":{"confidence_level":0.95,"lower_bound":311637598.25,"upper_bound":314046131.0},"point_estimate":313097814.0,"standard_error":467125.696769597},"median_abs_dev":{"confidence_interval":{"confidence_level":0.95,"lower_bound":83624.56891536713,"upper_bound":4162582.5271993876},"point_estimate":810601.8987089396,"standard_error":1105665.3722180924},"slope":null,"std_dev":{"confidence_interval":{"confidence_level":0.95,"lower_bound":703210.2047640354,"upper_bound":4147570.888999123},"point_estimate":2904511.1681790315,"standard_error":898938.9579247858}}