{"mean":{"confidence_interval":{"confidence_level":0.95,"lower_bound":0.031751343596146134,"upper_bound":0.045410422967506435},"point_estimate":0.038312531562376684,"standard_error":0.003500258478704785},"median":{"confidence_interval":{"confidence_level":0.95,"lower_bound":0.027869612724539916,"upper_bound":0.04533305621660988},"point_estimate":0.03919263817355745,"standard_error":0.0048280067744726485}}