{"mean":{"confidence_interval":{"confidence_level":0.95,"lower_bound":-0.0054087320777109135,"upper_bound":0.0013689066164488109},"point_estimate":-0.0023209445223359992,"standard_error":0.0017628855959492533},"median":{"confidence_interval":{"confidence_level":0.95,"lower_bound":-0.006701408921208962,"upper_bound":0.0030804439380505144},"point_estimate":-0.0035507095209171835,"standard_error":0.0029767542869228066}}