{"mean":{"confidence_interval":{"confidence_level":0.95,"lower_bound":-0.016017267537901378,"upper_bound":-0.0042855084423291945},"point_estimate":-0.008929871359198316,"standard_error":0.0031629516106636587},"median":{"confidence_interval":{"confidence_level":0.95,"lower_bound":-0.008809995411208194,"upper_bound":-0.0031633200650873494},"point_estimate":-0.005677273118707915,"standard_error":0.0014182036409121775}}