{"mean":{"confidence_interval":{"confidence_level":0.95,"lower_bound":-0.023937120625758798,"upper_bound":-0.01679078971571173},"point_estimate":-0.020290273828920125,"standard_error":0.0018262255987930372},"median":{"confidence_interval":{"confidence_level":0.95,"lower_bound":-0.02662437871699508,"upper_bound":-0.014827343521992886},"point_estimate":-0.02000235834682984,"standard_error":0.0032758265994157665}}