{"mean":{"confidence_interval":{"confidence_level":0.95,"lower_bound":-0.035813009651470114,"upper_bound":-0.028624026663574453},"point_estimate":-0.03235583678208798,"standard_error":0.001840897035107232},"median":{"confidence_interval":{"confidence_level":0.95,"lower_bound":-0.0362116234694736,"upper_bound":-0.02761112308939706},"point_estimate":-0.03427403705206644,"standard_error":0.0020676562843874053}}