{"mean":{"confidence_interval":{"confidence_level":0.95,"lower_bound":335874584.64,"upper_bound":337931060.6},"point_estimate":336890337.1,"standard_error":526659.4782786253},"median":{"confidence_interval":{"confidence_level":0.95,"lower_bound":335382459.0,"upper_bound":338192924.5},"point_estimate":336838942.25,"standard_error":913712.043139187},"median_abs_dev":{"confidence_interval":{"confidence_level":0.95,"lower_bound":369909.43473279476,"upper_bound":2830843.4018924832},"point_estimate":2083398.038162291,"standard_error":685748.0487102283},"slope":null,"std_dev":{"confidence_interval":{"confidence_level":0.95,"lower_bound":1108990.8982248132,"upper_bound":2148361.8838064726},"point_estimate":1757605.2466302584,"standard_error":269718.44998836174}}