{"mean":{"confidence_interval":{"confidence_level":0.95,"lower_bound":0.029510539195294058,"upper_bound":0.0382454268488268},"point_estimate":0.034079289426451,"standard_error":0.002228617613379722},"median":{"confidence_interval":{"confidence_level":0.95,"lower_bound":0.028353993517599374,"upper_bound":0.040989989164379015},"point_estimate":0.03510778603565767,"standard_error":0.0031081822406822572}}