{"mean":{"confidence_interval":{"confidence_level":0.95,"lower_bound":0.02108521599677685,"upper_bound":0.0417394242576989},"point_estimate":0.031763392598856965,"standard_error":0.005277943088017283},"median":{"confidence_interval":{"confidence_level":0.95,"lower_bound":0.023231894904645722,"upper_bound":0.04321123363361723},"point_estimate":0.030002885201904972,"standard_error":0.005194322844324192}}