{"mean":{"confidence_interval":{"confidence_level":0.95,"lower_bound":0.0010063803245681682,"upper_bound":0.013221164198289942},"point_estimate":0.006492276323229573,"standard_error":0.0031473538300519897},"median":{"confidence_interval":{"confidence_level":0.95,"lower_bound":-0.001456124294861194,"upper_bound":0.012888377843008447},"point_estimate":0.0028925703965874128,"standard_error":0.0037440787824242756}}