{"mean":{"confidence_interval":{"confidence_level":0.95,"lower_bound":1192064336.0,"upper_bound":1207688192.0649998},"point_estimate":1199998324.1,"standard_error":4003391.2339643897},"median":{"confidence_interval":{"confidence_level":0.95,"lower_bound":1187666700.5,"upper_bound":1213653836.0},"point_estimate":1201860559.5,"standard_error":6844933.269220121},"median_abs_dev":{"confidence_interval":{"confidence_level":0.95,"lower_bound":3197733.151128888,"upper_bound":21647842.51767397},"point_estimate":17999201.047450304,"standard_error":4878405.0166966105},"slope":null,"std_dev":{"confidence_interval":{"confidence_level":0.95,"lower_bound":8452192.19675598,"upper_bound":15830380.508684414},"point_estimate":13345073.975179676,"standard_error":1884741.9008515463}}