{"mean":{"confidence_interval":{"confidence_level":0.95,"lower_bound":185612511.2383333,"upper_bound":187722777.5825},"point_estimate":186443558.93333334,"standard_error":573439.6252424554},"median":{"confidence_interval":{"confidence_level":0.95,"lower_bound":185299401.66666666,"upper_bound":186346328.33333334},"point_estimate":186112667.1666667,"standard_error":276948.25072286767},"median_abs_dev":{"confidence_interval":{"confidence_level":0.95,"lower_bound":13322.149163469845,"upper_bound":1511088.132172823},"point_estimate":392782.74002668296,"standard_error":408005.7197993704},"slope":null,"std_dev":{"confidence_interval":{"confidence_level":0.95,"lower_bound":377979.87213152566,"upper_bound":2909435.918945029},"point_estimate":1910590.719480211,"standard_error":851448.9574034564}}