{"mean":{"confidence_interval":{"confidence_level":0.95,"lower_bound":627756862.0025,"upper_bound":633072702.8499999},"point_estimate":630210359.2,"standard_error":1362957.238422882},"median":{"confidence_interval":{"confidence_level":0.95,"lower_bound":626856198.0,"upper_bound":633591425.0},"point_estimate":629083864.5,"standard_error":1807582.4943795088},"median_abs_dev":{"confidence_interval":{"confidence_level":0.95,"lower_bound":366874.5525866747,"upper_bound":7410512.065637112},"point_estimate":3324948.3831703663,"standard_error":1753070.176459875},"slope":null,"std_dev":{"confidence_interval":{"confidence_level":0.95,"lower_bound":2057031.028632059,"upper_bound":6000934.506307524},"point_estimate":4521125.897921515,"standard_error":1070802.8301687883}}