{"mean":{"confidence_interval":{"confidence_level":0.95,"lower_bound":1039589601.8050001,"upper_bound":1178666111.01},"point_estimate":1116162040.6,"standard_error":35931775.74818867},"median":{"confidence_interval":{"confidence_level":0.95,"lower_bound":1038350418.0,"upper_bound":1201801257.0},"point_estimate":1149868407.0,"standard_error":36049823.91594184},"median_abs_dev":{"confidence_interval":{"confidence_level":0.95,"lower_bound":13603278.782093525,"upper_bound":177958672.053802},"point_estimate":83681316.17065966,"standard_error":46224069.61098769},"slope":null,"std_dev":{"confidence_interval":{"confidence_level":0.95,"lower_bound":44463396.897093266,"upper_bound":164535255.75726432},"point_estimate":119499935.12923738,"standard_error":32937012.094114322}}