{"mean":{"confidence_interval":{"confidence_level":0.95,"lower_bound":-0.023582384831682672,"upper_bound":-0.009269934913559146},"point_estimate":-0.015665982621115515,"standard_error":0.0036775681125459612},"median":{"confidence_interval":{"confidence_level":0.95,"lower_bound":-0.0207941221367256,"upper_bound":-0.009357978496865038},"point_estimate":-0.01465319498872042,"standard_error":0.0027207557927835307}}