{"mean":{"confidence_interval":{"confidence_level":0.95,"lower_bound":-0.01094767612162436,"upper_bound":-0.005801864642516295},"point_estimate":-0.00852193917858668,"standard_error":0.0013104607163523779},"median":{"confidence_interval":{"confidence_level":0.95,"lower_bound":-0.010408752408327395,"upper_bound":-0.005325414263407158},"point_estimate":-0.008740834760829763,"standard_error":0.0012907491876209742}}