{"mean":{"confidence_interval":{"confidence_level":0.95,"lower_bound":-0.04661374360415244,"upper_bound":-0.033280675332067036},"point_estimate":-0.03918448454097356,"standard_error":0.003431388984964924},"median":{"confidence_interval":{"confidence_level":0.95,"lower_bound":-0.03895975461499157,"upper_bound":-0.032997597523625966},"point_estimate":-0.03542529101184233,"standard_error":0.0014739637541692086}}