{"mean":{"confidence_interval":{"confidence_level":0.95,"lower_bound":-0.0524421110013091,"upper_bound":-0.047477492607966236},"point_estimate":-0.049901617655361497,"standard_error":0.001259638728206496},"median":{"confidence_interval":{"confidence_level":0.95,"lower_bound":-0.05268987385780732,"upper_bound":-0.04669866683996804},"point_estimate":-0.04855296658664621,"standard_error":0.0015926242188082685}}