{"mean":{"confidence_interval":{"confidence_level":0.95,"lower_bound":543058811.9,"upper_bound":551333606.1025001},"point_estimate":546263964.8,"standard_error":2283307.563642734},"median":{"confidence_interval":{"confidence_level":0.95,"lower_bound":543189965.5,"upper_bound":545886342.5},"point_estimate":544093075.5,"standard_error":939060.6789743475},"median_abs_dev":{"confidence_interval":{"confidence_level":0.95,"lower_bound":224204.69841957092,"upper_bound":4241957.223290205},"point_estimate":1910370.096284151,"standard_error":1138976.5335034537},"slope":null,"std_dev":{"confidence_interval":{"confidence_level":0.95,"lower_bound":1022496.792325513,"upper_bound":11654292.891030498},"point_estimate":7611227.155746931,"standard_error":3561145.3816643083}}