{"mean":{"confidence_interval":{"confidence_level":0.95,"lower_bound":324033459.57875,"upper_bound":325240711.9025},"point_estimate":324609296.4,"standard_error":309452.6328410629},"median":{"confidence_interval":{"confidence_level":0.95,"lower_bound":323908031.5,"upper_bound":325551317.0},"point_estimate":324411859.0,"standard_error":377677.45739710977},"median_abs_dev":{"confidence_interval":{"confidence_level":0.95,"lower_bound":198734.74282175303,"upper_bound":1689032.7462136745},"point_estimate":942151.1411234736,"standard_error":420764.43644977966},"slope":null,"std_dev":{"confidence_interval":{"confidence_level":0.95,"lower_bound":502175.70376995264,"upper_bound":1338943.9864024103},"point_estimate":1032876.1546282303,"standard_error":216573.42506618897}}