{"mean":{"confidence_interval":{"confidence_level":0.95,"lower_bound":239205739.8333333,"upper_bound":240400619.2725},"point_estimate":239809376.5,"standard_error":305498.2248566825},"median":{"confidence_interval":{"confidence_level":0.95,"lower_bound":239051260.16666666,"upper_bound":240675135.0},"point_estimate":239762106.3333333,"standard_error":411459.51181820873},"median_abs_dev":{"confidence_interval":{"confidence_level":0.95,"lower_bound":252435.87291837475,"upper_bound":1772581.4554304031},"point_estimate":1142268.655520685,"standard_error":386821.86480902863},"slope":null,"std_dev":{"confidence_interval":{"confidence_level":0.95,"lower_bound":587142.3560245465,"upper_bound":1255643.8212230266},"point_estimate":1011694.0096158665,"standard_error":171841.9830207643}}