{"mean":{"confidence_interval":{"confidence_level":0.95,"lower_bound":1214921991.71,"upper_bound":1216161389.6},"point_estimate":1215550256.4,"standard_error":316763.97378544376},"median":{"confidence_interval":{"confidence_level":0.95,"lower_bound":1214978764.0,"upper_bound":1216137337.5},"point_estimate":1215579599.0,"standard_error":287556.32104743755},"median_abs_dev":{"confidence_interval":{"confidence_level":0.95,"lower_bound":77001.05353295803,"upper_bound":1830368.2604044676},"point_estimate":818309.1946721077,"standard_error":413089.457010238},"slope":null,"std_dev":{"confidence_interval":{"confidence_level":0.95,"lower_bound":463640.24860245,"upper_bound":1434952.6098430988},"point_estimate":1059698.382775254,"standard_error":247745.6431752531}}