{"mean":{"confidence_interval":{"confidence_level":0.95,"lower_bound":1.0117355086250757,"upper_bound":1.037707258364904},"point_estimate":1.0251808937084839,"standard_error":0.006735736896181492},"median":{"confidence_interval":{"confidence_level":0.95,"lower_bound":1.0050294790813377,"upper_bound":1.0388424188851921},"point_estimate":1.0256926725062634,"standard_error":0.00798106431466867}}