{"mean":{"confidence_interval":{"confidence_level":0.95,"lower_bound":-0.019362019996277395,"upper_bound":-0.017752132435911762},"point_estimate":-0.018564421309388734,"standard_error":0.0004095308453814289},"median":{"confidence_interval":{"confidence_level":0.95,"lower_bound":-0.01949405221274403,"upper_bound":-0.017595260985452277},"point_estimate":-0.01869047542591551,"standard_error":0.00048286135357880335}}