{"mean":{"confidence_interval":{"confidence_level":0.95,"lower_bound":-0.015837754135954816,"upper_bound":-0.007680302929824105},"point_estimate":-0.011544923608087898,"standard_error":0.002098996902569899},"median":{"confidence_interval":{"confidence_level":0.95,"lower_bound":-0.016562080868498086,"upper_bound":-0.006203248792904126},"point_estimate":-0.011666474392001192,"standard_error":0.002609281913697157}}