{"mean":{"confidence_interval":{"confidence_level":0.95,"lower_bound":0.013927834432158084,"upper_bound":0.026619668273127103},"point_estimate":0.020844910098443137,"standard_error":0.0032417732739651152},"median":{"confidence_interval":{"confidence_level":0.95,"lower_bound":0.015623670702797243,"upper_bound":0.026564222525298442},"point_estimate":0.02463889763581273,"standard_error":0.0027646626401871596}}