{"mean":{"confidence_interval":{"confidence_level":0.95,"lower_bound":978722699.5074999,"upper_bound":983073460.4},"point_estimate":981218444.8,"standard_error":1132791.5811196333},"median":{"confidence_interval":{"confidence_level":0.95,"lower_bound":980521208.0,"upper_bound":983402453.0},"point_estimate":981840589.0,"standard_error":750228.2476032191},"median_abs_dev":{"confidence_interval":{"confidence_level":0.95,"lower_bound":609380.4650813341,"upper_bound":4160894.5871293545},"point_estimate":2024800.8687525988,"standard_error":892788.1226365685},"slope":null,"std_dev":{"confidence_interval":{"confidence_level":0.95,"lower_bound":1050705.4637442962,"upper_bound":5534456.389875559},"point_estimate":3769996.0781442556,"standard_error":1372369.3514882328}}