{"mean":{"confidence_interval":{"confidence_level":0.95,"lower_bound":-0.018829020344026677,"upper_bound":-0.007264334080444313},"point_estimate":-0.012770438092277958,"standard_error":0.0029483508067706314},"median":{"confidence_interval":{"confidence_level":0.95,"lower_bound":-0.019611584759131717,"upper_bound":-0.00466546481639607},"point_estimate":-0.010070284788727513,"standard_error":0.004408879513889182}}