{"mean":{"confidence_interval":{"confidence_level":0.95,"lower_bound":895420522.6225001,"upper_bound":902473870.0825},"point_estimate":898859986.1,"standard_error":1807982.306393139},"median":{"confidence_interval":{"confidence_level":0.95,"lower_bound":893465552.0,"upper_bound":904012597.5},"point_estimate":897820398.5,"standard_error":3290483.339669342},"median_abs_dev":{"confidence_interval":{"confidence_level":0.95,"lower_bound":128491.00931882858,"upper_bound":9930043.94350648},"point_estimate":6495173.374387622,"standard_error":2611524.9479249627},"slope":null,"std_dev":{"confidence_interval":{"confidence_level":0.95,"lower_bound":3689078.569208131,"upper_bound":7217189.075551495},"point_estimate":6036472.616419984,"standard_error":902851.8184505259}}