{"mean":{"confidence_interval":{"confidence_level":0.95,"lower_bound":-0.025530607618758232,"upper_bound":-0.014962521645277008},"point_estimate":-0.020343626114303848,"standard_error":0.0026878200237345226},"median":{"confidence_interval":{"confidence_level":0.95,"lower_bound":-0.02669696675658706,"upper_bound":-0.01753394295260824},"point_estimate":-0.019767797336137982,"standard_error":0.002151054430966501}}