{"mean":{"confidence_interval":{"confidence_level":0.95,"lower_bound":187918042.5908333,"upper_bound":188682586.63333333},"point_estimate":188305567.3,"standard_error":195797.85639761068},"median":{"confidence_interval":{"confidence_level":0.95,"lower_bound":187875787.5,"upper_bound":188776213.0},"point_estimate":188324981.6666667,"standard_error":233647.2193608463},"median_abs_dev":{"confidence_interval":{"confidence_level":0.95,"lower_bound":116285.99923554764,"upper_bound":1111283.0573707672},"point_estimate":627207.9884648323,"standard_error":240861.33787662975},"slope":null,"std_dev":{"confidence_interval":{"confidence_level":0.95,"lower_bound":328601.73562735604,"upper_bound":859549.7318296244},"point_estimate":653048.7057133915,"standard_error":136452.28349356345}}