{"mean":{"confidence_interval":{"confidence_level":0.95,"lower_bound":-0.02828838861980175,"upper_bound":-0.02380225173616318},"point_estimate":-0.026071008597569834,"standard_error":0.0011483478476483813},"median":{"confidence_interval":{"confidence_level":0.95,"lower_bound":-0.029810480523278282,"upper_bound":-0.023032329180373567},"point_estimate":-0.026497479584312034,"standard_error":0.001983685678430554}}