{"mean":{"confidence_interval":{"confidence_level":0.95,"lower_bound":543815628.36,"upper_bound":546914910.5975},"point_estimate":545396528.3,"standard_error":793834.5007844343},"median":{"confidence_interval":{"confidence_level":0.95,"lower_bound":542655526.0,"upper_bound":547471069.0},"point_estimate":545487850.0,"standard_error":1090537.1379758224},"median_abs_dev":{"confidence_interval":{"confidence_level":0.95,"lower_bound":41895.310056209564,"upper_bound":4658455.879595876},"point_estimate":3474050.4973232746,"standard_error":1198208.472982663},"slope":null,"std_dev":{"confidence_interval":{"confidence_level":0.95,"lower_bound":1497005.793712295,"upper_bound":3232136.5818226123},"point_estimate":2649729.314098582,"standard_error":431308.17815902294}}