{"mean":{"confidence_interval":{"confidence_level":0.95,"lower_bound":-0.4269864164058913,"upper_bound":-0.3986716085106669},"point_estimate":-0.4126276587603227,"standard_error":0.007239107462466284},"median":{"confidence_interval":{"confidence_level":0.95,"lower_bound":-0.4257712654728465,"upper_bound":-0.39400505730651825},"point_estimate":-0.41246489152827037,"standard_error":0.006599124776432419}}