{"mean":{"confidence_interval":{"confidence_level":0.95,"lower_bound":-0.033035174627599646,"upper_bound":-0.019659746338688215},"point_estimate":-0.02650318312248956,"standard_error":0.003309134405880696},"median":{"confidence_interval":{"confidence_level":0.95,"lower_bound":-0.030776609137651678,"upper_bound":-0.022215238305284157},"point_estimate":-0.02486629725470857,"standard_error":0.0020376895548699704}}