{"mean":{"confidence_interval":{"confidence_level":0.95,"lower_bound":-0.020753032399671346,"upper_bound":-0.010882744410177544},"point_estimate":-0.01563260581631043,"standard_error":0.00250720363157793},"median":{"confidence_interval":{"confidence_level":0.95,"lower_bound":-0.024311157080138646,"upper_bound":-0.0072961078390810785},"point_estimate":-0.014965591965057867,"standard_error":0.004722614711940765}}