{"mean":{"confidence_interval":{"confidence_level":0.95,"lower_bound":-0.05842336540739222,"upper_bound":-0.05234904592676165},"point_estimate":-0.05567397461794232,"standard_error":0.001556112965721919},"median":{"confidence_interval":{"confidence_level":0.95,"lower_bound":-0.05999930704562051,"upper_bound":-0.05256856757302475},"point_estimate":-0.05805907318632553,"standard_error":0.001797460145078704}}