{"mean":{"confidence_interval":{"confidence_level":0.95,"lower_bound":-0.02584591053396301,"upper_bound":-0.020517924243345313},"point_estimate":-0.02311379337783903,"standard_error":0.0013616518629589213},"median":{"confidence_interval":{"confidence_level":0.95,"lower_bound":-0.02697392146529165,"upper_bound":-0.019316554644959738},"point_estimate":-0.02269096040760976,"standard_error":0.0021311369078088247}}