{"mean":{"confidence_interval":{"confidence_level":0.95,"lower_bound":-0.011215466762307814,"upper_bound":-0.000018291637754189724},"point_estimate":-0.005789806506961592,"standard_error":0.0028778835642214824},"median":{"confidence_interval":{"confidence_level":0.95,"lower_bound":-0.014646265605209763,"upper_bound":0.0023554449654752396},"point_estimate":-0.005291052695278187,"standard_error":0.004401364164941437}}