{"mean":{"confidence_interval":{"confidence_level":0.95,"lower_bound":300062252.31375,"upper_bound":300596980.47375},"point_estimate":300340065.4,"standard_error":137142.09100084452},"median":{"confidence_interval":{"confidence_level":0.95,"lower_bound":299900033.5,"upper_bound":300730596.5},"point_estimate":300384986.5,"standard_error":189898.57740194479},"median_abs_dev":{"confidence_interval":{"confidence_level":0.95,"lower_bound":63321.47422581911,"upper_bound":769981.995280087},"point_estimate":575722.8511288762,"standard_error":186310.1240765292},"slope":null,"std_dev":{"confidence_interval":{"confidence_level":0.95,"lower_bound":241790.73373456643,"upper_bound":565499.6777322794},"point_estimate":457486.7200937094,"standard_error":79835.32386584188}}