{"mean":{"confidence_interval":{"confidence_level":0.95,"lower_bound":-0.035304270389659734,"upper_bound":-0.02559367710755697},"point_estimate":-0.03066853094551203,"standard_error":0.002484394778277059},"median":{"confidence_interval":{"confidence_level":0.95,"lower_bound":-0.03596816526077362,"upper_bound":-0.024027649430488074},"point_estimate":-0.032933496091311354,"standard_error":0.002987676822223691}}