{"mean":{"confidence_interval":{"confidence_level":0.95,"lower_bound":-0.03344514327817078,"upper_bound":0.0106440060666698},"point_estimate":-0.006455980995441979,"standard_error":0.012099723844656098},"median":{"confidence_interval":{"confidence_level":0.95,"lower_bound":-0.0006749331771772615,"upper_bound":0.00739254889264318},"point_estimate":0.004550940133909442,"standard_error":0.003589292234714944}}