{"mean":{"confidence_interval":{"confidence_level":0.95,"lower_bound":0.017982201606297096,"upper_bound":0.03296842400452445},"point_estimate":0.02571809929683133,"standard_error":0.00380733258722794},"median":{"confidence_interval":{"confidence_level":0.95,"lower_bound":0.018577581013245137,"upper_bound":0.032317458098499285},"point_estimate":0.02657565805987283,"standard_error":0.00383269664616701}}