{"mean":{"confidence_interval":{"confidence_level":0.95,"lower_bound":1390534369.0925,"upper_bound":1394409149.765},"point_estimate":1392502380.2,"standard_error":990872.5966618988},"median":{"confidence_interval":{"confidence_level":0.95,"lower_bound":1390234527.5,"upper_bound":1395013081.0},"point_estimate":1392228004.5,"standard_error":1235366.059134261},"median_abs_dev":{"confidence_interval":{"confidence_level":0.95,"lower_bound":309953.83309721947,"upper_bound":5871759.359255433},"point_estimate":3062734.2692255974,"standard_error":1324879.1504919874},"slope":null,"std_dev":{"confidence_interval":{"confidence_level":0.95,"lower_bound":1822758.3814844487,"upper_bound":4273701.599178289},"point_estimate":3313601.639607131,"standard_error":637868.8737541519}}