{"mean":{"confidence_interval":{"confidence_level":0.95,"lower_bound":1108941216.8149998,"upper_bound":1119355296.1},"point_estimate":1113884006.0,"standard_error":2673997.584093942},"median":{"confidence_interval":{"confidence_level":0.95,"lower_bound":1106578365.0,"upper_bound":1123906512.0},"point_estimate":1110185109.0,"standard_error":4440597.660475081},"median_abs_dev":{"confidence_interval":{"confidence_level":0.95,"lower_bound":1177313.3652985096,"upper_bound":14025086.628904939},"point_estimate":6584262.806805968,"standard_error":3556895.4842523704},"slope":null,"std_dev":{"confidence_interval":{"confidence_level":0.95,"lower_bound":3750992.444230133,"upper_bound":10333947.43040524},"point_estimate":8892490.723439412,"standard_error":1495185.371611462}}