{"mean":{"confidence_interval":{"confidence_level":0.95,"lower_bound":893503439.9525,"upper_bound":903687469.2},"point_estimate":897526600.9,"standard_error":2897864.9392294977},"median":{"confidence_interval":{"confidence_level":0.95,"lower_bound":893198889.0,"upper_bound":898429359.5},"point_estimate":893883511.5,"standard_error":1260356.081383166},"median_abs_dev":{"confidence_interval":{"confidence_level":0.95,"lower_bound":115279.56095337868,"upper_bound":6680033.576005697},"point_estimate":843333.9996278286,"standard_error":1572831.6591162975},"slope":null,"std_dev":{"confidence_interval":{"confidence_level":0.95,"lower_bound":390947.13708267873,"upper_bound":14525010.882035188},"point_estimate":9640428.976961765,"standard_error":4378336.293951322}}