{"mean":{"confidence_interval":{"confidence_level":0.95,"lower_bound":0.03696787799516219,"upper_bound":0.04216166786728858},"point_estimate":0.03968746915554999,"standard_error":0.0013330376704533608},"median":{"confidence_interval":{"confidence_level":0.95,"lower_bound":0.03768704397905642,"upper_bound":0.042327658476080554},"point_estimate":0.03985090193608687,"standard_error":0.001139443712697631}}