{"mean":{"confidence_interval":{"confidence_level":0.95,"lower_bound":1021842368.5575,"upper_bound":1029209942.3},"point_estimate":1025435516.5,"standard_error":1890898.1296744675},"median":{"confidence_interval":{"confidence_level":0.95,"lower_bound":1019311700.5,"upper_bound":1030439468.5},"point_estimate":1025031952.5,"standard_error":3320301.861338561},"median_abs_dev":{"confidence_interval":{"confidence_level":0.95,"lower_bound":483860.5861097574,"upper_bound":11013611.029869318},"point_estimate":8138258.123517036,"standard_error":2916855.4673610483},"slope":null,"std_dev":{"confidence_interval":{"confidence_level":0.95,"lower_bound":3775035.277464701,"upper_bound":7632632.359818439},"point_estimate":6307100.299089419,"standard_error":980677.0540226283}}