{"mean":{"confidence_interval":{"confidence_level":0.95,"lower_bound":-0.026998667794415312,"upper_bound":-0.0102711834815519},"point_estimate":-0.017716879335119562,"standard_error":0.004301073263734363},"median":{"confidence_interval":{"confidence_level":0.95,"lower_bound":-0.026415491388177226,"upper_bound":-0.007198733175948657},"point_estimate":-0.011153545089791495,"standard_error":0.005852443638217214}}