{"mean":{"confidence_interval":{"confidence_level":0.95,"lower_bound":-0.043860882881555104,"upper_bound":-0.03350302471541418},"point_estimate":-0.03876136121561691,"standard_error":0.002637051801531359},"median":{"confidence_interval":{"confidence_level":0.95,"lower_bound":-0.044409577391652744,"upper_bound":-0.03270246861658843},"point_estimate":-0.039971201275676105,"standard_error":0.0029642000310336116}}