{"mean":{"confidence_interval":{"confidence_level":0.95,"lower_bound":802648724.45,"upper_bound":804564021.3175},"point_estimate":803661598.8,"standard_error":490990.11667986045},"median":{"confidence_interval":{"confidence_level":0.95,"lower_bound":802346728.5,"upper_bound":804889757.0},"point_estimate":803957586.0,"standard_error":519630.0199458405},"median_abs_dev":{"confidence_interval":{"confidence_level":0.95,"lower_bound":326280.9653073549,"upper_bound":2848302.128532529},"point_estimate":1230663.24275136,"standard_error":643931.591393388},"slope":null,"std_dev":{"confidence_interval":{"confidence_level":0.95,"lower_bound":696797.7758881537,"upper_bound":2092193.7052052673},"point_estimate":1641824.093577885,"standard_error":353116.9057794724}}