{"mean":{"confidence_interval":{"confidence_level":0.95,"lower_bound":1.000894210890797,"upper_bound":1.024315278701639},"point_estimate":1.0119324905763185,"standard_error":0.006128812899097817},"median":{"confidence_interval":{"confidence_level":0.95,"lower_bound":0.9908855880894754,"upper_bound":1.0299910805091064},"point_estimate":1.0167250743874936,"standard_error":0.009078309731795095}}