{"mean":{"confidence_interval":{"confidence_level":0.95,"lower_bound":-0.04285549475855364,"upper_bound":-0.03103941592127662},"point_estimate":-0.0378495527798145,"standard_error":0.0030909710208274913},"median":{"confidence_interval":{"confidence_level":0.95,"lower_bound":-0.04227378083460209,"upper_bound":-0.0374476645939098},"point_estimate":-0.03926626748511963,"standard_error":0.0011367891683518754}}