{"mean":{"confidence_interval":{"confidence_level":0.95,"lower_bound":1.0720357599144972,"upper_bound":1.1107966081954728},"point_estimate":1.093101032470888,"standard_error":0.009898206528389453},"median":{"confidence_interval":{"confidence_level":0.95,"lower_bound":1.0769192376738306,"upper_bound":1.120434549455279},"point_estimate":1.10791944840433,"standard_error":0.011955193660996049}}