{"mean":{"confidence_interval":{"confidence_level":0.95,"lower_bound":240826735.97166666,"upper_bound":241412254.43333334},"point_estimate":241115923.83333334,"standard_error":149732.9875165664},"median":{"confidence_interval":{"confidence_level":0.95,"lower_bound":240782613.0,"upper_bound":241534610.66666666},"point_estimate":241069582.0,"standard_error":183230.22320258798},"median_abs_dev":{"confidence_interval":{"confidence_level":0.95,"lower_bound":74483.59877765179,"upper_bound":893455.5156379496},"point_estimate":473915.30548632145,"standard_error":201711.67180984674},"slope":null,"std_dev":{"confidence_interval":{"confidence_level":0.95,"lower_bound":264509.81642163935,"upper_bound":642843.519291415},"point_estimate":499083.0255266841,"standard_error":95522.17531994704}}