{"mean":{"confidence_interval":{"confidence_level":0.95,"lower_bound":0.007265979991313099,"upper_bound":0.014696750935390052},"point_estimate":0.010653280895294603,"standard_error":0.0019069010072274434},"median":{"confidence_interval":{"confidence_level":0.95,"lower_bound":0.005791881113119679,"upper_bound":0.014066247697489986},"point_estimate":0.010132919261645723,"standard_error":0.002346063706750693}}