{"mean":{"confidence_interval":{"confidence_level":0.95,"lower_bound":-0.02564993247512024,"upper_bound":-0.01871067449446036},"point_estimate":-0.022178636879297442,"standard_error":0.0017596721636870935},"median":{"confidence_interval":{"confidence_level":0.95,"lower_bound":-0.027326732246993557,"upper_bound":-0.018031653597455177},"point_estimate":-0.02301254105534767,"standard_error":0.0021296050024419044}}