{"mean":{"confidence_interval":{"confidence_level":0.95,"lower_bound":817247296.7,"upper_bound":925738897.2875},"point_estimate":865560434.0,"standard_error":27373396.74240481},"median":{"confidence_interval":{"confidence_level":0.95,"lower_bound":816584223.0,"upper_bound":926127805.0},"point_estimate":817313904.0,"standard_error":28262005.478799023},"median_abs_dev":{"confidence_interval":{"confidence_level":0.95,"lower_bound":351780.9435546398,"upper_bound":120898154.5063287},"point_estimate":2303663.0978018045,"standard_error":27840316.334907375},"slope":null,"std_dev":{"confidence_interval":{"confidence_level":0.95,"lower_bound":3785182.603881327,"upper_bound":113254226.3053658},"point_estimate":90870693.15073033,"standard_error":27032010.490578126}}