{"mean":{"confidence_interval":{"confidence_level":0.95,"lower_bound":293556667.1,"upper_bound":294629629.95},"point_estimate":294072031.2,"standard_error":273530.95585684135},"median":{"confidence_interval":{"confidence_level":0.95,"lower_bound":293224325.0,"upper_bound":294480142.5},"point_estimate":294152980.5,"standard_error":288248.4266529942},"median_abs_dev":{"confidence_interval":{"confidence_level":0.95,"lower_bound":79854.31718230247,"upper_bound":1703993.2918980718},"point_estimate":536901.3414680958,"standard_error":418779.9135239273},"slope":null,"std_dev":{"confidence_interval":{"confidence_level":0.95,"lower_bound":444916.2807830005,"upper_bound":1237313.7652664792},"point_estimate":915752.5711423912,"standard_error":215179.82954524775}}