{"mean":{"confidence_interval":{"confidence_level":0.95,"lower_bound":-0.05161277650789626,"upper_bound":-0.040807822050470885},"point_estimate":-0.046202780267632915,"standard_error":0.0027533326018195086},"median":{"confidence_interval":{"confidence_level":0.95,"lower_bound":-0.05507313237549272,"upper_bound":-0.03818917849355152},"point_estimate":-0.04770047350110662,"standard_error":0.004611173531641279}}