{"mean":{"confidence_interval":{"confidence_level":0.95,"lower_bound":-0.014783716476470324,"upper_bound":-0.009366395346520218},"point_estimate":-0.011921852381185483,"standard_error":0.0013671652278223687},"median":{"confidence_interval":{"confidence_level":0.95,"lower_bound":-0.01582240553858094,"upper_bound":-0.008302956611979884},"point_estimate":-0.010852047394056319,"standard_error":0.0017616714817902236}}