{"mean":{"confidence_interval":{"confidence_level":0.95,"lower_bound":520073692.8,"upper_bound":520898065.38750005},"point_estimate":520479120.1,"standard_error":211023.52389550762},"median":{"confidence_interval":{"confidence_level":0.95,"lower_bound":519888118.0,"upper_bound":520909481.5},"point_estimate":520635662.5,"standard_error":284918.1798418241},"median_abs_dev":{"confidence_interval":{"confidence_level":0.95,"lower_bound":43240.028232336044,"upper_bound":1292698.1908500195},"point_estimate":668996.551322937,"standard_error":306572.51158228295},"slope":null,"std_dev":{"confidence_interval":{"confidence_level":0.95,"lower_bound":396966.29606892046,"upper_bound":907292.3684864948},"point_estimate":702544.6926282342,"standard_error":134512.46920807476}}