{"mean":{"confidence_interval":{"confidence_level":0.95,"lower_bound":199936778.46166667,"upper_bound":200718180.49750003},"point_estimate":200275275.63333333,"standard_error":202759.19509690374},"median":{"confidence_interval":{"confidence_level":0.95,"lower_bound":199809021.3333333,"upper_bound":200640536.33333334},"point_estimate":200036878.8333333,"standard_error":212560.43531233008},"median_abs_dev":{"confidence_interval":{"confidence_level":0.95,"lower_bound":64316.17525818909,"upper_bound":918442.2671944271},"point_estimate":353376.71532627975,"standard_error":220860.53296027324},"slope":null,"std_dev":{"confidence_interval":{"confidence_level":0.95,"lower_bound":187590.53913381393,"upper_bound":963520.7654985061},"point_estimate":676105.5897222265,"standard_error":216352.52903271004}}