{"mean":{"confidence_interval":{"confidence_level":0.95,"lower_bound":1310699088.9,"upper_bound":1317407606.7},"point_estimate":1314079646.3,"standard_error":1719612.3518684518},"median":{"confidence_interval":{"confidence_level":0.95,"lower_bound":1308373997.0,"upper_bound":1318343304.5},"point_estimate":1315359939.0,"standard_error":2779186.9727639724},"median_abs_dev":{"confidence_interval":{"confidence_level":0.95,"lower_bound":896561.5625828505,"upper_bound":9923745.117518306},"point_estimate":6139555.462101102,"standard_error":2350939.660056252},"slope":null,"std_dev":{"confidence_interval":{"confidence_level":0.95,"lower_bound":3513495.8171944083,"upper_bound":7130267.109055117},"point_estimate":5757182.923338135,"standard_error":930764.3361783734}}