{"mean":{"confidence_interval":{"confidence_level":0.95,"lower_bound":-0.012706647360054668,"upper_bound":-0.008434890408936363},"point_estimate":-0.010657642041084436,"standard_error":0.0011067314473450118},"median":{"confidence_interval":{"confidence_level":0.95,"lower_bound":-0.013520604161686545,"upper_bound":-0.008071066560916162},"point_estimate":-0.011418601565959086,"standard_error":0.001486127783955446}}