{"mean":{"confidence_interval":{"confidence_level":0.95,"lower_bound":1066012820.7,"upper_bound":1069864893.5},"point_estimate":1068049941.6,"standard_error":992078.0525483189},"median":{"confidence_interval":{"confidence_level":0.95,"lower_bound":1064891536.0,"upper_bound":1070526670.5},"point_estimate":1069176022.0,"standard_error":1360077.8862062157},"median_abs_dev":{"confidence_interval":{"confidence_level":0.95,"lower_bound":584520.2287226915,"upper_bound":5676102.123329043},"point_estimate":2988753.2718390226,"standard_error":1346144.1312790175},"slope":null,"std_dev":{"confidence_interval":{"confidence_level":0.95,"lower_bound":1515566.4728520196,"upper_bound":4097086.851640424},"point_estimate":3312100.2122647935,"standard_error":651592.6304855436}}