{"mean":{"confidence_interval":{"confidence_level":0.95,"lower_bound":-0.015020555123985226,"upper_bound":-0.009979821949310037},"point_estimate":-0.012679171090925867,"standard_error":0.0012907390932447042},"median":{"confidence_interval":{"confidence_level":0.95,"lower_bound":-0.01581214632633854,"upper_bound":-0.010968466820442058},"point_estimate":-0.013799169482928919,"standard_error":0.0011380172286541861}}