{"mean":{"confidence_interval":{"confidence_level":0.95,"lower_bound":-0.007332643014921085,"upper_bound":0.003627283120199838},"point_estimate":-0.0022768492508793425,"standard_error":0.002786119808600146},"median":{"confidence_interval":{"confidence_level":0.95,"lower_bound":-0.011476928303954526,"upper_bound":0.006780737409487703},"point_estimate":-0.001909170207207378,"standard_error":0.004420391113406311}}