{"mean":{"confidence_interval":{"confidence_level":0.95,"lower_bound":308266185.95,"upper_bound":312680291.6},"point_estimate":310085931.05,"standard_error":1175144.4353440478},"median":{"confidence_interval":{"confidence_level":0.95,"lower_bound":307793804.25,"upper_bound":310969082.5},"point_estimate":308848524.0,"standard_error":751069.2206586481},"median_abs_dev":{"confidence_interval":{"confidence_level":0.95,"lower_bound":266712.32226490974,"upper_bound":3573767.206352949},"point_estimate":1635179.5260697603,"standard_error":990119.4104955253},"slope":null,"std_dev":{"confidence_interval":{"confidence_level":0.95,"lower_bound":897904.9559469656,"upper_bound":5829607.675046334},"point_estimate":3917654.4807845694,"standard_error":1538863.6644244087}}