{"mean":{"confidence_interval":{"confidence_level":0.95,"lower_bound":-0.022571813567148453,"upper_bound":-0.015705843605234603},"point_estimate":-0.018968140255852917,"standard_error":0.001768230395207129},"median":{"confidence_interval":{"confidence_level":0.95,"lower_bound":-0.022539083954420835,"upper_bound":-0.013673903368961793},"point_estimate":-0.020235636805573165,"standard_error":0.0026065881546595733}}