{"mean":{"confidence_interval":{"confidence_level":0.95,"lower_bound":550494313.195,"upper_bound":551677343.7},"point_estimate":551101636.3,"standard_error":303769.53477659053},"median":{"confidence_interval":{"confidence_level":0.95,"lower_bound":550047927.0,"upper_bound":551992517.0},"point_estimate":551210711.0,"standard_error":453632.1838565662},"median_abs_dev":{"confidence_interval":{"confidence_level":0.95,"lower_bound":203698.11688363552,"upper_bound":1716391.1635279655},"point_estimate":1302013.366484642,"standard_error":410532.3395954799},"slope":null,"std_dev":{"confidence_interval":{"confidence_level":0.95,"lower_bound":562265.5448412006,"upper_bound":1220164.6096691492},"point_estimate":1011729.7281650371,"standard_error":160445.5287656137}}