{"mean":{"confidence_interval":{"confidence_level":0.95,"lower_bound":538046282.0,"upper_bound":539352955.1},"point_estimate":538641724.5,"standard_error":337141.4234445687},"median":{"confidence_interval":{"confidence_level":0.95,"lower_bound":537933974.0,"upper_bound":539219477.5},"point_estimate":538269012.0,"standard_error":308036.30256387684},"median_abs_dev":{"confidence_interval":{"confidence_level":0.95,"lower_bound":83559.33451652527,"upper_bound":1708791.356062889},"point_estimate":588511.3878518343,"standard_error":448317.0448075103},"slope":null,"std_dev":{"confidence_interval":{"confidence_level":0.95,"lower_bound":396133.7046613316,"upper_bound":1501023.521650794},"point_estimate":1124144.3396900448,"standard_error":290927.8596625545}}