{"mean":{"confidence_interval":{"confidence_level":0.95,"lower_bound":1284924535.7,"upper_bound":1286913622.1},"point_estimate":1285879438.6,"standard_error":509590.14786323544},"median":{"confidence_interval":{"confidence_level":0.95,"lower_bound":1284330297.0,"upper_bound":1286827400.5},"point_estimate":1286118389.0,"standard_error":691248.8940373003},"median_abs_dev":{"confidence_interval":{"confidence_level":0.95,"lower_bound":256276.30105018616,"upper_bound":3187363.1056129932},"point_estimate":1869118.9759165049,"standard_error":701930.4907960352},"slope":null,"std_dev":{"confidence_interval":{"confidence_level":0.95,"lower_bound":943457.6965739728,"upper_bound":2225867.725188848},"point_estimate":1701767.1061335169,"standard_error":349785.15191251517}}