{"mean":{"confidence_interval":{"confidence_level":0.95,"lower_bound":-0.01534145083520907,"upper_bound":0.00016252030017648733},"point_estimate":-0.007067256052588955,"standard_error":0.003988460466778718},"median":{"confidence_interval":{"confidence_level":0.95,"lower_bound":-0.016903607982058033,"upper_bound":0.001679197163474866},"point_estimate":-0.003563383959902189,"standard_error":0.004740261667783076}}