{"mean":{"confidence_interval":{"confidence_level":0.95,"lower_bound":0.3044699841143743,"upper_bound":0.3130762901781179},"point_estimate":0.3094032760144747,"standard_error":0.002246057143192036},"median":{"confidence_interval":{"confidence_level":0.95,"lower_bound":0.3085273599743785,"upper_bound":0.31399678021260335},"point_estimate":0.3123528512561098,"standard_error":0.0015820475715170072}}