{"mean":{"confidence_interval":{"confidence_level":0.95,"lower_bound":0.027770543492784804,"upper_bound":0.036208476269595065},"point_estimate":0.031942973032669686,"standard_error":0.002215315665146792},"median":{"confidence_interval":{"confidence_level":0.95,"lower_bound":0.02609105881732665,"upper_bound":0.03858490119484048},"point_estimate":0.03365573372073727,"standard_error":0.003126343292122481}}