{"mean":{"confidence_interval":{"confidence_level":0.95,"lower_bound":-0.033853099808563915,"upper_bound":-0.027503686980293564},"point_estimate":-0.030701314153551262,"standard_error":0.0016200027990333889},"median":{"confidence_interval":{"confidence_level":0.95,"lower_bound":-0.03532282853881452,"upper_bound":-0.027586690692693816},"point_estimate":-0.030888960805441457,"standard_error":0.0020445804131190436}}