{"mean":{"confidence_interval":{"confidence_level":0.95,"lower_bound":529639453.0,"upper_bound":531173019.3},"point_estimate":530399235.8,"standard_error":393123.2604262042},"median":{"confidence_interval":{"confidence_level":0.95,"lower_bound":529108981.0,"upper_bound":531442975.0},"point_estimate":530603562.0,"standard_error":635326.8286296378},"median_abs_dev":{"confidence_interval":{"confidence_level":0.95,"lower_bound":285700.7214277983,"upper_bound":2217751.618427038},"point_estimate":1434685.3077292442,"standard_error":510360.9029608741},"slope":null,"std_dev":{"confidence_interval":{"confidence_level":0.95,"lower_bound":804378.492133896,"upper_bound":1604794.2952230668},"point_estimate":1305399.8988664825,"standard_error":206808.89601370692}}