{"mean":{"confidence_interval":{"confidence_level":0.95,"lower_bound":477243609.08125,"upper_bound":480773862.95},"point_estimate":479016573.4,"standard_error":903738.6935175557},"median":{"confidence_interval":{"confidence_level":0.95,"lower_bound":475933470.5,"upper_bound":481696183.0},"point_estimate":478800041.5,"standard_error":1555871.7927670346},"median_abs_dev":{"confidence_interval":{"confidence_level":0.95,"lower_bound":692281.8958595395,"upper_bound":4887599.489177763},"point_estimate":4252996.292044222,"standard_error":1092649.6326954407},"slope":null,"std_dev":{"confidence_interval":{"confidence_level":0.95,"lower_bound":1894327.4830687128,"upper_bound":3612620.6058698962},"point_estimate":3005050.0203159293,"standard_error":437594.35699749104}}