{"mean":{"confidence_interval":{"confidence_level":0.95,"lower_bound":1060570594.7,"upper_bound":1063016341.965},"point_estimate":1061763606.8,"standard_error":629609.9930023439},"median":{"confidence_interval":{"confidence_level":0.95,"lower_bound":1060250837.5,"upper_bound":1063975867.0},"point_estimate":1061024497.0,"standard_error":1002048.5146942892},"median_abs_dev":{"confidence_interval":{"confidence_level":0.95,"lower_bound":240366.52073264122,"upper_bound":3225722.4147319794},"point_estimate":2229972.690010071,"standard_error":851034.3894701066},"slope":null,"std_dev":{"confidence_interval":{"confidence_level":0.95,"lower_bound":1215968.8614165937,"upper_bound":2537486.041249103},"point_estimate":2088606.152923885,"standard_error":335031.1134486216}}