{"mean":{"confidence_interval":{"confidence_level":0.95,"lower_bound":802782373.2,"upper_bound":805851192.4},"point_estimate":804263509.2,"standard_error":785667.2929351262},"median":{"confidence_interval":{"confidence_level":0.95,"lower_bound":801453375.0,"upper_bound":805870240.5},"point_estimate":804431895.5,"standard_error":1045777.6585899818},"median_abs_dev":{"confidence_interval":{"confidence_level":0.95,"lower_bound":414760.3078365326,"upper_bound":4938277.350828052},"point_estimate":2528420.8060115576,"standard_error":1152106.292473377},"slope":null,"std_dev":{"confidence_interval":{"confidence_level":0.95,"lower_bound":1482361.6438559564,"upper_bound":3368596.465039101},"point_estimate":2623360.4238687535,"standard_error":509928.9695626123}}