{"mean":{"confidence_interval":{"confidence_level":0.95,"lower_bound":548797056.99,"upper_bound":559409388.5675},"point_estimate":554030709.9,"standard_error":2722748.0746627366},"median":{"confidence_interval":{"confidence_level":0.95,"lower_bound":547784468.0,"upper_bound":561804568.0},"point_estimate":554405271.0,"standard_error":2967502.6257844972},"median_abs_dev":{"confidence_interval":{"confidence_level":0.95,"lower_bound":805048.0792075396,"upper_bound":17315820.311182737},"point_estimate":6945557.594391704,"standard_error":4470365.504895114},"slope":null,"std_dev":{"confidence_interval":{"confidence_level":0.95,"lower_bound":4801733.268447637,"upper_bound":11614081.67727218},"point_estimate":9085042.407135813,"standard_error":1752300.1459576765}}