{"mean":{"confidence_interval":{"confidence_level":0.95,"lower_bound":-0.02977853310405862,"upper_bound":-0.022611222852360745},"point_estimate":-0.026455280792663016,"standard_error":0.001817115029801572},"median":{"confidence_interval":{"confidence_level":0.95,"lower_bound":-0.030438286587834873,"upper_bound":-0.02469170527614965},"point_estimate":-0.026251690177970355,"standard_error":0.0014173592485746194}}