{"mean":{"confidence_interval":{"confidence_level":0.95,"lower_bound":201973151.76333335,"upper_bound":202598283.60000002},"point_estimate":202283234.93333334,"standard_error":160277.8815314242},"median":{"confidence_interval":{"confidence_level":0.95,"lower_bound":201777048.66666666,"upper_bound":202770966.3333333},"point_estimate":202196583.66666666,"standard_error":303190.41213242605},"median_abs_dev":{"confidence_interval":{"confidence_level":0.95,"lower_bound":91896.48836848175,"upper_bound":838810.3400081323},"point_estimate":737363.4368091748,"standard_error":198954.0394452078},"slope":null,"std_dev":{"confidence_interval":{"confidence_level":0.95,"lower_bound":349779.4869827062,"upper_bound":625788.7331575338},"point_estimate":534332.9126864088,"standard_error":70619.69912180582}}