{"mean":{"confidence_interval":{"confidence_level":0.95,"lower_bound":0.7754309633549403,"upper_bound":1.0954691815320852},"point_estimate":0.9242605995881212,"standard_error":0.08142806724971065},"median":{"confidence_interval":{"confidence_level":0.95,"lower_bound":0.6788413284495263,"upper_bound":1.1077128480803742},"point_estimate":0.8881585096135292,"standard_error":0.08112674680074836}}