{"mean":{"confidence_interval":{"confidence_level":0.95,"lower_bound":-0.021292805582319718,"upper_bound":-0.013653546242047315},"point_estimate":-0.01778140569349429,"standard_error":0.001955147556330348},"median":{"confidence_interval":{"confidence_level":0.95,"lower_bound":-0.0217873991707912,"upper_bound":-0.015169952887799654},"point_estimate":-0.019061014875461746,"standard_error":0.0015970879157440427}}