{"mean":{"confidence_interval":{"confidence_level":0.95,"lower_bound":-0.0398185408947257,"upper_bound":-0.02714161677745623},"point_estimate":-0.033754526624041326,"standard_error":0.0032263516907270182},"median":{"confidence_interval":{"confidence_level":0.95,"lower_bound":-0.04167718494537975,"upper_bound":-0.026695318744849095},"point_estimate":-0.03483209771880891,"standard_error":0.004135655560377337}}