{"mean":{"confidence_interval":{"confidence_level":0.95,"lower_bound":-0.37597999410761945,"upper_bound":-0.31801547126142354},"point_estimate":-0.34847258596730657,"standard_error":0.014874003841777799},"median":{"confidence_interval":{"confidence_level":0.95,"lower_bound":-0.3854501517295982,"upper_bound":-0.2975479638631593},"point_estimate":-0.35416897356228283,"standard_error":0.023571061697628806}}