{"mean":{"confidence_interval":{"confidence_level":0.95,"lower_bound":523327528.925,"upper_bound":527339222.3},"point_estimate":525083369.0,"standard_error":1034090.5095402449},"median":{"confidence_interval":{"confidence_level":0.95,"lower_bound":522888718.0,"upper_bound":526503297.0},"point_estimate":523850440.0,"standard_error":957102.0090229375},"median_abs_dev":{"confidence_interval":{"confidence_level":0.95,"lower_bound":368035.428366065,"upper_bound":4419486.709338427},"point_estimate":2145073.826417327,"standard_error":1064726.2078572486},"slope":null,"std_dev":{"confidence_interval":{"confidence_level":0.95,"lower_bound":1186329.7447297273,"upper_bound":4899603.174440936},"point_estimate":3452160.919550246,"standard_error":1083797.7090357821}}