{"mean":{"confidence_interval":{"confidence_level":0.95,"lower_bound":234973991.8133333,"upper_bound":236559912.5},"point_estimate":235778802.0,"standard_error":405676.8918173573},"median":{"confidence_interval":{"confidence_level":0.95,"lower_bound":234463505.33333334,"upper_bound":236722121.66666666},"point_estimate":235971306.33333334,"standard_error":630544.9598851335},"median_abs_dev":{"confidence_interval":{"confidence_level":0.95,"lower_bound":158831.92358015495,"upper_bound":2224710.2014034986},"point_estimate":1150695.2595710459,"standard_error":569146.6589297131},"slope":null,"std_dev":{"confidence_interval":{"confidence_level":0.95,"lower_bound":787805.1096175376,"upper_bound":1676491.6544100784},"point_estimate":1346713.0857048803,"standard_error":225166.85083968317}}