{"mean":{"confidence_interval":{"confidence_level":0.95,"lower_bound":289328248.3,"upper_bound":289933953.4},"point_estimate":289605637.05,"standard_error":155980.28370476168},"median":{"confidence_interval":{"confidence_level":0.95,"lower_bound":289240881.0,"upper_bound":290073502.5},"point_estimate":289380863.25,"standard_error":189098.67731951177},"median_abs_dev":{"confidence_interval":{"confidence_level":0.95,"lower_bound":44662.58290708065,"upper_bound":707170.5354452133},"point_estimate":310061.6922453046,"standard_error":176401.02786371397},"slope":null,"std_dev":{"confidence_interval":{"confidence_level":0.95,"lower_bound":166618.008728048,"upper_bound":649011.588955858},"point_estimate":521364.5008828303,"standard_error":126621.33737308733}}