{"mean":{"confidence_interval":{"confidence_level":0.95,"lower_bound":659326614.0999999,"upper_bound":665447374.0775},"point_estimate":662500269.3,"standard_error":1570360.3421865848},"median":{"confidence_interval":{"confidence_level":0.95,"lower_bound":658681513.0,"upper_bound":667118391.0},"point_estimate":663839702.5,"standard_error":2126857.384966048},"median_abs_dev":{"confidence_interval":{"confidence_level":0.95,"lower_bound":532015.433254838,"upper_bound":8468487.993854284},"point_estimate":5447654.223784804,"standard_error":1969578.766078254},"slope":null,"std_dev":{"confidence_interval":{"confidence_level":0.95,"lower_bound":2858425.836781979,"upper_bound":6654925.361348209},"point_estimate":5246640.293791173,"standard_error":987122.4673011368}}