{"mean":{"confidence_interval":{"confidence_level":0.95,"lower_bound":-0.029820827308155544,"upper_bound":-0.025340112771332746},"point_estimate":-0.027578847863802936,"standard_error":0.0011340943787132068},"median":{"confidence_interval":{"confidence_level":0.95,"lower_bound":-0.03001472111061343,"upper_bound":-0.024880160293000553},"point_estimate":-0.027518005191040973,"standard_error":0.0012982310602050052}}