{"mean":{"confidence_interval":{"confidence_level":0.95,"lower_bound":0.024632504774072656,"upper_bound":0.034193398297303175},"point_estimate":0.029343487317379235,"standard_error":0.0024305861707416667},"median":{"confidence_interval":{"confidence_level":0.95,"lower_bound":0.024276171053980278,"upper_bound":0.03388913546618988},"point_estimate":0.027900835261687407,"standard_error":0.0024528820799580805}}