{"mean":{"confidence_interval":{"confidence_level":0.95,"lower_bound":887270001.105,"upper_bound":897619744.355},"point_estimate":891266518.9,"standard_error":2869242.384544009},"median":{"confidence_interval":{"confidence_level":0.95,"lower_bound":886369623.0,"upper_bound":891518228.0},"point_estimate":888377014.0,"standard_error":1428925.1777236143},"median_abs_dev":{"confidence_interval":{"confidence_level":0.95,"lower_bound":710742.118781805,"upper_bound":5649092.858308554},"point_estimate":2829003.1246751547,"standard_error":1489413.1834978606},"slope":null,"std_dev":{"confidence_interval":{"confidence_level":0.95,"lower_bound":1533387.8178050572,"upper_bound":14617457.339766685},"point_estimate":9581229.495567065,"standard_error":4411643.035221987}}