{"mean":{"confidence_interval":{"confidence_level":0.95,"lower_bound":1205223951.0,"upper_bound":1222711669.4},"point_estimate":1213901255.6,"standard_error":4482521.26533221},"median":{"confidence_interval":{"confidence_level":0.95,"lower_bound":1200109913.5,"upper_bound":1230146170.0},"point_estimate":1213865559.0,"standard_error":9595164.550369678},"median_abs_dev":{"confidence_interval":{"confidence_level":0.95,"lower_bound":1485187.8519326448,"upper_bound":24053905.830457807},"point_estimate":22103162.312990427,"standard_error":6117642.945888057},"slope":null,"std_dev":{"confidence_interval":{"confidence_level":0.95,"lower_bound":10281390.017326618,"upper_bound":16659800.426786434},"point_estimate":14917588.578920554,"standard_error":1635581.5751131577}}