{"mean":{"confidence_interval":{"confidence_level":0.95,"lower_bound":-0.0025935006897176258,"upper_bound":-0.0005315251927481981},"point_estimate":-0.0015846996623403165,"standard_error":0.0005284465927244517},"median":{"confidence_interval":{"confidence_level":0.95,"lower_bound":-0.0030782849831508807,"upper_bound":-0.00024144291657268724},"point_estimate":-0.0016170060436154765,"standard_error":0.0006689814421205983}}