{"mean":{"confidence_interval":{"confidence_level":0.95,"lower_bound":0.019113376807192974,"upper_bound":0.024606912955905325},"point_estimate":0.021881660806575942,"standard_error":0.0014180207015336438},"median":{"confidence_interval":{"confidence_level":0.95,"lower_bound":0.016498187026472655,"upper_bound":0.027008694793899224},"point_estimate":0.02222861714362967,"standard_error":0.0028957574301234222}}