{"mean":{"confidence_interval":{"confidence_level":0.95,"lower_bound":-0.017389566382993688,"upper_bound":-0.010840907504303905},"point_estimate":-0.013933830666780223,"standard_error":0.0016439378205214774},"median":{"confidence_interval":{"confidence_level":0.95,"lower_bound":-0.015764951216015066,"upper_bound":-0.011085757151444775},"point_estimate":-0.013604794567168121,"standard_error":0.0012152049313685384}}