{"mean":{"confidence_interval":{"confidence_level":0.95,"lower_bound":0.05180034204512372,"upper_bound":0.06188959252112511},"point_estimate":0.056861626381161434,"standard_error":0.00259945464350275},"median":{"confidence_interval":{"confidence_level":0.95,"lower_bound":0.04876694753609745,"upper_bound":0.06690829096891893},"point_estimate":0.056289704926046236,"standard_error":0.004087387686304747}}