{"mean":{"confidence_interval":{"confidence_level":0.95,"lower_bound":0.003055212192236202,"upper_bound":0.018826854567375675},"point_estimate":0.011302206192480568,"standard_error":0.004036837496669461},"median":{"confidence_interval":{"confidence_level":0.95,"lower_bound":0.0026991823717075203,"upper_bound":0.02196744066965417},"point_estimate":0.012814342876826368,"standard_error":0.006689781130960605}}