{"mean":{"confidence_interval":{"confidence_level":0.95,"lower_bound":0.10071896252393862,"upper_bound":0.48618618661490764},"point_estimate":0.2919487584630902,"standard_error":0.09515422238082229},"median":{"confidence_interval":{"confidence_level":0.95,"lower_bound":0.08109392610153776,"upper_bound":0.6216508474465714},"point_estimate":0.09940022987954511,"standard_error":0.13056152368410767}}