{"mean":{"confidence_interval":{"confidence_level":0.95,"lower_bound":-0.022901985392919665,"upper_bound":0.0003933605527266473},"point_estimate":-0.01282566421139042,"standard_error":0.005834645278234153},"median":{"confidence_interval":{"confidence_level":0.95,"lower_bound":-0.0274742975544372,"upper_bound":-0.0025535169694502757},"point_estimate":-0.018070391449487633,"standard_error":0.005653581965093614}}