{"mean":{"confidence_interval":{"confidence_level":0.95,"lower_bound":1.005144598803003,"upper_bound":1.0348480263088673},"point_estimate":1.0208434207416048,"standard_error":0.007404517510498887},"median":{"confidence_interval":{"confidence_level":0.95,"lower_bound":1.00242820504491,"upper_bound":1.038108477694975},"point_estimate":1.0238564271066557,"standard_error":0.00752138206233843}}