{"mean":{"confidence_interval":{"confidence_level":0.95,"lower_bound":619763207.5,"upper_bound":628874784.3025},"point_estimate":624505894.2,"standard_error":2338336.6920678797},"median":{"confidence_interval":{"confidence_level":0.95,"lower_bound":617502604.0,"upper_bound":631275453.0},"point_estimate":627498822.5,"standard_error":4227561.174793848},"median_abs_dev":{"confidence_interval":{"confidence_level":0.95,"lower_bound":734786.9251549244,"upper_bound":12579464.922469854},"point_estimate":6385173.351940513,"standard_error":3678142.366722367},"slope":null,"std_dev":{"confidence_interval":{"confidence_level":0.95,"lower_bound":4335429.552996817,"upper_bound":9346498.423258718},"point_estimate":7783793.437851122,"standard_error":1264332.6981828827}}