{"mean":{"confidence_interval":{"confidence_level":0.95,"lower_bound":0.04400012049531163,"upper_bound":0.04704595367081977},"point_estimate":0.045579920516519934,"standard_error":0.000776984190111462},"median":{"confidence_interval":{"confidence_level":0.95,"lower_bound":0.04374048601076996,"upper_bound":0.04765801571487338},"point_estimate":0.045618603115274325,"standard_error":0.0009521769368501474}}