{"mean":{"confidence_interval":{"confidence_level":0.95,"lower_bound":-0.03398609711597298,"upper_bound":-0.02234851282617178},"point_estimate":-0.028418378656448806,"standard_error":0.002977779471014861},"median":{"confidence_interval":{"confidence_level":0.95,"lower_bound":-0.032218163194020155,"upper_bound":-0.02521872603556341},"point_estimate":-0.02927399772071637,"standard_error":0.0016959937721206721}}