{"mean":{"confidence_interval":{"confidence_level":0.95,"lower_bound":-0.03692810585612261,"upper_bound":-0.03262329411549436},"point_estimate":-0.034712806980282784,"standard_error":0.0010894438846930548},"median":{"confidence_interval":{"confidence_level":0.95,"lower_bound":-0.03733566186268744,"upper_bound":-0.032147839015414514},"point_estimate":-0.03379119977778977,"standard_error":0.0011187199035537375}}