{"mean":{"confidence_interval":{"confidence_level":0.95,"lower_bound":418194392.76,"upper_bound":419215588.3},"point_estimate":418683125.15,"standard_error":262476.13376804773},"median":{"confidence_interval":{"confidence_level":0.95,"lower_bound":418168368.75,"upper_bound":419405916.5},"point_estimate":418528506.25,"standard_error":241524.76482219802},"median_abs_dev":{"confidence_interval":{"confidence_level":0.95,"lower_bound":122943.1202173233,"upper_bound":1588754.5024439692},"point_estimate":414865.9430846572,"standard_error":379353.60167636885},"slope":null,"std_dev":{"confidence_interval":{"confidence_level":0.95,"lower_bound":336997.268819072,"upper_bound":1134450.973891249},"point_estimate":874660.6632697636,"standard_error":195300.60845714272}}