{"mean":{"confidence_interval":{"confidence_level":0.95,"lower_bound":-0.01894580038235973,"upper_bound":-0.016085649612829038},"point_estimate":-0.017575263795371554,"standard_error":0.0007325414880951695},"median":{"confidence_interval":{"confidence_level":0.95,"lower_bound":-0.018962758012365577,"upper_bound":-0.015966043925424},"point_estimate":-0.017435239877021003,"standard_error":0.0007243799054390063}}