{"mean":{"confidence_interval":{"confidence_level":0.95,"lower_bound":-0.0014564635155382055,"upper_bound":0.0028626787409042616},"point_estimate":0.0008573494604522391,"standard_error":0.0011076390281050505},"median":{"confidence_interval":{"confidence_level":0.95,"lower_bound":-0.0016116148540153974,"upper_bound":0.003598786279506161},"point_estimate":0.0015512731305276084,"standard_error":0.0013060343598098867}}