{"mean":{"confidence_interval":{"confidence_level":0.95,"lower_bound":-0.020707159747095354,"upper_bound":-0.01365784524521942},"point_estimate":-0.01714363987702594,"standard_error":0.0018012673912788256},"median":{"confidence_interval":{"confidence_level":0.95,"lower_bound":-0.0214098465395971,"upper_bound":-0.011362028533098867},"point_estimate":-0.01673823469229163,"standard_error":0.0027263939545840604}}