{"mean":{"confidence_interval":{"confidence_level":0.95,"lower_bound":0.0022981656933170782,"upper_bound":0.007918355808156143},"point_estimate":0.004985331050588737,"standard_error":0.0014455876027993325},"median":{"confidence_interval":{"confidence_level":0.95,"lower_bound":0.0012768520403505512,"upper_bound":0.008642310470112102},"point_estimate":0.004310317369891514,"standard_error":0.0018492777927674045}}