{"mean":{"confidence_interval":{"confidence_level":0.95,"lower_bound":-0.000011300481212069268,"upper_bound":0.004930630988538541},"point_estimate":0.00265881958026859,"standard_error":0.0012689205321353555},"median":{"confidence_interval":{"confidence_level":0.95,"lower_bound":0.0012360226033603094,"upper_bound":0.006095938737116446},"point_estimate":0.004638642179787267,"standard_error":0.0012344106202428974}}