{"mean":{"confidence_interval":{"confidence_level":0.95,"lower_bound":0.0558682641179503,"upper_bound":0.1088938069127048},"point_estimate":0.07462391183968653,"standard_error":0.015298706458814327},"median":{"confidence_interval":{"confidence_level":0.95,"lower_bound":0.0549392748743478,"upper_bound":0.06525562896040449},"point_estimate":0.06048877154421595,"standard_error":0.0023846631254999797}}