{"mean":{"confidence_interval":{"confidence_level":0.95,"lower_bound":0.0380315328999566,"upper_bound":0.07355360815936277},"point_estimate":0.056193985699800164,"standard_error":0.009003786249861315},"median":{"confidence_interval":{"confidence_level":0.95,"lower_bound":0.025855430892935072,"upper_bound":0.08177788874025227},"point_estimate":0.06865655438219975,"standard_error":0.016880041767426943}}