{"mean":{"confidence_interval":{"confidence_level":0.95,"lower_bound":-0.03278571932516548,"upper_bound":-0.01374946608940417},"point_estimate":-0.021255674715424222,"standard_error":0.0051927344299466695},"median":{"confidence_interval":{"confidence_level":0.95,"lower_bound":-0.019840070985038705,"upper_bound":-0.012697094545477294},"point_estimate":-0.0151443606349283,"standard_error":0.0021167402955431258}}