{"mean":{"confidence_interval":{"confidence_level":0.95,"lower_bound":-0.02258647632507828,"upper_bound":-0.015041554196808539},"point_estimate":-0.01861687743539675,"standard_error":0.0019311480250161475},"median":{"confidence_interval":{"confidence_level":0.95,"lower_bound":-0.02171040275637859,"upper_bound":-0.01372999332465985},"point_estimate":-0.017931491852805514,"standard_error":0.0020373922089486425}}