{"mean":{"confidence_interval":{"confidence_level":0.95,"lower_bound":0.9932043392135205,"upper_bound":1.063789564626576},"point_estimate":1.0261019522970867,"standard_error":0.017568015586198384},"median":{"confidence_interval":{"confidence_level":0.95,"lower_bound":0.9887126063388691,"upper_bound":1.064799174721149},"point_estimate":1.008180277441077,"standard_error":0.021582300286074364}}