{"mean":{"confidence_interval":{"confidence_level":0.95,"lower_bound":-0.05026827051454837,"upper_bound":-0.028198846627633587},"point_estimate":-0.037156373346601934,"standard_error":0.005931762862110644},"median":{"confidence_interval":{"confidence_level":0.95,"lower_bound":-0.03842553409125482,"upper_bound":-0.02540755085107127},"point_estimate":-0.03360120971392344,"standard_error":0.003803879064343769}}