{"mean":{"confidence_interval":{"confidence_level":0.95,"lower_bound":600170649.2975,"upper_bound":625361000.1975},"point_estimate":611921135.0,"standard_error":6503403.53055049},"median":{"confidence_interval":{"confidence_level":0.95,"lower_bound":595696154.5,"upper_bound":635405954.0},"point_estimate":602602730.5,"standard_error":9850884.398986945},"median_abs_dev":{"confidence_interval":{"confidence_level":0.95,"lower_bound":2511307.1545153856,"upper_bound":34303364.818793535},"point_estimate":10812528.960639238,"standard_error":8255587.377433848},"slope":null,"std_dev":{"confidence_interval":{"confidence_level":0.95,"lower_bound":6209631.250806308,"upper_bound":26098451.630468395},"point_estimate":21653309.665211227,"standard_error":4246902.767201921}}