{"mean":{"confidence_interval":{"confidence_level":0.95,"lower_bound":454661621.08125,"upper_bound":458930617.2675},"point_estimate":456486920.4,"standard_error":1110216.7074878477},"median":{"confidence_interval":{"confidence_level":0.95,"lower_bound":454018666.5,"upper_bound":457518740.75},"point_estimate":455476818.75,"standard_error":930371.8471151196},"median_abs_dev":{"confidence_interval":{"confidence_level":0.95,"lower_bound":628992.6681831479,"upper_bound":4220808.305315673},"point_estimate":2261701.441396773,"standard_error":929492.4015717736},"slope":null,"std_dev":{"confidence_interval":{"confidence_level":0.95,"lower_bound":1184165.698449281,"upper_bound":5376023.681381651},"point_estimate":3696200.6373366527,"standard_error":1279549.523498901}}