{"mean":{"confidence_interval":{"confidence_level":0.95,"lower_bound":-0.015169455283633478,"upper_bound":-0.005445409721696298},"point_estimate":-0.009611335352197159,"standard_error":0.002525634556202566},"median":{"confidence_interval":{"confidence_level":0.95,"lower_bound":-0.011052947310094763,"upper_bound":-0.004602395041965912},"point_estimate":-0.008038511919069236,"standard_error":0.001653269245593705}}