{"mean":{"confidence_interval":{"confidence_level":0.95,"lower_bound":0.025218520040367454,"upper_bound":0.04870698823971055},"point_estimate":0.03411612732957425,"standard_error":0.006310510276447561},"median":{"confidence_interval":{"confidence_level":0.95,"lower_bound":0.023554973342993835,"upper_bound":0.031005572040774476},"point_estimate":0.028851630056120348,"standard_error":0.0017649019365658135}}