{"mean":{"confidence_interval":{"confidence_level":0.95,"lower_bound":-0.055594499902188295,"upper_bound":-0.04610096112586739},"point_estimate":-0.050630602032537664,"standard_error":0.0024400965647763825},"median":{"confidence_interval":{"confidence_level":0.95,"lower_bound":-0.058988362098542524,"upper_bound":-0.04339681222837655},"point_estimate":-0.04791356403772551,"standard_error":0.003701866507488853}}