{"mean":{"confidence_interval":{"confidence_level":0.95,"lower_bound":-0.02432669738089463,"upper_bound":0.01000124649982173},"point_estimate":-0.0024000264053148923,"standard_error":0.010315802681946007},"median":{"confidence_interval":{"confidence_level":0.95,"lower_bound":0.006072719105158164,"upper_bound":0.01072626762637241},"point_estimate":0.007767155306921625,"standard_error":0.0027368235956156395}}