{"mean":{"confidence_interval":{"confidence_level":0.95,"lower_bound":-0.0507309020158488,"upper_bound":-0.04488754017926418},"point_estimate":-0.04764252118419088,"standard_error":0.001513705322438822},"median":{"confidence_interval":{"confidence_level":0.95,"lower_bound":-0.05193246126673212,"upper_bound":-0.04258623338885981},"point_estimate":-0.04678419420828395,"standard_error":0.00276663365514174}}