{"mean":{"confidence_interval":{"confidence_level":0.95,"lower_bound":0.011957155221226435,"upper_bound":0.014960721986995173},"point_estimate":0.013518665323656753,"standard_error":0.0007683381276448103},"median":{"confidence_interval":{"confidence_level":0.95,"lower_bound":0.011861783379214286,"upper_bound":0.015657426710727007},"point_estimate":0.013854200062848099,"standard_error":0.000941539221127246}}