{"mean":{"confidence_interval":{"confidence_level":0.95,"lower_bound":0.023953406055005216,"upper_bound":0.03154944266829544},"point_estimate":0.02778519417702241,"standard_error":0.001918208398195421},"median":{"confidence_interval":{"confidence_level":0.95,"lower_bound":0.02554223299234848,"upper_bound":0.03013283002696543},"point_estimate":0.027933852353024813,"standard_error":0.0012602060902675571}}