{"mean":{"confidence_interval":{"confidence_level":0.95,"lower_bound":0.05090532989646603,"upper_bound":0.060068962479908374},"point_estimate":0.055323644210156786,"standard_error":0.00234194939998817},"median":{"confidence_interval":{"confidence_level":0.95,"lower_bound":0.04995264557307033,"upper_bound":0.06249911763114846},"point_estimate":0.05320244614574654,"standard_error":0.0028253134177228436}}