{"mean":{"confidence_interval":{"confidence_level":0.95,"lower_bound":-0.018329073531191224,"upper_bound":-0.013733311183252451},"point_estimate":-0.016065523635415024,"standard_error":0.0011762302910657031},"median":{"confidence_interval":{"confidence_level":0.95,"lower_bound":-0.018832668051317003,"upper_bound":-0.013685885816018867},"point_estimate":-0.015933221532456687,"standard_error":0.0013254118383945889}}