{"mean":{"confidence_interval":{"confidence_level":0.95,"lower_bound":-0.008127466726508785,"upper_bound":-0.0029788842383127643},"point_estimate":-0.0054712029660543005,"standard_error":0.0013170618120058946},"median":{"confidence_interval":{"confidence_level":0.95,"lower_bound":-0.01029439031210111,"upper_bound":-0.0016080009059835287},"point_estimate":-0.004735591468397304,"standard_error":0.0022756417528001943}}