{"mean":{"confidence_interval":{"confidence_level":0.95,"lower_bound":203145620.53583333,"upper_bound":203827127.79999998},"point_estimate":203459056.8,"standard_error":174463.0836769888},"median":{"confidence_interval":{"confidence_level":0.95,"lower_bound":203088198.6666667,"upper_bound":203808957.5},"point_estimate":203287255.3333333,"standard_error":190839.79297509728},"median_abs_dev":{"confidence_interval":{"confidence_level":0.95,"lower_bound":83320.38882076004,"upper_bound":901402.4985968919},"point_estimate":399016.0845160337,"standard_error":214154.79371882524},"slope":null,"std_dev":{"confidence_interval":{"confidence_level":0.95,"lower_bound":240207.1822084981,"upper_bound":785348.3081698446},"point_estimate":579897.8982089321,"standard_error":146755.73044750953}}