{"mean":{"confidence_interval":{"confidence_level":0.95,"lower_bound":0.043104708353541125,"upper_bound":0.046662058442053456},"point_estimate":0.04498470586797221,"standard_error":0.0009113487382529963},"median":{"confidence_interval":{"confidence_level":0.95,"lower_bound":0.04332188265370629,"upper_bound":0.04708617365147805},"point_estimate":0.04494128602048719,"standard_error":0.0008789865623635907}}