{"mean":{"confidence_interval":{"confidence_level":0.95,"lower_bound":-0.06559169043920315,"upper_bound":-0.055219220716858634},"point_estimate":-0.06012988236912942,"standard_error":0.002644780238890725},"median":{"confidence_interval":{"confidence_level":0.95,"lower_bound":-0.06594772538405125,"upper_bound":-0.05365001893895993},"point_estimate":-0.06091579125730351,"standard_error":0.00313847714780446}}