{"mean":{"confidence_interval":{"confidence_level":0.95,"lower_bound":0.013487164514567362,"upper_bound":0.02911514516184927},"point_estimate":0.021031183227749217,"standard_error":0.004012160985354731},"median":{"confidence_interval":{"confidence_level":0.95,"lower_bound":0.008634544149149992,"upper_bound":0.032876678877139964},"point_estimate":0.016346895642849635,"standard_error":0.006860978631149937}}