{"mean":{"confidence_interval":{"confidence_level":0.95,"lower_bound":0.00951128793630442,"upper_bound":0.05061932732542232},"point_estimate":0.02966147851130141,"standard_error":0.010884766047220685},"median":{"confidence_interval":{"confidence_level":0.95,"lower_bound":0.0014656250673255045,"upper_bound":0.0687754412143613},"point_estimate":0.013401713624262124,"standard_error":0.016227159154325065}}