{"mean":{"confidence_interval":{"confidence_level":0.95,"lower_bound":980693375.4,"upper_bound":983198035.1},"point_estimate":981804301.0,"standard_error":647582.8700568497},"median":{"confidence_interval":{"confidence_level":0.95,"lower_bound":980501793.0,"upper_bound":982772260.0},"point_estimate":980804408.5,"standard_error":657422.1925114437},"median_abs_dev":{"confidence_interval":{"confidence_level":0.95,"lower_bound":53295.021253824234,"upper_bound":3052144.798913598},"point_estimate":734844.7465538979,"standard_error":794590.178005944},"slope":null,"std_dev":{"confidence_interval":{"confidence_level":0.95,"lower_bound":600486.5738453459,"upper_bound":2974043.9694188735},"point_estimate":2163659.7754659425,"standard_error":633228.1863090172}}