{"mean":{"confidence_interval":{"confidence_level":0.95,"lower_bound":154333615.549254,"upper_bound":155156968.1044405},"point_estimate":154707280.62968257,"standard_error":212238.26992131423},"median":{"confidence_interval":{"confidence_level":0.95,"lower_bound":154309591.5,"upper_bound":155081398.5},"point_estimate":154557356.25,"standard_error":160006.3174246343},"median_abs_dev":{"confidence_interval":{"confidence_level":0.95,"lower_bound":81819.35518742491,"upper_bound":1095178.3645766797},"point_estimate":322812.13438560074,"standard_error":262924.84789153625},"slope":{"confidence_interval":{"confidence_level":0.95,"lower_bound":154378264.75645757,"upper_bound":155640796.39893606},"point_estimate":154978916.69350648,"standard_error":361463.32415247767},"std_dev":{"confidence_interval":{"confidence_level":0.95,"lower_bound":210966.09048753363,"upper_bound":960750.3710287162},"point_estimate":706573.8703292592,"standard_error":196030.98060968006}}