{"mean":{"confidence_interval":{"confidence_level":0.95,"lower_bound":-0.004299589784599555,"upper_bound":0.0013492820176067115},"point_estimate":-0.0014766017733647274,"standard_error":0.0014406957778961406},"median":{"confidence_interval":{"confidence_level":0.95,"lower_bound":-0.005171720792294998,"upper_bound":0.0014715944182166485},"point_estimate":-0.0017160124600232862,"standard_error":0.0015048046411457623}}