{"mean":{"confidence_interval":{"confidence_level":0.95,"lower_bound":1.18090122526973,"upper_bound":1.7968239857071797},"point_estimate":1.4982571005814367,"standard_error":0.15956562657195},"median":{"confidence_interval":{"confidence_level":0.95,"lower_bound":1.0723255844912303,"upper_bound":2.039050085787889},"point_estimate":1.456966363559319,"standard_error":0.249713722893697}}