{"mean":{"confidence_interval":{"confidence_level":0.95,"lower_bound":-0.012873773227706973,"upper_bound":-0.007429235730361072},"point_estimate":-0.010140868198756037,"standard_error":0.001383537085763208},"median":{"confidence_interval":{"confidence_level":0.95,"lower_bound":-0.013100981133600587,"upper_bound":-0.005634848156773953},"point_estimate":-0.008382782833291524,"standard_error":0.002025996555360286}}