{"mean":{"confidence_interval":{"confidence_level":0.95,"lower_bound":-0.03437903999542621,"upper_bound":-0.028281973759231284},"point_estimate":-0.031434113241971096,"standard_error":0.0015577402700142579},"median":{"confidence_interval":{"confidence_level":0.95,"lower_bound":-0.03374047280124093,"upper_bound":-0.029317058501598492},"point_estimate":-0.031262399201691826,"standard_error":0.0011223102921651185}}