{"mean":{"confidence_interval":{"confidence_level":0.95,"lower_bound":526806416.16,"upper_bound":535327625.17249995},"point_estimate":530531803.0,"standard_error":2212716.0042332206},"median":{"confidence_interval":{"confidence_level":0.95,"lower_bound":525898783.0,"upper_bound":535052457.5},"point_estimate":527983953.0,"standard_error":1865619.158648406},"median_abs_dev":{"confidence_interval":{"confidence_level":0.95,"lower_bound":607413.0549162626,"upper_bound":9100988.122925162},"point_estimate":2552493.04048419,"standard_error":1958254.3694874325},"slope":null,"std_dev":{"confidence_interval":{"confidence_level":0.95,"lower_bound":1393976.493299032,"upper_bound":9755542.468608467},"point_estimate":7361588.063745274,"standard_error":2259973.071420984}}