{"mean":{"confidence_interval":{"confidence_level":0.95,"lower_bound":-0.0018115911479710859,"upper_bound":0.005003967503536104},"point_estimate":0.0017187713585049558,"standard_error":0.0017348628380576766},"median":{"confidence_interval":{"confidence_level":0.95,"lower_bound":-0.0021308340635965983,"upper_bound":0.005281002908578358},"point_estimate":0.0032289756719157126,"standard_error":0.0020950858799943916}}