{"mean":{"confidence_interval":{"confidence_level":0.95,"lower_bound":604894066.5025,"upper_bound":606495571.7},"point_estimate":605720363.7,"standard_error":409883.332642954},"median":{"confidence_interval":{"confidence_level":0.95,"lower_bound":604138895.0,"upper_bound":606843903.0},"point_estimate":605926816.5,"standard_error":648007.0497661766},"median_abs_dev":{"confidence_interval":{"confidence_level":0.95,"lower_bound":132452.51644849777,"upper_bound":2323572.1915483475},"point_estimate":1368179.579409957,"standard_error":556617.8766795266},"slope":null,"std_dev":{"confidence_interval":{"confidence_level":0.95,"lower_bound":699062.696645332,"upper_bound":1637958.7226544905},"point_estimate":1363409.7617141164,"standard_error":222257.69215163347}}