{"mean":{"confidence_interval":{"confidence_level":0.95,"lower_bound":817355333.9,"upper_bound":822225329.4375},"point_estimate":819850289.9,"standard_error":1247097.3185889306},"median":{"confidence_interval":{"confidence_level":0.95,"lower_bound":817678013.0,"upper_bound":823539408.0},"point_estimate":819317391.5,"standard_error":1571079.2030598137},"median_abs_dev":{"confidence_interval":{"confidence_level":0.95,"lower_bound":387742.88851618767,"upper_bound":7841933.831977844},"point_estimate":2855738.108700514,"standard_error":1765450.7319305716},"slope":null,"std_dev":{"confidence_interval":{"confidence_level":0.95,"lower_bound":2188948.2058598143,"upper_bound":5491498.0565910395},"point_estimate":4146621.8327800133,"standard_error":881749.7931141867}}