{"mean":{"confidence_interval":{"confidence_level":0.95,"lower_bound":244898606.03333336,"upper_bound":245494958.28833333},"point_estimate":245206314.4666667,"standard_error":152842.85617578166},"median":{"confidence_interval":{"confidence_level":0.95,"lower_bound":244760709.33333334,"upper_bound":245574596.3333333},"point_estimate":245358302.8333333,"standard_error":223849.50729873063},"median_abs_dev":{"confidence_interval":{"confidence_level":0.95,"lower_bound":93731.94713591793,"upper_bound":841641.3646578937},"point_estimate":501514.15109632927,"standard_error":205345.0677071673},"slope":null,"std_dev":{"confidence_interval":{"confidence_level":0.95,"lower_bound":278410.00165823835,"upper_bound":632920.4920299415},"point_estimate":508974.7912294547,"standard_error":89590.66090243972}}