{"mean":{"confidence_interval":{"confidence_level":0.95,"lower_bound":220370268.61416668,"upper_bound":222642177.0},"point_estimate":221317872.2666667,"standard_error":597199.0917037012},"median":{"confidence_interval":{"confidence_level":0.95,"lower_bound":220116007.16666666,"upper_bound":221602985.3333333},"point_estimate":220928539.83333334,"standard_error":325020.5636232083},"median_abs_dev":{"confidence_interval":{"confidence_level":0.95,"lower_bound":192885.0210756137,"upper_bound":1984699.2575645593},"point_estimate":560820.1268434303,"standard_error":518797.7263446438},"slope":null,"std_dev":{"confidence_interval":{"confidence_level":0.95,"lower_bound":496129.4825594926,"upper_bound":2956584.1671948996},"point_estimate":1986412.1848197158,"standard_error":768201.8093569649}}