{"mean":{"confidence_interval":{"confidence_level":0.95,"lower_bound":460720640.60375,"upper_bound":464405526.41},"point_estimate":462303726.4,"standard_error":959260.8118679463},"median":{"confidence_interval":{"confidence_level":0.95,"lower_bound":460155117.0,"upper_bound":463726137.0},"point_estimate":461140843.75,"standard_error":983012.3696433371},"median_abs_dev":{"confidence_interval":{"confidence_level":0.95,"lower_bound":338505.74339032173,"upper_bound":4123889.6330863237},"point_estimate":1875252.8626576066,"standard_error":952625.2661552856},"slope":null,"std_dev":{"confidence_interval":{"confidence_level":0.95,"lower_bound":1082401.5716072395,"upper_bound":4633714.066298206},"point_estimate":3203856.497319058,"standard_error":1081101.7857477672}}