{"mean":{"confidence_interval":{"confidence_level":0.95,"lower_bound":-0.028904496151144484,"upper_bound":-0.02116582787102512},"point_estimate":-0.025594390757678553,"standard_error":0.0019980949012401946},"median":{"confidence_interval":{"confidence_level":0.95,"lower_bound":-0.030114072003187276,"upper_bound":-0.023893333725831356},"point_estimate":-0.026342152194840374,"standard_error":0.0016320992955801254}}