{"mean":{"confidence_interval":{"confidence_level":0.95,"lower_bound":719070532.7225001,"upper_bound":725033542.2},"point_estimate":721683185.1,"standard_error":1519764.2188830753},"median":{"confidence_interval":{"confidence_level":0.95,"lower_bound":718403585.0,"upper_bound":725578157.0},"point_estimate":719695269.5,"standard_error":1404054.3746624007},"median_abs_dev":{"confidence_interval":{"confidence_level":0.95,"lower_bound":459007.0214509964,"upper_bound":7194768.565267324},"point_estimate":1916648.165872693,"standard_error":1375151.2332071422},"slope":null,"std_dev":{"confidence_interval":{"confidence_level":0.95,"lower_bound":965103.1677709232,"upper_bound":6398851.279201088},"point_estimate":5064360.522489893,"standard_error":1464502.1519391844}}