{"mean":{"confidence_interval":{"confidence_level":0.95,"lower_bound":-0.00995150483176741,"upper_bound":0.004122352206890729},"point_estimate":-0.004177327594380942,"standard_error":0.003735027669999368},"median":{"confidence_interval":{"confidence_level":0.95,"lower_bound":-0.011585112449629897,"upper_bound":-0.002875106629135149},"point_estimate":-0.008123315774193895,"standard_error":0.002207195330783566}}