{"mean":{"confidence_interval":{"confidence_level":0.95,"lower_bound":0.0012647627783867693,"upper_bound":0.003915114162561599},"point_estimate":0.0025728812576979454,"standard_error":0.0006782855489387037},"median":{"confidence_interval":{"confidence_level":0.95,"lower_bound":0.000895380290532044,"upper_bound":0.004577915170804525},"point_estimate":0.00203497023972532,"standard_error":0.0009912364724445294}}