{"mean":{"confidence_interval":{"confidence_level":0.95,"lower_bound":635601324.7975,"upper_bound":644304419.8},"point_estimate":638715831.9,"standard_error":2571505.0881197713},"median":{"confidence_interval":{"confidence_level":0.95,"lower_bound":635322491.0,"upper_bound":637316693.5},"point_estimate":636068718.0,"standard_error":744579.8248277714},"median_abs_dev":{"confidence_interval":{"confidence_level":0.95,"lower_bound":187434.73647236824,"upper_bound":2398379.738420248},"point_estimate":997813.5038852692,"standard_error":859992.8054750027},"slope":null,"std_dev":{"confidence_interval":{"confidence_level":0.95,"lower_bound":567566.659764117,"upper_bound":13148403.206085311},"point_estimate":8556558.484235216,"standard_error":4491521.356628905}}