{"mean":{"confidence_interval":{"confidence_level":0.95,"lower_bound":-0.010401141998982585,"upper_bound":-0.003413851171073316},"point_estimate":-0.006764300844361415,"standard_error":0.0017713908173385628},"median":{"confidence_interval":{"confidence_level":0.95,"lower_bound":-0.011705115085473117,"upper_bound":-0.001989191996449202},"point_estimate":-0.005730000706420824,"standard_error":0.0024339882005493833}}