{"mean":{"confidence_interval":{"confidence_level":0.95,"lower_bound":395666543.55,"upper_bound":397807945.2},"point_estimate":396751068.75,"standard_error":549773.3683068665},"median":{"confidence_interval":{"confidence_level":0.95,"lower_bound":395138912.75,"upper_bound":398535749.0},"point_estimate":396850097.25,"standard_error":993084.8593175237},"median_abs_dev":{"confidence_interval":{"confidence_level":0.95,"lower_bound":380678.6702916026,"upper_bound":3086051.489661634},"point_estimate":2328713.848257065,"standard_error":707089.1217261766},"slope":null,"std_dev":{"confidence_interval":{"confidence_level":0.95,"lower_bound":1156626.1455373333,"upper_bound":2199550.2495723134},"point_estimate":1831239.1551688777,"standard_error":266595.0857144636}}