{"mean":{"confidence_interval":{"confidence_level":0.95,"lower_bound":0.6508660398755797,"upper_bound":0.6816036575305128},"point_estimate":0.6660597967611663,"standard_error":0.007618435705503839},"median":{"confidence_interval":{"confidence_level":0.95,"lower_bound":0.647473565254203,"upper_bound":0.6750663734944913},"point_estimate":0.6692735904826705,"standard_error":0.008196260852192327}}