{"mean":{"confidence_interval":{"confidence_level":0.95,"lower_bound":753369489.805,"upper_bound":754406310.6},"point_estimate":753861191.2,"standard_error":263363.15128147183},"median":{"confidence_interval":{"confidence_level":0.95,"lower_bound":753466394.5,"upper_bound":754212436.0},"point_estimate":753822556.0,"standard_error":212285.25523289977},"median_abs_dev":{"confidence_interval":{"confidence_level":0.95,"lower_bound":24631.915962696075,"upper_bound":1335766.2374854088},"point_estimate":456193.04670095444,"standard_error":299358.98528972216},"slope":null,"std_dev":{"confidence_interval":{"confidence_level":0.95,"lower_bound":273230.2472742857,"upper_bound":1249017.1715243878},"point_estimate":877232.717067053,"standard_error":253496.2819895473}}