{"mean":{"confidence_interval":{"confidence_level":0.95,"lower_bound":0.96554101700665,"upper_bound":0.9914427311490446},"point_estimate":0.9794564236755339,"standard_error":0.006654829480650267},"median":{"confidence_interval":{"confidence_level":0.95,"lower_bound":0.9668257117367665,"upper_bound":0.9940820030330642},"point_estimate":0.9879784169806922,"standard_error":0.006495682781372248}}