{"mean":{"confidence_interval":{"confidence_level":0.95,"lower_bound":-0.022491985991801803,"upper_bound":-0.014154224695414414},"point_estimate":-0.01841026850698968,"standard_error":0.002118756583116889},"median":{"confidence_interval":{"confidence_level":0.95,"lower_bound":-0.02189079826958562,"upper_bound":-0.014754715532514506},"point_estimate":-0.019178909806929934,"standard_error":0.0017371071680803202}}