{"mean":{"confidence_interval":{"confidence_level":0.95,"lower_bound":-0.06276874087355955,"upper_bound":-0.05452719107506046},"point_estimate":-0.058653063182653065,"standard_error":0.00211280533412519},"median":{"confidence_interval":{"confidence_level":0.95,"lower_bound":-0.06355604179273844,"upper_bound":-0.051106000132141394},"point_estimate":-0.060410802011946596,"standard_error":0.003317777432928754}}