{"mean":{"confidence_interval":{"confidence_level":0.95,"lower_bound":1243083445.1000001,"upper_bound":1244703652.5},"point_estimate":1243895244.6,"standard_error":416420.7531287454},"median":{"confidence_interval":{"confidence_level":0.95,"lower_bound":1242531637.0,"upper_bound":1245300754.0},"point_estimate":1243963194.0,"standard_error":870778.5452094038},"median_abs_dev":{"confidence_interval":{"confidence_level":0.95,"lower_bound":184143.36453080177,"upper_bound":2174901.5139877796},"point_estimate":2052746.3956564665,"standard_error":556632.4838933478},"slope":null,"std_dev":{"confidence_interval":{"confidence_level":0.95,"lower_bound":953691.6021182808,"upper_bound":1570720.9895877598},"point_estimate":1391107.2269851333,"standard_error":159284.92656715776}}