{"mean":{"confidence_interval":{"confidence_level":0.95,"lower_bound":-0.0052128934267201745,"upper_bound":0.000403467614938607},"point_estimate":-0.0024727179933650145,"standard_error":0.0014307132803003295},"median":{"confidence_interval":{"confidence_level":0.95,"lower_bound":-0.00588866242620989,"upper_bound":-8.603327253053905e-6},"point_estimate":-0.001819148955297556,"standard_error":0.001353078069802414}}