{"mean":{"confidence_interval":{"confidence_level":0.95,"lower_bound":-0.05717872049594962,"upper_bound":-0.04946016036465166},"point_estimate":-0.05321128797949648,"standard_error":0.0019730669348316772},"median":{"confidence_interval":{"confidence_level":0.95,"lower_bound":-0.057395101797237946,"upper_bound":-0.04852464536571721},"point_estimate":-0.05088238341918705,"standard_error":0.002236677327537391}}