{"mean":{"confidence_interval":{"confidence_level":0.95,"lower_bound":1092886234.105,"upper_bound":1272003066.4975},"point_estimate":1189722524.6,"standard_error":46063003.75967646},"median":{"confidence_interval":{"confidence_level":0.95,"lower_bound":1094050616.0,"upper_bound":1294200630.0},"point_estimate":1242709600.5,"standard_error":52909688.15553779},"median_abs_dev":{"confidence_interval":{"confidence_level":0.95,"lower_bound":21203455.414563417,"upper_bound":246479589.54621255},"point_estimate":86141870.2215761,"standard_error":57967557.895873606},"slope":null,"std_dev":{"confidence_interval":{"confidence_level":0.95,"lower_bound":53231088.87904569,"upper_bound":198981818.65792578},"point_estimate":153251692.54036972,"standard_error":36462341.5683358}}