{"mean":{"confidence_interval":{"confidence_level":0.95,"lower_bound":977117355.0425,"upper_bound":992067020.5125},"point_estimate":982412362.4,"standard_error":4463569.609484101},"median":{"confidence_interval":{"confidence_level":0.95,"lower_bound":976640950.0,"upper_bound":979672914.0},"point_estimate":977815258.5,"standard_error":1262422.250544756},"median_abs_dev":{"confidence_interval":{"confidence_level":0.95,"lower_bound":340032.8213632107,"upper_bound":3434419.858726859},"point_estimate":1749656.259137392,"standard_error":1369628.8107713673},"slope":null,"std_dev":{"confidence_interval":{"confidence_level":0.95,"lower_bound":959919.150932458,"upper_bound":22848246.514866628},"point_estimate":14876578.47439763,"standard_error":7964832.160902795}}