{"mean":{"confidence_interval":{"confidence_level":0.95,"lower_bound":0.004442002456829813,"upper_bound":0.008181842346526058},"point_estimate":0.006268267934896876,"standard_error":0.0009329380284634607},"median":{"confidence_interval":{"confidence_level":0.95,"lower_bound":0.0049293358759183725,"upper_bound":0.00793353397075447},"point_estimate":0.00649077996900238,"standard_error":0.0007892004412444135}}