{"mean":{"confidence_interval":{"confidence_level":0.95,"lower_bound":-0.019007372737623394,"upper_bound":-0.015900060592652972},"point_estimate":-0.01755960790644495,"standard_error":0.000782708037573382},"median":{"confidence_interval":{"confidence_level":0.95,"lower_bound":-0.018946785214939643,"upper_bound":-0.016165459330981014},"point_estimate":-0.01795686620870529,"standard_error":0.0007180587716833033}}