{"mean":{"confidence_interval":{"confidence_level":0.95,"lower_bound":0.915237923336105,"upper_bound":0.9522425038607197},"point_estimate":0.935223955149598,"standard_error":0.009457976274703586},"median":{"confidence_interval":{"confidence_level":0.95,"lower_bound":0.9232021036025835,"upper_bound":0.9548466125183375},"point_estimate":0.9409392211004581,"standard_error":0.006855304706058545}}