{"mean":{"confidence_interval":{"confidence_level":0.95,"lower_bound":-0.04862279918452187,"upper_bound":-0.04370489461038931},"point_estimate":-0.046134175888072226,"standard_error":0.0012570576916577988},"median":{"confidence_interval":{"confidence_level":0.95,"lower_bound":-0.050223155565596866,"upper_bound":-0.043544299981592816},"point_estimate":-0.045395861046636066,"standard_error":0.0016014906786908463}}