{"mean":{"confidence_interval":{"confidence_level":0.95,"lower_bound":-0.6420720221616549,"upper_bound":-0.5806906194592047},"point_estimate":-0.6124215703180032,"standard_error":0.01574376600696777},"median":{"confidence_interval":{"confidence_level":0.95,"lower_bound":-0.6474801761874148,"upper_bound":-0.5778801166838967},"point_estimate":-0.5994662110039704,"standard_error":0.017321099000540355}}