{"mean":{"confidence_interval":{"confidence_level":0.95,"lower_bound":-0.028522586385402404,"upper_bound":-0.016815074415011958},"point_estimate":-0.021884038776200487,"standard_error":0.003045062002962008},"median":{"confidence_interval":{"confidence_level":0.95,"lower_bound":-0.025789661523196727,"upper_bound":-0.016048245139067885},"point_estimate":-0.017604440129061705,"standard_error":0.0028359138429622194}}