{"mean":{"confidence_interval":{"confidence_level":0.95,"lower_bound":0.6881870141464428,"upper_bound":1.0608475294431499},"point_estimate":0.8785965516870695,"standard_error":0.09455025376499199},"median":{"confidence_interval":{"confidence_level":0.95,"lower_bound":0.5925241086592947,"upper_bound":1.1085685523464224},"point_estimate":0.9184525164633366,"standard_error":0.16450997079558877}}