{"mean":{"confidence_interval":{"confidence_level":0.95,"lower_bound":413690003.05,"upper_bound":415569878.2575},"point_estimate":414622114.5,"standard_error":481156.20199707936},"median":{"confidence_interval":{"confidence_level":0.95,"lower_bound":413410320.75,"upper_bound":416040820.5},"point_estimate":414532149.25,"standard_error":640624.0486005535},"median_abs_dev":{"confidence_interval":{"confidence_level":0.95,"lower_bound":426965.07081985474,"upper_bound":2837896.1299672723},"point_estimate":1764717.250970006,"standard_error":651385.2591413027},"slope":null,"std_dev":{"confidence_interval":{"confidence_level":0.95,"lower_bound":921222.3943572973,"upper_bound":2010670.5358287112},"point_estimate":1610830.229053846,"standard_error":277006.7243122284}}