{"mean":{"confidence_interval":{"confidence_level":0.95,"lower_bound":1378549985.4875,"upper_bound":1380141403.7},"point_estimate":1379294193.6,"standard_error":407105.12565162504},"median":{"confidence_interval":{"confidence_level":0.95,"lower_bound":1378313811.5,"upper_bound":1379995369.0},"point_estimate":1379238237.5,"standard_error":401543.6683941162},"median_abs_dev":{"confidence_interval":{"confidence_level":0.95,"lower_bound":222363.30925226212,"upper_bound":2117779.902201891},"point_estimate":1092109.8274111748,"standard_error":458909.58435510535},"slope":null,"std_dev":{"confidence_interval":{"confidence_level":0.95,"lower_bound":588714.3278933397,"upper_bound":1862929.0931309792},"point_estimate":1352777.9876727085,"standard_error":351226.91212157684}}