{"mean":{"confidence_interval":{"confidence_level":0.95,"lower_bound":443341847.25,"upper_bound":444911786.65},"point_estimate":444174238.35,"standard_error":402228.53489214845},"median":{"confidence_interval":{"confidence_level":0.95,"lower_bound":443312494.25,"upper_bound":445281138.0},"point_estimate":444248419.0,"standard_error":523208.9371445733},"median_abs_dev":{"confidence_interval":{"confidence_level":0.95,"lower_bound":145862.2625604272,"upper_bound":2207709.5981553197},"point_estimate":1280329.9712195992,"standard_error":509355.2438683457},"slope":null,"std_dev":{"confidence_interval":{"confidence_level":0.95,"lower_bound":663903.8047410494,"upper_bound":1756009.8423823987},"point_estimate":1337114.5800570815,"standard_error":295161.8687195108}}