{"mean":{"confidence_interval":{"confidence_level":0.95,"lower_bound":-0.06192213163312282,"upper_bound":-0.052977421321008876},"point_estimate":-0.057715758552101204,"standard_error":0.002311989852865602},"median":{"confidence_interval":{"confidence_level":0.95,"lower_bound":-0.06357314175398432,"upper_bound":-0.05445109325469588},"point_estimate":-0.05849062358808188,"standard_error":0.0023536733014783012}}