{"mean":{"confidence_interval":{"confidence_level":0.95,"lower_bound":-0.00045499158614780084,"upper_bound":0.010371705536787307},"point_estimate":0.00390830307270984,"standard_error":0.0028394574777619763},"median":{"confidence_interval":{"confidence_level":0.95,"lower_bound":0.0005087899033022758,"upper_bound":0.004962402447605596},"point_estimate":0.0018843688906107214,"standard_error":0.0010004236305614605}}