{"mean":{"confidence_interval":{"confidence_level":0.95,"lower_bound":796089028.5,"upper_bound":913100491.8425},"point_estimate":854344906.0,"standard_error":30019325.09229973},"median":{"confidence_interval":{"confidence_level":0.95,"lower_bound":773410695.0,"upper_bound":970095904.0},"point_estimate":786527337.5,"standard_error":71943940.76859505},"median_abs_dev":{"confidence_interval":{"confidence_level":0.95,"lower_bound":2293783.7928771973,"upper_bound":143853212.83379495},"point_estimate":25993172.54152894,"standard_error":50643071.49485907},"slope":null,"std_dev":{"confidence_interval":{"confidence_level":0.95,"lower_bound":61630236.269362845,"upper_bound":104369031.09253739},"point_estimate":100202066.57743043,"standard_error":11747285.710220246}}