{"mean":{"confidence_interval":{"confidence_level":0.95,"lower_bound":-0.6403248089126514,"upper_bound":-0.5548041703111359},"point_estimate":-0.6028762300108648,"standard_error":0.021873939140125354},"median":{"confidence_interval":{"confidence_level":0.95,"lower_bound":-0.6618269013817296,"upper_bound":-0.5419316664901594},"point_estimate":-0.6091241798332476,"standard_error":0.03237002613767057}}