{"mean":{"confidence_interval":{"confidence_level":0.95,"lower_bound":881462553.6,"upper_bound":885956931.0825},"point_estimate":883793613.6,"standard_error":1152729.662157787},"median":{"confidence_interval":{"confidence_level":0.95,"lower_bound":880360091.5,"upper_bound":886896262.5},"point_estimate":884889864.5,"standard_error":1706549.482800817},"median_abs_dev":{"confidence_interval":{"confidence_level":0.95,"lower_bound":926597.555449605,"upper_bound":6222578.0954271555},"point_estimate":3852786.590999365,"standard_error":1455336.9867393118},"slope":null,"std_dev":{"confidence_interval":{"confidence_level":0.95,"lower_bound":2024915.7280016264,"upper_bound":4653206.367697973},"point_estimate":3835556.841667168,"standard_error":655493.0746417943}}