{"mean":{"confidence_interval":{"confidence_level":0.95,"lower_bound":380297142.85,"upper_bound":381534127.49375},"point_estimate":380981252.7,"standard_error":318868.77796848625},"median":{"confidence_interval":{"confidence_level":0.95,"lower_bound":380405350.5,"upper_bound":381700159.0},"point_estimate":381157712.0,"standard_error":251864.453377571},"median_abs_dev":{"confidence_interval":{"confidence_level":0.95,"lower_bound":95758.1670999527,"upper_bound":1615965.7717108727},"point_estimate":555241.4737924933,"standard_error":397445.1128079734},"slope":null,"std_dev":{"confidence_interval":{"confidence_level":0.95,"lower_bound":330872.8173174702,"upper_bound":1447205.401689467},"point_estimate":1059881.12474883,"standard_error":300212.5975125177}}