{"mean":{"confidence_interval":{"confidence_level":0.95,"lower_bound":931475361.57,"upper_bound":945752320.225},"point_estimate":938407601.0,"standard_error":3656451.3157462236},"median":{"confidence_interval":{"confidence_level":0.95,"lower_bound":928698740.0,"upper_bound":952954099.0},"point_estimate":936015162.5,"standard_error":5692798.407483236},"median_abs_dev":{"confidence_interval":{"confidence_level":0.95,"lower_bound":2457571.801069379,"upper_bound":20239826.218271255},"point_estimate":12247312.861266732,"standard_error":4909499.057188641},"slope":null,"std_dev":{"confidence_interval":{"confidence_level":0.95,"lower_bound":6431304.260590576,"upper_bound":14477135.956062024},"point_estimate":12171576.448790308,"standard_error":1909809.8891988806}}