{"mean":{"confidence_interval":{"confidence_level":0.95,"lower_bound":527447555.0825,"upper_bound":539534349.0},"point_estimate":532714504.8,"standard_error":3123300.2008839836},"median":{"confidence_interval":{"confidence_level":0.95,"lower_bound":525244477.0,"upper_bound":537636362.0},"point_estimate":528913721.0,"standard_error":3263934.749943441},"median_abs_dev":{"confidence_interval":{"confidence_level":0.95,"lower_bound":99836.7996275425,"upper_bound":14678997.725495696},"point_estimate":5447537.098386884,"standard_error":3786857.9650631547},"slope":null,"std_dev":{"confidence_interval":{"confidence_level":0.95,"lower_bound":2429918.567309203,"upper_bound":14512251.610287972},"point_estimate":10384634.26285656,"standard_error":3153280.2079484616}}