{"mean":{"confidence_interval":{"confidence_level":0.95,"lower_bound":742669136.275,"upper_bound":745014604.9},"point_estimate":743809166.6,"standard_error":602091.5618389109},"median":{"confidence_interval":{"confidence_level":0.95,"lower_bound":742265209.0,"upper_bound":745785302.0},"point_estimate":743027907.5,"standard_error":1029161.0542642911},"median_abs_dev":{"confidence_interval":{"confidence_level":0.95,"lower_bound":291249.3518292904,"upper_bound":2986438.1919801235},"point_estimate":2148424.5023578405,"standard_error":812433.6960965918},"slope":null,"std_dev":{"confidence_interval":{"confidence_level":0.95,"lower_bound":1211502.884273323,"upper_bound":2425965.504149444},"point_estimate":2008591.475873479,"standard_error":311340.0637980641}}