{"mean":{"confidence_interval":{"confidence_level":0.95,"lower_bound":-0.0369237031793565,"upper_bound":-0.026120882669948203},"point_estimate":-0.03156641932480242,"standard_error":0.002759891738578905},"median":{"confidence_interval":{"confidence_level":0.95,"lower_bound":-0.04197562864523319,"upper_bound":-0.02201201402655739},"point_estimate":-0.02937409060694418,"standard_error":0.0054225607387879135}}