{"mean":{"confidence_interval":{"confidence_level":0.95,"lower_bound":-0.01802750025114594,"upper_bound":-0.0026046657047504172},"point_estimate":-0.010911679167147637,"standard_error":0.0040462673392601045},"median":{"confidence_interval":{"confidence_level":0.95,"lower_bound":-0.02104879720007513,"upper_bound":-0.007960138369903613},"point_estimate":-0.012698926634592156,"standard_error":0.003658659727710067}}