{"mean":{"confidence_interval":{"confidence_level":0.95,"lower_bound":-0.022188819258460564,"upper_bound":-0.014487314718421854},"point_estimate":-0.018269502721662723,"standard_error":0.0019773180311474805},"median":{"confidence_interval":{"confidence_level":0.95,"lower_bound":-0.024994916858060212,"upper_bound":-0.011108905977582073},"point_estimate":-0.01752979139308619,"standard_error":0.0037101337116022624}}