{"mean":{"confidence_interval":{"confidence_level":0.95,"lower_bound":943074707.7,"upper_bound":948902400.3},"point_estimate":946064532.8,"standard_error":1496303.9891090982},"median":{"confidence_interval":{"confidence_level":0.95,"lower_bound":941349809.0,"upper_bound":950006432.0},"point_estimate":947804854.0,"standard_error":2416131.777490547},"median_abs_dev":{"confidence_interval":{"confidence_level":0.95,"lower_bound":951615.6887054443,"upper_bound":7971708.7728738785},"point_estimate":5035524.789601564,"standard_error":2013686.442690283},"slope":null,"std_dev":{"confidence_interval":{"confidence_level":0.95,"lower_bound":2896168.452498661,"upper_bound":6007603.948026571},"point_estimate":4995269.655675787,"standard_error":780123.3547450721}}