{"mean":{"confidence_interval":{"confidence_level":0.95,"lower_bound":0.04777927186704536,"upper_bound":0.05204924771101412},"point_estimate":0.050057773021891405,"standard_error":0.0010945873085836013},"median":{"confidence_interval":{"confidence_level":0.95,"lower_bound":0.04819547019039638,"upper_bound":0.05320948900758182},"point_estimate":0.04997545406742354,"standard_error":0.001401045928833091}}