{"mean":{"confidence_interval":{"confidence_level":0.95,"lower_bound":-0.0006168890414285476,"upper_bound":0.0019386612732107233},"point_estimate":0.000731016252352612,"standard_error":0.0006534080087886577},"median":{"confidence_interval":{"confidence_level":0.95,"lower_bound":-0.00033964721691948085,"upper_bound":0.002653173315472585},"point_estimate":0.0008510735513438394,"standard_error":0.0007616847658414678}}