{"mean":{"confidence_interval":{"confidence_level":0.95,"lower_bound":-0.028030090915623414,"upper_bound":-0.010379680401759808},"point_estimate":-0.01955847988718251,"standard_error":0.004512844472313253},"median":{"confidence_interval":{"confidence_level":0.95,"lower_bound":-0.03164262053146372,"upper_bound":-0.00554872478350299},"point_estimate":-0.022060683340976883,"standard_error":0.007266161670274205}}