{"mean":{"confidence_interval":{"confidence_level":0.95,"lower_bound":0.012369121118925153,"upper_bound":0.02724654065722964},"point_estimate":0.019647588457455623,"standard_error":0.0037849025183328763},"median":{"confidence_interval":{"confidence_level":0.95,"lower_bound":0.007925682146782131,"upper_bound":0.028712986242506178},"point_estimate":0.019377760172307745,"standard_error":0.005478125276189462}}