{"mean":{"confidence_interval":{"confidence_level":0.95,"lower_bound":1.8378846569440057,"upper_bound":2.2380026652204914},"point_estimate":2.0707721449127177,"standard_error":0.10019909781185753},"median":{"confidence_interval":{"confidence_level":0.95,"lower_bound":1.8389772598308847,"upper_bound":2.243525007018205},"point_estimate":2.1656672993338995,"standard_error":0.1031067069710419}}