{"mean":{"confidence_interval":{"confidence_level":0.95,"lower_bound":-0.01844995363344711,"upper_bound":-0.0064042210050314794},"point_estimate":-0.012696445114753319,"standard_error":0.003157631521431011},"median":{"confidence_interval":{"confidence_level":0.95,"lower_bound":-0.021839054537917124,"upper_bound":-0.007436507723151853},"point_estimate":-0.01852906594684367,"standard_error":0.0037898753663957695}}