{"mean":{"confidence_interval":{"confidence_level":0.95,"lower_bound":498731610.2275,"upper_bound":501955911.0},"point_estimate":500374844.8,"standard_error":826070.3593120502},"median":{"confidence_interval":{"confidence_level":0.95,"lower_bound":498422134.5,"upper_bound":501934606.0},"point_estimate":500859697.0,"standard_error":831188.3490311842},"median_abs_dev":{"confidence_interval":{"confidence_level":0.95,"lower_bound":229768.15482079983,"upper_bound":4701637.3451292515},"point_estimate":1698156.6664516926,"standard_error":1186817.123604448},"slope":null,"std_dev":{"confidence_interval":{"confidence_level":0.95,"lower_bound":1235849.4814695455,"upper_bound":3637915.9413413303},"point_estimate":2762431.4721192755,"standard_error":595675.1701960062}}