{"mean":{"confidence_interval":{"confidence_level":0.95,"lower_bound":-0.033688738445448244,"upper_bound":-0.024444590793621757},"point_estimate":-0.029116885807891624,"standard_error":0.002355027926600969},"median":{"confidence_interval":{"confidence_level":0.95,"lower_bound":-0.032081041292172374,"upper_bound":-0.025474489754405805},"point_estimate":-0.029128405634533894,"standard_error":0.0016398148875693278}}