{"mean":{"confidence_interval":{"confidence_level":0.95,"lower_bound":429427306.19125,"upper_bound":473625570.5},"point_estimate":446205813.55,"standard_error":12430710.439525042},"median":{"confidence_interval":{"confidence_level":0.95,"lower_bound":430105122.25,"upper_bound":443204294.75},"point_estimate":433979181.75,"standard_error":4384262.6264220765},"median_abs_dev":{"confidence_interval":{"confidence_level":0.95,"lower_bound":839838.7701898813,"upper_bound":21525316.00804925},"point_estimate":5994145.76318264,"standard_error":5978191.453084424},"slope":null,"std_dev":{"confidence_interval":{"confidence_level":0.95,"lower_bound":4203763.70247251,"upper_bound":63474809.30447436},"point_estimate":41376585.2564087,"standard_error":19954815.702336706}}