{"mean":{"confidence_interval":{"confidence_level":0.95,"lower_bound":-0.05588022353606907,"upper_bound":-0.049562272774604905},"point_estimate":-0.052670554011995385,"standard_error":0.0016176936551123655},"median":{"confidence_interval":{"confidence_level":0.95,"lower_bound":-0.05585575354858563,"upper_bound":-0.049664499818531826},"point_estimate":-0.05281436348664337,"standard_error":0.0015275080807250832}}