{"mean":{"confidence_interval":{"confidence_level":0.95,"lower_bound":349119344.7325,"upper_bound":363900663.15},"point_estimate":356293072.3,"standard_error":3775229.3712493293},"median":{"confidence_interval":{"confidence_level":0.95,"lower_bound":347456065.0,"upper_bound":364290881.0},"point_estimate":355165107.5,"standard_error":4569119.436081732},"median_abs_dev":{"confidence_interval":{"confidence_level":0.95,"lower_bound":3944829.7332152724,"upper_bound":21753943.302190304},"point_estimate":11094852.319326997,"standard_error":4475617.242472038},"slope":null,"std_dev":{"confidence_interval":{"confidence_level":0.95,"lower_bound":6401394.62768098,"upper_bound":16693907.851023044},"point_estimate":12608158.597805494,"standard_error":2708628.1347889765}}