{"mean":{"confidence_interval":{"confidence_level":0.95,"lower_bound":407836454.35,"upper_bound":411742110.55},"point_estimate":409996860.3,"standard_error":1009152.4619553279},"median":{"confidence_interval":{"confidence_level":0.95,"lower_bound":408071820.0,"upper_bound":411973490.75},"point_estimate":411115549.75,"standard_error":817861.4479741872},"median_abs_dev":{"confidence_interval":{"confidence_level":0.95,"lower_bound":236232.6613560319,"upper_bound":4558047.167028487},"point_estimate":1276836.2243816257,"standard_error":1105395.7607581639},"slope":null,"std_dev":{"confidence_interval":{"confidence_level":0.95,"lower_bound":813446.8100972894,"upper_bound":4447450.379638219},"point_estimate":3368986.361132712,"standard_error":952916.2634221275}}