{"mean":{"confidence_interval":{"confidence_level":0.95,"lower_bound":1052734270.9925,"upper_bound":1058129306.4},"point_estimate":1055334042.5,"standard_error":1385044.7932374324},"median":{"confidence_interval":{"confidence_level":0.95,"lower_bound":1051383356.0,"upper_bound":1059722757.0},"point_estimate":1054449776.5,"standard_error":1924832.532905043},"median_abs_dev":{"confidence_interval":{"confidence_level":0.95,"lower_bound":1019330.4773032665,"upper_bound":7416996.216621995},"point_estimate":5565605.429890752,"standard_error":1819056.9955540544},"slope":null,"std_dev":{"confidence_interval":{"confidence_level":0.95,"lower_bound":2486888.196314201,"upper_bound":5813198.798135578},"point_estimate":4620282.382430615,"standard_error":848174.763389738}}