{"mean":{"confidence_interval":{"confidence_level":0.95,"lower_bound":-0.018861230009478647,"upper_bound":-0.007792860834187009},"point_estimate":-0.012965330032216671,"standard_error":0.0028330619813225467},"median":{"confidence_interval":{"confidence_level":0.95,"lower_bound":-0.017073377251326627,"upper_bound":-0.006175684140222182},"point_estimate":-0.013634130302279557,"standard_error":0.002960336248293685}}