{"mean":{"confidence_interval":{"confidence_level":0.95,"lower_bound":-0.04431436364878386,"upper_bound":-0.026770490822760624},"point_estimate":-0.03392850143677528,"standard_error":0.00468999227547684},"median":{"confidence_interval":{"confidence_level":0.95,"lower_bound":-0.034287652921315415,"upper_bound":-0.025748628731543932},"point_estimate":-0.030569038324714803,"standard_error":0.002212465696685446}}