{"mean":{"confidence_interval":{"confidence_level":0.95,"lower_bound":447160042.35875,"upper_bound":449401022.87624997},"point_estimate":448171167.7,"standard_error":578284.7388367197},"median":{"confidence_interval":{"confidence_level":0.95,"lower_bound":446554370.5,"upper_bound":449344953.0},"point_estimate":447671005.75,"standard_error":656600.5181561849},"median_abs_dev":{"confidence_interval":{"confidence_level":0.95,"lower_bound":171037.9220634699,"upper_bound":2941201.8428832293},"point_estimate":1707322.0994889736,"standard_error":687523.1355898407},"slope":null,"std_dev":{"confidence_interval":{"confidence_level":0.95,"lower_bound":738361.7993825175,"upper_bound":2667180.906858655},"point_estimate":1936024.313303572,"standard_error":532091.6128991492}}