{"mean":{"confidence_interval":{"confidence_level":0.95,"lower_bound":95057204.52975,"upper_bound":95389046.77492063},"point_estimate":95217026.78436509,"standard_error":84883.32055293123},"median":{"confidence_interval":{"confidence_level":0.95,"lower_bound":95026841.25,"upper_bound":95477177.8888889},"point_estimate":95124392.675,"standard_error":106164.97419923206},"median_abs_dev":{"confidence_interval":{"confidence_level":0.95,"lower_bound":6975.188096170075,"upper_bound":467394.3542520978},"point_estimate":217343.1021913849,"standard_error":132184.65854770967},"slope":{"confidence_interval":{"confidence_level":0.95,"lower_bound":95012851.81889763,"upper_bound":95453513.76023392},"point_estimate":95279416.1064935,"standard_error":113526.7800199806},"std_dev":{"confidence_interval":{"confidence_level":0.95,"lower_bound":143465.79074898473,"upper_bound":354469.0636762972},"point_estimate":283093.84447740496,"standard_error":52301.39034925456}}