{"mean":{"confidence_interval":{"confidence_level":0.95,"lower_bound":262278079.30625,"upper_bound":263056772.3},"point_estimate":262662879.3,"standard_error":198557.46777965574},"median":{"confidence_interval":{"confidence_level":0.95,"lower_bound":262134191.5,"upper_bound":263130240.75},"point_estimate":262689222.5,"standard_error":189190.32854561487},"median_abs_dev":{"confidence_interval":{"confidence_level":0.95,"lower_bound":55395.865416526794,"upper_bound":1236284.149901569},"point_estimate":364237.0072335005,"standard_error":331791.49857424333},"slope":null,"std_dev":{"confidence_interval":{"confidence_level":0.95,"lower_bound":323122.1379421969,"upper_bound":860805.8829495144},"point_estimate":663286.7920139238,"standard_error":137109.4396326631}}