{"mean":{"confidence_interval":{"confidence_level":0.95,"lower_bound":-0.04043422722477647,"upper_bound":-0.026061440676130008},"point_estimate":-0.03330145406311291,"standard_error":0.0036898058503998703},"median":{"confidence_interval":{"confidence_level":0.95,"lower_bound":-0.046298464307466536,"upper_bound":-0.021879804791935298},"point_estimate":-0.03299877360343473,"standard_error":0.007847553612753608}}