{"mean":{"confidence_interval":{"confidence_level":0.95,"lower_bound":638579904.99,"upper_bound":647485009.865},"point_estimate":642691855.7,"standard_error":2291519.7624415215},"median":{"confidence_interval":{"confidence_level":0.95,"lower_bound":636802091.5,"upper_bound":647432982.0},"point_estimate":641752759.0,"standard_error":2058799.097311231},"median_abs_dev":{"confidence_interval":{"confidence_level":0.95,"lower_bound":645037.735748291,"upper_bound":12161835.042384267},"point_estimate":4456347.8511840105,"standard_error":3069826.9259281144},"slope":null,"std_dev":{"confidence_interval":{"confidence_level":0.95,"lower_bound":2831912.5898351287,"upper_bound":10139478.380448138},"point_estimate":7668645.282991268,"standard_error":1940898.7987599038}}