{"mean":{"confidence_interval":{"confidence_level":0.95,"lower_bound":-0.03292819964287158,"upper_bound":-0.022963375645375785},"point_estimate":-0.027962309820992348,"standard_error":0.0025501535285688283},"median":{"confidence_interval":{"confidence_level":0.95,"lower_bound":-0.035616704675641264,"upper_bound":-0.021260509172985054},"point_estimate":-0.02868305845673913,"standard_error":0.0033343877764654725}}