{"mean":{"confidence_interval":{"confidence_level":0.95,"lower_bound":912877408.83,"upper_bound":920136861.115},"point_estimate":916555142.0,"standard_error":1853027.8388796656},"median":{"confidence_interval":{"confidence_level":0.95,"lower_bound":913503679.0,"upper_bound":919697551.0},"point_estimate":917035303.0,"standard_error":1490316.4696933678},"median_abs_dev":{"confidence_interval":{"confidence_level":0.95,"lower_bound":975824.3223756552,"upper_bound":10564100.061249733},"point_estimate":4005222.3311930895,"standard_error":2336739.559878092},"slope":null,"std_dev":{"confidence_interval":{"confidence_level":0.95,"lower_bound":2402202.0550736557,"upper_bound":8493521.393747106},"point_estimate":6175873.528396089,"standard_error":1566591.2770004428}}