{"mean":{"confidence_interval":{"confidence_level":0.95,"lower_bound":514530611.055,"upper_bound":517466394.71000004},"point_estimate":515987225.0,"standard_error":752871.2444328794},"median":{"confidence_interval":{"confidence_level":0.95,"lower_bound":513169061.0,"upper_bound":518235779.0},"point_estimate":516064878.5,"standard_error":1290893.4076645784},"median_abs_dev":{"confidence_interval":{"confidence_level":0.95,"lower_bound":228699.9415397644,"upper_bound":4125017.1503663063},"point_estimate":3332926.9949287176,"standard_error":1010736.5939334587},"slope":null,"std_dev":{"confidence_interval":{"confidence_level":0.95,"lower_bound":1581356.1823340114,"upper_bound":3038758.7115653404},"point_estimate":2520747.500626396,"standard_error":373477.72844857315}}