{"mean":{"confidence_interval":{"confidence_level":0.95,"lower_bound":-0.06420148839757611,"upper_bound":-0.05618984439424362},"point_estimate":-0.060205499681985186,"standard_error":0.0020480947899757527},"median":{"confidence_interval":{"confidence_level":0.95,"lower_bound":-0.0665462649116011,"upper_bound":-0.05630901034311642},"point_estimate":-0.06184827518402203,"standard_error":0.002760733282852684}}