{"mean":{"confidence_interval":{"confidence_level":0.95,"lower_bound":-0.033173769049976584,"upper_bound":-0.023557461139552413},"point_estimate":-0.02870346914504107,"standard_error":0.0025245214404488554},"median":{"confidence_interval":{"confidence_level":0.95,"lower_bound":-0.03575241816293406,"upper_bound":-0.02306855865562507},"point_estimate":-0.031867074897311776,"standard_error":0.002937796790542066}}