{"mean":{"confidence_interval":{"confidence_level":0.95,"lower_bound":-0.0106855902069939,"upper_bound":-0.002135482722794322},"point_estimate":-0.00565637686022713,"standard_error":0.0022342566382627113},"median":{"confidence_interval":{"confidence_level":0.95,"lower_bound":-0.006917689442106023,"upper_bound":-0.0024048216779611886},"point_estimate":-0.00452230976412471,"standard_error":0.0012391884129607563}}