{"mean":{"confidence_interval":{"confidence_level":0.95,"lower_bound":0.024119601780667976,"upper_bound":0.028268435417739258},"point_estimate":0.026243007300534638,"standard_error":0.0010629992481808344},"median":{"confidence_interval":{"confidence_level":0.95,"lower_bound":0.023126615679099682,"upper_bound":0.029428969653477077},"point_estimate":0.02601452880217403,"standard_error":0.0017073609213510013}}