{"mean":{"confidence_interval":{"confidence_level":0.95,"lower_bound":-0.025001267755653356,"upper_bound":-0.0009175335045855501},"point_estimate":-0.011869927716763318,"standard_error":0.006228563780384417},"median":{"confidence_interval":{"confidence_level":0.95,"lower_bound":-0.017671604762011683,"upper_bound":0.001789460869957571},"point_estimate":-0.009666694640270923,"standard_error":0.004358593962502993}}