{"mean":{"confidence_interval":{"confidence_level":0.95,"lower_bound":1193227948.5,"upper_bound":1194677963.5475},"point_estimate":1194000167.6,"standard_error":374361.15028906154},"median":{"confidence_interval":{"confidence_level":0.95,"lower_bound":1192998523.5,"upper_bound":1194747588.5},"point_estimate":1194240960.0,"standard_error":323793.9014100331},"median_abs_dev":{"confidence_interval":{"confidence_level":0.95,"lower_bound":110978.53842973709,"upper_bound":1971041.0524070263},"point_estimate":498585.0277483463,"standard_error":505473.32447939937},"slope":null,"std_dev":{"confidence_interval":{"confidence_level":0.95,"lower_bound":438177.36999334866,"upper_bound":1605494.2619818186},"point_estimate":1251178.5396264684,"standard_error":297133.6589751873}}