{"mean":{"confidence_interval":{"confidence_level":0.95,"lower_bound":1149205065.6200001,"upper_bound":1150555477.945},"point_estimate":1149914414.4,"standard_error":346415.65148912475},"median":{"confidence_interval":{"confidence_level":0.95,"lower_bound":1148997978.0,"upper_bound":1150802028.0},"point_estimate":1150119118.0,"standard_error":410011.4314574443},"median_abs_dev":{"confidence_interval":{"confidence_level":0.95,"lower_bound":198784.78057086468,"upper_bound":1887406.1052918434},"point_estimate":1079021.4348435402,"standard_error":446372.18821514223},"slope":null,"std_dev":{"confidence_interval":{"confidence_level":0.95,"lower_bound":550710.9548481201,"upper_bound":1511713.5254249398},"point_estimate":1152872.8719190739,"standard_error":251916.42363232488}}