{"mean":{"confidence_interval":{"confidence_level":0.95,"lower_bound":-0.06309296205004956,"upper_bound":-0.05558861188942026},"point_estimate":-0.05934238155357041,"standard_error":0.0019284804060737326},"median":{"confidence_interval":{"confidence_level":0.95,"lower_bound":-0.06481364824948233,"upper_bound":-0.054885434817373735},"point_estimate":-0.06084951260568128,"standard_error":0.0024658635110994384}}