{"mean":{"confidence_interval":{"confidence_level":0.95,"lower_bound":775520686.7,"upper_bound":784981302.0},"point_estimate":779561775.3,"standard_error":2463045.265301802},"median":{"confidence_interval":{"confidence_level":0.95,"lower_bound":773172935.0,"upper_bound":781128514.0},"point_estimate":779331704.0,"standard_error":2378262.024428147},"median_abs_dev":{"confidence_interval":{"confidence_level":0.95,"lower_bound":632327.4061739445,"upper_bound":10125655.960133672},"point_estimate":5522514.4029557705,"standard_error":2505529.2489471603},"slope":null,"std_dev":{"confidence_interval":{"confidence_level":0.95,"lower_bound":2958971.6970512248,"upper_bound":12079765.875262298},"point_estimate":8226505.327186388,"standard_error":2913394.756931257}}