{"mean":{"confidence_interval":{"confidence_level":0.95,"lower_bound":247326445.10000005,"upper_bound":248140001.85083336},"point_estimate":247747818.46666664,"standard_error":207290.19129546694},"median":{"confidence_interval":{"confidence_level":0.95,"lower_bound":247397908.33333334,"upper_bound":248281888.3333333},"point_estimate":247774878.83333334,"standard_error":172091.65761034688},"median_abs_dev":{"confidence_interval":{"confidence_level":0.95,"lower_bound":27829.637005917815,"upper_bound":1239743.6733901796},"point_estimate":359546.55511676526,"standard_error":310623.6658982994},"slope":null,"std_dev":{"confidence_interval":{"confidence_level":0.95,"lower_bound":238403.4880263869,"upper_bound":945065.764196408},"point_estimate":690719.619203102,"standard_error":172641.05363812335}}