{"mean":{"confidence_interval":{"confidence_level":0.95,"lower_bound":872541014.3125,"upper_bound":882630038.6},"point_estimate":876775538.3,"standard_error":2637045.2933400455},"median":{"confidence_interval":{"confidence_level":0.95,"lower_bound":871228118.0,"upper_bound":878972167.0},"point_estimate":873420490.0,"standard_error":2095584.0310100287},"median_abs_dev":{"confidence_interval":{"confidence_level":0.95,"lower_bound":147279.99878525734,"upper_bound":10003108.69410932},"point_estimate":3394199.1453409195,"standard_error":2553062.7889799485},"slope":null,"std_dev":{"confidence_interval":{"confidence_level":0.95,"lower_bound":1272058.8306207294,"upper_bound":12647515.279024323},"point_estimate":8759301.155739296,"standard_error":3106050.1026209514}}