{"mean":{"confidence_interval":{"confidence_level":0.95,"lower_bound":887309149.015,"upper_bound":891372173.2075001},"point_estimate":889390212.0,"standard_error":1040125.2964960829},"median":{"confidence_interval":{"confidence_level":0.95,"lower_bound":886424217.5,"upper_bound":892542756.0},"point_estimate":889206113.0,"standard_error":1593093.0187295924},"median_abs_dev":{"confidence_interval":{"confidence_level":0.95,"lower_bound":678900.31914711,"upper_bound":6091342.052257061},"point_estimate":4303738.6467933655,"standard_error":1502725.57117679},"slope":null,"std_dev":{"confidence_interval":{"confidence_level":0.95,"lower_bound":2007490.3049622695,"upper_bound":4233291.476287789},"point_estimate":3457741.9119075383,"standard_error":569730.4305920769}}