{"mean":{"confidence_interval":{"confidence_level":0.95,"lower_bound":236071452.7025,"upper_bound":238051060.68},"point_estimate":237026584.4333333,"standard_error":508269.9181427033},"median":{"confidence_interval":{"confidence_level":0.95,"lower_bound":235578604.1666667,"upper_bound":238494335.66666666},"point_estimate":236673237.1666667,"standard_error":737333.710048602},"median_abs_dev":{"confidence_interval":{"confidence_level":0.95,"lower_bound":255982.99335540077,"upper_bound":2999545.611247435},"point_estimate":1772853.512525529,"standard_error":646296.2705694428},"slope":null,"std_dev":{"confidence_interval":{"confidence_level":0.95,"lower_bound":928663.0130611528,"upper_bound":2104089.7916219467},"point_estimate":1691708.312080958,"standard_error":298108.0219550078}}