{"mean":{"confidence_interval":{"confidence_level":0.95,"lower_bound":-0.25389440816781417,"upper_bound":-0.1809545369226408},"point_estimate":-0.21785366811278484,"standard_error":0.018653133382125507},"median":{"confidence_interval":{"confidence_level":0.95,"lower_bound":-0.26057837198971534,"upper_bound":-0.1593037111675747},"point_estimate":-0.2181392577586022,"standard_error":0.021930470804321898}}