{"mean":{"confidence_interval":{"confidence_level":0.95,"lower_bound":0.015171345031899097,"upper_bound":0.017584798257867938},"point_estimate":0.016339494075174876,"standard_error":0.0006184651663718182},"median":{"confidence_interval":{"confidence_level":0.95,"lower_bound":0.014232167541349039,"upper_bound":0.01839676857842254},"point_estimate":0.016488800788922342,"standard_error":0.001092087810357022}}