{"mean":{"confidence_interval":{"confidence_level":0.95,"lower_bound":0.003123706949096906,"upper_bound":0.011253780754344411},"point_estimate":0.006889070805740305,"standard_error":0.0020883819658985433},"median":{"confidence_interval":{"confidence_level":0.95,"lower_bound":0.0011096553533134212,"upper_bound":0.011874478318549153},"point_estimate":0.004828353456378887,"standard_error":0.0029939865121882065}}