{"mean":{"confidence_interval":{"confidence_level":0.95,"lower_bound":430813802.95,"upper_bound":433626884.4},"point_estimate":432207812.3,"standard_error":717206.4912581804},"median":{"confidence_interval":{"confidence_level":0.95,"lower_bound":430950758.0,"upper_bound":434024467.25},"point_estimate":431735530.5,"standard_error":739278.5107494442},"median_abs_dev":{"confidence_interval":{"confidence_level":0.95,"lower_bound":393421.9877153635,"upper_bound":4098004.9201458693},"point_estimate":1369506.5063863993,"standard_error":1033360.2843465061},"slope":null,"std_dev":{"confidence_interval":{"confidence_level":0.95,"lower_bound":1012896.2073041797,"upper_bound":3188223.8939010683},"point_estimate":2394488.1137556215,"standard_error":530477.2187309455}}