{"mean":{"confidence_interval":{"confidence_level":0.95,"lower_bound":726625527.4675001,"upper_bound":738554515.0},"point_estimate":732027202.3,"standard_error":3070080.033381704},"median":{"confidence_interval":{"confidence_level":0.95,"lower_bound":725691586.5,"upper_bound":740117023.0},"point_estimate":728491495.5,"standard_error":3021701.7067267178},"median_abs_dev":{"confidence_interval":{"confidence_level":0.95,"lower_bound":724785.3057324886,"upper_bound":15012844.398468733},"point_estimate":4673737.037524581,"standard_error":3221030.3860280407},"slope":null,"std_dev":{"confidence_interval":{"confidence_level":0.95,"lower_bound":2722004.2540355427,"upper_bound":13061435.081062904},"point_estimate":10253007.244632563,"standard_error":2689852.489634863}}