{"mean":{"confidence_interval":{"confidence_level":0.95,"lower_bound":-0.025677498569118287,"upper_bound":-0.0215821508858427},"point_estimate":-0.02359022842195868,"standard_error":0.0010514685353804625},"median":{"confidence_interval":{"confidence_level":0.95,"lower_bound":-0.02672507411821634,"upper_bound":-0.020816804378427145},"point_estimate":-0.02396164076564522,"standard_error":0.0015204732762868504}}