{"mean":{"confidence_interval":{"confidence_level":0.95,"lower_bound":0.05664340560615053,"upper_bound":0.09083288485827876},"point_estimate":0.07239042815136876,"standard_error":0.009223865071047438},"median":{"confidence_interval":{"confidence_level":0.95,"lower_bound":0.04859644134223218,"upper_bound":0.09031407587572171},"point_estimate":0.06382680079589198,"standard_error":0.013027243740482522}}