{"mean":{"confidence_interval":{"confidence_level":0.95,"lower_bound":825072598.3,"upper_bound":827553609.645},"point_estimate":826249576.4,"standard_error":635056.4181339092},"median":{"confidence_interval":{"confidence_level":0.95,"lower_bound":824672166.5,"upper_bound":826821624.5},"point_estimate":826416285.5,"standard_error":476611.51873907435},"median_abs_dev":{"confidence_interval":{"confidence_level":0.95,"lower_bound":141709.87068414688,"upper_bound":3415108.9940696955},"point_estimate":950001.8786340952,"standard_error":845055.0376694195},"slope":null,"std_dev":{"confidence_interval":{"confidence_level":0.95,"lower_bound":548003.3980041858,"upper_bound":2960718.5997033613},"point_estimate":2116699.8498348636,"standard_error":594779.8744799646}}