{"mean":{"confidence_interval":{"confidence_level":0.95,"lower_bound":183751552.5,"upper_bound":185084772.6975},"point_estimate":184360039.76666668,"standard_error":340958.7075178815},"median":{"confidence_interval":{"confidence_level":0.95,"lower_bound":183501397.33333334,"upper_bound":185286170.0},"point_estimate":183956291.1666667,"standard_error":366246.1537326702},"median_abs_dev":{"confidence_interval":{"confidence_level":0.95,"lower_bound":118822.9748904705,"upper_bound":1654768.1311219635},"point_estimate":779404.28876283,"standard_error":365492.74945202336},"slope":null,"std_dev":{"confidence_interval":{"confidence_level":0.95,"lower_bound":359725.658955171,"upper_bound":1432295.926358827},"point_estimate":1139221.8270130784,"standard_error":280222.3826165456}}