{"mean":{"confidence_interval":{"confidence_level":0.95,"lower_bound":1066048824.3125,"upper_bound":1068037748.6},"point_estimate":1067070044.1,"standard_error":510814.53101574094},"median":{"confidence_interval":{"confidence_level":0.95,"lower_bound":1065527564.0,"upper_bound":1068673356.5},"point_estimate":1067386305.5,"standard_error":903721.6513175375},"median_abs_dev":{"confidence_interval":{"confidence_level":0.95,"lower_bound":281044.61621046066,"upper_bound":2853450.456941128},"point_estimate":2004810.9733074903,"standard_error":721654.5189743162},"slope":null,"std_dev":{"confidence_interval":{"confidence_level":0.95,"lower_bound":1020084.9486905162,"upper_bound":2032112.120364426},"point_estimate":1708228.3450768809,"standard_error":255789.80173161885}}