{"mean":{"confidence_interval":{"confidence_level":0.95,"lower_bound":-0.009469782261099737,"upper_bound":-0.006271703807610206},"point_estimate":-0.007834842128156994,"standard_error":0.0008168304131369727},"median":{"confidence_interval":{"confidence_level":0.95,"lower_bound":-0.009523622043839275,"upper_bound":-0.005350591829822449},"point_estimate":-0.007313394401953888,"standard_error":0.0010788248242907426}}