{"mean":{"confidence_interval":{"confidence_level":0.95,"lower_bound":-0.00665206849274025,"upper_bound":0.07075747892457063},"point_estimate":0.024174904909837203,"standard_error":0.022009143278604145},"median":{"confidence_interval":{"confidence_level":0.95,"lower_bound":-0.007309672072046358,"upper_bound":0.02238181105009196},"point_estimate":-0.0002395458843210685,"standard_error":0.009848861616414652}}