{"mean":{"confidence_interval":{"confidence_level":0.95,"lower_bound":-0.02777786476029877,"upper_bound":-0.022543691353392854},"point_estimate":-0.025228922321828273,"standard_error":0.001325802478405794},"median":{"confidence_interval":{"confidence_level":0.95,"lower_bound":-0.028368662822351953,"upper_bound":-0.021011875084565146},"point_estimate":-0.02552466290833888,"standard_error":0.0019734572433329693}}