{"mean":{"confidence_interval":{"confidence_level":0.95,"lower_bound":0.004219309374721914,"upper_bound":0.009087712692398841},"point_estimate":0.006853451624149631,"standard_error":0.0012516958152884155},"median":{"confidence_interval":{"confidence_level":0.95,"lower_bound":0.005664595384643256,"upper_bound":0.010320975103703223},"point_estimate":0.008722631642152479,"standard_error":0.0012381941538351028}}