{"mean":{"confidence_interval":{"confidence_level":0.95,"lower_bound":186217508.8433333,"upper_bound":187045934.45},"point_estimate":186595856.36666667,"standard_error":213528.1698260215},"median":{"confidence_interval":{"confidence_level":0.95,"lower_bound":186105014.66666666,"upper_bound":187065290.83333334},"point_estimate":186402651.0,"standard_error":205506.23402243294},"median_abs_dev":{"confidence_interval":{"confidence_level":0.95,"lower_bound":49636.21161876636,"upper_bound":1151105.1984638122},"point_estimate":389426.3807862997,"standard_error":260937.54962418776},"slope":null,"std_dev":{"confidence_interval":{"confidence_level":0.95,"lower_bound":257054.08665556565,"upper_bound":942692.392630852},"point_estimate":711567.7430564224,"standard_error":181354.58468701248}}