{"mean":{"confidence_interval":{"confidence_level":0.95,"lower_bound":0.014532839341724325,"upper_bound":0.02900331174201231},"point_estimate":0.022047821654684663,"standard_error":0.0037150254314568297},"median":{"confidence_interval":{"confidence_level":0.95,"lower_bound":0.01468727413539006,"upper_bound":0.03264680547747356},"point_estimate":0.02452466007474796,"standard_error":0.004758289651603195}}