{"mean":{"confidence_interval":{"confidence_level":0.95,"lower_bound":570136672.5,"upper_bound":572058737.64},"point_estimate":571123906.1,"standard_error":491758.3025052031},"median":{"confidence_interval":{"confidence_level":0.95,"lower_bound":570156052.0,"upper_bound":572880803.0},"point_estimate":570769500.0,"standard_error":862290.9246277275},"median_abs_dev":{"confidence_interval":{"confidence_level":0.95,"lower_bound":72129.23001945019,"upper_bound":3130217.7722275257},"point_estimate":1581540.5416220427,"standard_error":843456.5278949152},"slope":null,"std_dev":{"confidence_interval":{"confidence_level":0.95,"lower_bound":998267.4599758425,"upper_bound":2068979.7818783813},"point_estimate":1637009.6719700324,"standard_error":290426.9653949031}}