{"mean":{"confidence_interval":{"confidence_level":0.95,"lower_bound":0.04171612667056512,"upper_bound":0.06242820343264424},"point_estimate":0.05139456826879685,"standard_error":0.005314895035431798},"median":{"confidence_interval":{"confidence_level":0.95,"lower_bound":0.0410592577125668,"upper_bound":0.0590564604132362},"point_estimate":0.0504406165182838,"standard_error":0.004450484955661446}}