{"mean":{"confidence_interval":{"confidence_level":0.95,"lower_bound":790937469.745,"upper_bound":806937350.435},"point_estimate":797026574.3,"standard_error":4469996.917826913},"median":{"confidence_interval":{"confidence_level":0.95,"lower_bound":790486234.0,"upper_bound":795180470.0},"point_estimate":793820731.5,"standard_error":1562866.7767090532},"median_abs_dev":{"confidence_interval":{"confidence_level":0.95,"lower_bound":483163.7641221285,"upper_bound":7624775.931233168},"point_estimate":2020475.3833293915,"standard_error":2223236.8936724113},"slope":null,"std_dev":{"confidence_interval":{"confidence_level":0.95,"lower_bound":1822760.3565096448,"upper_bound":22885577.259763412},"point_estimate":14918112.501775475,"standard_error":7157372.900249399}}