{"mean":{"confidence_interval":{"confidence_level":0.95,"lower_bound":0.011283361478873755,"upper_bound":0.022229150465848696},"point_estimate":0.0160327882552187,"standard_error":0.0028482957728763617},"median":{"confidence_interval":{"confidence_level":0.95,"lower_bound":0.011202992747862961,"upper_bound":0.018366423208158178},"point_estimate":0.014160939362646285,"standard_error":0.0016823746151084845}}