{"mean":{"confidence_interval":{"confidence_level":0.95,"lower_bound":-0.08026879686001785,"upper_bound":-0.04646990002213594},"point_estimate":-0.06077115346467732,"standard_error":0.008926227190168634},"median":{"confidence_interval":{"confidence_level":0.95,"lower_bound":-0.06701753927859888,"upper_bound":-0.04112940634901707},"point_estimate":-0.048222130654503426,"standard_error":0.008166775991496731}}