{"mean":{"confidence_interval":{"confidence_level":0.95,"lower_bound":-0.0018388881555333968,"upper_bound":0.001649809119061972},"point_estimate":0.0001036719194664748,"standard_error":0.0009065798787337386},"median":{"confidence_interval":{"confidence_level":0.95,"lower_bound":-0.000676337186652276,"upper_bound":0.0022987329204950946},"point_estimate":0.0006173549959511693,"standard_error":0.0007372071137806416}}