{"mean":{"confidence_interval":{"confidence_level":0.95,"lower_bound":-0.01471848703481586,"upper_bound":-0.010476546912058838},"point_estimate":-0.01263458434311382,"standard_error":0.0010841163316478281},"median":{"confidence_interval":{"confidence_level":0.95,"lower_bound":-0.015881652226944265,"upper_bound":-0.009447467601168325},"point_estimate":-0.012771774064564534,"standard_error":0.0015593006954994714}}