{"mean":{"confidence_interval":{"confidence_level":0.95,"lower_bound":-0.005386451432036958,"upper_bound":0.005411642094685425},"point_estimate":0.00044513622800623764,"standard_error":0.002763851486708304},"median":{"confidence_interval":{"confidence_level":0.95,"lower_bound":-0.004092381648262866,"upper_bound":0.008843846457387228},"point_estimate":0.0026290177911381107,"standard_error":0.003151446838854065}}