{"mean":{"confidence_interval":{"confidence_level":0.95,"lower_bound":-0.0129454129638315,"upper_bound":-0.009289924856219886},"point_estimate":-0.011134511215579401,"standard_error":0.0009291512181458576},"median":{"confidence_interval":{"confidence_level":0.95,"lower_bound":-0.012879563618084844,"upper_bound":-0.008474753518368572},"point_estimate":-0.010488361159213255,"standard_error":0.0010628336820395973}}