{"mean":{"confidence_interval":{"confidence_level":0.95,"lower_bound":-0.018100468169631942,"upper_bound":-0.010037354555682934},"point_estimate":-0.0140638106132559,"standard_error":0.002059639274553329},"median":{"confidence_interval":{"confidence_level":0.95,"lower_bound":-0.01869694792008003,"upper_bound":-0.009498212827820929},"point_estimate":-0.014080442083118538,"standard_error":0.0023488721786606953}}