{"mean":{"confidence_interval":{"confidence_level":0.95,"lower_bound":0.1262106107256309,"upper_bound":0.24299662677919182},"point_estimate":0.17827108537007907,"standard_error":0.03240065987231828},"median":{"confidence_interval":{"confidence_level":0.95,"lower_bound":0.123153614459802,"upper_bound":0.21563562846257645},"point_estimate":0.13372448555417504,"standard_error":0.02329083502008186}}