{"mean":{"confidence_interval":{"confidence_level":0.95,"lower_bound":1.0402601304928534,"upper_bound":1.0721404579962133},"point_estimate":1.0548869313518403,"standard_error":0.008523492086967647},"median":{"confidence_interval":{"confidence_level":0.95,"lower_bound":1.022876692989715,"upper_bound":1.0834830444491215},"point_estimate":1.057957618029202,"standard_error":0.01584286851325668}}