{"mean":{"confidence_interval":{"confidence_level":0.95,"lower_bound":0.018834937210179595,"upper_bound":0.028119416681880005},"point_estimate":0.02311119868860012,"standard_error":0.002370483216635207},"median":{"confidence_interval":{"confidence_level":0.95,"lower_bound":0.018076103439830238,"upper_bound":0.02835020718556125},"point_estimate":0.021231987516626027,"standard_error":0.0029674238298262627}}