{"mean":{"confidence_interval":{"confidence_level":0.95,"lower_bound":-0.009386603859507577,"upper_bound":-0.0013257249575592657},"point_estimate":-0.005455238906689752,"standard_error":0.0020276611868079598},"median":{"confidence_interval":{"confidence_level":0.95,"lower_bound":-0.011125547235373623,"upper_bound":0.0023733077253222934},"point_estimate":-0.008471431781719496,"standard_error":0.003260626825008206}}