{"mean":{"confidence_interval":{"confidence_level":0.95,"lower_bound":188296683.93166667,"upper_bound":189259779.3666667},"point_estimate":188766929.39999998,"standard_error":247159.84023823056},"median":{"confidence_interval":{"confidence_level":0.95,"lower_bound":188068203.0,"upper_bound":189608834.0},"point_estimate":188690777.1666667,"standard_error":372886.88063674624},"median_abs_dev":{"confidence_interval":{"confidence_level":0.95,"lower_bound":172259.83154178402,"upper_bound":1434110.058939457},"point_estimate":992719.7845757375,"standard_error":333247.018799793},"slope":null,"std_dev":{"confidence_interval":{"confidence_level":0.95,"lower_bound":462380.04202911316,"upper_bound":984302.4686715503},"point_estimate":820484.4826398054,"standard_error":128263.45101864099}}