{"mean":{"confidence_interval":{"confidence_level":0.95,"lower_bound":563274729.3,"upper_bound":564407075.5925},"point_estimate":563799867.7,"standard_error":289713.12959379633},"median":{"confidence_interval":{"confidence_level":0.95,"lower_bound":563174191.0,"upper_bound":564450791.0},"point_estimate":563610943.5,"standard_error":274275.79851969646},"median_abs_dev":{"confidence_interval":{"confidence_level":0.95,"lower_bound":164876.23657286167,"upper_bound":1567708.6251676083},"point_estimate":553436.7789745331,"standard_error":364912.45655224565},"slope":null,"std_dev":{"confidence_interval":{"confidence_level":0.95,"lower_bound":396088.2701248653,"upper_bound":1285913.270278123},"point_estimate":964219.9498947957,"standard_error":234539.3166020751}}