{"mean":{"confidence_interval":{"confidence_level":0.95,"lower_bound":-0.023987229702969324,"upper_bound":-0.018031287429720138},"point_estimate":-0.02092358108267589,"standard_error":0.0015155506264814163},"median":{"confidence_interval":{"confidence_level":0.95,"lower_bound":-0.023456073753799767,"upper_bound":-0.017739591145793154},"point_estimate":-0.021263375466266332,"standard_error":0.001455992456837518}}