{"mean":{"confidence_interval":{"confidence_level":0.95,"lower_bound":448742846.83375,"upper_bound":452096785.15},"point_estimate":450481317.5,"standard_error":860294.9218112077},"median":{"confidence_interval":{"confidence_level":0.95,"lower_bound":448581527.75,"upper_bound":452862449.75},"point_estimate":450874144.0,"standard_error":1032623.4106260067},"median_abs_dev":{"confidence_interval":{"confidence_level":0.95,"lower_bound":425144.80870217085,"upper_bound":4921096.611683071},"point_estimate":2210640.6983032823,"standard_error":1116903.9771612356},"slope":null,"std_dev":{"confidence_interval":{"confidence_level":0.95,"lower_bound":1469194.9986671694,"upper_bound":3749704.288540521},"point_estimate":2873711.395123377,"standard_error":603737.3957981883}}