{"mean":{"confidence_interval":{"confidence_level":0.95,"lower_bound":-0.031232741788810848,"upper_bound":-0.016716845199082092},"point_estimate":-0.02469742290273147,"standard_error":0.0037408194342103615},"median":{"confidence_interval":{"confidence_level":0.95,"lower_bound":-0.033991687037748686,"upper_bound":-0.021335466883184107},"point_estimate":-0.026930495222910023,"standard_error":0.0029406576862075393}}