{"mean":{"confidence_interval":{"confidence_level":0.95,"lower_bound":708318283.1,"upper_bound":718721131.0},"point_estimate":712037872.6,"standard_error":3072307.8106668224},"median":{"confidence_interval":{"confidence_level":0.95,"lower_bound":707959586.5,"upper_bound":710169300.0},"point_estimate":708966427.0,"standard_error":933153.0153022073},"median_abs_dev":{"confidence_interval":{"confidence_level":0.95,"lower_bound":215157.87338018417,"upper_bound":2685849.9429166317},"point_estimate":1516797.6246714592,"standard_error":993896.619836522},"slope":null,"std_dev":{"confidence_interval":{"confidence_level":0.95,"lower_bound":763423.5011562062,"upper_bound":15810517.75029392},"point_estimate":10292312.87801733,"standard_error":5440001.698064742}}