{"mean":{"confidence_interval":{"confidence_level":0.95,"lower_bound":1038163925.1,"upper_bound":1039659336.6},"point_estimate":1038870010.5,"standard_error":383660.6166157573},"median":{"confidence_interval":{"confidence_level":0.95,"lower_bound":1037803221.5,"upper_bound":1039992461.0},"point_estimate":1038383005.0,"standard_error":616842.6458046982},"median_abs_dev":{"confidence_interval":{"confidence_level":0.95,"lower_bound":186454.7378897667,"upper_bound":2250374.006947875},"point_estimate":1142507.848316431,"standard_error":555748.7518486769},"slope":null,"std_dev":{"confidence_interval":{"confidence_level":0.95,"lower_bound":650515.1845254488,"upper_bound":1597692.76262463},"point_estimate":1285390.168932656,"standard_error":240072.5143076336}}