{"mean":{"confidence_interval":{"confidence_level":0.95,"lower_bound":-0.050420037504413644,"upper_bound":-0.0451423335021357},"point_estimate":-0.04757651780804928,"standard_error":0.0013538282486885884},"median":{"confidence_interval":{"confidence_level":0.95,"lower_bound":-0.04912293183695937,"upper_bound":-0.04435281549993486},"point_estimate":-0.04690910775384971,"standard_error":0.0012798632806361409}}