{"mean":{"confidence_interval":{"confidence_level":0.95,"lower_bound":323452864.88375,"upper_bound":324509788.55},"point_estimate":323996130.3,"standard_error":271515.21333710616},"median":{"confidence_interval":{"confidence_level":0.95,"lower_bound":323144306.5,"upper_bound":324890786.0},"point_estimate":324014688.25,"standard_error":470029.9386755671},"median_abs_dev":{"confidence_interval":{"confidence_level":0.95,"lower_bound":62343.69954317808,"upper_bound":1492955.5638447404},"point_estimate":1294665.2303650975,"standard_error":433762.6590699944},"slope":null,"std_dev":{"confidence_interval":{"confidence_level":0.95,"lower_bound":522863.89573871135,"upper_bound":1083009.729546786},"point_estimate":906984.179356852,"standard_error":137588.0996721322}}