{"mean":{"confidence_interval":{"confidence_level":0.95,"lower_bound":-0.03926669698160069,"upper_bound":-0.029945609863237316},"point_estimate":-0.03457912722940737,"standard_error":0.002339149300281966},"median":{"confidence_interval":{"confidence_level":0.95,"lower_bound":-0.04028198726853738,"upper_bound":-0.027155045771140474},"point_estimate":-0.033911755834055035,"standard_error":0.0033453726040657997}}