{"mean":{"confidence_interval":{"confidence_level":0.95,"lower_bound":-0.012998483624324413,"upper_bound":-0.007916653309690741},"point_estimate":-0.010621417625809926,"standard_error":0.0012939202770611308},"median":{"confidence_interval":{"confidence_level":0.95,"lower_bound":-0.013186364211225654,"upper_bound":-0.008287383307413854},"point_estimate":-0.011198490378159676,"standard_error":0.001201450132716829}}