{"mean":{"confidence_interval":{"confidence_level":0.95,"lower_bound":201023281.9,"upper_bound":201879417.8333333},"point_estimate":201409586.46666667,"standard_error":219082.07324781682},"median":{"confidence_interval":{"confidence_level":0.95,"lower_bound":200930088.5,"upper_bound":201660491.33333334},"point_estimate":201371631.8333333,"standard_error":186305.70452958732},"median_abs_dev":{"confidence_interval":{"confidence_level":0.95,"lower_bound":64361.14745736122,"upper_bound":1010715.3359562232},"point_estimate":445829.17868493515,"standard_error":224621.33177131566},"slope":null,"std_dev":{"confidence_interval":{"confidence_level":0.95,"lower_bound":265494.48007810244,"upper_bound":1033490.1308567638},"point_estimate":728157.5194152013,"standard_error":220324.7411535099}}