{"mean":{"confidence_interval":{"confidence_level":0.95,"lower_bound":-0.012138857995272902,"upper_bound":-0.0008471316662527121},"point_estimate":-0.006677197834918713,"standard_error":0.0028579474639646744},"median":{"confidence_interval":{"confidence_level":0.95,"lower_bound":-0.01098118008079374,"upper_bound":2.1298856565099555e-6},"point_estimate":-0.008409339314050968,"standard_error":0.002421810626930699}}