{"mean":{"confidence_interval":{"confidence_level":0.95,"lower_bound":0.04880024648335659,"upper_bound":0.06607625356529946},"point_estimate":0.057231976284837005,"standard_error":0.004409262437613028},"median":{"confidence_interval":{"confidence_level":0.95,"lower_bound":0.047586350172072356,"upper_bound":0.06474649958932654},"point_estimate":0.05445203614473337,"standard_error":0.003938892120980328}}