{"mean":{"confidence_interval":{"confidence_level":0.95,"lower_bound":-0.02431101653773847,"upper_bound":-0.015828523161629228},"point_estimate":-0.020069824378204926,"standard_error":0.0021698365261166555},"median":{"confidence_interval":{"confidence_level":0.95,"lower_bound":-0.026118335299436635,"upper_bound":-0.01371933644615253},"point_estimate":-0.02095389055290342,"standard_error":0.003049959196687525}}