{"mean":{"confidence_interval":{"confidence_level":0.95,"lower_bound":862167897.3,"upper_bound":872234195.87},"point_estimate":867139377.0,"standard_error":2574687.593789138},"median":{"confidence_interval":{"confidence_level":0.95,"lower_bound":858726597.0,"upper_bound":875814675.0},"point_estimate":866991117.5,"standard_error":5334378.663384024},"median_abs_dev":{"confidence_interval":{"confidence_level":0.95,"lower_bound":288561.3980770111,"upper_bound":12965611.792114377},"point_estimate":12374170.045414567,"standard_error":4014841.0850324207},"slope":null,"std_dev":{"confidence_interval":{"confidence_level":0.95,"lower_bound":5796524.85046724,"upper_bound":9710126.421210675},"point_estimate":8589178.76285527,"standard_error":1029403.0542604419}}