{"mean":{"confidence_interval":{"confidence_level":0.95,"lower_bound":281265858.1,"upper_bound":370806473.55},"point_estimate":324720396.8,"standard_error":22750070.623487238},"median":{"confidence_interval":{"confidence_level":0.95,"lower_bound":265014984.0,"upper_bound":412216744.5},"point_estimate":271360351.25,"standard_error":49675701.68185964},"median_abs_dev":{"confidence_interval":{"confidence_level":0.95,"lower_bound":1325032.2136759758,"upper_bound":112080785.90511829},"point_estimate":11488602.70293653,"standard_error":36941551.6693855},"slope":null,"std_dev":{"confidence_interval":{"confidence_level":0.95,"lower_bound":46408412.30063158,"upper_bound":82091060.33795711},"point_estimate":75611161.24913196,"standard_error":9904129.733066216}}