{"mean":{"confidence_interval":{"confidence_level":0.95,"lower_bound":923972372.3824999,"upper_bound":925812658.31},"point_estimate":924843989.2,"standard_error":472381.9133154789},"median":{"confidence_interval":{"confidence_level":0.95,"lower_bound":923455641.5,"upper_bound":925837853.0},"point_estimate":924704906.5,"standard_error":755814.5984472745},"median_abs_dev":{"confidence_interval":{"confidence_level":0.95,"lower_bound":85838.09067606926,"upper_bound":2926745.751839876},"point_estimate":1529653.2490432262,"standard_error":702557.6424843342},"slope":null,"std_dev":{"confidence_interval":{"confidence_level":0.95,"lower_bound":866223.0371345582,"upper_bound":2045500.103653185},"point_estimate":1570012.6946503613,"standard_error":330431.6151808717}}