{"mean":{"confidence_interval":{"confidence_level":0.95,"lower_bound":441351784.78000003,"upper_bound":442158636.49625},"point_estimate":441767047.85,"standard_error":206151.23719746867},"median":{"confidence_interval":{"confidence_level":0.95,"lower_bound":441454088.0,"upper_bound":442315785.25},"point_estimate":441683175.5,"standard_error":211125.68455191024},"median_abs_dev":{"confidence_interval":{"confidence_level":0.95,"lower_bound":102662.63517737389,"upper_bound":1202139.872507751},"point_estimate":477112.1616795659,"standard_error":281883.579511675},"slope":null,"std_dev":{"confidence_interval":{"confidence_level":0.95,"lower_bound":280479.05454824783,"upper_bound":935670.0067589463},"point_estimate":687862.1504207418,"standard_error":164700.2106859733}}