{"mean":{"confidence_interval":{"confidence_level":0.95,"lower_bound":-0.024371409961014393,"upper_bound":-0.01586131171460548},"point_estimate":-0.020095218716626784,"standard_error":0.002170811730670118},"median":{"confidence_interval":{"confidence_level":0.95,"lower_bound":-0.02232038288481919,"upper_bound":-0.015284162187063854},"point_estimate":-0.020131147804443472,"standard_error":0.0015402328671798745}}