{"mean":{"confidence_interval":{"confidence_level":0.95,"lower_bound":1006393140.5124999,"upper_bound":1015462378.2},"point_estimate":1010902252.3,"standard_error":2327972.7534766574},"median":{"confidence_interval":{"confidence_level":0.95,"lower_bound":1004276824.0,"upper_bound":1019349668.0},"point_estimate":1011428738.0,"standard_error":3762341.6660287622},"median_abs_dev":{"confidence_interval":{"confidence_level":0.95,"lower_bound":1518425.5194425583,"upper_bound":12906315.206167102},"point_estimate":11173499.058830738,"standard_error":3154607.669389307},"slope":null,"std_dev":{"confidence_interval":{"confidence_level":0.95,"lower_bound":4765799.362828324,"upper_bound":9386682.33175101},"point_estimate":7765791.908888266,"standard_error":1171383.206828336}}