{"mean":{"confidence_interval":{"confidence_level":0.95,"lower_bound":-0.007457772897319597,"upper_bound":-0.0007064989009258395},"point_estimate":-0.003841344125087298,"standard_error":0.001732138673616081},"median":{"confidence_interval":{"confidence_level":0.95,"lower_bound":-0.007321873333479556,"upper_bound":0.0006653171599246832},"point_estimate":-0.0027200445500764614,"standard_error":0.002022579637475553}}