{"mean":{"confidence_interval":{"confidence_level":0.95,"lower_bound":-0.023864021624886156,"upper_bound":-0.02134316513584898},"point_estimate":-0.02255442967150756,"standard_error":0.0006462629704684623},"median":{"confidence_interval":{"confidence_level":0.95,"lower_bound":-0.024817077968088852,"upper_bound":-0.020815115479707047},"point_estimate":-0.02241215122111162,"standard_error":0.0010703110097205818}}