{"mean":{"confidence_interval":{"confidence_level":0.95,"lower_bound":0.6052075683746518,"upper_bound":0.630791615627375},"point_estimate":0.6177338673133972,"standard_error":0.006640648794597154},"median":{"confidence_interval":{"confidence_level":0.95,"lower_bound":0.5939419213196533,"upper_bound":0.6299167998016808},"point_estimate":0.6143369988754184,"standard_error":0.007988120931787454}}