{"mean":{"confidence_interval":{"confidence_level":0.95,"lower_bound":579488134.215,"upper_bound":583545315.3},"point_estimate":581246773.5,"standard_error":1065853.5719454722},"median":{"confidence_interval":{"confidence_level":0.95,"lower_bound":579061913.0,"upper_bound":583140895.0},"point_estimate":580032830.5,"standard_error":817750.8111889791},"median_abs_dev":{"confidence_interval":{"confidence_level":0.95,"lower_bound":73536.21739447117,"upper_bound":4586875.9528666735},"point_estimate":1204394.5364177227,"standard_error":908290.363328604},"slope":null,"std_dev":{"confidence_interval":{"confidence_level":0.95,"lower_bound":509526.14954734605,"upper_bound":4806328.079506794},"point_estimate":3553203.6460748506,"standard_error":1179181.51057255}}