{"mean":{"confidence_interval":{"confidence_level":0.95,"lower_bound":-0.03808029910420324,"upper_bound":-0.021464110030772678},"point_estimate":-0.030023948107543053,"standard_error":0.004235010274577575},"median":{"confidence_interval":{"confidence_level":0.95,"lower_bound":-0.042648971275931924,"upper_bound":-0.022297735930447038},"point_estimate":-0.030989206810753234,"standard_error":0.005410602837028475}}