{"mean":{"confidence_interval":{"confidence_level":0.95,"lower_bound":335314698.10375,"upper_bound":335725723.3},"point_estimate":335531350.2,"standard_error":105597.24539887221},"median":{"confidence_interval":{"confidence_level":0.95,"lower_bound":335344280.5,"upper_bound":335769411.75},"point_estimate":335580122.0,"standard_error":106067.34587711374},"median_abs_dev":{"confidence_interval":{"confidence_level":0.95,"lower_bound":76364.6474942565,"upper_bound":578412.6581311226},"point_estimate":268356.8962857127,"standard_error":127853.25859457023},"slope":null,"std_dev":{"confidence_interval":{"confidence_level":0.95,"lower_bound":159903.31344500548,"upper_bound":473767.05994078633},"point_estimate":352863.4450326201,"standard_error":83498.73127287142}}