{"mean":{"confidence_interval":{"confidence_level":0.95,"lower_bound":-0.012850754637991256,"upper_bound":0.0017141691893543664},"point_estimate":-0.00688515847883564,"standard_error":0.003933360296411879},"median":{"confidence_interval":{"confidence_level":0.95,"lower_bound":-0.014019306764564865,"upper_bound":-0.005752889047401566},"point_estimate":-0.010424936285548303,"standard_error":0.002242894580390199}}