{"mean":{"confidence_interval":{"confidence_level":0.95,"lower_bound":981281474.6,"upper_bound":1100660456.1},"point_estimate":1037206465.3,"standard_error":30753119.170434516},"median":{"confidence_interval":{"confidence_level":0.95,"lower_bound":969008184.5,"upper_bound":1122961732.0},"point_estimate":989111907.5,"standard_error":41418312.771238126},"median_abs_dev":{"confidence_interval":{"confidence_level":0.95,"lower_bound":5770827.659547329,"upper_bound":160114679.9497962},"point_estimate":62202215.027689934,"standard_error":42453502.16932692},"slope":null,"std_dev":{"confidence_interval":{"confidence_level":0.95,"lower_bound":41141509.19705595,"upper_bound":127670115.42457059},"point_estimate":102394104.88747983,"standard_error":20865849.760863893}}