{"mean":{"confidence_interval":{"confidence_level":0.95,"lower_bound":-0.014752999684761752,"upper_bound":-0.008699122110457945},"point_estimate":-0.011736569723393098,"standard_error":0.0015461836428003431},"median":{"confidence_interval":{"confidence_level":0.95,"lower_bound":-0.016719644166572678,"upper_bound":-0.007616864242223187},"point_estimate":-0.011590086439798863,"standard_error":0.002587218436028212}}