{"mean":{"confidence_interval":{"confidence_level":0.95,"lower_bound":563443468.9,"upper_bound":568085642.4},"point_estimate":565379094.3,"standard_error":1219177.5238118903},"median":{"confidence_interval":{"confidence_level":0.95,"lower_bound":562678534.0,"upper_bound":566606933.0},"point_estimate":563975615.0,"standard_error":925114.556493504},"median_abs_dev":{"confidence_interval":{"confidence_level":0.95,"lower_bound":310857.47778117657,"upper_bound":4108001.350468397},"point_estimate":2014179.5225411654,"standard_error":1034616.0746069339},"slope":null,"std_dev":{"confidence_interval":{"confidence_level":0.95,"lower_bound":995017.9578872647,"upper_bound":5965840.494396362},"point_estimate":4074537.628169853,"standard_error":1504625.1349868814}}