{"mean":{"confidence_interval":{"confidence_level":0.95,"lower_bound":-0.03885215048810472,"upper_bound":-0.024180217171034524},"point_estimate":-0.031643953760680965,"standard_error":0.0037413581611825384},"median":{"confidence_interval":{"confidence_level":0.95,"lower_bound":-0.040126031335586454,"upper_bound":-0.023112880484715492},"point_estimate":-0.03451721752695014,"standard_error":0.004229125466168385}}