{"mean":{"confidence_interval":{"confidence_level":0.95,"lower_bound":-0.05945589302674154,"upper_bound":-0.0450731358356506},"point_estimate":-0.05180322553576866,"standard_error":0.0036810976343926204},"median":{"confidence_interval":{"confidence_level":0.95,"lower_bound":-0.05746793772872483,"upper_bound":-0.04208534343474868},"point_estimate":-0.05144343741183399,"standard_error":0.004173662189169996}}