{"mean":{"confidence_interval":{"confidence_level":0.95,"lower_bound":414283585.30875,"upper_bound":415571989.75},"point_estimate":414908462.45,"standard_error":330694.36584480864},"median":{"confidence_interval":{"confidence_level":0.95,"lower_bound":413981515.25,"upper_bound":415977169.25},"point_estimate":414650197.75,"standard_error":550195.4773202665},"median_abs_dev":{"confidence_interval":{"confidence_level":0.95,"lower_bound":250160.20550876856,"upper_bound":1828244.8065921664},"point_estimate":1261455.3616046906,"standard_error":455481.5558200603},"slope":null,"std_dev":{"confidence_interval":{"confidence_level":0.95,"lower_bound":624960.4440099122,"upper_bound":1327768.4997261812},"point_estimate":1103196.1711244702,"standard_error":177911.6087418609}}