{"mean":{"confidence_interval":{"confidence_level":0.95,"lower_bound":230515352.3,"upper_bound":233410170.94083333},"point_estimate":231628951.9333333,"standard_error":804588.4291825097},"median":{"confidence_interval":{"confidence_level":0.95,"lower_bound":230386513.5,"upper_bound":231380870.1666667},"point_estimate":231155844.5,"standard_error":356975.99481778854},"median_abs_dev":{"confidence_interval":{"confidence_level":0.95,"lower_bound":72489.99601303795,"upper_bound":1537537.468603268},"point_estimate":574854.9123942779,"standard_error":441010.65955400973},"slope":null,"std_dev":{"confidence_interval":{"confidence_level":0.95,"lower_bound":397086.02569016925,"upper_bound":4097940.003284516},"point_estimate":2672497.3115607235,"standard_error":1249414.1882991153}}