{"mean":{"confidence_interval":{"confidence_level":0.95,"lower_bound":-0.049021014289590784,"upper_bound":-0.043002816889546755},"point_estimate":-0.046171694757543125,"standard_error":0.0015509764373975864},"median":{"confidence_interval":{"confidence_level":0.95,"lower_bound":-0.05104439849590492,"upper_bound":-0.04330239512881573},"point_estimate":-0.047533852959509515,"standard_error":0.0018484822844776147}}