{"mean":{"confidence_interval":{"confidence_level":0.95,"lower_bound":0.027265487566878993,"upper_bound":0.03463773590064049},"point_estimate":0.030730832424701315,"standard_error":0.001894181233851191},"median":{"confidence_interval":{"confidence_level":0.95,"lower_bound":0.02522789313012508,"upper_bound":0.03539751534823887},"point_estimate":0.027905345901791057,"standard_error":0.0030611845934361307}}