{"mean":{"confidence_interval":{"confidence_level":0.95,"lower_bound":927781341.1,"upper_bound":946751831.085},"point_estimate":935779049.0,"standard_error":4964875.894142102},"median":{"confidence_interval":{"confidence_level":0.95,"lower_bound":924616762.5,"upper_bound":941572784.0},"point_estimate":931737372.5,"standard_error":4323447.109600227},"median_abs_dev":{"confidence_interval":{"confidence_level":0.95,"lower_bound":631582.399687171,"upper_bound":17566261.84003651},"point_estimate":10293148.24436009,"standard_error":5184988.025439814},"slope":null,"std_dev":{"confidence_interval":{"confidence_level":0.95,"lower_bound":4472774.800860754,"upper_bound":23985193.44145506},"point_estimate":16503549.053573146,"standard_error":5837067.245690852}}