{"mean":{"confidence_interval":{"confidence_level":0.95,"lower_bound":1276805716.2,"upper_bound":1279243302.7925},"point_estimate":1278083010.8,"standard_error":624207.2117620532},"median":{"confidence_interval":{"confidence_level":0.95,"lower_bound":1276765456.0,"upper_bound":1279058048.5},"point_estimate":1278692899.5,"standard_error":537918.9872502286},"median_abs_dev":{"confidence_interval":{"confidence_level":0.95,"lower_bound":142565.33086895943,"upper_bound":3627558.175830265},"point_estimate":1034939.2898261547,"standard_error":876397.4176234832},"slope":null,"std_dev":{"confidence_interval":{"confidence_level":0.95,"lower_bound":700514.7218185826,"upper_bound":2804532.955974845},"point_estimate":2086888.4658512697,"standard_error":518551.15153362695}}