{"mean":{"confidence_interval":{"confidence_level":0.95,"lower_bound":1.1365127762945906,"upper_bound":1.7249969525096742},"point_estimate":1.444272324364794,"standard_error":0.15139156783340843},"median":{"confidence_interval":{"confidence_level":0.95,"lower_bound":0.7945196656909066,"upper_bound":1.719633717490134},"point_estimate":1.5149847346660987,"standard_error":0.2287584812120448}}