{"mean":{"confidence_interval":{"confidence_level":0.95,"lower_bound":-0.017107123270071675,"upper_bound":-0.0027406616495473097},"point_estimate":-0.010572209695284052,"standard_error":0.0038962455184454662},"median":{"confidence_interval":{"confidence_level":0.95,"lower_bound":-0.019105323237450622,"upper_bound":-0.007545927266573549},"point_estimate":-0.015744293423583078,"standard_error":0.0040546586445545894}}