{"mean":{"confidence_interval":{"confidence_level":0.95,"lower_bound":-0.030414253273360854,"upper_bound":-0.004392234120463936},"point_estimate":-0.014573254668852065,"standard_error":0.007236217857123015},"median":{"confidence_interval":{"confidence_level":0.95,"lower_bound":-0.015654097014010104,"upper_bound":-0.0027749942815730178},"point_estimate":-0.004314941466545652,"standard_error":0.0038891317279836236}}