{"mean":{"confidence_interval":{"confidence_level":0.95,"lower_bound":-0.03990937563141597,"upper_bound":-0.03520529615167206},"point_estimate":-0.037438295924483334,"standard_error":0.0012056708314966986},"median":{"confidence_interval":{"confidence_level":0.95,"lower_bound":-0.03936605215629074,"upper_bound":-0.0346250233782428},"point_estimate":-0.036132377964176676,"standard_error":0.0011625560330981537}}