{"mean":{"confidence_interval":{"confidence_level":0.95,"lower_bound":0.01708813785017736,"upper_bound":0.035260000059081496},"point_estimate":0.02720302790033502,"standard_error":0.004664728784478004},"median":{"confidence_interval":{"confidence_level":0.95,"lower_bound":0.024624432438117294,"upper_bound":0.04002738532378025},"point_estimate":0.02772243439053712,"standard_error":0.003866810915801051}}