{"mean":{"confidence_interval":{"confidence_level":0.95,"lower_bound":-0.018126583681784186,"upper_bound":-0.007290167345531467},"point_estimate":-0.012837026115101513,"standard_error":0.0027746436316730674},"median":{"confidence_interval":{"confidence_level":0.95,"lower_bound":-0.02218880820328495,"upper_bound":-0.004403359371864979},"point_estimate":-0.01288292578392558,"standard_error":0.004382096134904413}}