{"mean":{"confidence_interval":{"confidence_level":0.95,"lower_bound":-0.004411338688650539,"upper_bound":0.0004917157169339708},"point_estimate":-0.0020589160859570965,"standard_error":0.0012342057690163067},"median":{"confidence_interval":{"confidence_level":0.95,"lower_bound":-0.005598912465944461,"upper_bound":-0.0002335445257189983},"point_estimate":-0.002643288442405023,"standard_error":0.0011281596602954742}}