{"mean":{"confidence_interval":{"confidence_level":0.95,"lower_bound":263814807.20749998,"upper_bound":264392500.8},"point_estimate":264075251.5,"standard_error":149068.66061984413},"median":{"confidence_interval":{"confidence_level":0.95,"lower_bound":263704110.5,"upper_bound":264372870.0},"point_estimate":264002745.0,"standard_error":126031.97489166626},"median_abs_dev":{"confidence_interval":{"confidence_level":0.95,"lower_bound":10800.74080824852,"upper_bound":630472.3029568791},"point_estimate":276972.284732759,"standard_error":205321.16838012604},"slope":null,"std_dev":{"confidence_interval":{"confidence_level":0.95,"lower_bound":166907.52513514864,"upper_bound":663339.0807638721},"point_estimate":497357.5097329664,"standard_error":134025.87885460854}}