{"mean":{"confidence_interval":{"confidence_level":0.95,"lower_bound":-0.0028111251455613107,"upper_bound":0.0030742126620453927},"point_estimate":-0.0002689957963283307,"standard_error":0.0015026677791405904},"median":{"confidence_interval":{"confidence_level":0.95,"lower_bound":-0.003669008796365114,"upper_bound":0.002957345770478348},"point_estimate":-0.000935171567186921,"standard_error":0.0015575286324239976}}