{"mean":{"confidence_interval":{"confidence_level":0.95,"lower_bound":-0.05556399618327344,"upper_bound":-0.04656350977879906},"point_estimate":-0.051460084692416586,"standard_error":0.0023069015308696222},"median":{"confidence_interval":{"confidence_level":0.95,"lower_bound":-0.0581448740192938,"upper_bound":-0.04377808248940085},"point_estimate":-0.054503361763927005,"standard_error":0.0034441417477217035}}