{"mean":{"confidence_interval":{"confidence_level":0.95,"lower_bound":0.007576261884611363,"upper_bound":0.009576682644949874},"point_estimate":0.008602382542123976,"standard_error":0.0005138895524096142},"median":{"confidence_interval":{"confidence_level":0.95,"lower_bound":0.0073297592243459775,"upper_bound":0.01003045931484614},"point_estimate":0.008598176190044216,"standard_error":0.0007519672592391683}}