{"mean":{"confidence_interval":{"confidence_level":0.95,"lower_bound":-0.03203085289401986,"upper_bound":-0.02455167332925918},"point_estimate":-0.028479237045315076,"standard_error":0.00190422259133653},"median":{"confidence_interval":{"confidence_level":0.95,"lower_bound":-0.034417234716530354,"upper_bound":-0.023122765675114954},"point_estimate":-0.029448960050655892,"standard_error":0.002578517317135182}}