{"mean":{"confidence_interval":{"confidence_level":0.95,"lower_bound":294220115.48375,"upper_bound":296082939.9},"point_estimate":295129438.55,"standard_error":477986.6711626464},"median":{"confidence_interval":{"confidence_level":0.95,"lower_bound":293753987.25,"upper_bound":296469545.5},"point_estimate":294772063.5,"standard_error":800371.0769888114},"median_abs_dev":{"confidence_interval":{"confidence_level":0.95,"lower_bound":278893.36364865303,"upper_bound":2596329.4445559382},"point_estimate":2157035.0723549724,"standard_error":581219.3458840796},"slope":null,"std_dev":{"confidence_interval":{"confidence_level":0.95,"lower_bound":981346.6804046707,"upper_bound":1945060.430847941},"point_estimate":1596653.2774478004,"standard_error":247935.3087616619}}