{"mean":{"confidence_interval":{"confidence_level":0.95,"lower_bound":935914862.6075001,"upper_bound":939169641.7},"point_estimate":937679943.7,"standard_error":840233.5220603977},"median":{"confidence_interval":{"confidence_level":0.95,"lower_bound":935615672.0,"upper_bound":939419773.0},"point_estimate":938846206.0,"standard_error":984370.4017486263},"median_abs_dev":{"confidence_interval":{"confidence_level":0.95,"lower_bound":183729.71913814545,"upper_bound":4411340.56378305},"point_estimate":1477028.3629775047,"standard_error":1170598.7522334058},"slope":null,"std_dev":{"confidence_interval":{"confidence_level":0.95,"lower_bound":1156477.6615175218,"upper_bound":3786509.39163642},"point_estimate":2797346.5176332155,"standard_error":728007.305448805}}