{"mean":{"confidence_interval":{"confidence_level":0.95,"lower_bound":-0.029389338911714264,"upper_bound":-0.020072411131538816},"point_estimate":-0.02484408296923757,"standard_error":0.002371729858803661},"median":{"confidence_interval":{"confidence_level":0.95,"lower_bound":-0.030398828404904377,"upper_bound":-0.01896023369516453},"point_estimate":-0.026870748554340684,"standard_error":0.0029056924847581152}}