{"mean":{"confidence_interval":{"confidence_level":0.95,"lower_bound":764964968.295,"upper_bound":769823269.4},"point_estimate":767351750.9,"standard_error":1244982.231389566},"median":{"confidence_interval":{"confidence_level":0.95,"lower_bound":763313344.0,"upper_bound":771683612.0},"point_estimate":767698025.0,"standard_error":2150179.4529815954},"median_abs_dev":{"confidence_interval":{"confidence_level":0.95,"lower_bound":358653.5357326269,"upper_bound":6640033.770015836},"point_estimate":6114611.458843946,"standard_error":1983696.5585108856},"slope":null,"std_dev":{"confidence_interval":{"confidence_level":0.95,"lower_bound":2496312.9705184163,"upper_bound":4918473.299507061},"point_estimate":4139398.0794383744,"standard_error":597263.8866954342}}