{"mean":{"confidence_interval":{"confidence_level":0.95,"lower_bound":512231479.07500005,"upper_bound":515281874.63},"point_estimate":513846716.8,"standard_error":782251.2522092557},"median":{"confidence_interval":{"confidence_level":0.95,"lower_bound":512278449.5,"upper_bound":515651845.0},"point_estimate":514250513.0,"standard_error":784996.0472794675},"median_abs_dev":{"confidence_interval":{"confidence_level":0.95,"lower_bound":505545.09332478046,"upper_bound":4265645.464369655},"point_estimate":2048931.6659241915,"standard_error":1016005.4016267597},"slope":null,"std_dev":{"confidence_interval":{"confidence_level":0.95,"lower_bound":1189022.6266314324,"upper_bound":3430683.605042687},"point_estimate":2603288.537689111,"standard_error":592863.5669556741}}