{"mean":{"confidence_interval":{"confidence_level":0.95,"lower_bound":-0.022023751366673918,"upper_bound":-0.011293688812870375},"point_estimate":-0.01666600202775348,"standard_error":0.002749232324805221},"median":{"confidence_interval":{"confidence_level":0.95,"lower_bound":-0.025402134861509773,"upper_bound":-0.01042016395344203},"point_estimate":-0.015009999634721716,"standard_error":0.0040091370138814}}