{"mean":{"confidence_interval":{"confidence_level":0.95,"lower_bound":434230503.47125,"upper_bound":435504371.3},"point_estimate":434806163.2,"standard_error":328609.89175069396},"median":{"confidence_interval":{"confidence_level":0.95,"lower_bound":433998973.0,"upper_bound":435531421.75},"point_estimate":434349467.75,"standard_error":371482.6752216183},"median_abs_dev":{"confidence_interval":{"confidence_level":0.95,"lower_bound":61672.4524050951,"upper_bound":1653412.911196053},"point_estimate":863514.7798195481,"standard_error":410827.52946268994},"slope":null,"std_dev":{"confidence_interval":{"confidence_level":0.95,"lower_bound":410360.33824143506,"upper_bound":1468529.394468937},"point_estimate":1090695.2186664704,"standard_error":286196.56310182903}}