{"mean":{"confidence_interval":{"confidence_level":0.95,"lower_bound":1202908184.4,"upper_bound":1207449273.7324998},"point_estimate":1205367624.3,"standard_error":1166114.5323762856},"median":{"confidence_interval":{"confidence_level":0.95,"lower_bound":1203458353.0,"upper_bound":1208462094.0},"point_estimate":1206074835.5,"standard_error":1525849.7018146499},"median_abs_dev":{"confidence_interval":{"confidence_level":0.95,"lower_bound":252374.0979194641,"upper_bound":6200123.377525806},"point_estimate":3226248.7377226353,"standard_error":1416652.983382867},"slope":null,"std_dev":{"confidence_interval":{"confidence_level":0.95,"lower_bound":1859395.958745129,"upper_bound":5296449.423128187},"point_estimate":3895808.9213399016,"standard_error":992151.1861091303}}