{"mean":{"confidence_interval":{"confidence_level":0.95,"lower_bound":-0.001176336373642095,"upper_bound":0.002668815914460937},"point_estimate":0.0007713540684981535,"standard_error":0.0009790575743786256},"median":{"confidence_interval":{"confidence_level":0.95,"lower_bound":-0.001059372602115527,"upper_bound":0.002678867648271188},"point_estimate":0.0010656451608062056,"standard_error":0.0009085854999406102}}