{"mean":{"confidence_interval":{"confidence_level":0.95,"lower_bound":987110741.0,"upper_bound":997267342.01},"point_estimate":992303525.7,"standard_error":2596816.090367799},"median":{"confidence_interval":{"confidence_level":0.95,"lower_bound":985510377.0,"upper_bound":1000715556.0},"point_estimate":991309109.5,"standard_error":4241813.999911803},"median_abs_dev":{"confidence_interval":{"confidence_level":0.95,"lower_bound":1477019.4673776627,"upper_bound":15699327.475181222},"point_estimate":11181084.781596065,"standard_error":3629342.4669834026},"slope":null,"std_dev":{"confidence_interval":{"confidence_level":0.95,"lower_bound":5282697.034967977,"upper_bound":10825906.264010714},"point_estimate":8702277.977614304,"standard_error":1453131.7172054136}}