{"mean":{"confidence_interval":{"confidence_level":0.95,"lower_bound":194917400.21583334,"upper_bound":195319162.43333334},"point_estimate":195097429.43333334,"standard_error":103269.92265961872},"median":{"confidence_interval":{"confidence_level":0.95,"lower_bound":194850167.83333334,"upper_bound":195204848.0},"point_estimate":195094300.1666667,"standard_error":105068.69096660438},"median_abs_dev":{"confidence_interval":{"confidence_level":0.95,"lower_bound":26747.09192512947,"upper_bound":523348.40090871596},"point_estimate":183852.03363597393,"standard_error":120525.78933241393},"slope":null,"std_dev":{"confidence_interval":{"confidence_level":0.95,"lower_bound":138974.81795315986,"upper_bound":487614.16280062246},"point_estimate":344124.19749708666,"standard_error":103621.07695121225}}