{"mean":{"confidence_interval":{"confidence_level":0.95,"lower_bound":1196550674.265,"upper_bound":1198332734.355},"point_estimate":1197399783.2,"standard_error":455862.4021668288},"median":{"confidence_interval":{"confidence_level":0.95,"lower_bound":1196347777.5,"upper_bound":1198558548.0},"point_estimate":1197218139.5,"standard_error":533947.6393539655},"median_abs_dev":{"confidence_interval":{"confidence_level":0.95,"lower_bound":363901.9396394491,"upper_bound":2516256.8145275116},"point_estimate":1495241.3623541594,"standard_error":556023.3304009866},"slope":null,"std_dev":{"confidence_interval":{"confidence_level":0.95,"lower_bound":744109.0393909699,"upper_bound":2028799.5582686302},"point_estimate":1522940.9702426856,"standard_error":341724.8869597696}}