{"mean":{"confidence_interval":{"confidence_level":0.95,"lower_bound":556957407.9225,"upper_bound":559191556.63},"point_estimate":558215092.1,"standard_error":581607.4205145901},"median":{"confidence_interval":{"confidence_level":0.95,"lower_bound":557713298.0,"upper_bound":559531993.0},"point_estimate":558526455.0,"standard_error":461501.8662459189},"median_abs_dev":{"confidence_interval":{"confidence_level":0.95,"lower_bound":357110.1491600275,"upper_bound":2407622.2666561604},"point_estimate":1163415.4731452465,"standard_error":558302.3924326996},"slope":null,"std_dev":{"confidence_interval":{"confidence_level":0.95,"lower_bound":674883.0765812615,"upper_bound":2800315.8804072323},"point_estimate":1944619.4668242622,"standard_error":640586.587456136}}