{"mean":{"confidence_interval":{"confidence_level":0.95,"lower_bound":0.16167963290063625,"upper_bound":0.38217375510527446},"point_estimate":0.26223258657327064,"standard_error":0.05595704008013326},"median":{"confidence_interval":{"confidence_level":0.95,"lower_bound":0.11694298557644567,"upper_bound":0.5200450695438146},"point_estimate":0.17067694988867976,"standard_error":0.10404642425676355}}