{"mean":{"confidence_interval":{"confidence_level":0.95,"lower_bound":573624683.2,"upper_bound":765200712.7325},"point_estimate":670207639.9,"standard_error":49273321.717015475},"median":{"confidence_interval":{"confidence_level":0.95,"lower_bound":490828773.0,"upper_bound":841739051.0},"point_estimate":691956729.5,"standard_error":96488583.87450692},"median_abs_dev":{"confidence_interval":{"confidence_level":0.95,"lower_bound":18522753.058755398,"upper_bound":257512575.1925379},"point_estimate":232307627.66831517,"standard_error":71051478.70699057},"slope":null,"std_dev":{"confidence_interval":{"confidence_level":0.95,"lower_bound":109468994.99792826,"upper_bound":186320479.3798482},"point_estimate":163742428.10866895,"standard_error":19956743.819620043}}