{"mean":{"confidence_interval":{"confidence_level":0.95,"lower_bound":-0.033796648375732,"upper_bound":-0.02724201785996909},"point_estimate":-0.030467588322513617,"standard_error":0.0016727522205858103},"median":{"confidence_interval":{"confidence_level":0.95,"lower_bound":-0.03284978263226779,"upper_bound":-0.02678392334037083},"point_estimate":-0.02974881438490551,"standard_error":0.0016385179555980702}}