{"mean":{"confidence_interval":{"confidence_level":0.95,"lower_bound":779614201.0,"upper_bound":781603343.3},"point_estimate":780655212.1,"standard_error":510306.77872106724},"median":{"confidence_interval":{"confidence_level":0.95,"lower_bound":779154924.0,"upper_bound":782039371.0},"point_estimate":780919931.5,"standard_error":671033.8959560321},"median_abs_dev":{"confidence_interval":{"confidence_level":0.95,"lower_bound":408044.1299557686,"upper_bound":3094534.5560610294},"point_estimate":1349933.2215338945,"standard_error":670848.4969253987},"slope":null,"std_dev":{"confidence_interval":{"confidence_level":0.95,"lower_bound":843993.1021367561,"upper_bound":2119723.3955346597},"point_estimate":1698167.5483923808,"standard_error":321472.01784752466}}