{"mean":{"confidence_interval":{"confidence_level":0.95,"lower_bound":-0.010675877464102368,"upper_bound":-0.0028933173491650895},"point_estimate":-0.0067353107676050294,"standard_error":0.001989376022733928},"median":{"confidence_interval":{"confidence_level":0.95,"lower_bound":-0.012632080937488355,"upper_bound":-0.000017669449004609206},"point_estimate":-0.007049589215428087,"standard_error":0.002973917528824676}}