{"mean":{"confidence_interval":{"confidence_level":0.95,"lower_bound":484447408.36625004,"upper_bound":485084797.85},"point_estimate":484753664.85,"standard_error":163272.35743191975},"median":{"confidence_interval":{"confidence_level":0.95,"lower_bound":484375883.0,"upper_bound":485191159.25},"point_estimate":484556305.5,"standard_error":217015.54111204864},"median_abs_dev":{"confidence_interval":{"confidence_level":0.95,"lower_bound":56852.51989066601,"upper_bound":911600.6860658526},"point_estimate":493271.7600926757,"standard_error":223170.11402396508},"slope":null,"std_dev":{"confidence_interval":{"confidence_level":0.95,"lower_bound":271894.99414372066,"upper_bound":678730.3406880242},"point_estimate":544292.9889065084,"standard_error":101342.53299826664}}