{"mean":{"confidence_interval":{"confidence_level":0.95,"lower_bound":-0.027631996611181667,"upper_bound":-0.006695397750444629},"point_estimate":-0.015089708321316508,"standard_error":0.005600625691914438},"median":{"confidence_interval":{"confidence_level":0.95,"lower_bound":-0.01072938300306081,"upper_bound":-0.00547027258179289},"point_estimate":-0.007445913946647176,"standard_error":0.001806485751556408}}