{"mean":{"confidence_interval":{"confidence_level":0.95,"lower_bound":-0.6471452648180925,"upper_bound":-0.6235979803115004},"point_estimate":-0.6346698991224036,"standard_error":0.006087830498709687},"median":{"confidence_interval":{"confidence_level":0.95,"lower_bound":-0.6480342470313273,"upper_bound":-0.622932146187725},"point_estimate":-0.6283110456048014,"standard_error":0.005446424993212052}}