{"mean":{"confidence_interval":{"confidence_level":0.95,"lower_bound":-0.02236737559993358,"upper_bound":-0.018722674854719644},"point_estimate":-0.02044822186106321,"standard_error":0.0009319308037369628},"median":{"confidence_interval":{"confidence_level":0.95,"lower_bound":-0.022114181150628243,"upper_bound":-0.01792839574662397},"point_estimate":-0.02001998303927488,"standard_error":0.0010589693256017445}}