{"mean":{"confidence_interval":{"confidence_level":0.95,"lower_bound":382493949.92875004,"upper_bound":383468011.96250004},"point_estimate":382967880.55,"standard_error":249226.6579336978},"median":{"confidence_interval":{"confidence_level":0.95,"lower_bound":382320133.0,"upper_bound":383482484.5},"point_estimate":382924455.75,"standard_error":284984.5026294736},"median_abs_dev":{"confidence_interval":{"confidence_level":0.95,"lower_bound":178864.56732451916,"upper_bound":1419093.9157560468},"point_estimate":861651.1516526341,"standard_error":346609.35650181666},"slope":null,"std_dev":{"confidence_interval":{"confidence_level":0.95,"lower_bound":444267.0481131722,"upper_bound":1064490.637985417},"point_estimate":830667.8788914526,"standard_error":161250.3008059656}}