{"mean":{"confidence_interval":{"confidence_level":0.95,"lower_bound":840612262.665,"upper_bound":843411260.5},"point_estimate":841989730.7,"standard_error":711491.9988564346},"median":{"confidence_interval":{"confidence_level":0.95,"lower_bound":840407693.0,"upper_bound":843426645.0},"point_estimate":842022728.0,"standard_error":749824.7158619174},"median_abs_dev":{"confidence_interval":{"confidence_level":0.95,"lower_bound":422447.5887000561,"upper_bound":4115657.4967324734},"point_estimate":1972016.6031897068,"standard_error":853059.3767303212},"slope":null,"std_dev":{"confidence_interval":{"confidence_level":0.95,"lower_bound":1102624.5838065513,"upper_bound":3186693.147325366},"point_estimate":2371934.899211942,"standard_error":536541.7209229069}}