{"mean":{"confidence_interval":{"confidence_level":0.95,"lower_bound":-0.034317771029101676,"upper_bound":-0.023404322387339298},"point_estimate":-0.02846269689783365,"standard_error":0.0027905311012566924},"median":{"confidence_interval":{"confidence_level":0.95,"lower_bound":-0.03288650035983742,"upper_bound":-0.023856963523074426},"point_estimate":-0.026646276518917822,"standard_error":0.002045929838840373}}