{"mean":{"confidence_interval":{"confidence_level":0.95,"lower_bound":-0.04331668090641687,"upper_bound":-0.028890862852081405},"point_estimate":-0.037495099151650724,"standard_error":0.003915206217023441},"median":{"confidence_interval":{"confidence_level":0.95,"lower_bound":-0.04357521575299628,"upper_bound":-0.03860277740039608},"point_estimate":-0.041781493244187784,"standard_error":0.001772695896551055}}