{"mean":{"confidence_interval":{"confidence_level":0.95,"lower_bound":1339019686.0,"upper_bound":1345179341.7575},"point_estimate":1341472251.7,"standard_error":1670958.2961011454},"median":{"confidence_interval":{"confidence_level":0.95,"lower_bound":1338598026.0,"upper_bound":1341984037.5},"point_estimate":1339483497.5,"standard_error":899694.3056473226},"median_abs_dev":{"confidence_interval":{"confidence_level":0.95,"lower_bound":392349.32663440704,"upper_bound":4228173.491334915},"point_estimate":1463538.1858170033,"standard_error":1091668.0864925776},"slope":null,"std_dev":{"confidence_interval":{"confidence_level":0.95,"lower_bound":814496.8889829748,"upper_bound":8370936.002880963},"point_estimate":5562561.060174972,"standard_error":2371114.7398321917}}