{"mean":{"confidence_interval":{"confidence_level":0.95,"lower_bound":337136686.9,"upper_bound":339108653.8375},"point_estimate":338145791.35,"standard_error":506406.10457215755},"median":{"confidence_interval":{"confidence_level":0.95,"lower_bound":336461922.0,"upper_bound":339390544.25},"point_estimate":338469051.75,"standard_error":676991.7437357893},"median_abs_dev":{"confidence_interval":{"confidence_level":0.95,"lower_bound":210783.83280783892,"upper_bound":2955223.161484301},"point_estimate":1783694.530633092,"standard_error":785059.9859308534},"slope":null,"std_dev":{"confidence_interval":{"confidence_level":0.95,"lower_bound":912683.9472544322,"upper_bound":2057693.70334755},"point_estimate":1687958.148343601,"standard_error":280759.0955532014}}