{"mean":{"confidence_interval":{"confidence_level":0.95,"lower_bound":521178803.7,"upper_bound":525792138.2},"point_estimate":523152300.4,"standard_error":1204149.1558134868},"median":{"confidence_interval":{"confidence_level":0.95,"lower_bound":520305256.0,"upper_bound":524467585.5},"point_estimate":521913035.5,"standard_error":1148379.2157087612},"median_abs_dev":{"confidence_interval":{"confidence_level":0.95,"lower_bound":347272.3570346832,"upper_bound":4806287.794753769},"point_estimate":2716514.558172226,"standard_error":1091927.461399855},"slope":null,"std_dev":{"confidence_interval":{"confidence_level":0.95,"lower_bound":1287978.698026828,"upper_bound":5892439.19023566},"point_estimate":4036194.9192211335,"standard_error":1423292.4639658714}}