{"mean":{"confidence_interval":{"confidence_level":0.95,"lower_bound":0.019105985165338096,"upper_bound":0.028468332255827306},"point_estimate":0.024006505704013525,"standard_error":0.0024070781449265304},"median":{"confidence_interval":{"confidence_level":0.95,"lower_bound":0.023200265606169834,"upper_bound":0.028422187453227332},"point_estimate":0.02652492514150051,"standard_error":0.0016839474812244551}}