{"mean":{"confidence_interval":{"confidence_level":0.95,"lower_bound":850676006.7924999,"upper_bound":854730442.38},"point_estimate":852526442.0,"standard_error":1041850.2950749414},"median":{"confidence_interval":{"confidence_level":0.95,"lower_bound":849880938.0,"upper_bound":855039058.0},"point_estimate":851524473.0,"standard_error":1188874.2923807441},"median_abs_dev":{"confidence_interval":{"confidence_level":0.95,"lower_bound":685612.7905279398,"upper_bound":5497597.086498141},"point_estimate":2615984.6430569887,"standard_error":1241227.2647231275},"slope":null,"std_dev":{"confidence_interval":{"confidence_level":0.95,"lower_bound":1323971.8749287326,"upper_bound":4519263.237532086},"point_estimate":3464380.811955451,"standard_error":840496.5935853793}}