{"mean":{"confidence_interval":{"confidence_level":0.95,"lower_bound":-0.03702532341209247,"upper_bound":-0.02472474222881757},"point_estimate":-0.03126559030037812,"standard_error":0.0031526495800345724},"median":{"confidence_interval":{"confidence_level":0.95,"lower_bound":-0.03920606625777412,"upper_bound":-0.025398333118899274},"point_estimate":-0.0336086142215819,"standard_error":0.0035319823944329628}}