{"mean":{"confidence_interval":{"confidence_level":0.95,"lower_bound":1041301415.2,"upper_bound":1045255305.6},"point_estimate":1043480170.2,"standard_error":1017394.0652904694},"median":{"confidence_interval":{"confidence_level":0.95,"lower_bound":1041932256.0,"upper_bound":1046496197.0},"point_estimate":1044220813.5,"standard_error":1373837.5093488009},"median_abs_dev":{"confidence_interval":{"confidence_level":0.95,"lower_bound":144931.56042695045,"upper_bound":5671537.939310074},"point_estimate":3383249.4032353163,"standard_error":1291449.9009514584},"slope":null,"std_dev":{"confidence_interval":{"confidence_level":0.95,"lower_bound":1576140.791008082,"upper_bound":4700303.971557508},"point_estimate":3393545.668205676,"standard_error":934356.0433572681}}