{"mean":{"confidence_interval":{"confidence_level":0.95,"lower_bound":0.426904175239321,"upper_bound":0.8612809024175376},"point_estimate":0.6739243741003862,"standard_error":0.10643055680175979},"median":{"confidence_interval":{"confidence_level":0.95,"lower_bound":0.23271180678232217,"upper_bound":0.9357601082884208},"point_estimate":0.8726970331728126,"standard_error":0.19482453833455357}}