{"mean":{"confidence_interval":{"confidence_level":0.95,"lower_bound":973776200.225,"upper_bound":978721686.1},"point_estimate":975616543.4,"standard_error":1415246.2084219046},"median":{"confidence_interval":{"confidence_level":0.95,"lower_bound":973411769.0,"upper_bound":975169711.0},"point_estimate":974307192.0,"standard_error":555080.1950636344},"median_abs_dev":{"confidence_interval":{"confidence_level":0.95,"lower_bound":295746.8188494444,"upper_bound":2054165.9851312637},"point_estimate":1303162.381464243,"standard_error":559255.754742664},"slope":null,"std_dev":{"confidence_interval":{"confidence_level":0.95,"lower_bound":587133.4941379365,"upper_bound":7250388.047013938},"point_estimate":4716634.025577944,"standard_error":2344835.661143185}}