{"mean":{"confidence_interval":{"confidence_level":0.95,"lower_bound":452901445.7,"upper_bound":454256341.45},"point_estimate":453683524.9,"standard_error":354073.38128294476},"median":{"confidence_interval":{"confidence_level":0.95,"lower_bound":453260505.0,"upper_bound":454309750.0},"point_estimate":454156317.25,"standard_error":244946.6057199263},"median_abs_dev":{"confidence_interval":{"confidence_level":0.95,"lower_bound":30011.529967188835,"upper_bound":1346290.1027485728},"point_estimate":360151.3323560357,"standard_error":344765.1407655974},"slope":null,"std_dev":{"confidence_interval":{"confidence_level":0.95,"lower_bound":239577.45011641356,"upper_bound":1692698.8116578367},"point_estimate":1181172.1769176724,"standard_error":411189.39639137586}}