{"mean":{"confidence_interval":{"confidence_level":0.95,"lower_bound":-0.020053666282115936,"upper_bound":-0.013510032801136695},"point_estimate":-0.016838491594392324,"standard_error":0.00168056136890894},"median":{"confidence_interval":{"confidence_level":0.95,"lower_bound":-0.021356787863015977,"upper_bound":-0.01299869927244146},"point_estimate":-0.017701786194035063,"standard_error":0.0023074010078414004}}