{"mean":{"confidence_interval":{"confidence_level":0.95,"lower_bound":848802133.5,"upper_bound":851355308.3525001},"point_estimate":849847965.4,"standard_error":680787.3923916843},"median":{"confidence_interval":{"confidence_level":0.95,"lower_bound":848659494.5,"upper_bound":850147842.5},"point_estimate":849320031.0,"standard_error":430060.3199855638},"median_abs_dev":{"confidence_interval":{"confidence_level":0.95,"lower_bound":144649.12513196468,"upper_bound":1972556.2695801258},"point_estimate":789589.7505819798,"standard_error":484138.7460871753},"slope":null,"std_dev":{"confidence_interval":{"confidence_level":0.95,"lower_bound":531647.3453248247,"upper_bound":3383887.0190575966},"point_estimate":2262207.7206881186,"standard_error":912103.1947327289}}