{"mean":{"confidence_interval":{"confidence_level":0.95,"lower_bound":-0.02063523501590683,"upper_bound":-0.013588902291938465},"point_estimate":-0.016907157888071844,"standard_error":0.0018004935362892435},"median":{"confidence_interval":{"confidence_level":0.95,"lower_bound":-0.019338709162780243,"upper_bound":-0.014238615468625593},"point_estimate":-0.01588252219268449,"standard_error":0.0011843834603309995}}