{"mean":{"confidence_interval":{"confidence_level":0.95,"lower_bound":0.7624035882383068,"upper_bound":0.9503979372801253},"point_estimate":0.8531682480235805,"standard_error":0.048230633897864535},"median":{"confidence_interval":{"confidence_level":0.95,"lower_bound":0.7292563106242058,"upper_bound":0.96432348464331},"point_estimate":0.827059310755526,"standard_error":0.059482149108464055}}