{"mean":{"confidence_interval":{"confidence_level":0.95,"lower_bound":-0.024226911539082387,"upper_bound":-0.019896154508206493},"point_estimate":-0.022176030781273393,"standard_error":0.001091285182813336},"median":{"confidence_interval":{"confidence_level":0.95,"lower_bound":-0.024684649097438394,"upper_bound":-0.02036800483764778},"point_estimate":-0.022249768958441662,"standard_error":0.001047571259109449}}