{"mean":{"confidence_interval":{"confidence_level":0.95,"lower_bound":0.001402434641085837,"upper_bound":0.006155465651693918},"point_estimate":0.0035295659628162834,"standard_error":0.0012474565673151507},"median":{"confidence_interval":{"confidence_level":0.95,"lower_bound":0.0012237116045277219,"upper_bound":0.00387413803826564},"point_estimate":0.0026765629740861385,"standard_error":0.0006501392127370753}}