{"mean":{"confidence_interval":{"confidence_level":0.95,"lower_bound":-0.009396179294413996,"upper_bound":-0.00020252996768848393},"point_estimate":-0.005116370070999743,"standard_error":0.002358139650830428},"median":{"confidence_interval":{"confidence_level":0.95,"lower_bound":-0.011769763443726045,"upper_bound":-0.0009677784860941951},"point_estimate":-0.007504260848259503,"standard_error":0.0029387839245694817}}