{"mean":{"confidence_interval":{"confidence_level":0.95,"lower_bound":-0.003236586802287141,"upper_bound":0.010602662585224304},"point_estimate":0.0042362070640382665,"standard_error":0.0035605802509081283},"median":{"confidence_interval":{"confidence_level":0.95,"lower_bound":-0.0007851211638232325,"upper_bound":0.012661948052976824},"point_estimate":0.009424733266907515,"standard_error":0.0032010445999689605}}