{"mean":{"confidence_interval":{"confidence_level":0.95,"lower_bound":-0.008094011085506048,"upper_bound":-0.00020166823115792907},"point_estimate":-0.004453677822510715,"standard_error":0.0020287046399881242},"median":{"confidence_interval":{"confidence_level":0.95,"lower_bound":-0.008534020288643807,"upper_bound":-0.0024946314750570187},"point_estimate":-0.006421328327375853,"standard_error":0.001460976699810379}}