{"mean":{"confidence_interval":{"confidence_level":0.95,"lower_bound":-0.05289672803170602,"upper_bound":0.120535456244566},"point_estimate":0.03179419874224365,"standard_error":0.043780565605270834},"median":{"confidence_interval":{"confidence_level":0.95,"lower_bound":-0.04823982139872063,"upper_bound":0.14854789316290007},"point_estimate":0.015491819596811007,"standard_error":0.0380938337721675}}