{"mean":{"confidence_interval":{"confidence_level":0.95,"lower_bound":708625103.0,"upper_bound":711620162.5649999},"point_estimate":709892015.3,"standard_error":783386.8795380399},"median":{"confidence_interval":{"confidence_level":0.95,"lower_bound":708530982.5,"upper_bound":710430619.0},"point_estimate":709220662.5,"standard_error":456806.9496671258},"median_abs_dev":{"confidence_interval":{"confidence_level":0.95,"lower_bound":3123.8381445407867,"upper_bound":2766977.813476324},"point_estimate":1260296.7097252607,"standard_error":717315.1709420192},"slope":null,"std_dev":{"confidence_interval":{"confidence_level":0.95,"lower_bound":695130.4592042497,"upper_bound":3856099.2975423927},"point_estimate":2615620.8598766355,"standard_error":972173.1906751093}}