{"mean":{"confidence_interval":{"confidence_level":0.95,"lower_bound":-0.0145301115978711,"upper_bound":-0.004261653258146861},"point_estimate":-0.009669376702751697,"standard_error":0.0026434213723864996},"median":{"confidence_interval":{"confidence_level":0.95,"lower_bound":-0.015737527665449225,"upper_bound":-0.006551553848595182},"point_estimate":-0.012666431010109558,"standard_error":0.0026279498139862066}}