{"mean":{"confidence_interval":{"confidence_level":0.95,"lower_bound":-0.023391831397861475,"upper_bound":-0.01175870094842508},"point_estimate":-0.01731083761352603,"standard_error":0.0029648523073987367},"median":{"confidence_interval":{"confidence_level":0.95,"lower_bound":-0.025461717479864365,"upper_bound":-0.010555471595761201},"point_estimate":-0.01773625210458174,"standard_error":0.004122509824414054}}