{"mean":{"confidence_interval":{"confidence_level":0.95,"lower_bound":0.021294733214576995,"upper_bound":0.032054645503092075},"point_estimate":0.026481583685306287,"standard_error":0.002903624571304234},"median":{"confidence_interval":{"confidence_level":0.95,"lower_bound":0.021250382570354498,"upper_bound":0.030453144347811545},"point_estimate":0.024606417959732285,"standard_error":0.0023717031287921134}}