{"mean":{"confidence_interval":{"confidence_level":0.95,"lower_bound":831415255.76,"upper_bound":841295068.0},"point_estimate":836563633.5,"standard_error":2509557.5230543935},"median":{"confidence_interval":{"confidence_level":0.95,"lower_bound":833412173.0,"upper_bound":840024146.5},"point_estimate":837237628.0,"standard_error":1664667.0311052122},"median_abs_dev":{"confidence_interval":{"confidence_level":0.95,"lower_bound":1141341.7834371328,"upper_bound":12494415.574979782},"point_estimate":3560169.540694356,"standard_error":2792493.0224188906},"slope":null,"std_dev":{"confidence_interval":{"confidence_level":0.95,"lower_bound":2378840.572654642,"upper_bound":11727135.690198248},"point_estimate":8356874.161684995,"standard_error":2436445.958659056}}