{"mean":{"confidence_interval":{"confidence_level":0.95,"lower_bound":465699642.83250004,"upper_bound":467134458.98749995},"point_estimate":466299311.3,"standard_error":376417.6892779508},"median":{"confidence_interval":{"confidence_level":0.95,"lower_bound":465465323.0,"upper_bound":466668284.5},"point_estimate":465920339.25,"standard_error":327651.2832778861},"median_abs_dev":{"confidence_interval":{"confidence_level":0.95,"lower_bound":39958.29319059849,"upper_bound":1390859.6525073051},"point_estimate":694586.2268686295,"standard_error":353806.3935956946},"slope":null,"std_dev":{"confidence_interval":{"confidence_level":0.95,"lower_bound":321835.42018676084,"upper_bound":1854178.1338634384},"point_estimate":1256026.406359936,"standard_error":468916.78255925915}}