{"mean":{"confidence_interval":{"confidence_level":0.95,"lower_bound":587938977.4,"upper_bound":633421679.7524999},"point_estimate":611791601.3,"standard_error":11671503.111625496},"median":{"confidence_interval":{"confidence_level":0.95,"lower_bound":581264334.0,"upper_bound":643840517.5},"point_estimate":622062613.0,"standard_error":16678584.465956766},"median_abs_dev":{"confidence_interval":{"confidence_level":0.95,"lower_bound":4926262.36064136,"upper_bound":65355623.62870574},"point_estimate":43303463.49610984,"standard_error":14613727.733518759},"slope":null,"std_dev":{"confidence_interval":{"confidence_level":0.95,"lower_bound":20300695.069127157,"upper_bound":49690149.363483876},"point_estimate":38953980.10816009,"standard_error":7704545.279507823}}