{"mean":{"confidence_interval":{"confidence_level":0.95,"lower_bound":-0.04798617013901818,"upper_bound":-0.03815786075243704},"point_estimate":-0.04330799898529791,"standard_error":0.002474029031701593},"median":{"confidence_interval":{"confidence_level":0.95,"lower_bound":-0.05126956956673134,"upper_bound":-0.03877969744909193},"point_estimate":-0.04230303482010056,"standard_error":0.0034591673164969133}}