{"mean":{"confidence_interval":{"confidence_level":0.95,"lower_bound":-0.03193278676528845,"upper_bound":-0.017730022731427438},"point_estimate":-0.02531112440559491,"standard_error":0.00363742426338878},"median":{"confidence_interval":{"confidence_level":0.95,"lower_bound":-0.035312967083774516,"upper_bound":-0.016687118652811583},"point_estimate":-0.02717985284865998,"standard_error":0.00449034188591792}}