{"mean":{"confidence_interval":{"confidence_level":0.95,"lower_bound":902419738.3,"upper_bound":905564042.4},"point_estimate":903860133.5,"standard_error":805790.7428311493},"median":{"confidence_interval":{"confidence_level":0.95,"lower_bound":901958500.5,"upper_bound":904960444.5},"point_estimate":903631021.5,"standard_error":876183.4889184387},"median_abs_dev":{"confidence_interval":{"confidence_level":0.95,"lower_bound":289750.44325590134,"upper_bound":3933831.4359605312},"point_estimate":1863497.6981163025,"standard_error":900961.4006341478},"slope":null,"std_dev":{"confidence_interval":{"confidence_level":0.95,"lower_bound":1125313.8818488626,"upper_bound":3742377.9016279457},"point_estimate":2680372.2799140443,"standard_error":751022.7819291652}}