{"mean":{"confidence_interval":{"confidence_level":0.95,"lower_bound":1.4663922866169872,"upper_bound":1.710048818573633},"point_estimate":1.5807725113850757,"standard_error":0.06444088329371435},"median":{"confidence_interval":{"confidence_level":0.95,"lower_bound":1.4251945323838546,"upper_bound":1.765237293744962},"point_estimate":1.5486881730832565,"standard_error":0.10264121653833291}}