{"mean":{"confidence_interval":{"confidence_level":0.95,"lower_bound":305810800.21250004,"upper_bound":309873757.7},"point_estimate":307783950.15,"standard_error":1037055.7916150114},"median":{"confidence_interval":{"confidence_level":0.95,"lower_bound":305766595.75,"upper_bound":309320579.75},"point_estimate":307838382.25,"standard_error":857957.9410313427},"median_abs_dev":{"confidence_interval":{"confidence_level":0.95,"lower_bound":157072.57161140442,"upper_bound":5981777.54355222},"point_estimate":2427655.528150499,"standard_error":1589451.0359805939},"slope":null,"std_dev":{"confidence_interval":{"confidence_level":0.95,"lower_bound":1532329.9559706878,"upper_bound":4692623.939082806},"point_estimate":3464256.1007720935,"standard_error":811631.1826064624}}