{"mean":{"confidence_interval":{"confidence_level":0.95,"lower_bound":0.049306222546043874,"upper_bound":0.061127320857426413},"point_estimate":0.05466930495449418,"standard_error":0.002997875289117824},"median":{"confidence_interval":{"confidence_level":0.95,"lower_bound":0.05173494912497234,"upper_bound":0.057281080559951514},"point_estimate":0.05402187292517957,"standard_error":0.0014349109181956878}}