{"mean":{"confidence_interval":{"confidence_level":0.95,"lower_bound":-0.16611367230893162,"upper_bound":-0.03865423481175148},"point_estimate":-0.1036358890862582,"standard_error":0.03221778710952185},"median":{"confidence_interval":{"confidence_level":0.95,"lower_bound":-0.2340415115646075,"upper_bound":-0.024485896404388363},"point_estimate":-0.035666966183618753,"standard_error":0.05354833403971764}}