{"mean":{"confidence_interval":{"confidence_level":0.95,"lower_bound":550286385.945,"upper_bound":553087509.6725},"point_estimate":551686139.3,"standard_error":718563.5775632308},"median":{"confidence_interval":{"confidence_level":0.95,"lower_bound":549084399.0,"upper_bound":553955106.5},"point_estimate":551886782.0,"standard_error":1123214.7474127896},"median_abs_dev":{"confidence_interval":{"confidence_level":0.95,"lower_bound":410620.888710022,"upper_bound":4339528.610157967},"point_estimate":2893687.478926778,"standard_error":1017201.471211954},"slope":null,"std_dev":{"confidence_interval":{"confidence_level":0.95,"lower_bound":1465615.4362918627,"upper_bound":2883319.572018623},"point_estimate":2395218.387778963,"standard_error":363206.90918527835}}