{"mean":{"confidence_interval":{"confidence_level":0.95,"lower_bound":-0.0129635656992196,"upper_bound":0.0032842478844881534},"point_estimate":-0.005789516079592771,"standard_error":0.004199481608699212},"median":{"confidence_interval":{"confidence_level":0.95,"lower_bound":-0.014802691637236576,"upper_bound":0.0011033665564956774},"point_estimate":-0.009568961074848392,"standard_error":0.0036010975501879843}}