{"mean":{"confidence_interval":{"confidence_level":0.95,"lower_bound":0.005205562433648137,"upper_bound":0.011093564424099816},"point_estimate":0.008019931329404706,"standard_error":0.001506048341259255},"median":{"confidence_interval":{"confidence_level":0.95,"lower_bound":0.0042863857314110465,"upper_bound":0.009457775385663503},"point_estimate":0.0066339576977547665,"standard_error":0.0012753445316696012}}