{"mean":{"confidence_interval":{"confidence_level":0.95,"lower_bound":500948286.53000003,"upper_bound":502216645.33750004},"point_estimate":501563882.7,"standard_error":322016.68437231233},"median":{"confidence_interval":{"confidence_level":0.95,"lower_bound":500868445.0,"upper_bound":501991379.5},"point_estimate":501660283.0,"standard_error":270453.3066670873},"median_abs_dev":{"confidence_interval":{"confidence_level":0.95,"lower_bound":48458.78013968468,"upper_bound":1782346.1059570312},"point_estimate":668529.5323312283,"standard_error":452305.70643931016},"slope":null,"std_dev":{"confidence_interval":{"confidence_level":0.95,"lower_bound":445491.3430578155,"upper_bound":1480743.9365093042},"point_estimate":1072839.0744209755,"standard_error":265559.4143623687}}