{"mean":{"confidence_interval":{"confidence_level":0.95,"lower_bound":797745741.0975,"upper_bound":801566539.9},"point_estimate":799304538.3,"standard_error":1025357.8075759253},"median":{"confidence_interval":{"confidence_level":0.95,"lower_bound":797656824.5,"upper_bound":800002336.0},"point_estimate":798182762.0,"standard_error":532329.3192263042},"median_abs_dev":{"confidence_interval":{"confidence_level":0.95,"lower_bound":66700.69021582603,"upper_bound":2773508.6663603783},"point_estimate":664381.9589048624,"standard_error":794045.7984067986},"slope":null,"std_dev":{"confidence_interval":{"confidence_level":0.95,"lower_bound":509611.1469642055,"upper_bound":5021476.565148654},"point_estimate":3401325.0558698787,"standard_error":1354100.81008427}}