{"mean":{"confidence_interval":{"confidence_level":0.95,"lower_bound":444314844.3775,"upper_bound":446301207.8},"point_estimate":445373447.9,"standard_error":509198.3146196303},"median":{"confidence_interval":{"confidence_level":0.95,"lower_bound":444417208.0,"upper_bound":446755681.0},"point_estimate":445589418.75,"standard_error":742169.2093885286},"median_abs_dev":{"confidence_interval":{"confidence_level":0.95,"lower_bound":38851.90296024084,"upper_bound":3136755.2968114614},"point_estimate":1713262.8775835037,"standard_error":682952.0363976439},"slope":null,"std_dev":{"confidence_interval":{"confidence_level":0.95,"lower_bound":879733.9249445967,"upper_bound":2261654.4376153913},"point_estimate":1693300.7863020052,"standard_error":394589.4456271877}}