{"mean":{"confidence_interval":{"confidence_level":0.95,"lower_bound":0.6386795429704902,"upper_bound":0.666793486453672},"point_estimate":0.6534449280100547,"standard_error":0.00720260702906555},"median":{"confidence_interval":{"confidence_level":0.95,"lower_bound":0.6453081485165841,"upper_bound":0.6705976629731079},"point_estimate":0.6549760207311262,"standard_error":0.006117161583391781}}