{"mean":{"confidence_interval":{"confidence_level":0.95,"lower_bound":0.045513448330329706,"upper_bound":0.05350095600537631},"point_estimate":0.04996994039601499,"standard_error":0.002032647793673982},"median":{"confidence_interval":{"confidence_level":0.95,"lower_bound":0.048757867905184105,"upper_bound":0.05399343668581236},"point_estimate":0.05085804078600842,"standard_error":0.0014034433772383702}}