{"mean":{"confidence_interval":{"confidence_level":0.95,"lower_bound":-0.02596116110432861,"upper_bound":-0.002494904675730292},"point_estimate":-0.011541258051799397,"standard_error":0.006482700512638666},"median":{"confidence_interval":{"confidence_level":0.95,"lower_bound":-0.012144601339941219,"upper_bound":0.0009741405021310712},"point_estimate":-0.006046210599914281,"standard_error":0.003581258161097728}}