{"mean":{"confidence_interval":{"confidence_level":0.95,"lower_bound":698562284.2,"upper_bound":699743113.5875},"point_estimate":699129816.8,"standard_error":303411.6267965578},"median":{"confidence_interval":{"confidence_level":0.95,"lower_bound":698463693.5,"upper_bound":699989203.0},"point_estimate":698707519.0,"standard_error":419782.13290265255},"median_abs_dev":{"confidence_interval":{"confidence_level":0.95,"lower_bound":53345.429652929306,"upper_bound":1647241.2181556225},"point_estimate":669023.2381224632,"standard_error":443778.08666135825},"slope":null,"std_dev":{"confidence_interval":{"confidence_level":0.95,"lower_bound":476049.92834711034,"upper_bound":1249150.5855042457},"point_estimate":1011873.1252272029,"standard_error":187361.87942958064}}