{"mean":{"confidence_interval":{"confidence_level":0.95,"lower_bound":517355564.8,"upper_bound":518536843.9},"point_estimate":517957625.6,"standard_error":302952.38158821856},"median":{"confidence_interval":{"confidence_level":0.95,"lower_bound":517262397.0,"upper_bound":518644011.0},"point_estimate":518096814.0,"standard_error":425341.0750353294},"median_abs_dev":{"confidence_interval":{"confidence_level":0.95,"lower_bound":72183.34491848946,"upper_bound":1677493.670618534},"point_estimate":823856.3424736261,"standard_error":423840.13665579987},"slope":null,"std_dev":{"confidence_interval":{"confidence_level":0.95,"lower_bound":545949.7749495212,"upper_bound":1297870.5451563064},"point_estimate":1010759.4755495273,"standard_error":192943.76635314827}}