{"mean":{"confidence_interval":{"confidence_level":0.95,"lower_bound":0.0007928034857183918,"upper_bound":0.02120190459036185},"point_estimate":0.009281797189586882,"standard_error":0.005371402161103121},"median":{"confidence_interval":{"confidence_level":0.95,"lower_bound":-0.0016579073470960326,"upper_bound":0.010430372192822723},"point_estimate":0.002257507870848885,"standard_error":0.0036870688363498526}}