{"mean":{"confidence_interval":{"confidence_level":0.95,"lower_bound":-0.05774198670169436,"upper_bound":-0.047118714297541414},"point_estimate":-0.05238197404964973,"standard_error":0.0027136067855373746},"median":{"confidence_interval":{"confidence_level":0.95,"lower_bound":-0.057989902228090064,"upper_bound":-0.04683490841751037},"point_estimate":-0.05323285972664915,"standard_error":0.0029474451849527067}}