{"mean":{"confidence_interval":{"confidence_level":0.95,"lower_bound":-0.01537691359233182,"upper_bound":-0.008614365078370144},"point_estimate":-0.012054378778551533,"standard_error":0.0017309815529274498},"median":{"confidence_interval":{"confidence_level":0.95,"lower_bound":-0.016180240889170472,"upper_bound":-0.006793122068194379},"point_estimate":-0.012383238989048695,"standard_error":0.002327130712866429}}