{"mean":{"confidence_interval":{"confidence_level":0.95,"lower_bound":-0.01970566636244883,"upper_bound":-0.013564856085387381},"point_estimate":-0.01620342505393091,"standard_error":0.0015501244759315855},"median":{"confidence_interval":{"confidence_level":0.95,"lower_bound":-0.022115806541804006,"upper_bound":-0.012652884449816382},"point_estimate":-0.015110696387237943,"standard_error":0.002329574314017939}}