{"mean":{"confidence_interval":{"confidence_level":0.95,"lower_bound":-0.020089920970143563,"upper_bound":-0.006713182501799914},"point_estimate":-0.012358419272525567,"standard_error":0.003464344802345024},"median":{"confidence_interval":{"confidence_level":0.95,"lower_bound":-0.015569439626396675,"upper_bound":-0.0035068979637497},"point_estimate":-0.009021225923535159,"standard_error":0.0033334104157360456}}