{"mean":{"confidence_interval":{"confidence_level":0.95,"lower_bound":1135528629.7,"upper_bound":1138220176.3675},"point_estimate":1136905451.4,"standard_error":688818.0656420778},"median":{"confidence_interval":{"confidence_level":0.95,"lower_bound":1134922518.0,"upper_bound":1138761744.0},"point_estimate":1137471072.0,"standard_error":1024340.6239279294},"median_abs_dev":{"confidence_interval":{"confidence_level":0.95,"lower_bound":640205.2011340857,"upper_bound":3875996.693587303},"point_estimate":2110193.4381365776,"standard_error":869541.0036073735},"slope":null,"std_dev":{"confidence_interval":{"confidence_level":0.95,"lower_bound":1302606.8215690076,"upper_bound":2804196.0838539195},"point_estimate":2297330.5078109535,"standard_error":374177.25051150407}}