{"mean":{"confidence_interval":{"confidence_level":0.95,"lower_bound":995806606.715,"upper_bound":998027938.4},"point_estimate":996889073.4,"standard_error":568260.5149234685},"median":{"confidence_interval":{"confidence_level":0.95,"lower_bound":995506039.0,"upper_bound":998421669.0},"point_estimate":996554726.5,"standard_error":786124.5659950464},"median_abs_dev":{"confidence_interval":{"confidence_level":0.95,"lower_bound":387967.5024122,"upper_bound":3068237.6803278923},"point_estimate":1661080.5476099253,"standard_error":735824.4250066506},"slope":null,"std_dev":{"confidence_interval":{"confidence_level":0.95,"lower_bound":1013074.1166422128,"upper_bound":2401901.281012626},"point_estimate":1904673.7707390091,"standard_error":349661.0152912825}}