{"mean":{"confidence_interval":{"confidence_level":0.95,"lower_bound":-0.06961098688608947,"upper_bound":0.045570475021693216},"point_estimate":-0.006047191719033673,"standard_error":0.030235986813937202},"median":{"confidence_interval":{"confidence_level":0.95,"lower_bound":-0.060723344258621956,"upper_bound":0.047201376705152454},"point_estimate":0.042153590548082986,"standard_error":0.02283307171940651}}