{"mean":{"confidence_interval":{"confidence_level":0.95,"lower_bound":-0.01607868637041893,"upper_bound":-0.011189906384761904},"point_estimate":-0.013536192675172587,"standard_error":0.001250978189065087},"median":{"confidence_interval":{"confidence_level":0.95,"lower_bound":-0.01631813905434698,"upper_bound":-0.009272230676771631},"point_estimate":-0.012102315451704593,"standard_error":0.0020304991807481793}}