{"mean":{"confidence_interval":{"confidence_level":0.95,"lower_bound":-0.03902221483230067,"upper_bound":-0.031258610328931145},"point_estimate":-0.03597940741902139,"standard_error":0.0020200028419223824},"median":{"confidence_interval":{"confidence_level":0.95,"lower_bound":-0.03976294086631049,"upper_bound":-0.03479930613440174},"point_estimate":-0.03716061729728137,"standard_error":0.0017142392992167983}}