{"mean":{"confidence_interval":{"confidence_level":0.95,"lower_bound":942323958.6,"upper_bound":1144989090.3},"point_estimate":1039025582.3,"standard_error":51728879.98943496},"median":{"confidence_interval":{"confidence_level":0.95,"lower_bound":912950758.0,"upper_bound":1135194251.5},"point_estimate":1024656595.0,"standard_error":52595728.7477993},"median_abs_dev":{"confidence_interval":{"confidence_level":0.95,"lower_bound":19603905.7310611,"upper_bound":283742169.0562695},"point_estimate":160266847.3393947,"standard_error":75657899.3299746},"slope":null,"std_dev":{"confidence_interval":{"confidence_level":0.95,"lower_bound":86067233.5455696,"upper_bound":223621370.04451132},"point_estimate":171472527.74580503,"standard_error":36063971.390948065}}