{"mean":{"confidence_interval":{"confidence_level":0.95,"lower_bound":-0.01310352174199533,"upper_bound":-0.00409281777285224},"point_estimate":-0.008363914924047755,"standard_error":0.0023072327644945785},"median":{"confidence_interval":{"confidence_level":0.95,"lower_bound":-0.012627299331056996,"upper_bound":-0.0013776979665467426},"point_estimate":-0.005617032568215552,"standard_error":0.0034527001191275095}}