{"mean":{"confidence_interval":{"confidence_level":0.95,"lower_bound":-0.009414056092013878,"upper_bound":0.0018130910834214542},"point_estimate":-0.0036686988333917148,"standard_error":0.0028878658339839304},"median":{"confidence_interval":{"confidence_level":0.95,"lower_bound":-0.012227653108021208,"upper_bound":0.0031038492493000724},"point_estimate":-0.0054952375613190885,"standard_error":0.004163206933838585}}