{"mean":{"confidence_interval":{"confidence_level":0.95,"lower_bound":1290031832.2,"upper_bound":1295846174.5},"point_estimate":1292783271.1,"standard_error":1492608.6333803548},"median":{"confidence_interval":{"confidence_level":0.95,"lower_bound":1288420076.0,"upper_bound":1297339408.5},"point_estimate":1291779552.0,"standard_error":2233832.1298744306},"median_abs_dev":{"confidence_interval":{"confidence_level":0.95,"lower_bound":697392.788618803,"upper_bound":8740249.310329556},"point_estimate":4953587.4194562435,"standard_error":2166478.2897916823},"slope":null,"std_dev":{"confidence_interval":{"confidence_level":0.95,"lower_bound":2462952.917785751,"upper_bound":6071223.336502976},"point_estimate":4968197.7016937435,"standard_error":918500.9522738323}}