{"mean":{"confidence_interval":{"confidence_level":0.95,"lower_bound":-0.019088510495110865,"upper_bound":-0.013765082244329162},"point_estimate":-0.016489116825310512,"standard_error":0.0013520735980264236},"median":{"confidence_interval":{"confidence_level":0.95,"lower_bound":-0.01819870211623953,"upper_bound":-0.014803462033494919},"point_estimate":-0.016393971321684853,"standard_error":0.0009704851435045445}}