{"mean":{"confidence_interval":{"confidence_level":0.95,"lower_bound":202520711.52333334,"upper_bound":203099267.66666663},"point_estimate":202844575.2,"standard_error":149696.09742855598},"median":{"confidence_interval":{"confidence_level":0.95,"lower_bound":202617675.33333334,"upper_bound":203189169.0},"point_estimate":203014185.6666667,"standard_error":172128.2188637477},"median_abs_dev":{"confidence_interval":{"confidence_level":0.95,"lower_bound":76942.98503400368,"upper_bound":726140.8963084148},"point_estimate":413360.73346138,"standard_error":158039.68944143594},"slope":null,"std_dev":{"confidence_interval":{"confidence_level":0.95,"lower_bound":200637.82452039642,"upper_bound":707873.8091715839},"point_estimate":499691.80305435497,"standard_error":151882.87960559575}}