{"mean":{"confidence_interval":{"confidence_level":0.95,"lower_bound":-0.023805214532294974,"upper_bound":-0.01853773180601331},"point_estimate":-0.02106104671560649,"standard_error":0.0013492744918645327},"median":{"confidence_interval":{"confidence_level":0.95,"lower_bound":-0.02382678864120269,"upper_bound":-0.017326564589719595},"point_estimate":-0.01950862916478946,"standard_error":0.0015952111309820666}}