{"mean":{"confidence_interval":{"confidence_level":0.95,"lower_bound":809626065.19,"upper_bound":818415037.8},"point_estimate":814279193.1,"standard_error":2262223.5529980194},"median":{"confidence_interval":{"confidence_level":0.95,"lower_bound":808701637.0,"upper_bound":819860824.0},"point_estimate":816836266.0,"standard_error":2931898.820928717},"median_abs_dev":{"confidence_interval":{"confidence_level":0.95,"lower_bound":1379040.3655171394,"upper_bound":12512660.45025587},"point_estimate":4853111.619240046,"standard_error":2926172.70525876},"slope":null,"std_dev":{"confidence_interval":{"confidence_level":0.95,"lower_bound":3103326.267174741,"upper_bound":9336812.642595418},"point_estimate":7555544.370314108,"standard_error":1519727.7294285945}}