{"mean":{"confidence_interval":{"confidence_level":0.95,"lower_bound":610074187.835,"upper_bound":622558688.3},"point_estimate":615741039.6,"standard_error":3206375.9307010174},"median":{"confidence_interval":{"confidence_level":0.95,"lower_bound":606607658.0,"upper_bound":623768573.5},"point_estimate":612195284.5,"standard_error":3594266.274107236},"median_abs_dev":{"confidence_interval":{"confidence_level":0.95,"lower_bound":827362.691411376,"upper_bound":17606934.746414423},"point_estimate":8520259.643635154,"standard_error":4060264.5334021924},"slope":null,"std_dev":{"confidence_interval":{"confidence_level":0.95,"lower_bound":4092516.0561178024,"upper_bound":13837792.267583406},"point_estimate":10647828.905937087,"standard_error":2560063.54798508}}