{"mean":{"confidence_interval":{"confidence_level":0.95,"lower_bound":-0.009751438959240322,"upper_bound":-0.00397485904672924},"point_estimate":-0.006568200785788125,"standard_error":0.0014986349689518268},"median":{"confidence_interval":{"confidence_level":0.95,"lower_bound":-0.008794308619091362,"upper_bound":-0.003726064650303673},"point_estimate":-0.004647874717657485,"standard_error":0.0013313411724455093}}