{"mean":{"confidence_interval":{"confidence_level":0.95,"lower_bound":246422081.6,"upper_bound":250183975.65416673},"point_estimate":248082064.03333336,"standard_error":978024.8335541212},"median":{"confidence_interval":{"confidence_level":0.95,"lower_bound":246404164.6666667,"upper_bound":250110850.6666667},"point_estimate":246867566.0,"standard_error":775231.809043774},"median_abs_dev":{"confidence_interval":{"confidence_level":0.95,"lower_bound":132789.56084250667,"upper_bound":4185029.3379009063},"point_estimate":717323.8742649482,"standard_error":931809.0138526567},"slope":null,"std_dev":{"confidence_interval":{"confidence_level":0.95,"lower_bound":485188.6307385918,"upper_bound":4297201.911905055},"point_estimate":3263407.489997507,"standard_error":992070.7271837136}}