{"mean":{"confidence_interval":{"confidence_level":0.95,"lower_bound":930098393.7574999,"upper_bound":932350836.85},"point_estimate":931126737.6,"standard_error":580414.3127304808},"median":{"confidence_interval":{"confidence_level":0.95,"lower_bound":930163089.0,"upper_bound":932240189.5},"point_estimate":930580559.5,"standard_error":438408.8939038279},"median_abs_dev":{"confidence_interval":{"confidence_level":0.95,"lower_bound":35497.89116978645,"upper_bound":3042851.120978594},"point_estimate":684508.2535475492,"standard_error":727691.3217411148},"slope":null,"std_dev":{"confidence_interval":{"confidence_level":0.95,"lower_bound":452783.92983438214,"upper_bound":2601986.180476591},"point_estimate":1926118.1295412802,"standard_error":535667.6456783272}}