{"mean":{"confidence_interval":{"confidence_level":0.95,"lower_bound":0.02478924920035407,"upper_bound":0.031054837597766064},"point_estimate":0.027961066769596643,"standard_error":0.0016053020984273833},"median":{"confidence_interval":{"confidence_level":0.95,"lower_bound":0.0240164074970044,"upper_bound":0.032294080938036984},"point_estimate":0.028854004165690395,"standard_error":0.0020615036076920934}}