{"mean":{"confidence_interval":{"confidence_level":0.95,"lower_bound":645598446.135,"upper_bound":655021844.425},"point_estimate":649357187.1,"standard_error":2545140.1890960126},"median":{"confidence_interval":{"confidence_level":0.95,"lower_bound":644537103.5,"upper_bound":650238772.5},"point_estimate":646726805.5,"standard_error":1573791.5454228693},"median_abs_dev":{"confidence_interval":{"confidence_level":0.95,"lower_bound":612003.1844347715,"upper_bound":6437248.193415999},"point_estimate":3472599.0319490433,"standard_error":1675082.8228689285},"slope":null,"std_dev":{"confidence_interval":{"confidence_level":0.95,"lower_bound":1653817.0214058633,"upper_bound":12832899.603128957},"point_estimate":8510369.772775257,"standard_error":3609014.7091648406}}