{"mean":{"confidence_interval":{"confidence_level":0.95,"lower_bound":-0.05115773395584467,"upper_bound":-0.04179322648925052},"point_estimate":-0.04547956327758018,"standard_error":0.002534303297901669},"median":{"confidence_interval":{"confidence_level":0.95,"lower_bound":-0.045467112675872445,"upper_bound":-0.04056756131609973},"point_estimate":-0.043803884916128966,"standard_error":0.0014289306294786495}}