{"mean":{"confidence_interval":{"confidence_level":0.95,"lower_bound":-0.044635425796417535,"upper_bound":-0.038355670188105546},"point_estimate":-0.0419264739963392,"standard_error":0.0016068004049031252},"median":{"confidence_interval":{"confidence_level":0.95,"lower_bound":-0.045356312556082634,"upper_bound":-0.04019595115724233},"point_estimate":-0.04326076908495369,"standard_error":0.0012616664896682112}}