{"mean":{"confidence_interval":{"confidence_level":0.95,"lower_bound":420722265.79625,"upper_bound":423456682.07374996},"point_estimate":422072634.6,"standard_error":699710.9739526466},"median":{"confidence_interval":{"confidence_level":0.95,"lower_bound":419920902.5,"upper_bound":423649878.5},"point_estimate":422146026.25,"standard_error":880801.1915994762},"median_abs_dev":{"confidence_interval":{"confidence_level":0.95,"lower_bound":408341.39125049114,"upper_bound":4324950.204616785},"point_estimate":2682607.86742419,"standard_error":987019.3304487068},"slope":null,"std_dev":{"confidence_interval":{"confidence_level":0.95,"lower_bound":1331604.4527195003,"upper_bound":2966405.3984461525},"point_estimate":2329673.079189329,"standard_error":425768.9275054419}}