{"mean":{"confidence_interval":{"confidence_level":0.95,"lower_bound":0.06985145573520281,"upper_bound":0.15025061583910337},"point_estimate":0.11363758407254676,"standard_error":0.019688471252183048},"median":{"confidence_interval":{"confidence_level":0.95,"lower_bound":0.038353428143272694,"upper_bound":0.1514443291503389},"point_estimate":0.14687428816378967,"standard_error":0.025614130727373743}}