{"mean":{"confidence_interval":{"confidence_level":0.95,"lower_bound":200114984.39333335,"upper_bound":200713935.33583334},"point_estimate":200400991.46666664,"standard_error":152798.06739776122},"median":{"confidence_interval":{"confidence_level":0.95,"lower_bound":199927664.66666666,"upper_bound":200801646.66666666},"point_estimate":200301970.83333334,"standard_error":222472.6902542438},"median_abs_dev":{"confidence_interval":{"confidence_level":0.95,"lower_bound":120973.73325227218,"upper_bound":832053.8848281201},"point_estimate":568589.9391055402,"standard_error":186847.56924824958},"slope":null,"std_dev":{"confidence_interval":{"confidence_level":0.95,"lower_bound":274154.554734693,"upper_bound":632900.6704492926},"point_estimate":508469.8295359559,"standard_error":91117.69330303268}}