{"mean":{"confidence_interval":{"confidence_level":0.95,"lower_bound":0.02471635894264282,"upper_bound":0.029831443860266038},"point_estimate":0.027446671136999168,"standard_error":0.001304837074337366},"median":{"confidence_interval":{"confidence_level":0.95,"lower_bound":0.025315309213496562,"upper_bound":0.030803956762636364},"point_estimate":0.02760059380586033,"standard_error":0.0013741091980407616}}