{"mean":{"confidence_interval":{"confidence_level":0.95,"lower_bound":0.0027815001992465343,"upper_bound":0.007633054445671783},"point_estimate":0.005369993147714913,"standard_error":0.001241478864038206},"median":{"confidence_interval":{"confidence_level":0.95,"lower_bound":0.003515245165010672,"upper_bound":0.009581926096242421},"point_estimate":0.006408940467173885,"standard_error":0.0016003106629499558}}