{"mean":{"confidence_interval":{"confidence_level":0.95,"lower_bound":1463834809.5,"upper_bound":1467698902.0},"point_estimate":1466199005.4,"standard_error":1070148.5959450302},"median":{"confidence_interval":{"confidence_level":0.95,"lower_bound":1466201023.0,"upper_bound":1467990111.0},"point_estimate":1467069912.5,"standard_error":549016.7665458109},"median_abs_dev":{"confidence_interval":{"confidence_level":0.95,"lower_bound":318787.90504038334,"upper_bound":2197819.5443809032},"point_estimate":1266484.3407154083,"standard_error":534231.3434882744},"slope":null,"std_dev":{"confidence_interval":{"confidence_level":0.95,"lower_bound":645285.1401776895,"upper_bound":5418013.164003995},"point_estimate":3546827.5973647903,"standard_error":1623705.137245686}}