{"mean":{"confidence_interval":{"confidence_level":0.95,"lower_bound":-0.008643601973210565,"upper_bound":-0.0032731872252312476},"point_estimate":-0.006097879140314122,"standard_error":0.0013659896344649998},"median":{"confidence_interval":{"confidence_level":0.95,"lower_bound":-0.010579311870560937,"upper_bound":-0.0036389771964794315},"point_estimate":-0.00536582181024603,"standard_error":0.0014090984929465142}}