{"mean":{"confidence_interval":{"confidence_level":0.95,"lower_bound":481610338.065,"upper_bound":484034470.15},"point_estimate":482704978.05,"standard_error":624269.2840336787},"median":{"confidence_interval":{"confidence_level":0.95,"lower_bound":481400535.5,"upper_bound":484398307.25},"point_estimate":482123852.75,"standard_error":655886.5707447113},"median_abs_dev":{"confidence_interval":{"confidence_level":0.95,"lower_bound":31166.104696691036,"upper_bound":3026309.011772275},"point_estimate":950214.2610803246,"standard_error":685141.2650679598},"slope":null,"std_dev":{"confidence_interval":{"confidence_level":0.95,"lower_bound":581396.7222517685,"upper_bound":2629540.5041247522},"point_estimate":2077158.6491835085,"standard_error":532077.6097556012}}