{"mean":{"confidence_interval":{"confidence_level":0.95,"lower_bound":-0.04517138696679328,"upper_bound":-0.0388362134359916},"point_estimate":-0.04173827853170542,"standard_error":0.001627176301270891},"median":{"confidence_interval":{"confidence_level":0.95,"lower_bound":-0.044581659995793665,"upper_bound":-0.038541783025278775},"point_estimate":-0.04083262807534693,"standard_error":0.0016001123790898115}}