{"mean":{"confidence_interval":{"confidence_level":0.95,"lower_bound":-0.04921481150559286,"upper_bound":-0.033947624241858786},"point_estimate":-0.04086486928242916,"standard_error":0.003942878879896119},"median":{"confidence_interval":{"confidence_level":0.95,"lower_bound":-0.050234260672609166,"upper_bound":-0.032479044712667604},"point_estimate":-0.03669759142135287,"standard_error":0.0037579134595799}}