{"mean":{"confidence_interval":{"confidence_level":0.95,"lower_bound":-0.02994001092745517,"upper_bound":-0.018837127234970826},"point_estimate":-0.025370639950348828,"standard_error":0.0027735239118955824},"median":{"confidence_interval":{"confidence_level":0.95,"lower_bound":-0.03072806888749524,"upper_bound":-0.02077891730166892},"point_estimate":-0.027793313293296373,"standard_error":0.002241121114850772}}