{"mean":{"confidence_interval":{"confidence_level":0.95,"lower_bound":505820563.18,"upper_bound":509841620.8825},"point_estimate":507808520.7,"standard_error":1029466.948709233},"median":{"confidence_interval":{"confidence_level":0.95,"lower_bound":505365483.0,"upper_bound":511078719.0},"point_estimate":507207326.5,"standard_error":1308200.0339561508},"median_abs_dev":{"confidence_interval":{"confidence_level":0.95,"lower_bound":210123.70516955853,"upper_bound":6405172.88428545},"point_estimate":3460761.9537591934,"standard_error":1446344.0863475855},"slope":null,"std_dev":{"confidence_interval":{"confidence_level":0.95,"lower_bound":1922410.8365060107,"upper_bound":4312237.397233355},"point_estimate":3432298.322127837,"standard_error":608462.5704643745}}