{"mean":{"confidence_interval":{"confidence_level":0.95,"lower_bound":-0.027713871572220092,"upper_bound":-0.025157041295801756},"point_estimate":-0.02643657622186113,"standard_error":0.0006522701030830463},"median":{"confidence_interval":{"confidence_level":0.95,"lower_bound":-0.02830880402209357,"upper_bound":-0.024583043370732693},"point_estimate":-0.026280707790009572,"standard_error":0.0009794274815595405}}