{"mean":{"confidence_interval":{"confidence_level":0.95,"lower_bound":0.041448213674334225,"upper_bound":0.050757200544627054},"point_estimate":0.046361104870408454,"standard_error":0.002411417268612104},"median":{"confidence_interval":{"confidence_level":0.95,"lower_bound":0.04526682418166805,"upper_bound":0.051745391195695545},"point_estimate":0.047751036102772204,"standard_error":0.0016779037897188443}}