{"mean":{"confidence_interval":{"confidence_level":0.95,"lower_bound":-0.19891839640406028,"upper_bound":-0.18999650319545247},"point_estimate":-0.1950046484374619,"standard_error":0.002245392279822502},"median":{"confidence_interval":{"confidence_level":0.95,"lower_bound":-0.200300137115761,"upper_bound":-0.18828815447045},"point_estimate":-0.1947231698882942,"standard_error":0.0027675202440857923}}