{"mean":{"confidence_interval":{"confidence_level":0.95,"lower_bound":-0.06444357128449277,"upper_bound":-0.05501680217428499},"point_estimate":-0.05986574730610705,"standard_error":0.0024127176444920942},"median":{"confidence_interval":{"confidence_level":0.95,"lower_bound":-0.06764907108611909,"upper_bound":-0.05555333948755381},"point_estimate":-0.05911080715789785,"standard_error":0.003081540231075867}}