{"mean":{"confidence_interval":{"confidence_level":0.95,"lower_bound":0.01499007081333768,"upper_bound":0.0226825258647391},"point_estimate":0.01877148653313032,"standard_error":0.0019432800501932202},"median":{"confidence_interval":{"confidence_level":0.95,"lower_bound":0.014025422570927981,"upper_bound":0.023032398773051188},"point_estimate":0.018335237735963128,"standard_error":0.0021658762505431146}}