{"mean":{"confidence_interval":{"confidence_level":0.95,"lower_bound":816729649.63,"upper_bound":819476411.84},"point_estimate":818154932.8,"standard_error":698654.5981560436},"median":{"confidence_interval":{"confidence_level":0.95,"lower_bound":816721287.0,"upper_bound":820445828.0},"point_estimate":817842253.0,"standard_error":1172370.0330051717},"median_abs_dev":{"confidence_interval":{"confidence_level":0.95,"lower_bound":139268.02852749825,"upper_bound":4645020.5586344},"point_estimate":3025978.3919781446,"standard_error":1204280.0196008603},"slope":null,"std_dev":{"confidence_interval":{"confidence_level":0.95,"lower_bound":1380479.1057458438,"upper_bound":3014843.209962958},"point_estimate":2331538.5943957837,"standard_error":451039.1456482816}}