{"mean":{"confidence_interval":{"confidence_level":0.95,"lower_bound":-0.02083464331902485,"upper_bound":-0.006516674772222373},"point_estimate":-0.01347513891788521,"standard_error":0.0036515099534492963},"median":{"confidence_interval":{"confidence_level":0.95,"lower_bound":-0.021879888654030455,"upper_bound":-0.007585443254112145},"point_estimate":-0.010853491674021831,"standard_error":0.0032409537049903282}}