{"mean":{"confidence_interval":{"confidence_level":0.95,"lower_bound":-0.038665946061201814,"upper_bound":-0.018783650260399604},"point_estimate":-0.027952223084993677,"standard_error":0.00512583096928571},"median":{"confidence_interval":{"confidence_level":0.95,"lower_bound":-0.04296686707921016,"upper_bound":-0.015691338506525265},"point_estimate":-0.022565326392086416,"standard_error":0.006515825778398517}}