{"mean":{"confidence_interval":{"confidence_level":0.95,"lower_bound":0.0006550349763268737,"upper_bound":0.0042207257349275145},"point_estimate":0.0023845615698987466,"standard_error":0.0009150531259960185},"median":{"confidence_interval":{"confidence_level":0.95,"lower_bound":0.0003303321570511386,"upper_bound":0.005204648692749059},"point_estimate":0.002510459146346067,"standard_error":0.0013049824844485476}}