{"mean":{"confidence_interval":{"confidence_level":0.95,"lower_bound":265336595.55,"upper_bound":266591911.1275},"point_estimate":265946515.15,"standard_error":322030.07729418913},"median":{"confidence_interval":{"confidence_level":0.95,"lower_bound":264957918.0,"upper_bound":266958942.5},"point_estimate":265854654.5,"standard_error":497206.50692353235},"median_abs_dev":{"confidence_interval":{"confidence_level":0.95,"lower_bound":240959.56072211266,"upper_bound":1801952.7493089437},"point_estimate":1424170.7087159157,"standard_error":425918.6703004121},"slope":null,"std_dev":{"confidence_interval":{"confidence_level":0.95,"lower_bound":592267.5185052131,"upper_bound":1290813.058461501},"point_estimate":1069973.6403509628,"standard_error":170758.22257788436}}