{"mean":{"confidence_interval":{"confidence_level":0.95,"lower_bound":193572660.86666667,"upper_bound":194997537.86666667},"point_estimate":194274204.73333332,"standard_error":364375.9933438244},"median":{"confidence_interval":{"confidence_level":0.95,"lower_bound":193127027.3333333,"upper_bound":195432749.66666666},"point_estimate":194060599.3333333,"standard_error":772055.6673041632},"median_abs_dev":{"confidence_interval":{"confidence_level":0.95,"lower_bound":123787.46090228908,"upper_bound":1897158.6479187012},"point_estimate":1523461.1702531576,"standard_error":566888.9471550797},"slope":null,"std_dev":{"confidence_interval":{"confidence_level":0.95,"lower_bound":816442.917559082,"upper_bound":1410551.3516510262},"point_estimate":1216781.7156352634,"standard_error":154529.26367398555}}