{"mean":{"confidence_interval":{"confidence_level":0.95,"lower_bound":993355659.0,"upper_bound":998054414.3},"point_estimate":995742277.2,"standard_error":1199057.5040682654},"median":{"confidence_interval":{"confidence_level":0.95,"lower_bound":992729315.5,"upper_bound":998144567.5},"point_estimate":996062329.5,"standard_error":1040400.3732438568},"median_abs_dev":{"confidence_interval":{"confidence_level":0.95,"lower_bound":592280.8982849121,"upper_bound":7485270.686709881},"point_estimate":1763914.423084259,"standard_error":1835218.9433549638},"slope":null,"std_dev":{"confidence_interval":{"confidence_level":0.95,"lower_bound":1636915.0880435072,"upper_bound":5268538.045285386},"point_estimate":3994897.0160403326,"standard_error":890143.157241252}}