{"mean":{"confidence_interval":{"confidence_level":0.95,"lower_bound":1351857629.1325,"upper_bound":1353210608.9675},"point_estimate":1352525020.8,"standard_error":347527.99683284294},"median":{"confidence_interval":{"confidence_level":0.95,"lower_bound":1351166380.0,"upper_bound":1353406907.0},"point_estimate":1352644240.5,"standard_error":517759.3361204129},"median_abs_dev":{"confidence_interval":{"confidence_level":0.95,"lower_bound":19935.039246082306,"upper_bound":2082032.9342365265},"point_estimate":1486711.2234055996,"standard_error":549201.3303862175},"slope":null,"std_dev":{"confidence_interval":{"confidence_level":0.95,"lower_bound":694354.449782722,"upper_bound":1414932.387667026},"point_estimate":1156560.2597657896,"standard_error":185443.79284351083}}