{"mean":{"confidence_interval":{"confidence_level":0.95,"lower_bound":873215859.6,"upper_bound":885837446.7875},"point_estimate":878078282.8,"standard_error":3518182.6788169355},"median":{"confidence_interval":{"confidence_level":0.95,"lower_bound":873322457.0,"upper_bound":878267545.0},"point_estimate":874366609.0,"standard_error":1434309.5891957576},"median_abs_dev":{"confidence_interval":{"confidence_level":0.95,"lower_bound":295988.482645154,"upper_bound":6820971.753403544},"point_estimate":1764251.714578271,"standard_error":2021105.025479805},"slope":null,"std_dev":{"confidence_interval":{"confidence_level":0.95,"lower_bound":1631648.8995176663,"upper_bound":17939183.750649292},"point_estimate":11728362.08268507,"standard_error":5500730.987119062}}