{"mean":{"confidence_interval":{"confidence_level":0.95,"lower_bound":897943430.4425,"upper_bound":910025725.7524999},"point_estimate":904173345.9,"standard_error":3103589.058875457},"median":{"confidence_interval":{"confidence_level":0.95,"lower_bound":895347210.0,"upper_bound":912781312.0},"point_estimate":907412639.5,"standard_error":4845729.828894128},"median_abs_dev":{"confidence_interval":{"confidence_level":0.95,"lower_bound":2472792.1723991632,"upper_bound":16841708.561199903},"point_estimate":10672014.065533876,"standard_error":3934355.8711046623},"slope":null,"std_dev":{"confidence_interval":{"confidence_level":0.95,"lower_bound":5870229.0056827245,"upper_bound":12750296.048528068},"point_estimate":10382795.63559412,"standard_error":1754897.942497167}}