{"mean":{"confidence_interval":{"confidence_level":0.95,"lower_bound":-0.045718994432836495,"upper_bound":-0.03296097637780893},"point_estimate":-0.039466939823277314,"standard_error":0.0032619804401887963},"median":{"confidence_interval":{"confidence_level":0.95,"lower_bound":-0.049259662175487384,"upper_bound":-0.031021840737315065},"point_estimate":-0.040995233320721414,"standard_error":0.004958921009556787}}