{"mean":{"confidence_interval":{"confidence_level":0.95,"lower_bound":-0.010998670336862046,"upper_bound":-0.005934134127521463},"point_estimate":-0.008246874349021382,"standard_error":0.0012967932568402002},"median":{"confidence_interval":{"confidence_level":0.95,"lower_bound":-0.010724947119411521,"upper_bound":-0.004753337635471144},"point_estimate":-0.0069035470062579485,"standard_error":0.0016428586614847275}}