{"mean":{"confidence_interval":{"confidence_level":0.95,"lower_bound":1121465792.1,"upper_bound":1439756672.8},"point_estimate":1283337049.6,"standard_error":81651760.28475451},"median":{"confidence_interval":{"confidence_level":0.95,"lower_bound":942529739.0,"upper_bound":1524818243.5},"point_estimate":1319877625.0,"standard_error":120683421.73275165},"median_abs_dev":{"confidence_interval":{"confidence_level":0.95,"lower_bound":16411066.642445326,"upper_bound":518350593.9566374},"point_estimate":318007009.256047,"standard_error":142427213.77847904},"slope":null,"std_dev":{"confidence_interval":{"confidence_level":0.95,"lower_bound":153087601.48544204,"upper_bound":330863521.01105714},"point_estimate":272635955.1482814,"standard_error":43414877.94460238}}