{"mean":{"confidence_interval":{"confidence_level":0.95,"lower_bound":0.004491580733231487,"upper_bound":0.007263344334049576},"point_estimate":0.005895198602000162,"standard_error":0.0007057925058917182},"median":{"confidence_interval":{"confidence_level":0.95,"lower_bound":0.004641419992043705,"upper_bound":0.007036385584113125},"point_estimate":0.006083528369750457,"standard_error":0.0005765250019500345}}