{"mean":{"confidence_interval":{"confidence_level":0.95,"lower_bound":425645865.2,"upper_bound":429863678.3},"point_estimate":428073842.05,"standard_error":1097228.1858861162},"median":{"confidence_interval":{"confidence_level":0.95,"lower_bound":427375093.5,"upper_bound":429488383.5},"point_estimate":428879448.0,"standard_error":545828.8994880061},"median_abs_dev":{"confidence_interval":{"confidence_level":0.95,"lower_bound":203793.00328195095,"upper_bound":3858728.8516938686},"point_estimate":1082067.8071394563,"standard_error":903726.4079033623},"slope":null,"std_dev":{"confidence_interval":{"confidence_level":0.95,"lower_bound":753661.3703659421,"upper_bound":5409680.240918266},"point_estimate":3661013.641740718,"standard_error":1402567.6897127393}}