{"mean":{"confidence_interval":{"confidence_level":0.95,"lower_bound":-0.012302688766470409,"upper_bound":-0.009150740928519273},"point_estimate":-0.010676518963360193,"standard_error":0.0008088411437871069},"median":{"confidence_interval":{"confidence_level":0.95,"lower_bound":-0.01240234769141213,"upper_bound":-0.008837261625181725},"point_estimate":-0.01039208290875937,"standard_error":0.0009709295581140801}}