{"mean":{"confidence_interval":{"confidence_level":0.95,"lower_bound":-0.019823025488326835,"upper_bound":-0.016363882867654073},"point_estimate":-0.018220876231977767,"standard_error":0.0008889280664151201},"median":{"confidence_interval":{"confidence_level":0.95,"lower_bound":-0.02173505244907159,"upper_bound":-0.0150080719687945},"point_estimate":-0.018700959759188063,"standard_error":0.0016277252761069674}}