{"mean":{"confidence_interval":{"confidence_level":0.95,"lower_bound":799593019.5,"upper_bound":801206034.595},"point_estimate":800371471.4,"standard_error":414349.5059250588},"median":{"confidence_interval":{"confidence_level":0.95,"lower_bound":799226534.0,"upper_bound":801479883.0},"point_estimate":799965781.5,"standard_error":639078.586707022},"median_abs_dev":{"confidence_interval":{"confidence_level":0.95,"lower_bound":178373.0854332447,"upper_bound":2323681.162646407},"point_estimate":1545843.2407557964,"standard_error":525599.5269333306},"slope":null,"std_dev":{"confidence_interval":{"confidence_level":0.95,"lower_bound":756808.6264767703,"upper_bound":1709807.1639589327},"point_estimate":1376054.2973523329,"standard_error":245660.0062259482}}