{"mean":{"confidence_interval":{"confidence_level":0.95,"lower_bound":661024351.7950001,"upper_bound":665785433.015},"point_estimate":663523492.5,"standard_error":1226063.954738301},"median":{"confidence_interval":{"confidence_level":0.95,"lower_bound":659077549.0,"upper_bound":667094959.0},"point_estimate":664874361.0,"standard_error":1817967.9933972158},"median_abs_dev":{"confidence_interval":{"confidence_level":0.95,"lower_bound":186241.98479354382,"upper_bound":6248598.466265202},"point_estimate":3820875.109165907,"standard_error":1665836.749596072},"slope":null,"std_dev":{"confidence_interval":{"confidence_level":0.95,"lower_bound":1806671.9318533363,"upper_bound":4836203.5797329},"point_estimate":4082108.8089458602,"standard_error":679268.9037182314}}