{"mean":{"confidence_interval":{"confidence_level":0.95,"lower_bound":-0.015346197860743057,"upper_bound":-0.011314753592789934},"point_estimate":-0.013413029511400443,"standard_error":0.0010221668920105155},"median":{"confidence_interval":{"confidence_level":0.95,"lower_bound":-0.016312709369702194,"upper_bound":-0.011950725211090418},"point_estimate":-0.014109328118101727,"standard_error":0.001103760147140129}}