{"mean":{"confidence_interval":{"confidence_level":0.95,"lower_bound":-0.08431172268914693,"upper_bound":0.0010787285554085448},"point_estimate":-0.04106179850878677,"standard_error":0.021955329053436615},"median":{"confidence_interval":{"confidence_level":0.95,"lower_bound":-0.09615313082585852,"upper_bound":0.02538295550000158},"point_estimate":-0.028101462445179748,"standard_error":0.029692678176034475}}