{"mean":{"confidence_interval":{"confidence_level":0.95,"lower_bound":1159581424.5,"upper_bound":1268808946.3},"point_estimate":1209057065.5,"standard_error":28310488.121962238},"median":{"confidence_interval":{"confidence_level":0.95,"lower_bound":1145035918.0,"upper_bound":1253928021.0},"point_estimate":1173088673.0,"standard_error":26168778.39464599},"median_abs_dev":{"confidence_interval":{"confidence_level":0.95,"lower_bound":1590841.6325569153,"upper_bound":140073780.84169328},"point_estimate":55516678.78188193,"standard_error":37291655.92895388},"slope":null,"std_dev":{"confidence_interval":{"confidence_level":0.95,"lower_bound":31163072.056626983,"upper_bound":128156542.41266087},"point_estimate":94828236.81708133,"standard_error":25784344.677943274}}