{"mean":{"confidence_interval":{"confidence_level":0.95,"lower_bound":-0.022014030341967323,"upper_bound":-0.0003830805782700697},"point_estimate":-0.009171303432450761,"standard_error":0.005676972619161111},"median":{"confidence_interval":{"confidence_level":0.95,"lower_bound":-0.010357406840720285,"upper_bound":-0.0007326110445647904},"point_estimate":-0.0064551314388736625,"standard_error":0.0027685421072097824}}