{"mean":{"confidence_interval":{"confidence_level":0.95,"lower_bound":829470107.1,"upper_bound":846785440.5},"point_estimate":836403809.9,"standard_error":4684870.674666337},"median":{"confidence_interval":{"confidence_level":0.95,"lower_bound":828463438.0,"upper_bound":839904251.5},"point_estimate":830529388.5,"standard_error":2506240.8774277847},"median_abs_dev":{"confidence_interval":{"confidence_level":0.95,"lower_bound":290383.5134446621,"upper_bound":13927496.709537506},"point_estimate":2061726.5036970377,"standard_error":3220543.979030262},"slope":null,"std_dev":{"confidence_interval":{"confidence_level":0.95,"lower_bound":1088560.3888299488,"upper_bound":22903602.98270436},"point_estimate":15573665.563555446,"standard_error":6432736.511364852}}