{"mean":{"confidence_interval":{"confidence_level":0.95,"lower_bound":417306676.1,"upper_bound":419244095.985},"point_estimate":418288641.85,"standard_error":496229.90973468946},"median":{"confidence_interval":{"confidence_level":0.95,"lower_bound":416211045.5,"upper_bound":419550827.75},"point_estimate":418542494.5,"standard_error":793820.2882473235},"median_abs_dev":{"confidence_interval":{"confidence_level":0.95,"lower_bound":127645.92733383179,"upper_bound":2894444.3462133408},"point_estimate":1787711.2646117806,"standard_error":718901.0169874965},"slope":null,"std_dev":{"confidence_interval":{"confidence_level":0.95,"lower_bound":960507.4919539844,"upper_bound":1982779.5472262676},"point_estimate":1655300.2165939575,"standard_error":253165.15917592004}}