{"mean":{"confidence_interval":{"confidence_level":0.95,"lower_bound":-0.021478230162823592,"upper_bound":-0.01818820021594991},"point_estimate":-0.01994436179789938,"standard_error":0.0008233165485363652},"median":{"confidence_interval":{"confidence_level":0.95,"lower_bound":-0.022304841718353452,"upper_bound":-0.017706008917573013},"point_estimate":-0.021250684027095956,"standard_error":0.001136245693585879}}