{"mean":{"confidence_interval":{"confidence_level":0.95,"lower_bound":0.032376772580164095,"upper_bound":0.040713620108694636},"point_estimate":0.03578702047688287,"standard_error":0.0021296389558201367},"median":{"confidence_interval":{"confidence_level":0.95,"lower_bound":0.03093810163516042,"upper_bound":0.03572521170977594},"point_estimate":0.03440966089111086,"standard_error":0.0013373018062416593}}