{"mean":{"confidence_interval":{"confidence_level":0.95,"lower_bound":-0.015293487728564814,"upper_bound":-0.011338073599225049},"point_estimate":-0.01342799886015178,"standard_error":0.0010138030757494989},"median":{"confidence_interval":{"confidence_level":0.95,"lower_bound":-0.01672719182882698,"upper_bound":-0.011571120317572126},"point_estimate":-0.014246602125005836,"standard_error":0.0012889400626804894}}