{"mean":{"confidence_interval":{"confidence_level":0.95,"lower_bound":0.016490998554277308,"upper_bound":0.02354829000692992},"point_estimate":0.020030064602586384,"standard_error":0.0018050333652788596},"median":{"confidence_interval":{"confidence_level":0.95,"lower_bound":0.015409931113204002,"upper_bound":0.025382985955989756},"point_estimate":0.019339271217752696,"standard_error":0.0030620589875124957}}