{"mean":{"confidence_interval":{"confidence_level":0.95,"lower_bound":309281758.8175,"upper_bound":310210331.9},"point_estimate":309740676.85,"standard_error":238004.9521274672},"median":{"confidence_interval":{"confidence_level":0.95,"lower_bound":309067002.5,"upper_bound":310322633.5},"point_estimate":309835119.5,"standard_error":366390.2349417893},"median_abs_dev":{"confidence_interval":{"confidence_level":0.95,"lower_bound":102651.5156775713,"upper_bound":1406577.4361282587},"point_estimate":918077.0534008741,"standard_error":311276.8451974124},"slope":null,"std_dev":{"confidence_interval":{"confidence_level":0.95,"lower_bound":462635.7881653535,"upper_bound":1004924.0527355454},"point_estimate":791638.0713905836,"standard_error":141841.8097215697}}