{"mean":{"confidence_interval":{"confidence_level":0.95,"lower_bound":579900060.4,"upper_bound":587773532.65},"point_estimate":583535113.0,"standard_error":2025373.7526663218},"median":{"confidence_interval":{"confidence_level":0.95,"lower_bound":578181664.0,"upper_bound":588288367.0},"point_estimate":580600640.5,"standard_error":2567841.724003598},"median_abs_dev":{"confidence_interval":{"confidence_level":0.95,"lower_bound":410678.71010899544,"upper_bound":10937771.593415737},"point_estimate":4485585.463964939,"standard_error":2606645.267234966},"slope":null,"std_dev":{"confidence_interval":{"confidence_level":0.95,"lower_bound":2721217.08401734,"upper_bound":8804186.748562118},"point_estimate":6777526.466695452,"standard_error":1557856.8003158716}}