{"mean":{"confidence_interval":{"confidence_level":0.95,"lower_bound":422618855.8,"upper_bound":424055457.3},"point_estimate":423253848.8,"standard_error":371354.4760937644},"median":{"confidence_interval":{"confidence_level":0.95,"lower_bound":422416600.0,"upper_bound":423884525.0},"point_estimate":422844950.0,"standard_error":345842.4377005163},"median_abs_dev":{"confidence_interval":{"confidence_level":0.95,"lower_bound":209781.22457563877,"upper_bound":1695413.1152004004},"point_estimate":752306.8090438843,"standard_error":385780.3711374721},"slope":null,"std_dev":{"confidence_interval":{"confidence_level":0.95,"lower_bound":366248.7818617356,"upper_bound":1705890.3460847812},"point_estimate":1238365.820134189,"standard_error":365172.7113617025}}