{"mean":{"confidence_interval":{"confidence_level":0.95,"lower_bound":529318218.2,"upper_bound":540887378.3575001},"point_estimate":534350412.2,"standard_error":3018510.888446605},"median":{"confidence_interval":{"confidence_level":0.95,"lower_bound":528974681.5,"upper_bound":540508120.0},"point_estimate":530420255.5,"standard_error":2437395.223035347},"median_abs_dev":{"confidence_interval":{"confidence_level":0.95,"lower_bound":175913.45207691193,"upper_bound":12974591.158854961},"point_estimate":2028075.9320944548,"standard_error":2675102.4603245663},"slope":null,"std_dev":{"confidence_interval":{"confidence_level":0.95,"lower_bound":1382847.462353354,"upper_bound":13233773.168767577},"point_estimate":10027770.736148197,"standard_error":3180794.011569324}}