{"mean":{"confidence_interval":{"confidence_level":0.95,"lower_bound":-0.03294502897787955,"upper_bound":-0.02520136706510008},"point_estimate":-0.029347041002387497,"standard_error":0.0019840937448797297},"median":{"confidence_interval":{"confidence_level":0.95,"lower_bound":-0.034915223912012516,"upper_bound":-0.026848764073511222},"point_estimate":-0.031828763005983474,"standard_error":0.001928960355916695}}