{"mean":{"confidence_interval":{"confidence_level":0.95,"lower_bound":-0.014268698623948467,"upper_bound":0.006516646203800341},"point_estimate":-0.0011165912099436737,"standard_error":0.006067465117387051},"median":{"confidence_interval":{"confidence_level":0.95,"lower_bound":0.002607479140539898,"upper_bound":0.007170471009548596},"point_estimate":0.004204544293843204,"standard_error":0.0018081113204316036}}