{"mean":{"confidence_interval":{"confidence_level":0.95,"lower_bound":0.0020697530371641625,"upper_bound":0.0059328699402329925},"point_estimate":0.003996825206466159,"standard_error":0.0009829346319260746},"median":{"confidence_interval":{"confidence_level":0.95,"lower_bound":0.0010160962154508457,"upper_bound":0.006491463898993466},"point_estimate":0.0035684725004083706,"standard_error":0.0015498442380978375}}