{"mean":{"confidence_interval":{"confidence_level":0.95,"lower_bound":-0.14347558940135618,"upper_bound":-0.048032558004452656},"point_estimate":-0.09001026557915726,"standard_error":0.024373420140565868},"median":{"confidence_interval":{"confidence_level":0.95,"lower_bound":-0.14153809205925905,"upper_bound":-0.04583468969984905},"point_estimate":-0.05180901464715093,"standard_error":0.020026666474426417}}