{"mean":{"confidence_interval":{"confidence_level":0.95,"lower_bound":769873767.465,"upper_bound":778324939.0},"point_estimate":774258992.6,"standard_error":2167107.7129931124},"median":{"confidence_interval":{"confidence_level":0.95,"lower_bound":767349197.0,"upper_bound":780608512.0},"point_estimate":775357068.0,"standard_error":3128970.612669925},"median_abs_dev":{"confidence_interval":{"confidence_level":0.95,"lower_bound":1057833.5986196995,"upper_bound":12531934.249913692},"point_estimate":6787407.913899422,"standard_error":2833407.6496337745},"slope":null,"std_dev":{"confidence_interval":{"confidence_level":0.95,"lower_bound":3895008.099516281,"upper_bound":8838625.715264302},"point_estimate":7213089.311830144,"standard_error":1248839.9871921525}}