{"mean":{"confidence_interval":{"confidence_level":0.95,"lower_bound":0.0009955420733682306,"upper_bound":0.014771932474438481},"point_estimate":0.00818874950951387,"standard_error":0.003494842662148354},"median":{"confidence_interval":{"confidence_level":0.95,"lower_bound":-0.0030449275920616525,"upper_bound":0.02024797579394244},"point_estimate":0.005446708051831006,"standard_error":0.005885303161783384}}