{"mean":{"confidence_interval":{"confidence_level":0.95,"lower_bound":265067373.38125,"upper_bound":281829959.52},"point_estimate":272456565.05,"standard_error":4349165.469113692},"median":{"confidence_interval":{"confidence_level":0.95,"lower_bound":262802672.0,"upper_bound":279532811.75},"point_estimate":267312311.0,"standard_error":3584640.488057936},"median_abs_dev":{"confidence_interval":{"confidence_level":0.95,"lower_bound":1028382.1207925677,"upper_bound":19464030.948494375},"point_estimate":7013816.867829859,"standard_error":4708151.463725661},"slope":null,"std_dev":{"confidence_interval":{"confidence_level":0.95,"lower_bound":3720948.7619816316,"upper_bound":19852395.49815835},"point_estimate":14483296.306642357,"standard_error":4368935.9513629805}}