{"mean":{"confidence_interval":{"confidence_level":0.95,"lower_bound":492373174.05,"upper_bound":493613654.45},"point_estimate":492966792.75,"standard_error":317579.9993121865},"median":{"confidence_interval":{"confidence_level":0.95,"lower_bound":492256745.5,"upper_bound":493844426.5},"point_estimate":492762173.0,"standard_error":417729.3130109619},"median_abs_dev":{"confidence_interval":{"confidence_level":0.95,"lower_bound":106412.87181079388,"upper_bound":1777414.9784445763},"point_estimate":782448.06650877,"standard_error":429418.60334911395},"slope":null,"std_dev":{"confidence_interval":{"confidence_level":0.95,"lower_bound":523588.59418339725,"upper_bound":1379205.165255538},"point_estimate":1058405.6601415812,"standard_error":224037.12333146876}}