{"mean":{"confidence_interval":{"confidence_level":0.95,"lower_bound":0.00128258737846837,"upper_bound":0.006040160427527451},"point_estimate":0.003881217070939913,"standard_error":0.0012318394412403689},"median":{"confidence_interval":{"confidence_level":0.95,"lower_bound":0.0014426441271255808,"upper_bound":0.007050995871815013},"point_estimate":0.004835153080688492,"standard_error":0.0013772900276704722}}