{"mean":{"confidence_interval":{"confidence_level":0.95,"lower_bound":-0.005447625209031054,"upper_bound":0.0010322169071582561},"point_estimate":-0.002236801778632058,"standard_error":0.001618092526696537},"median":{"confidence_interval":{"confidence_level":0.95,"lower_bound":-0.005032800025426498,"upper_bound":0.00009829293068763789},"point_estimate":-0.0015132296319079197,"standard_error":0.0013778679295300819}}