{"mean":{"confidence_interval":{"confidence_level":0.95,"lower_bound":-0.018581627128873804,"upper_bound":-0.007106359149366729},"point_estimate":-0.011884266619957118,"standard_error":0.003021948967714479},"median":{"confidence_interval":{"confidence_level":0.95,"lower_bound":-0.013943246825163791,"upper_bound":-0.007294437046899249},"point_estimate":-0.010138745413837635,"standard_error":0.0016764588173821086}}