{"mean":{"confidence_interval":{"confidence_level":0.95,"lower_bound":-0.02491991191568385,"upper_bound":-0.01848364161329031},"point_estimate":-0.021517058809622847,"standard_error":0.0016530643194521473},"median":{"confidence_interval":{"confidence_level":0.95,"lower_bound":-0.026685076399508456,"upper_bound":-0.01623979483225879},"point_estimate":-0.019568933682814205,"standard_error":0.0026764833102387326}}