{"mean":{"confidence_interval":{"confidence_level":0.95,"lower_bound":1106601919.8525,"upper_bound":1122347402.3},"point_estimate":1113316663.9,"standard_error":4099277.22811071},"median":{"confidence_interval":{"confidence_level":0.95,"lower_bound":1105849703.5,"upper_bound":1115136757.0},"point_estimate":1111638488.5,"standard_error":2177999.0229439787},"median_abs_dev":{"confidence_interval":{"confidence_level":0.95,"lower_bound":943008.4545582533,"upper_bound":14580592.37614274},"point_estimate":5490820.863318443,"standard_error":3552989.968928717},"slope":null,"std_dev":{"confidence_interval":{"confidence_level":0.95,"lower_bound":3023299.81078911,"upper_bound":20291723.243914936},"point_estimate":13712210.733403627,"standard_error":5156955.866365162}}