{"mean":{"confidence_interval":{"confidence_level":0.95,"lower_bound":1248074908.5,"upper_bound":1254435989.9},"point_estimate":1251430031.0,"standard_error":1625923.3121062478},"median":{"confidence_interval":{"confidence_level":0.95,"lower_bound":1247187778.5,"upper_bound":1254990895.0},"point_estimate":1252632021.5,"standard_error":1669395.0955516414},"median_abs_dev":{"confidence_interval":{"confidence_level":0.95,"lower_bound":841129.3734669685,"upper_bound":9157825.075516105},"point_estimate":3773325.162810087,"standard_error":2094558.7080847505},"slope":null,"std_dev":{"confidence_interval":{"confidence_level":0.95,"lower_bound":2173234.79229742,"upper_bound":6980520.507379674},"point_estimate":5426427.132264839,"standard_error":1198887.7485085719}}