{"mean":{"confidence_interval":{"confidence_level":0.95,"lower_bound":199180621.2325,"upper_bound":200466135.87583336},"point_estimate":199783672.36666667,"standard_error":329019.60262380634},"median":{"confidence_interval":{"confidence_level":0.95,"lower_bound":199067425.0,"upper_bound":200667202.83333334},"point_estimate":199589536.1666667,"standard_error":331865.9616599537},"median_abs_dev":{"confidence_interval":{"confidence_level":0.95,"lower_bound":92774.92885293049,"upper_bound":1842072.3987966923},"point_estimate":556502.5486200975,"standard_error":434366.57078809844},"slope":null,"std_dev":{"confidence_interval":{"confidence_level":0.95,"lower_bound":430043.3065538055,"upper_bound":1403790.5122251695},"point_estimate":1097496.9529945997,"standard_error":247510.3005186518}}