{"mean":{"confidence_interval":{"confidence_level":0.95,"lower_bound":-0.0248909347564788,"upper_bound":-0.020345883375362226},"point_estimate":-0.022313454432228763,"standard_error":0.0011791644553626813},"median":{"confidence_interval":{"confidence_level":0.95,"lower_bound":-0.023061878448037088,"upper_bound":-0.020134408567943796},"point_estimate":-0.021387637381012126,"standard_error":0.000741387215396871}}