{"mean":{"confidence_interval":{"confidence_level":0.95,"lower_bound":97860560.96552777,"upper_bound":98440101.16914086},"point_estimate":98125457.6718254,"standard_error":149013.58054750905},"median":{"confidence_interval":{"confidence_level":0.95,"lower_bound":97858419.75,"upper_bound":98356564.63333333},"point_estimate":98056378.18055555,"standard_error":110621.7443730315},"median_abs_dev":{"confidence_interval":{"confidence_level":0.95,"lower_bound":50582.07745533127,"upper_bound":797214.8857966103},"point_estimate":224332.22260897234,"standard_error":182504.69574918464},"slope":{"confidence_interval":{"confidence_level":0.95,"lower_bound":97793859.44186047,"upper_bound":98664980.08127208},"point_estimate":98255165.61558442,"standard_error":221755.68711188016},"std_dev":{"confidence_interval":{"confidence_level":0.95,"lower_bound":141521.22938299354,"upper_bound":690338.0009814288},"point_estimate":496629.7181753297,"standard_error":141727.2601958474}}