{"mean":{"confidence_interval":{"confidence_level":0.95,"lower_bound":814090886.7,"upper_bound":823996540.9025},"point_estimate":818965137.9,"standard_error":2543551.4113223767},"median":{"confidence_interval":{"confidence_level":0.95,"lower_bound":812420068.5,"upper_bound":829011851.0},"point_estimate":816659115.0,"standard_error":4422808.23645017},"median_abs_dev":{"confidence_interval":{"confidence_level":0.95,"lower_bound":1272867.6749020815,"upper_bound":13735180.512651801},"point_estimate":8800989.948651195,"standard_error":3503502.822229625},"slope":null,"std_dev":{"confidence_interval":{"confidence_level":0.95,"lower_bound":5222059.348849332,"upper_bound":10097208.008795584},"point_estimate":8466212.14185295,"standard_error":1236288.4454056988}}