{"mean":{"confidence_interval":{"confidence_level":0.95,"lower_bound":0.028483750416004552,"upper_bound":0.03593436136610205},"point_estimate":0.03261489616777413,"standard_error":0.0019089581005946414},"median":{"confidence_interval":{"confidence_level":0.95,"lower_bound":0.030863523790582326,"upper_bound":0.035756858986608187},"point_estimate":0.03400228303551445,"standard_error":0.0012762845048992582}}