{"mean":{"confidence_interval":{"confidence_level":0.95,"lower_bound":187768130.50750002,"upper_bound":188159676.8333333},"point_estimate":187944190.7,"standard_error":100730.405983941},"median":{"confidence_interval":{"confidence_level":0.95,"lower_bound":187655970.0,"upper_bound":188084232.5},"point_estimate":187917431.16666666,"standard_error":93143.13852819568},"median_abs_dev":{"confidence_interval":{"confidence_level":0.95,"lower_bound":34301.92719105588,"upper_bound":483493.642616272},"point_estimate":251394.34643686554,"standard_error":123773.79513835121},"slope":null,"std_dev":{"confidence_interval":{"confidence_level":0.95,"lower_bound":138413.3043355743,"upper_bound":472306.0080877652},"point_estimate":336133.54699475056,"standard_error":97635.00805608474}}