{"mean":{"confidence_interval":{"confidence_level":0.95,"lower_bound":0.3979663035589938,"upper_bound":0.6448863264475442},"point_estimate":0.5075275816000588,"standard_error":0.061646860395160555},"median":{"confidence_interval":{"confidence_level":0.95,"lower_bound":0.37219776382084735,"upper_bound":0.6856159050260155},"point_estimate":0.4127227005949172,"standard_error":0.06402373935575184}}