{"mean":{"confidence_interval":{"confidence_level":0.95,"lower_bound":-0.05206284504475099,"upper_bound":-0.044433313688708696},"point_estimate":-0.04842163451180337,"standard_error":0.0019480630274595157},"median":{"confidence_interval":{"confidence_level":0.95,"lower_bound":-0.05341917016949471,"upper_bound":-0.04311678283650078},"point_estimate":-0.047853812383799044,"standard_error":0.0024354499982016152}}