{"mean":{"confidence_interval":{"confidence_level":0.95,"lower_bound":-0.011126117538829377,"upper_bound":-0.005354658764067697},"point_estimate":-0.008324588559007307,"standard_error":0.0014786545993331881},"median":{"confidence_interval":{"confidence_level":0.95,"lower_bound":-0.01241260191021698,"upper_bound":-0.00443771557034154},"point_estimate":-0.006635110285390988,"standard_error":0.0021896407599650476}}