{"mean":{"confidence_interval":{"confidence_level":0.95,"lower_bound":0.03996066091980622,"upper_bound":0.05410178774739001},"point_estimate":0.04816122901005815,"standard_error":0.0037284537363922827},"median":{"confidence_interval":{"confidence_level":0.95,"lower_bound":0.04666492381782161,"upper_bound":0.05544217105945104},"point_estimate":0.052310079753514316,"standard_error":0.0023283325735838087}}