{"mean":{"confidence_interval":{"confidence_level":0.95,"lower_bound":479814393.03875005,"upper_bound":481372619.0},"point_estimate":480595402.85,"standard_error":398210.4752384992},"median":{"confidence_interval":{"confidence_level":0.95,"lower_bound":479528154.25,"upper_bound":481788399.5},"point_estimate":480643224.5,"standard_error":564187.9227496233},"median_abs_dev":{"confidence_interval":{"confidence_level":0.95,"lower_bound":343801.59049630165,"upper_bound":2321908.71437788},"point_estimate":1343303.7757515907,"standard_error":492314.5425480512},"slope":null,"std_dev":{"confidence_interval":{"confidence_level":0.95,"lower_bound":778968.0068569087,"upper_bound":1648886.8324183167},"point_estimate":1325698.904437623,"standard_error":222338.1960213233}}