{"mean":{"confidence_interval":{"confidence_level":0.95,"lower_bound":-0.4189077000728697,"upper_bound":-0.364105163094906},"point_estimate":-0.3956693203313967,"standard_error":0.014095955736928595},"median":{"confidence_interval":{"confidence_level":0.95,"lower_bound":-0.4229651072449212,"upper_bound":-0.38228163129889003},"point_estimate":-0.40260556876159015,"standard_error":0.01156584108148452}}