{"mean":{"confidence_interval":{"confidence_level":0.95,"lower_bound":834085222.1,"upper_bound":838670325.34},"point_estimate":836289673.2,"standard_error":1177617.4274557696},"median":{"confidence_interval":{"confidence_level":0.95,"lower_bound":832993747.5,"upper_bound":839417987.5},"point_estimate":835875711.0,"standard_error":1574523.8355700385},"median_abs_dev":{"confidence_interval":{"confidence_level":0.95,"lower_bound":828121.0412979126,"upper_bound":6909053.017839789},"point_estimate":4020207.710427046,"standard_error":1530439.4099431154},"slope":null,"std_dev":{"confidence_interval":{"confidence_level":0.95,"lower_bound":1956510.3348559737,"upper_bound":4853262.975999984},"point_estimate":3942551.9522302584,"standard_error":725922.7905624697}}