{"mean":{"confidence_interval":{"confidence_level":0.95,"lower_bound":914237556.7,"upper_bound":916058507.1075001},"point_estimate":915142793.6,"standard_error":468530.9388970937},"median":{"confidence_interval":{"confidence_level":0.95,"lower_bound":913743259.0,"upper_bound":916574776.0},"point_estimate":915150024.0,"standard_error":812573.6725865087},"median_abs_dev":{"confidence_interval":{"confidence_level":0.95,"lower_bound":312790.78814685345,"upper_bound":2499165.402030945},"point_estimate":1819389.6075993776,"standard_error":564855.6559129267},"slope":null,"std_dev":{"confidence_interval":{"confidence_level":0.95,"lower_bound":988430.4777978723,"upper_bound":1874726.6175811526},"point_estimate":1561246.7287813572,"standard_error":226397.7191472857}}