{"mean":{"confidence_interval":{"confidence_level":0.95,"lower_bound":1.7650304534613228,"upper_bound":2.0986913561047817},"point_estimate":1.924705599494716,"standard_error":0.09089055136952251},"median":{"confidence_interval":{"confidence_level":0.95,"lower_bound":1.7358683034481222,"upper_bound":2.170536077720822},"point_estimate":1.7919245802734105,"standard_error":0.11803270307678866}}