{"mean":{"confidence_interval":{"confidence_level":0.95,"lower_bound":-0.036991702938608165,"upper_bound":-0.028606314160926394},"point_estimate":-0.032542053544278526,"standard_error":0.00213998280082363},"median":{"confidence_interval":{"confidence_level":0.95,"lower_bound":-0.037321926608937295,"upper_bound":-0.027335911364386623},"point_estimate":-0.028944140572257027,"standard_error":0.0024592721029351584}}