{"mean":{"confidence_interval":{"confidence_level":0.95,"lower_bound":-0.03226568041955151,"upper_bound":-0.02622079950563204},"point_estimate":-0.029135838853035723,"standard_error":0.0015758459747216911},"median":{"confidence_interval":{"confidence_level":0.95,"lower_bound":-0.03318927825559137,"upper_bound":-0.024932513160173864},"point_estimate":-0.026973594108947174,"standard_error":0.0021005514139217146}}