{"mean":{"confidence_interval":{"confidence_level":0.95,"lower_bound":-0.030752276370301316,"upper_bound":-0.026728953660935747},"point_estimate":-0.02869432715362774,"standard_error":0.0010312889092447478},"median":{"confidence_interval":{"confidence_level":0.95,"lower_bound":-0.03183345815353922,"upper_bound":-0.02565611298991788},"point_estimate":-0.029750239786355714,"standard_error":0.0016563535244432162}}