{"mean":{"confidence_interval":{"confidence_level":0.95,"lower_bound":537776268.8,"upper_bound":538681314.5},"point_estimate":538186487.2,"standard_error":233422.44606118722},"median":{"confidence_interval":{"confidence_level":0.95,"lower_bound":537630664.0,"upper_bound":538658329.5},"point_estimate":538010062.0,"standard_error":240339.9078639628},"median_abs_dev":{"confidence_interval":{"confidence_level":0.95,"lower_bound":118943.06548833847,"upper_bound":1194744.2931890488},"point_estimate":506771.20350301266,"standard_error":275591.27769543824},"slope":null,"std_dev":{"confidence_interval":{"confidence_level":0.95,"lower_bound":283098.30557913583,"upper_bound":1038195.0851493129},"point_estimate":776467.6877217465,"standard_error":203388.51819446834}}