{"mean":{"confidence_interval":{"confidence_level":0.95,"lower_bound":0.008441400553705763,"upper_bound":0.013573994228603286},"point_estimate":0.011042664718499351,"standard_error":0.00131749269803966},"median":{"confidence_interval":{"confidence_level":0.95,"lower_bound":0.006306710228505263,"upper_bound":0.015170437429611106},"point_estimate":0.008701318879623221,"standard_error":0.0023937463579781497}}