{"mean":{"confidence_interval":{"confidence_level":0.95,"lower_bound":0.027979727926005206,"upper_bound":0.03540584442483422},"point_estimate":0.03177893712464508,"standard_error":0.0019160642315486974},"median":{"confidence_interval":{"confidence_level":0.95,"lower_bound":0.02516219449086532,"upper_bound":0.036315002651522654},"point_estimate":0.032019038926347054,"standard_error":0.003027993368950314}}