{"mean":{"confidence_interval":{"confidence_level":0.95,"lower_bound":0.0023816344200883913,"upper_bound":0.013806556970455673},"point_estimate":0.007285984462606754,"standard_error":0.0028670246543059373},"median":{"confidence_interval":{"confidence_level":0.95,"lower_bound":-0.0002710811280167702,"upper_bound":0.010466495911614748},"point_estimate":0.005339990182166909,"standard_error":0.0029389669386014465}}