{"mean":{"confidence_interval":{"confidence_level":0.95,"lower_bound":-0.0665701050611406,"upper_bound":-0.06074134388788844},"point_estimate":-0.06352465081043057,"standard_error":0.00149485382138911},"median":{"confidence_interval":{"confidence_level":0.95,"lower_bound":-0.06838636108696106,"upper_bound":-0.059966597954084766},"point_estimate":-0.06296487989128086,"standard_error":0.002109011732311072}}