{"mean":{"confidence_interval":{"confidence_level":0.95,"lower_bound":0.04714946302937374,"upper_bound":0.06010993878264717},"point_estimate":0.05339940145903044,"standard_error":0.0032876445090520233},"median":{"confidence_interval":{"confidence_level":0.95,"lower_bound":0.04642045972837883,"upper_bound":0.0633015862142634},"point_estimate":0.05436040214360638,"standard_error":0.004014041508020558}}