{"mean":{"confidence_interval":{"confidence_level":0.95,"lower_bound":266555482.83625,"upper_bound":267552493.34125},"point_estimate":267018416.05,"standard_error":255645.70414265647},"median":{"confidence_interval":{"confidence_level":0.95,"lower_bound":266405029.0,"upper_bound":267375895.5},"point_estimate":266909003.25,"standard_error":189331.5384001906},"median_abs_dev":{"confidence_interval":{"confidence_level":0.95,"lower_bound":46603.67692261934,"upper_bound":1344297.0436039409},"point_estimate":415367.432525754,"standard_error":384290.7392278813},"slope":null,"std_dev":{"confidence_interval":{"confidence_level":0.95,"lower_bound":311722.61906866013,"upper_bound":1178837.5357364693},"point_estimate":851603.8609356286,"standard_error":234730.36487942815}}