{"mean":{"confidence_interval":{"confidence_level":0.95,"lower_bound":778613903.87,"upper_bound":998396912.42},"point_estimate":886138030.6,"standard_error":56056116.96887588},"median":{"confidence_interval":{"confidence_level":0.95,"lower_bound":706327431.0,"upper_bound":1058613438.5},"point_estimate":871320869.0,"standard_error":88727440.72730976},"median_abs_dev":{"confidence_interval":{"confidence_level":0.95,"lower_bound":47445169.53307986,"upper_bound":315856087.3140335},"point_estimate":205304478.3727169,"standard_error":72936934.94072832},"slope":null,"std_dev":{"confidence_interval":{"confidence_level":0.95,"lower_bound":109574201.61862643,"upper_bound":225101905.0540504},"point_estimate":186764288.31388062,"standard_error":29290956.969981115}}