{"mean":{"confidence_interval":{"confidence_level":0.95,"lower_bound":0.006725455198914521,"upper_bound":0.010180679124860209},"point_estimate":0.00846979923469049,"standard_error":0.0008846843973936008},"median":{"confidence_interval":{"confidence_level":0.95,"lower_bound":0.005964468536289624,"upper_bound":0.011179109994469805},"point_estimate":0.008448645009390798,"standard_error":0.001476428969812921}}