{"mean":{"confidence_interval":{"confidence_level":0.95,"lower_bound":0.007161781771559306,"upper_bound":0.011695953686291432},"point_estimate":0.009393500680969336,"standard_error":0.0011602023582793343},"median":{"confidence_interval":{"confidence_level":0.95,"lower_bound":0.0065750670123430055,"upper_bound":0.012886291232536484},"point_estimate":0.00776021742631694,"standard_error":0.0019196454084630834}}