{"mean":{"confidence_interval":{"confidence_level":0.95,"lower_bound":384344906.675,"upper_bound":389282223.45},"point_estimate":386767595.8,"standard_error":1260929.0521585841},"median":{"confidence_interval":{"confidence_level":0.95,"lower_bound":382394109.0,"upper_bound":390444170.0},"point_estimate":387285466.0,"standard_error":2083547.6703930027},"median_abs_dev":{"confidence_interval":{"confidence_level":0.95,"lower_bound":687680.646841228,"upper_bound":7466916.09903574},"point_estimate":6401995.301891863,"standard_error":1974276.3218779676},"slope":null,"std_dev":{"confidence_interval":{"confidence_level":0.95,"lower_bound":2604774.240922988,"upper_bound":5058823.137830161},"point_estimate":4205877.230832537,"standard_error":635606.331326729}}