{"mean":{"confidence_interval":{"confidence_level":0.95,"lower_bound":-0.5475864474762026,"upper_bound":-0.46226730546433387},"point_estimate":-0.5091853812785148,"standard_error":0.021849941267358022},"median":{"confidence_interval":{"confidence_level":0.95,"lower_bound":-0.563954316293811,"upper_bound":-0.411833561472273},"point_estimate":-0.5245924645244437,"standard_error":0.03971110374709392}}