{"mean":{"confidence_interval":{"confidence_level":0.95,"lower_bound":0.016740278751731452,"upper_bound":0.02421862417533132},"point_estimate":0.020467600901607597,"standard_error":0.0019215327971046899},"median":{"confidence_interval":{"confidence_level":0.95,"lower_bound":0.013832137550039647,"upper_bound":0.025220405197264872},"point_estimate":0.022304577793899272,"standard_error":0.0033612629368244026}}