{"mean":{"confidence_interval":{"confidence_level":0.95,"lower_bound":0.04325772385422667,"upper_bound":0.049241033081592896},"point_estimate":0.046248271244862416,"standard_error":0.001525729231555252},"median":{"confidence_interval":{"confidence_level":0.95,"lower_bound":0.04248164362557372,"upper_bound":0.050786315212533184},"point_estimate":0.04676011693503512,"standard_error":0.002115292147895439}}