{"mean":{"confidence_interval":{"confidence_level":0.95,"lower_bound":167739782.60814583,"upper_bound":168247142.34111112},"point_estimate":168007858.27400795,"standard_error":129814.55083603143},"median":{"confidence_interval":{"confidence_level":0.95,"lower_bound":167767991.4166667,"upper_bound":168300090.69444445},"point_estimate":168082734.19642857,"standard_error":165476.03836544932},"median_abs_dev":{"confidence_interval":{"confidence_level":0.95,"lower_bound":45509.78995204561,"upper_bound":708914.0668367654},"point_estimate":403675.69031665474,"standard_error":166487.84474286457},"slope":{"confidence_interval":{"confidence_level":0.95,"lower_bound":167408896.1956522,"upper_bound":168227814.4981912},"point_estimate":167852413.7064935,"standard_error":228368.105138897},"std_dev":{"confidence_interval":{"confidence_level":0.95,"lower_bound":204665.50086412378,"upper_bound":590055.1960898043},"point_estimate":432861.7428517241,"standard_error":106120.38591764515}}