{"mean":{"confidence_interval":{"confidence_level":0.95,"lower_bound":-0.029442314682406674,"upper_bound":-0.017957757608422845},"point_estimate":-0.024439814127264703,"standard_error":0.0030781526579168874},"median":{"confidence_interval":{"confidence_level":0.95,"lower_bound":-0.03088497707468263,"upper_bound":-0.02171687046575488},"point_estimate":-0.027901142017907832,"standard_error":0.002209490741534427}}