{"mean":{"confidence_interval":{"confidence_level":0.95,"lower_bound":457041527.60375005,"upper_bound":460300864.68},"point_estimate":458571873.3,"standard_error":836973.769449419},"median":{"confidence_interval":{"confidence_level":0.95,"lower_bound":456299205.5,"upper_bound":460330882.5},"point_estimate":458219111.75,"standard_error":945317.2758086048},"median_abs_dev":{"confidence_interval":{"confidence_level":0.95,"lower_bound":594233.1118002534,"upper_bound":4568845.313286781},"point_estimate":2988682.107040286,"standard_error":1019477.4937599023},"slope":null,"std_dev":{"confidence_interval":{"confidence_level":0.95,"lower_bound":1338463.828358407,"upper_bound":3730048.129331749},"point_estimate":2779216.4359997245,"standard_error":658526.1206267262}}