{"mean":{"confidence_interval":{"confidence_level":0.95,"lower_bound":0.022205314389672364,"upper_bound":0.043928016694787575},"point_estimate":0.03527898352499137,"standard_error":0.005905240739608165},"median":{"confidence_interval":{"confidence_level":0.95,"lower_bound":0.03588343123001403,"upper_bound":0.04766456711508438},"point_estimate":0.04110612582556028,"standard_error":0.0033609910958571844}}