{"mean":{"confidence_interval":{"confidence_level":0.95,"lower_bound":-0.020068687451753164,"upper_bound":-0.012689110715766911},"point_estimate":-0.016452050975147237,"standard_error":0.0018846517287909495},"median":{"confidence_interval":{"confidence_level":0.95,"lower_bound":-0.021741728213235056,"upper_bound":-0.012424807993833095},"point_estimate":-0.01901251661734471,"standard_error":0.0026436056600759837}}