{"mean":{"confidence_interval":{"confidence_level":0.95,"lower_bound":-0.026303229051676622,"upper_bound":-0.018086354136389284},"point_estimate":-0.022073832593683562,"standard_error":0.002105271824016654},"median":{"confidence_interval":{"confidence_level":0.95,"lower_bound":-0.027322887367916104,"upper_bound":-0.015813910840641543},"point_estimate":-0.019224379006957948,"standard_error":0.003018841650621655}}