{"mean":{"confidence_interval":{"confidence_level":0.95,"lower_bound":-0.00030030615987846807,"upper_bound":0.006613224125676855},"point_estimate":0.002899457115606463,"standard_error":0.001796017623710002},"median":{"confidence_interval":{"confidence_level":0.95,"lower_bound":-0.002037732581511187,"upper_bound":0.005437412237738526},"point_estimate":0.00020338976404477016,"standard_error":0.001976441860718241}}