{"mean":{"confidence_interval":{"confidence_level":0.95,"lower_bound":317837020.8875,"upper_bound":355240473.62624997},"point_estimate":336318722.9,"standard_error":9559698.78218406},"median":{"confidence_interval":{"confidence_level":0.95,"lower_bound":305517657.0,"upper_bound":365148577.5},"point_estimate":335200570.5,"standard_error":18555038.75146015},"median_abs_dev":{"confidence_interval":{"confidence_level":0.95,"lower_bound":5515931.659072638,"upper_bound":51031190.428215265},"point_estimate":41557414.03205842,"standard_error":12678551.483571328},"slope":null,"std_dev":{"confidence_interval":{"confidence_level":0.95,"lower_bound":21026403.37582554,"upper_bound":36969272.22686586},"point_estimate":31812551.69145654,"standard_error":4107348.7476303657}}