{"mean":{"confidence_interval":{"confidence_level":0.95,"lower_bound":-0.022424473805884183,"upper_bound":-0.017616447712523853},"point_estimate":-0.020047633259533737,"standard_error":0.0012300058580694325},"median":{"confidence_interval":{"confidence_level":0.95,"lower_bound":-0.023872645720920405,"upper_bound":-0.017431417829137152},"point_estimate":-0.020145059617447614,"standard_error":0.001574901613345676}}