{"mean":{"confidence_interval":{"confidence_level":0.95,"lower_bound":829868969.5799999,"upper_bound":837973087.0},"point_estimate":834009394.0,"standard_error":2070754.7276558203},"median":{"confidence_interval":{"confidence_level":0.95,"lower_bound":828287431.0,"upper_bound":839327770.5},"point_estimate":834829362.5,"standard_error":2466852.1097508026},"median_abs_dev":{"confidence_interval":{"confidence_level":0.95,"lower_bound":1008182.8081011772,"upper_bound":11428018.478912115},"point_estimate":7243586.875900626,"standard_error":2919898.8449632204},"slope":null,"std_dev":{"confidence_interval":{"confidence_level":0.95,"lower_bound":3639102.3350636926,"upper_bound":8878446.43323724},"point_estimate":6875369.867668486,"standard_error":1358939.0073779724}}