{"mean":{"confidence_interval":{"confidence_level":0.95,"lower_bound":-0.03524207581634051,"upper_bound":-0.029309352368308304},"point_estimate":-0.03235281710474813,"standard_error":0.0015245335314525775},"median":{"confidence_interval":{"confidence_level":0.95,"lower_bound":-0.03571305169255179,"upper_bound":-0.028642673263733598},"point_estimate":-0.03256722224894404,"standard_error":0.0018372949746308352}}