{"mean":{"confidence_interval":{"confidence_level":0.95,"lower_bound":-0.01594166028044044,"upper_bound":-0.0037340550886353495},"point_estimate":-0.009528972190627205,"standard_error":0.0031229384971445642},"median":{"confidence_interval":{"confidence_level":0.95,"lower_bound":-0.016715143663697196,"upper_bound":0.00033373392582891626},"point_estimate":-0.00943077325220587,"standard_error":0.004746505970482378}}