{"mean":{"confidence_interval":{"confidence_level":0.95,"lower_bound":-0.043548463861083186,"upper_bound":-0.019857948573035005},"point_estimate":-0.032465905712419474,"standard_error":0.005993036316209927},"median":{"confidence_interval":{"confidence_level":0.95,"lower_bound":-0.046503424157467554,"upper_bound":-0.025593584762773736},"point_estimate":-0.03616971506630606,"standard_error":0.005055284065991886}}