{"mean":{"confidence_interval":{"confidence_level":0.95,"lower_bound":0.00017137023923831322,"upper_bound":0.021106347679530083},"point_estimate":0.011856942216625699,"standard_error":0.005418684489033444},"median":{"confidence_interval":{"confidence_level":0.95,"lower_bound":0.006969602120004081,"upper_bound":0.023843815915339794},"point_estimate":0.01196377161040818,"standard_error":0.004818152900822166}}