{"mean":{"confidence_interval":{"confidence_level":0.95,"lower_bound":-0.017681712957009103,"upper_bound":-0.0028022538094474234},"point_estimate":-0.011141776714829743,"standard_error":0.0038133662695783036},"median":{"confidence_interval":{"confidence_level":0.95,"lower_bound":-0.018682494470353306,"upper_bound":-0.00415836867124153},"point_estimate":-0.01612961933581225,"standard_error":0.0030029855289007206}}