{"mean":{"confidence_interval":{"confidence_level":0.95,"lower_bound":-0.0165361804616081,"upper_bound":-0.00018913024045020846},"point_estimate":-0.007342960681261279,"standard_error":0.004238307241583545},"median":{"confidence_interval":{"confidence_level":0.95,"lower_bound":-0.012237982581518314,"upper_bound":0.002146518394513297},"point_estimate":-0.002103719197371845,"standard_error":0.003792051062245923}}