{"mean":{"confidence_interval":{"confidence_level":0.95,"lower_bound":-0.00010973508158239659,"upper_bound":0.01945901353231542},"point_estimate":0.010892463588255907,"standard_error":0.0050773574174439355},"median":{"confidence_interval":{"confidence_level":0.95,"lower_bound":0.00940783370708509,"upper_bound":0.021119904665976685},"point_estimate":0.013653621217870615,"standard_error":0.0028691552294657766}}