{"mean":{"confidence_interval":{"confidence_level":0.95,"lower_bound":-0.05796220896384184,"upper_bound":-0.050347274970068384},"point_estimate":-0.0538325618755906,"standard_error":0.001948218542757336},"median":{"confidence_interval":{"confidence_level":0.95,"lower_bound":-0.05684369839963277,"upper_bound":-0.050274362062427524},"point_estimate":-0.052950062091374206,"standard_error":0.0016287596786839372}}