{"mean":{"confidence_interval":{"confidence_level":0.95,"lower_bound":-0.022884960631608577,"upper_bound":-0.010640080086343717},"point_estimate":-0.017666117647601176,"standard_error":0.003235951091322188},"median":{"confidence_interval":{"confidence_level":0.95,"lower_bound":-0.02497561368585366,"upper_bound":-0.0146289410911703},"point_estimate":-0.0228696915631863,"standard_error":0.00287387513933938}}