{"mean":{"confidence_interval":{"confidence_level":0.95,"lower_bound":-0.017857328785093753,"upper_bound":0.002599261464781797},"point_estimate":-0.006019423666182688,"standard_error":0.0053939631138873465},"median":{"confidence_interval":{"confidence_level":0.95,"lower_bound":-0.008334883505697444,"upper_bound":0.005126814494957221},"point_estimate":0.0022128558537131138,"standard_error":0.003967395660975775}}